tau1,tau2,tau3,tau4,p1,p2,p3,p4,g1,g2,g3,g4,stab,stabf,cluster_id
6.71016636762265,3.76520418352323,6.92931443867021,8.81856192345691,2.39741922937942,-0.614589561907959,-1.20882589139371,-0.574003776077751,0.177889561089242,0.397976580119618,0.402045952122677,0.376630279179848,0.0059535705684696,unstable,5
5.93011011760085,6.73087337437817,6.24513790053774,0.53328751282593,2.32709159288717,-0.702501235021046,-1.11691962966126,-0.507670728204865,0.239815632938209,0.563109593653352,0.164461028193514,0.753701355880644,-0.0284114612679547,stable,5
4.47789615181807,2.1595815183094,3.57689689965592,1.79584584373885,2.95177225214577,-1.54036922149621,-0.882204831202352,-0.529198199447209,0.702599246083022,0.397860502922635,0.785096490948474,0.643629575397432,0.0331769811662184,unstable,5
9.85346181120317,7.18102283164953,1.68908375513131,1.70549198673241,2.38858397103332,-0.676758056375081,-0.510617968486831,-1.20120794617141,0.953620611836958,0.657751775773623,0.788264275069049,0.0826596367877105,0.0213854244017263,unstable,5
7.21296752386029,3.81571985705203,8.8662079819718,6.51775706954577,2.79640021715211,-1.65246484248331,-0.54715133397677,-0.59678404069203,0.417993053623149,0.0585230182504177,0.578285993986588,0.314434099510369,0.0220062433915864,unstable,5
2.48220278424179,2.98440346964895,4.9337854542831,1.89181260750744,2.62180388675131,-0.910373043328233,-0.847904196972155,-0.863526646450919,0.316414039653476,0.598836013407282,0.263953033489761,0.888316118460742,-0.0193477374266636,stable,5
4.13059342073561,6.00209632273564,1.65517358242424,1.54877294012755,2.82288006024715,-1.14775468133548,-1.01536576742633,-0.65975961148534,0.783161160990573,0.705585718356643,0.364066309517074,0.617826172501391,0.01661997656822,unstable,5
9.23469681095942,5.40755900162045,3.76159923331948,5.17246806484824,2.72816841481646,-0.550407644471922,-1.55388097074348,-0.623879799601063,0.625206959986782,0.089422124512929,0.0720080936143105,0.172636291845309,-0.0119701230829484,stable,5
7.47637125590862,5.71140671776014,7.38255279641525,9.37752221709867,2.84412500667953,-1.05923268002095,-0.69367963824037,-1.09121268841821,0.171155693889289,0.511483960276728,0.835334817294076,0.519006781664151,0.0558671054278855,unstable,5
8.38048919924222,4.63027673042989,2.33436479514162,4.93413705944159,2.42699106038249,-0.66538085924543,-0.952139297234337,-0.809470903902722,0.560679696287344,0.153218781333792,0.3687677079331,0.226059633593434,-0.0191240120844613,stable,5
5.47751693876571,2.01907796484469,8.53565189524376,4.6047434415717,2.69979531808976,-0.696132496681821,-0.646468278514617,-1.35719454289332,0.241245698506839,0.889474859976753,0.190990781456029,0.866729413214773,0.0062087488839915,unstable,5
4.91356156118192,6.25717677672828,1.21769615401265,2.27478728490361,3.11987936631607,-1.33991581877595,-1.01314841999285,-0.766815127547272,0.372586913085023,0.699070533574828,0.222438654584251,0.73210576398745,0.0001460452714607,unstable,5
6.78657744067814,2.36599730655669,7.78537776039745,5.46056745295277,2.85496984163486,-1.06802264727618,-1.06801397344009,-0.718933220918593,0.339827902747816,0.218556178688384,0.950419335377469,0.686398782125172,0.0540469917935722,unstable,5
1.95785340418194,4.10711058621468,8.16761568788729,5.00763636395751,3.08517687336537,-1.11657644693169,-1.02959602201495,-0.939004404418729,0.62953931174399,0.984519246793028,0.897430453751615,0.12084080036833,0.0340220854748345,unstable,5
6.80907844577228,3.99566482242388,7.92777936326439,2.5863149763795,2.86541259884509,-0.831756374778238,-0.975570541605074,-1.05808568246178,0.469396188603992,0.500461854119007,0.702845254890119,0.858661272826521,0.0394692863853469,unstable,5
8.94042854428457,7.35265524912951,8.2244993041892,8.34826174314428,2.4013564948045,-0.761918315561244,-0.529845060470735,-1.10959311877252,0.674893038038756,0.298822754648298,0.710819904031641,0.877279126159386,0.0800366317135905,unstable,5
3.88854685924636,5.55103829340672,5.85161864077196,3.59132510619507,2.59650248422749,-1.33076400733191,-0.661218790159386,-0.60451968673619,0.457301190753329,0.777535545776732,0.389241125806688,0.097994386707861,0.0262662031000293,unstable,5
1.79994706884277,1.15982623211972,1.72881354500985,7.38785962719697,3.07994097537794,-1.28414650639843,-0.909297187222703,-0.886497281756811,0.41293721049012,0.827547033240914,0.116784091116821,0.671236651727281,-0.0589456409570375,stable,5
7.25638022484186,5.42233391984632,3.30270911826493,2.61726747863231,2.72565701572364,-0.60205915683253,-1.25036654397269,-0.873231314918422,0.653466635121803,0.433463618587672,0.949053208454673,0.823970641718134,0.0523859141099331,unstable,5
7.92518202554153,8.51007501232024,4.92626828006037,3.06287887400904,3.11571195171059,-1.04649402723816,-1.0737523870222,-0.99546553745023,0.624550352691007,0.193225428043758,0.420873072933846,0.981240169070871,0.0278980775709314,unstable,5
2.39853909491079,3.72531803300959,7.21731245322058,6.499707849131,2.71179325233589,-1.22635424489953,-0.677817595800885,-0.807621411635471,0.0545227119948855,0.822050162141615,0.197200168228545,0.926134228384553,0.0368571983320563,unstable,5
5.33262621947511,6.10807140206195,6.19233826630501,2.0194691797249,2.71025857072351,-0.530065378716844,-1.04641420453506,-1.13377898747161,0.940610641544308,0.921425371942754,0.88174380513836,0.811321382846159,0.0952129226099222,unstable,5
0.739781836045603,7.35869889262266,8.89305236328605,2.98079333929198,2.04963105363606,-0.648957191569894,-0.81385283894958,-0.586821023116587,0.48274665514606,0.520431963564414,0.188007102564081,0.920764328857874,-0.0290339120404043,stable,5
2.48791656679213,8.07287288756863,2.72347863769758,9.39252565765554,2.03879249779339,-0.531654597926932,-0.551348929706146,-0.95578897016031,0.422184108475114,0.837645208514998,0.72340770905127,0.529114943309963,0.0277881221646109,unstable,5
2.55906937119128,8.55828323291235,0.631103286919079,0.851496079632023,2.6646190308803,-1.06991009751313,-0.922865418351872,-0.6718435150153,0.974979324130154,0.166986340799831,0.734650610962812,0.481734233102481,-0.035776278065016,stable,5
3.18454901793515,1.66133529752241,1.74379372625805,5.37064832581939,2.40980909951215,-0.726397294400539,-1.06744856657515,-0.615963238536462,0.313813887931441,0.0876820761386026,0.418664996575061,0.653368819550306,-0.0418084589887278,stable,5
7.97975780043009,5.86259084668339,7.40169166912674,2.63844045235232,2.26198596293684,-0.618754181640595,-0.564650053615263,-1.07858172768098,0.499866587044648,0.117341202562752,0.255947072107779,0.247857030796973,-0.012374496098125,stable,5
3.17036536342666,0.977763593883021,5.50469981071131,2.33944594675143,2.76436860571224,-0.993360451522889,-0.84539027144931,-0.925617882740044,0.207160686263861,0.555849860351537,0.146193632475946,0.987806101843212,-0.0157236120463797,stable,5
7.13017246567139,5.29061293406638,6.59397631161642,8.7212137050478,2.73861158871395,-1.16063656700058,-0.713917106207297,-0.864057915506069,0.366762219111968,0.958852915817498,0.102786826857014,0.255981065457084,0.0315174888068839,unstable,5
1.15344293296121,1.29760960125652,5.45860520372546,1.91644502593797,2.49624877221922,-0.731056322101899,-0.730026465412008,-1.03516598470531,0.973103712485469,0.752797533233106,0.0845379039576231,0.194178373893562,-0.0111628155877847,stable,5
2.44303723421268,2.52306108546915,2.53214289249077,3.58715185551901,3.06987094717298,-0.834402822557196,-0.808669094931358,-1.42679902968443,0.173026140084482,0.665990372256395,0.0536847146547714,0.0811755307875562,-0.0260540889177234,stable,5
6.99517681542862,7.44915286574241,9.94009066948865,2.05491642591053,2.408776286178,-0.571465593781706,-1.26159532727823,-0.575715365118068,0.258727370383628,0.480152934697021,0.962901237312738,0.340620945847929,0.0392089078788618,unstable,5
9.27404040980879,3.72249355335318,4.19495060199016,4.71239287381998,2.56441325370306,-0.95047205783556,-0.635754769898264,-0.978186425969237,0.273646315320252,0.813707739651697,0.217035866909325,0.405604321399984,0.0001824919732457,unstable,5
5.04403568008548,9.93423104269728,8.69113725595608,6.98087780274677,2.76275763608459,-0.565533078644052,-1.40075113945855,-0.796473417981993,0.948693033980585,0.106890545882959,0.959086587761978,0.8198952703564,0.081828060979908,unstable,5
5.36048103599875,7.2110589843897,9.59219856012183,7.17038488919648,3.03839384665367,-1.26838424574491,-1.14925944594913,-0.620750154959632,0.641603678457157,0.593900460832084,0.705387653640083,0.132836083443443,0.0533601354207632,unstable,5
6.13035471332384,7.79629400844795,6.85367299557621,4.3754404271696,3.20341337718153,-1.16118371466161,-1.15261621389892,-0.889613448620995,0.398990756043771,0.0759499268639321,0.363739311957445,0.581759737608005,0.0095549758600963,unstable,5
2.64153069805504,7.71732016220548,4.34541499682996,7.39126511857223,2.63274191777069,-1.52313577000907,-0.51047629062843,-0.599129857133189,0.918465233754833,0.261997026251646,0.555679757130824,0.218078136210943,-1.83411680129285e-06,stable,5
6.27745240634595,9.27647003213583,2.13609212911989,6.43942318997806,2.26652539918784,-0.974536890207313,-0.670838964510092,-0.621149544470431,0.181032883640841,0.399882941183695,0.690400459021989,0.331853971825079,-0.0168569711851544,stable,5
7.65154561464193,7.68772977791946,8.68041781203805,3.62016507963133,2.82503920819683,-1.29370229331056,-0.855651620047749,-0.675685294838517,0.960367084826248,0.183965655030697,0.656784421042472,0.424109135033388,0.0573932375525729,unstable,5
6.51494493676267,9.75624138133497,5.47248123460792,4.3447662373262,2.58065167478104,-0.563228288018785,-1.3702826211947,-0.647140765567555,0.331967977112423,0.795090175468099,0.856685411980789,0.30111509380438,0.0543173138440795,unstable,5
2.57174960441152,6.04991954781688,7.26018406557246,4.44096745336165,2.29833650955346,-0.710079191344802,-1.00520625683902,-0.583051061369642,0.612177646749244,0.152447254150573,0.391108061236346,0.197753014143036,-0.0313254532379671,stable,5
6.19814836179153,7.26344818982513,3.62578915603462,1.1976727965047,3.09799808719545,-1.27063166556122,-0.97620309697804,-0.851163324656186,0.691174033536866,0.37961856634647,0.153563292885066,0.199202769048191,-0.0018081978427227,stable,5
2.50038636990954,0.686858059214149,4.7706065526013,7.78587172000324,2.82724295477456,-1.11642240905074,-0.590887085740862,-1.11993345998296,0.966792133597744,0.641990321584221,0.754662142245347,0.379483173162796,-0.0091708904318609,stable,5
2.46455564331024,8.77609333814293,2.88708799486732,7.41226847593172,2.76679852943049,-0.985503756460804,-0.505327314068738,-1.27596745890095,0.0562341136972699,0.336017986270719,0.430447518763201,0.742167021458024,0.010432893091477,unstable,5
4.7923059778582,2.92070042462412,3.15447542198235,7.4688903091956,2.59143740038461,-0.610964135692711,-1.04753580157636,-0.93293746311554,0.394624349895876,0.360882468994337,0.489097067741257,0.432442674475027,-0.0037810163723258,stable,5
2.22332579905293,6.54888402598656,3.68200839853401,5.96095664101501,2.63221016273737,-0.528464685366012,-1.33491267566219,-0.768832801709173,0.388276229431087,0.744263778291,0.404509913884043,0.0633459738432837,-0.0043414614705692,stable,5
7.31125926301104,3.9542053762524,8.9974000815204,2.16175731736994,2.89610445200885,-0.929422714442434,-1.06080196728909,-0.905879770277324,0.951994460051719,0.219433293389705,0.847772310991944,0.224458996171604,0.052122710195738,unstable,5
1.40476626208421,2.57378441749348,5.2858361177488,9.26452669991355,2.11941579032735,-0.588689441674994,-0.939176289485104,-0.591550059167249,0.657538949317194,0.530694549234315,0.221353713606432,0.703145348990007,-0.0148574199421201,stable,5
6.18167738851299,7.76170716263929,3.27795085953979,2.21196015642287,2.82951183125588,-0.827386827477568,-1.41619671677668,-0.585928287001629,0.490934868389016,0.633241141723467,0.725872430479827,0.450276883022819,0.0276271804330996,unstable,5
7.62996290307539,5.92914498689513,4.53457546673059,4.82576129172017,2.12988726985173,-0.92598906292289,-0.572475416708493,-0.631422790220345,0.368018172743645,0.721925869678441,0.277488136910803,0.573081164898259,0.0447426556349763,unstable,5
5.5661200017601,7.509150538138,5.03661463715822,4.81916098338314,2.33842461765781,-0.574873672690161,-0.958586661668378,-0.804964283299272,0.128447980733044,0.936271613097752,0.198445829539427,0.0936018047499389,0.0160737064332934,unstable,5
6.67381927335826,5.3355445067741,4.06690131696577,1.95892221606534,2.91387340524487,-1.04922848464178,-1.35493447857818,-0.509710442024912,0.660825790709127,0.67926546449282,0.788007502890079,0.0872223632965714,0.0516239061334578,unstable,5
0.570789606904238,9.64947928214684,9.61618658260103,9.14328607583571,2.41047756559721,-0.6775515484793,-1.06977161601691,-0.663154401100997,0.0890512579364004,0.885932916224961,0.237417207126973,0.746100154404638,0.0514292696036725,unstable,5
5.46892847775426,7.0245524269684,3.3295593917147,1.89708625532304,2.79559123410961,-0.926502217620436,-0.68947293847393,-1.17961607801524,0.0974293851588888,0.560858492241178,0.0517614544464287,0.195165455150892,-0.0272161642768188,stable,5
9.35220894440932,1.4650244561962,0.613477580810955,8.85029603661168,2.59438272774004,-1.35461689104949,-0.592340148997842,-0.64742568769271,0.789481465899074,0.642999514168145,0.232358828782676,0.116753803670487,-0.0264766688327737,stable,5
3.98467511813213,9.91551286037592,3.37925100928177,0.517388728005381,3.01542351159698,-1.40774677032629,-0.946053840522736,-0.66162290074795,0.667763906618322,0.190251698976461,0.286977845539175,0.303387627322261,-0.0550347944091723,stable,5
8.41849430814334,3.8453236243483,5.11836910377475,1.80590164042498,2.61131551311325,-1.13725612881986,-0.755267935515323,-0.718791448778065,0.68688026848317,0.611025144249781,0.397316253732936,0.921493993566323,0.0121194703690489,unstable,5
0.946616890520649,6.20960976834827,4.63001983311716,0.726987936570437,2.75154639360431,-0.937623897786438,-1.01880749185644,-0.795115003961429,0.709346026514914,0.44756166241748,0.37042627640496,0.681589363555872,-0.0414444257745176,stable,5
7.88723249431926,5.83571195679676,5.87138392532029,7.24279892019123,2.41533086162789,-0.640760155643581,-1.27015777876945,-0.50441292721486,0.424555038967105,0.188771077420359,0.724159120547746,0.470315162806772,0.0451644900503813,unstable,5
3.04652456861193,9.51687262241929,9.61073339851729,2.73692301310865,3.08110746073048,-0.846550723353552,-1.01034711160492,-1.22420962577201,0.0926582917166711,0.682231426467352,0.052510984931899,0.576096998911967,-0.015558535942698,stable,5
9.44625980512273,2.37782997223237,1.96991051584184,5.3400444514712,2.56612813962746,-0.568647029471653,-0.981560108796705,-1.0159210013591,0.711751925037443,0.501831552293425,0.669675107075362,0.625228924586474,-0.0002038187619247,stable,5
1.79770529090526,8.42714221601294,6.29386343268961,0.91503096913672,2.5727442359431,-1.48747973530752,-0.554875945920043,-0.53038855471554,0.598826631649399,0.524398967663766,0.805449607717005,0.658140792010152,-0.0077055736057319,stable,5
2.05392800242536,8.5081314962681,4.01666094615888,7.32663433155443,3.04112331542152,-1.09535238291451,-0.989356223248073,-0.956414709258941,0.230609667449449,0.872356754929845,0.847995697539158,0.968899726555231,0.0705650012873944,unstable,5
9.3879196554143,0.603840860201395,2.85730891518237,9.30223383035152,2.65114956455666,-0.705883664603601,-0.801986842458765,-1.14327905749429,0.421716221167329,0.503087864058873,0.848428299644269,0.116022383830996,-0.0390227240356163,stable,5
8.01793553027376,0.923937257554394,9.40614972634077,9.66818401262788,2.55372710170203,-0.871428564327885,-0.532566403909493,-1.14973213346465,0.829099726289173,0.542300297160988,0.958324813018981,0.888991740098858,0.0668480075804662,unstable,5
0.634052194529842,7.41802608046285,4.54050872289344,7.70722545555373,2.94817648854498,-0.85352281784442,-0.725319833085185,-1.36933383761537,0.820800282305873,0.714027928277095,0.903366483501397,0.109063240524462,0.0027154081248425,unstable,5
5.10463036684062,2.92611900156322,2.15953672031794,6.94554336520262,2.23836549737662,-0.591358416549663,-0.544533171683736,-1.10247390914322,0.302617459284796,0.574915413029358,0.631141003585085,0.244888735551877,-0.0243329509091091,stable,5
3.54385428482298,5.57676693787656,8.14620790000871,4.44726843438871,2.86380073777163,-0.699738726591389,-1.10879965261361,-1.05526235856663,0.583051256946402,0.431203518176016,0.588967203147379,0.374169040613775,0.0315948808040611,unstable,5
6.44340832074082,1.7359112749582,7.59555744523235,0.868357026125561,2.69467475865913,-0.609773683194548,-1.48210696232759,-0.602794113136991,0.353721730842304,0.445051755309177,0.592225676596705,0.0806314965480426,-0.0172561760248009,stable,5
2.76929098881478,9.62463310220311,1.957857933242,8.66786470778607,2.37571372909112,-0.752313914160046,-0.884601645694696,-0.738798169236374,0.83568286559324,0.511188256010058,0.735868924106321,0.887888160950353,0.0180033805420665,unstable,5
7.17128439187716,1.14413721100476,4.74686569992501,6.25827321076212,2.86033877657452,-1.17426104111057,-0.94085739984957,-0.745220335614379,0.108822826470415,0.311327341506303,0.667948945219324,0.780333349141675,0.0183413900958868,unstable,5
5.86926753996563,2.54543278602671,4.81649282347546,8.16595577805359,3.13782874340747,-1.14514718601102,-1.07404611201468,-0.918635445381771,0.992398963124658,0.400026427112394,0.956626261265026,0.983157636626252,0.091253317920164,unstable,5
1.47774750876423,3.6675911945325,5.51510376067468,6.87455127268912,2.6539124462588,-1.30359616501704,-0.567148119136179,-0.783168162105582,0.940480995156912,0.201047839384171,0.796572163811817,0.0546497657269402,-0.0247345597723158,stable,5
5.63037742919806,1.76883053501163,1.4293411233935,9.29648483350791,2.95003941085294,-1.29640215235901,-1.05891784153001,-0.594719416963915,0.790344801463604,0.91266072620814,0.0935325537645607,0.184702232416394,-0.019369746489022,stable,5
8.69905645883807,8.93767148874261,9.16527455826874,1.45603877268153,2.28390008362489,-0.601189906669967,-0.874365418740839,-0.80834475821408,0.863104405077623,0.748401172522629,0.916095234697756,0.767394100192494,0.0632595064131114,unstable,5
1.94417922999068,3.34378223089552,0.526220270504861,3.56714491906813,1.99506980481654,-0.534541593449411,-0.840516128339898,-0.620012083027232,0.194174712964731,0.821066894596068,0.0910229832779721,0.480275664944076,-0.0370548646419183,stable,5
2.99693728099565,5.12822685123455,4.4910717139655,3.61417702503487,2.76300873301879,-1.12301252151206,-0.66844289876027,-0.971553312746459,0.255162074730254,0.823303661979878,0.626601345807059,0.996674439133911,0.0760736994503043,unstable,5
2.40493785728198,9.14002469595288,1.15532685418499,6.30086212214872,2.34348972086411,-0.944042016171105,-0.797061860540882,-0.602385844152118,0.307931552779716,0.300292399271011,0.78910311909131,0.773476983583891,-0.0224582041929604,stable,5
3.82252684665273,2.67794815696507,3.16050348526551,7.24725332940039,2.98590522038564,-1.27350215016863,-0.903696423429856,-0.808706646787154,0.939639271623885,0.16803284034617,0.604938985008648,0.411433691989973,0.0226986091958886,unstable,5
1.33651271229294,1.5027233567434,4.43764562574171,6.28267488738219,2.59883437469276,-1.09502865530514,-0.804593931122799,-0.699211788264825,0.362145060335182,0.276871591155467,0.911797438890418,0.383977724228906,-0.0079630985500825,stable,5
6.68005109656031,7.12638010047431,7.10435834448118,0.602500718919828,2.76825187881729,-1.46261218786377,-0.561670482914476,-0.743969208039041,0.156634875361045,0.525266065895072,0.880965247844589,0.30965420865474,0.0258796948550428,unstable,5
2.7698595125576,6.54768439958638,2.84672124362707,6.82281182858708,2.89009565135257,-1.3989855670074,-0.868894796812302,-0.622215287532867,0.165464433293025,0.81836030668065,0.900052596794732,0.984301470506057,0.0674741105533039,unstable,5
3.30091973332865,3.88805730062174,7.0164080777668,8.48961206401188,2.05637533323015,-0.664715570728586,-0.839202412289265,-0.552457350212301,0.462296977319516,0.304629677216409,0.709434038780634,0.200180595085371,0.0133136954356379,unstable,5
2.81882873551024,9.33409823536536,6.05185066037285,7.41954553113602,3.09597463026865,-0.703527984592831,-1.09158613092087,-1.30086051475495,0.0618921819952398,0.249097336950677,0.838269486525017,0.101607215571497,0.0033575542117055,unstable,5
4.28553916265618,7.14311483959686,7.84915296667802,4.48624779446225,2.83646418516683,-1.14685584164629,-0.672428389515111,-1.01717995400543,0.745255396734593,0.250662151145523,0.371594423015633,0.554472060602335,0.0335287641483111,unstable,5
4.33384032651633,1.40667610201871,5.32993100755183,1.01434438585527,2.31730127865351,-0.509663645018206,-0.660194217317109,-1.14744341631819,0.317821504225308,0.79585295503149,0.428753337157385,0.449562523694983,-0.0422034693941762,stable,5
5.20734984875473,9.22112403119771,8.69614440790371,2.57385033423732,2.24382153551717,-0.718945338954555,-0.818340598405362,-0.706535598157253,0.584252832614492,0.789263402167319,0.163833561625665,0.87444484259521,0.0273618768781883,unstable,5
6.3910508726378,5.19101716469788,9.9455395906557,0.695093655241607,2.64251700409617,-0.999328570610797,-0.781130226987484,-0.862058206497889,0.348520837479222,0.960144724669637,0.637991740225679,0.283008981755783,0.0292159561199271,unstable,5
9.42983138909528,7.42238199536018,4.71439909405292,7.97485958121544,2.56790467921203,-0.731618906555511,-1.09867537733443,-0.737610395322088,0.969132950933498,0.96514472597813,0.0798750860580953,0.626090710117564,0.0801106530179764,unstable,5
4.49530944277231,4.1715026586061,8.94718903772016,6.70141875563588,2.1650639836833,-0.508775977782917,-0.970156666455732,-0.686131339444651,0.920422664967948,0.872306415111796,0.695294185291304,0.497690850488255,0.0767924582776454,unstable,5
9.43733228359127,8.75644014378311,2.30677858200942,1.47136594086484,2.88974304306821,-0.837643605688342,-1.46448503409732,-0.587614403282548,0.267647703478717,0.60151322813736,0.553181128799971,0.329806606289132,-0.0186147721938885,stable,5
9.96852644280679,5.9171654236856,5.48070333696819,7.70351681568172,2.7505471425168,-0.818533620625606,-1.00919831343177,-0.922815208459424,0.351603323698196,0.491340904765144,0.370923887039033,0.174966499607044,0.0141551622316568,unstable,5
6.03283054984357,7.09471103707881,6.27218251766363,4.10691605931701,2.90961433892307,-0.758644551188801,-1.42475449396315,-0.726215293771121,0.65459951061079,0.556270244734119,0.265311756820076,0.663013567975492,0.0542550431237161,unstable,5
5.94816645702367,5.83501367583749,0.732350203764834,8.73511294649262,2.57760034592768,-0.931064360743738,-0.904145584511152,-0.742390400672785,0.553261241746673,0.926595876150754,0.433064826999091,0.765309830369772,0.0504430183692226,unstable,5
3.62191532002982,9.38108018391277,7.58076079561865,2.18431738975862,3.10209409305935,-1.09937736071328,-0.929742394836899,-1.07297433750917,0.27682667871669,0.99026685205748,0.667349745290928,0.963913982760568,0.0384235444358192,unstable,5
4.51954440885781,5.54285206714262,4.386537845865,3.40825009884147,2.55528903683846,-1.10737751894656,-0.773957962231396,-0.673953555660509,0.717849066715371,0.913344031692861,0.545825340949716,0.336286205613544,0.0716411580283619,unstable,5
5.49434096432764,8.65481084588333,8.78050533915547,6.58295255119198,2.64426718788722,-1.39515235427272,-0.681494166396838,-0.56762066721766,0.771796094570353,0.916814587922159,0.979729125582889,0.796992198960945,0.102822967406641,unstable,5
2.48990865540337,2.86169002834053,1.57828040764729,6.32968682992958,2.46917490009841,-0.603098290424433,-1.00612935679705,-0.859947252876929,0.18961567445106,0.486727695261904,0.57546762699959,0.216271317301834,-0.0492227135380498,stable,5
4.07183323551386,7.22870543077307,2.2883910692914,2.90729587922739,2.70150413119368,-0.892820983820758,-0.86995749688989,-0.938725650483032,0.621602725484953,0.234520356024249,0.715531724484573,0.46248230239218,-0.0039891411830505,stable,5
2.00022161342171,3.8478440143963,4.3897066706304,6.59446737260815,1.6802212347483,-0.52065131368466,-0.524563224915042,-0.635006696148601,0.848874626163278,0.77455155167172,0.722060304821624,0.0596670406551659,0.0316321815427549,unstable,5
4.87496629966843,1.75892985577427,1.2618632348771,4.44689863459634,2.30537769632384,-1.20429176468579,-0.539990900634811,-0.561095031003235,0.16671065777848,0.852442470496036,0.488448316556269,0.34828287175544,-0.040252251242476,stable,5
5.54822812536045,5.37282402473347,0.712339829612919,5.49103106608058,2.85528797797594,-0.731327580522362,-1.35565829242645,-0.768302105027123,0.515076210306624,0.164721163385285,0.0913859093900165,0.387096879109946,-0.0206174758905628,stable,5
1.89716858380348,6.75747776931048,7.39339363115963,5.7741130907984,2.29493000821474,-0.770769296698249,-0.981430981076148,-0.542729730440338,0.761604219965219,0.765824237224306,0.513619050738367,0.211224506606552,0.0268285768466134,unstable,5
2.18386110628333,3.37334066594304,8.50287044971762,8.49827688845658,3.22257421900603,-0.951271924861264,-1.01349053871724,-1.25781175542753,0.922609955894046,0.161802464150527,0.0789558203720837,0.504848856878871,-0.0249413876867709,stable,5
7.41896841490911,6.96136673284181,4.84159713084884,7.03181748378394,2.98049572635522,-1.1900970761027,-0.715793785497779,-1.07460486475474,0.543612539749087,0.577312744348829,0.201736606036592,0.636474937491569,0.0546503319291076,unstable,5
3.31311076293986,9.16515548720058,7.19097449125447,5.66406911167065,2.97523737574992,-1.41288876936482,-0.897971467864478,-0.664377138520626,0.761464491082814,0.258495836883312,0.357072169590447,0.342720628849235,0.0085384901626643,unstable,5
5.82909227634531,5.98149138981171,8.95610792375377,6.28224567631016,2.58370387670256,-0.515020055443037,-1.01195944855364,-1.05672437270588,0.715382705404235,0.964197468552,0.129801729922452,0.236936525761132,0.0558763020199277,unstable,5
5.77463636439608,3.617521728545,2.66545034064549,9.9948295271237,2.30402335886766,-0.645901173032203,-0.857362525218225,-0.800759660617227,0.611767365894279,0.711653273300014,0.151415897505407,0.957135569854203,0.0397060376977127,unstable,5
2.59770494479282,5.78280587991106,5.46553595139491,8.64986568124082,2.92580087201782,-0.986008242522983,-0.936494165495713,-1.00329846399912,0.673447858456782,0.934478931295414,0.117622766307601,0.43023736919628,0.0299553851619164,unstable,5
3.69998297794169,3.07413370215991,2.24692979265396,2.27665789346856,2.5860506934354,-1.40696006030862,-0.643881307384628,-0.535209325742151,0.907623530683073,0.991250229166067,0.467569604414049,0.272829950084353,0.0529569142058062,unstable,5
6.00298602216383,2.11288970877475,6.21702019373766,6.57380931843475,3.2266825060675,-1.09973087759262,-1.06773615605551,-1.05921547241937,0.69700389332568,0.542864182513902,0.566757401302802,0.608037292463599,0.0536695788780514,unstable,5
3.82658895540721,5.13805189493753,8.84626246692145,3.88454803620784,2.73228056166675,-0.602525056571106,-1.55907419547364,-0.570681309622002,0.726188291730597,0.0940062835269642,0.199063174034723,0.10800125997663,-0.040716346000448,stable,5
8.48270994033532,5.6294671146109,5.30740042689177,8.93858535075852,2.51222191452429,-1.32508321493168,-0.524427962101076,-0.662710737491539,0.397411281669541,0.809841629776828,0.670763978558256,0.682882708178601,0.0718142036625136,unstable,5
6.50245656784875,5.3569776301284,2.12084201643163,8.15936161704129,2.07047012281779,-0.561869485802285,-0.705503726873477,-0.803096910142025,0.977099423414804,0.613118187216358,0.932916123574483,0.869719912588125,0.0747558669491065,unstable,5
6.71808302177945,3.38489891700626,3.05516820116984,0.873235357139399,2.97401592383216,-1.08053721841045,-0.793952001799829,-1.09952670362188,0.683013613218084,0.239271245710093,0.453245508983681,0.203881599851847,-0.020938464125976,stable,5
5.94003582491503,0.75997535166106,2.94476078343445,2.05767823461406,1.99062089479412,-0.814081475534907,-0.54212529367907,-0.634414125580143,0.820703939819994,0.473626729025082,0.0641417304412276,0.645238196563509,-0.0315971314974059,stable,5
5.09127788567506,7.88001992153169,1.1482692034944,5.34330302284997,2.77574281985964,-0.684703327408968,-0.671318336978578,-1.41972115547209,0.571571977409925,0.456895285229716,0.611206198128519,0.844650507325906,0.0326137894807053,unstable,5
4.84764436459539,3.51287981806782,7.81035657174026,7.96620339226726,2.89489295933735,-0.596086370759574,-1.27396105745117,-1.02484553112661,0.8227031865631,0.569113828024932,0.372029651229103,0.602609160279058,0.0534270741565969,unstable,5
8.81896249436425,1.12746589240363,4.11231604235886,7.88533804242875,2.62716646781241,-0.825134083737002,-0.856011760004004,-0.946020624071406,0.613648317406976,0.249185555968916,0.307864739857092,0.49759428856161,0.0131709230384729,unstable,5
3.18983282225928,1.5261150535683,9.99945000849598,4.49552813250477,2.31303133232728,-1.13838525152375,-0.531163475328346,-0.643482605475187,0.865865251661134,0.54246666960637,0.925981643166286,0.755072495100509,0.0121915666752223,unstable,5
1.03207231969085,3.3244450223685,3.58857965782358,8.29251044215906,2.79353319443164,-1.00391287261724,-1.06279324661456,-0.726827075199841,0.396466194455906,0.0656004462750163,0.350007541188778,0.5404568671213,-0.04192472653781,stable,5
7.85744301944547,7.12179724520245,2.54030177831243,6.63262342960633,2.88017174612307,-0.540826629482256,-1.12223044102857,-1.21711467561224,0.101179184256361,0.639133693281849,0.433436487998986,0.491273378792262,0.0175649971465152,unstable,5
4.94512240120103,9.05205873041188,5.41015335558536,9.76393856671422,2.71823468141769,-0.990135736768588,-0.800144461917808,-0.927954482731293,0.148125391610403,0.417094612566547,0.598360331239912,0.0664684473465045,0.0004208164666378,unstable,5
8.43270159489973,8.25047216778748,2.69973734944905,4.71659291897916,2.83366166995734,-0.84922208513713,-1.36179889642608,-0.622640688394126,0.434144716960069,0.45700788283976,0.612268953346489,0.699342780032911,0.0307182298991111,unstable,5
6.15427027473918,6.24610882416461,1.36643382877375,3.89765874170117,2.45999333386105,-1.09609413714504,-0.649055116907461,-0.714844079808553,0.315571853295172,0.200916275473265,0.597939986224237,0.695552349973293,-0.0212990341938777,stable,5
7.93831994046123,9.02263902205808,1.17924718966427,6.70045137333649,2.51078218460453,-0.588967815981654,-0.824390595285746,-1.09742377333713,0.608564716103448,0.168825924127959,0.931319161806443,0.1219363569009,-0.0164901972604184,stable,5
1.45860280707113,7.85144949812297,9.67756948683958,2.28066604954293,2.52385974441759,-1.21840926390017,-0.594269029425224,-0.711181451092195,0.176128075374415,0.598718103775497,0.389448797913269,0.291103239498028,-0.0045557369930634,stable,5
4.77529441308932,7.598342060994,2.86524075306214,4.87594630742837,2.71666031777555,-0.515466442650754,-0.802687976673781,-1.39850589845101,0.623508240540005,0.126749991224004,0.117955546426357,0.551812190577769,-0.0011126710449854,stable,5
1.94816422485331,0.811878111580317,1.3760980942235,5.69527734586796,2.10539625418877,-0.536931540132023,-0.82506894288956,-0.743395771167183,0.784358401257055,0.717423313064786,0.650328538049737,0.848167092209526,-0.0343891036737554,stable,5
2.33398022825322,0.792084180234058,8.55389666047314,3.07019742208739,3.06756907087157,-0.920606683102588,-1.13157560624147,-1.01538678152751,0.268006701890387,0.783078011341634,0.250475689761509,0.802065225656737,-0.0442199544753123,stable,5
5.60224425850007,0.798436807575589,6.22113986623466,4.64612279085892,2.31713150101587,-0.507461385624925,-0.73078174564793,-1.07888836974301,0.599213772890072,0.382288501910927,0.633377541127043,0.66219740196237,0.0368901440699238,unstable,5
1.86070608263025,5.07277476740401,1.73756639342367,6.15643378682819,2.137730047302,-0.528903973851819,-0.583132531613449,-1.02569354183673,0.451668978255992,0.376825542834696,0.11172562208156,0.152114679616787,-0.0486712497576038,stable,5
4.40983645323266,3.59607528852148,4.64665436056011,1.20057290686273,2.77159130093639,-1.47514634201075,-0.701138588462362,-0.595306370463281,0.715707260432712,0.878498086414733,0.619126612314681,0.0700675307471794,0.0505228134770983,unstable,5
2.46744589091369,8.10785989479546,9.26801819640873,8.54826057273998,2.15045688337942,-0.508101242327097,-0.745232844387251,-0.897122796665074,0.972056698327975,0.600961209481317,0.851798889783546,0.649553138093239,0.0580305866281624,unstable,5
3.93569826039604,1.32833593231994,6.92117404355798,1.54944356823911,2.97181235838554,-1.21901538810545,-0.841524998143606,-0.911271972136479,0.743828245832615,0.614954737847851,0.180949088898238,0.652546406980875,-0.0460531545669971,stable,5
7.08069896602643,8.6446537786371,9.66105738147033,6.8535075021732,2.44006063903616,-1.11212944548099,-0.797876379933069,-0.530054813622101,0.176529802917552,0.628601906202738,0.63021329603694,0.303223237821714,0.0461724646198618,unstable,5
7.44119730301215,7.0512711058864,9.2530989176295,3.34443469155093,2.19136904850203,-0.893297159883089,-0.684668851050513,-0.613403037568426,0.683464834259895,0.0967876159135124,0.140462681323237,0.271236965492223,-0.0026058456185757,stable,5
9.94261472215759,2.3320727281381,2.2717426269264,4.90565271985431,2.18061508651389,-0.91392586924478,-0.66691723059779,-0.599771986671316,0.839578444833044,0.446149679079063,0.103366668072614,0.315859934462393,-0.0003888009604384,stable,5
0.898324666583573,9.130701589398,0.848831241393334,3.92870088599224,2.7287445381132,-0.858597644125589,-1.2319884543589,-0.63815843962871,0.991451147583014,0.0678584676638129,0.404250985451889,0.109558807996734,-0.0483257935081389,stable,5
4.52801136825836,6.35102109464859,2.92652032621028,0.52210688597546,3.03282170444608,-0.850883187678282,-0.857170755331323,-1.32476776143648,0.451179770391752,0.150421544157588,0.589915349366457,0.991632179880707,-0.0309889311495958,stable,5
8.85055039721045,9.05629006535901,6.87164937068358,1.59749644538468,2.65635723599409,-1.14459725657364,-0.920970682453492,-0.590789296966954,0.119386751434614,0.363353682791329,0.60446900518978,0.924270726602138,-0.0114673218971967,stable,5
4.94758234149135,5.27705447081879,9.5682736246958,1.6165776839299,2.8201886755666,-0.754636970488657,-1.19748752220891,-0.868064182869031,0.938591501830172,0.783745163229186,0.836525041600667,0.970528844870395,0.0509634031147148,unstable,5
6.32945212679622,8.64914047047095,8.8746611929599,5.1251377195269,2.87612540725919,-1.17075112327555,-0.888174550628348,-0.817199733355292,0.444296626453507,0.210856133702352,0.0786054547741776,0.946819432729662,0.0287195058742023,unstable,5
6.00781225884466,6.26410904911356,4.9164487941501,7.52417046698392,2.78960635147118,-0.938167195795663,-0.917129369485937,-0.93430978618958,0.784006199256259,0.96749291848927,0.093095343323882,0.402338783971739,0.0671154043098679,unstable,5
4.11312771095043,6.00885585893201,7.17912213712567,2.108730184154,2.77090846298259,-0.749423628459533,-1.05767871840701,-0.963806116116047,0.841735232013834,0.446033252510361,0.876526083996684,0.0942411537037347,0.0530015571741778,unstable,5
2.88547868747837,6.02310635082186,9.85846557463226,3.61086444971167,2.56435087659806,-0.570641600125364,-0.687318897344894,-1.3063903791278,0.502876529206104,0.486401167908875,0.177217044610487,0.488037755013715,-0.0125436458997938,stable,5
8.91043493774267,2.89842637182638,2.24453661349558,6.77529744398895,2.49427132550825,-0.96885094511034,-0.623347080076428,-0.902073300321482,0.428115966550986,0.610237484550905,0.434926974295034,0.0531733387155039,-0.03066167946751,stable,5
1.14117075154453,7.79477416811676,6.99612248482297,5.68334587644794,2.65523451733994,-0.973468704074423,-0.908280271422619,-0.773485541842901,0.664949157579726,0.473272992615402,0.913417129312826,0.100280680133789,0.015601600151456,unstable,5
0.989826431698143,2.09710755841903,5.33949102616083,5.31271177830183,2.40415264905266,-0.601865588545019,-1.01990680224586,-0.782380258261785,0.127027809493226,0.689044765327538,0.111294882238447,0.742446723194667,-0.0274739181715595,stable,5
4.79514124898099,1.23613157994227,8.59491250982096,3.76896624492153,2.41441427011754,-0.798047234360769,-0.695175568337087,-0.921191467419686,0.358547033856108,0.103041616251401,0.44818360127826,0.367371905920915,-0.021638792970311,stable,5
3.49652202876458,3.92464480632497,8.49057646956546,7.55297125162246,2.68956590104495,-0.959371785435709,-0.993843674816645,-0.7363504407926,0.252673473065991,0.592670284715423,0.480799849600397,0.40724100648158,0.0182941994387786,unstable,5
3.59165192314793,3.37456411042381,7.1631234541467,5.37374824604321,2.97549879359206,-1.02501432968535,-1.14668112047032,-0.80380334343639,0.631493225898474,0.737704680908009,0.162933983531947,0.848348305653094,0.0523070849366332,unstable,5
7.39809491499682,6.47360539780574,8.13874762635423,7.46742483418209,2.83122490201735,-0.702908939682378,-1.60826264997279,-0.520053312362183,0.854625196788426,0.261310013391853,0.760641773421911,0.27026662522784,0.0651201440954968,unstable,5
2.01923844234465,1.28831394789125,8.3355318312263,8.18321545556384,2.68956843977576,-1.01265545871878,-0.607932451548101,-1.06898052950888,0.142837316379385,0.373827633601624,0.753456656312823,0.609767538511308,0.0180181568258382,unstable,5
5.07316593833682,2.92363739064484,2.34399065768652,4.71745771662618,2.59291946548725,-0.562271942759189,-0.808731649970403,-1.22191587275766,0.0647583048025751,0.891602397489755,0.19946044090352,0.820262599474491,0.0149146193680197,unstable,5
2.50611972716716,8.24115915273034,9.06161535980891,4.30915150430144,2.77381307820665,-1.13035433200853,-0.930755964472308,-0.712702781725814,0.3032969753585,0.636523288821917,0.452262253473166,0.93605208951054,0.0403760385593137,unstable,5
9.75065089462145,9.27074523283689,6.70549027939136,7.64376348813559,1.90225408359339,-0.620961232352548,-0.605239563208772,-0.676053288032068,0.811185503818789,0.76926027245095,0.897713089854786,0.570748455266308,0.0908858813629801,unstable,5
2.04970107712493,8.86420251487651,3.07376238353977,2.05058947710691,2.6395574169335,-1.19760979432068,-0.733981182918023,-0.707966439694795,0.97641530375433,0.524839199479691,0.329159566513333,0.75891770804126,-0.0193000066438859,stable,5
9.81197662139261,0.806469223178178,6.29200279318648,8.59898245855824,2.70651622000997,-0.872922350010613,-0.837130933762784,-0.99646293623657,0.312665779532663,0.588791480381943,0.756209876253678,0.966821989394943,0.0388765806578631,unstable,5
5.19559599432902,1.72921470122517,4.27448131990094,3.0353302749731,2.85871580973754,-0.784366490811051,-0.683772761162452,-1.39057655776404,0.359733296295067,0.485269337752927,0.664477628282626,0.274773723585624,-0.0099604233085918,stable,5
7.4290165328343,3.21148679914711,6.40952929840133,7.41450294029063,2.47520066530524,-0.90497207388063,-0.621230713140941,-0.94899787828367,0.649718256354156,0.210030215675195,0.30137101302859,0.359554198101861,0.0240066111807413,unstable,5
1.48624527686265,4.5114746964125,9.58023296827984,0.502878675264528,2.60806551339029,-1.26492091766098,-0.678979083475028,-0.664165512254287,0.483349378589486,0.260099215226817,0.573427724978422,0.280425309693817,-0.0365333250631983,stable,5
3.82794261241448,5.10183655339958,8.4464784705396,2.70550146860513,2.41156070322599,-0.772695695388306,-0.683267160599749,-0.955597847237939,0.662226221614217,0.369860144965072,0.554516318249124,0.777676142609214,0.0253553462063066,unstable,5
1.35344400016125,3.9362833979607,5.51094412544213,5.05361822683866,2.7671785666156,-0.606504407081648,-0.504864633058058,-1.65580952647589,0.240518267034874,0.138839558776009,0.578129272420037,0.0643688120526366,-0.0410901531820012,stable,5
6.21770489558684,8.23967435310763,9.96213920989129,1.50822122216878,2.86513531874982,-1.18628329310816,-0.680729142760311,-0.998122882881353,0.122092493948173,0.133525927558966,0.929035483164655,0.285886977072242,0.0110895329420719,unstable,5
2.36936886790424,2.69266627621928,3.01600347144532,6.572452372809,2.33851942847993,-0.951938171902206,-0.613268998706993,-0.773312257870729,0.757518245708669,0.400462061111357,0.933656755351861,0.934261466397899,0.0495822721120364,unstable,5
5.3872602661425,4.35370011011122,7.96467483241777,9.36347803069542,2.82989867366374,-1.27858255126788,-0.746030108252168,-0.805286014143692,0.472883638931216,0.920653327271617,0.498325475735526,0.667596076718071,0.0620667810132063,unstable,5
5.27096809712679,3.969322704323,0.901757631673454,1.15898726201898,2.33503725579514,-1.24096386539987,-0.524165331467753,-0.569908058927522,0.334467272828931,0.817949634023391,0.989551930377871,0.816947696053672,-0.0291635332216203,stable,5
3.24020272340055,3.46115876922989,5.06250766845357,3.67083539218039,2.91330146562383,-0.685527525283222,-0.983515913663944,-1.24425802667666,0.112304438538181,0.877032618555846,0.32719431128417,0.624049554644289,0.0224902216346485,unstable,5
1.17624521245479,1.38210058562778,1.93382214032345,3.78728220860031,3.03545423974449,-1.26034097024878,-1.19141059728201,-0.5837026722137,0.603840416650847,0.694651135876918,0.459721483472437,0.241108149569582,-0.0250915670418577,stable,5
6.15308468307942,2.78939002263842,4.01351986975973,9.35505507333223,2.52292849123684,-0.658987381880451,-0.822173060420784,-1.0417680489356,0.531862963671581,0.82324987492079,0.996240943712888,0.578474026092677,0.0498023791086094,unstable,5
5.22587152325164,6.13627732997148,9.07972097290524,9.10728359470289,3.07288415962203,-1.16120048664712,-0.817645680899499,-1.09403799207541,0.214853792255828,0.110079808667072,0.149500836678245,0.66270085754154,0.0070423187541462,unstable,5
0.794922636230558,9.40677585601042,4.59327760476362,2.86078293830376,2.97919675077321,-1.03990391321749,-0.694407903975365,-1.24488493358035,0.694118336541155,0.859303558313658,0.152492219541802,0.629931102553464,-0.0181033982005171,stable,5
3.96447658658045,2.05742084794431,8.60290915326502,1.51394036974064,3.0240837520887,-0.771418534865521,-1.23942511765258,-1.0132400995706,0.422963544653202,0.0735838271215872,0.180329640775404,0.756772428359805,-0.0440674910383212,stable,5
8.69845570715625,4.93017838003813,1.64064154861375,4.42589941421334,2.4169467087854,-0.797595908563572,-0.982910043634358,-0.636440756587475,0.555451966276683,0.995717079532781,0.934712815576664,0.106451917629985,0.0124628500449925,unstable,5
0.7819728074749,7.64003317068621,5.64767770433314,4.31416827147091,3.02467852669871,-1.21936386470812,-1.14631631667778,-0.658998345312814,0.176167732981511,0.499028116456429,0.879700081455697,0.988468434015778,0.0586082632617748,unstable,5
5.50727267977911,1.0064791721018,7.05376547274037,1.85891299029219,2.93570425877576,-0.650186290151451,-1.0115142509549,-1.27400371766941,0.445250147844435,0.101463868612841,0.131439672897212,0.84857701082211,-0.0378240229911894,stable,5
5.47553847042787,3.02789474891925,2.40061730324667,2.76786179569962,2.90607799297396,-1.27837826170304,-1.05087537608171,-0.576824355189211,0.992486460822797,0.895220919694586,0.676514115950798,0.627109990446332,0.0742207906196369,unstable,5
2.90400153806278,8.04128396859116,1.35347503283301,7.5817810897868,2.32114115744711,-0.794559312624542,-0.753817702624551,-0.772764142198022,0.351677044797292,0.379086242843473,0.340420220760307,0.531400669802208,-0.0108023164872821,stable,5
5.29708612478725,1.45284686290956,3.88050971529343,2.1523168435266,2.58306792365973,-0.813774494611355,-0.685565341074043,-1.08372808797433,0.362520660471658,0.873951287750688,0.671849115243073,0.100568792377084,-0.0270331272495738,stable,5
7.40876822820525,8.29094955345944,9.40826780476404,3.78650445867662,2.71847722239682,-0.525626327491796,-1.04783880087689,-1.14501209402813,0.851844028812873,0.771679213092158,0.411092641664441,0.551704576278291,0.0691794075097231,unstable,5
3.60719278701834,5.91551223142339,3.37287033732524,7.42727409144688,3.13075530570843,-1.18527572383727,-1.00895175359193,-0.936527828279231,0.671216174970857,0.647488921487373,0.972749655917998,0.409011135498915,0.061881962597461,unstable,5
6.41444665540975,4.40838836573196,2.68681765669524,7.8249854196643,3.00982340314637,-1.03798740540207,-0.949118857224553,-1.02271714051975,0.422353460785846,0.41575045514099,0.528506337367997,0.319644397428235,0.0046168101571678,unstable,5
1.01116210376008,1.38401184086757,9.19602619665361,5.34292034149478,3.00291502309783,-1.16524534974212,-1.30487227059593,-0.532797402759781,0.601910978380411,0.119015675143469,0.473368432541965,0.286091102743271,-0.0294034431718717,stable,5
8.70441774727287,4.89386875731649,3.66266202933629,5.47541616685359,2.41366494420294,-1.24613733125231,-0.639914320977265,-0.527613291973365,0.690355092312845,0.798797596803028,0.506691998909058,0.0808046486109798,0.0358535544488564,unstable,5
8.32646467628104,9.89191779499442,7.75875469064496,5.87408321452664,2.50574872996953,-0.51107768019099,-0.763334399121546,-1.23133665065699,0.381368878139983,0.99262679896205,0.766116235129414,0.0550005717992946,0.0647576267963157,unstable,5
8.49797558743791,5.94911802661058,5.14142160352059,7.17619292455969,2.65783028478372,-1.16654029676294,-0.691400530407496,-0.799889457613288,0.102020739353725,0.23685744783946,0.441420466778141,0.307570531646641,-0.0106084289291683,stable,5
8.51521403189166,2.73589200683191,3.75139419310851,5.15011906796633,2.58157722207994,-1.31348122735509,-0.656077820656786,-0.612018174068059,0.657113705580526,0.67025844143936,0.15952000806577,0.349610346305225,0.0041062829338597,unstable,5
7.36959709418115,5.87417664907693,9.06840090555282,6.27653617004785,2.93301193554184,-1.30885354749896,-0.639527101485454,-0.984631286557426,0.362829833186655,0.301268635658874,0.112539923705198,0.642166549478655,0.0214998272383695,unstable,5
7.87435972565961,2.00061991197678,2.38988777090786,7.3957710806021,2.91590485005803,-1.31449468205512,-0.796998862690083,-0.804411305312824,0.156134741332578,0.640224472779133,0.453881027179292,0.0534656062967656,-0.0269363019942396,stable,5
8.87988676526217,4.74500360188828,4.09377113658921,5.53232345297502,2.07816226971051,-0.88218827891351,-0.574112432174606,-0.62186155862239,0.509340225530259,0.369334475441937,0.841621160917664,0.573907892221957,0.0492932753409592,unstable,5
3.62414837212258,6.19083924863538,4.5238079197519,9.87543319842281,2.00909675435146,-0.762057005042094,-0.606289503886411,-0.640750245422951,0.932473429904525,0.445359454805201,0.92406170776716,0.359069759674575,0.0558820407220073,unstable,5
8.14866699476163,5.94585822115715,4.22028798781975,3.84614355166287,2.36936536301889,-1.24379057538082,-0.536765127761732,-0.588809659876337,0.537170300281612,0.0864661254818633,0.419127199303504,0.49733021854211,0.0038067652287521,unstable,5
3.72891375476632,5.64678704766395,8.85400719100309,1.22242802555391,2.55078806012092,-0.990859853288881,-0.682771224903269,-0.877156981928775,0.0742737874288345,0.619347917872332,0.92669810784656,0.0528529272197094,0.0298321594256924,unstable,5
8.46582283510284,6.15049049577918,9.22196502485743,0.513873976277595,2.26970664619884,-0.913819075983507,-0.511709082477062,-0.844178487738268,0.784277274834717,0.40041044333964,0.798765275131929,0.413097865839237,0.0418263363511478,unstable,5
1.10296043591349,6.26326162675135,3.51165438120157,5.27372634527973,2.89063767348934,-1.196285522964,-0.650657996552042,-1.0436941539733,0.986746163560569,0.112120240677125,0.755100266859252,0.880294317404216,0.0152418800788421,unstable,5
0.699533859919827,8.88416102718264,5.75583228861305,2.17221216873152,2.46918580372265,-0.521008864467812,-1.10994308728435,-0.838233851970488,0.348320882429221,0.963648951652989,0.163579565174689,0.307815758077525,-0.0053734340468194,stable,5
1.35858182281801,5.64244394813726,0.904427866471035,8.14433314021231,2.88682880630112,-1.05954512027682,-1.09611360960555,-0.731170076418749,0.530461203246629,0.796444425223817,0.110606084672702,0.570133220264242,0.0026478692448239,unstable,5
1.50007212292615,2.31835988912113,5.46660674274569,9.1645784964129,2.49227577456477,-0.967191606806312,-0.834242564901791,-0.690841602856666,0.190648648057973,0.992743393645138,0.344543851245218,0.635478956866539,-0.003320223428393,stable,5
2.42859423238562,7.46426987814031,7.73826613886815,3.31700284998154,2.78816330843271,-0.593568725805858,-1.08016261954281,-1.11443196308404,0.33822906835405,0.243117466497018,0.452905104886049,0.338248404053313,-0.0193005493926547,stable,5
4.4294691986693,2.65702760832431,1.79599657726433,7.34092004895207,2.57428348271957,-0.740216587251564,-0.840018398662552,-0.994048496805457,0.140072239580262,0.119344353104249,0.657044447915192,0.719596561836285,-0.0256689508701785,stable,5
2.77205467383303,2.87520022664911,6.09626150738415,4.58784875803,2.85090810842626,-0.670741714741522,-0.853094460574468,-1.32707193311027,0.301637448911577,0.151389455279066,0.466714005305668,0.923861145101424,0.0212709754813899,unstable,5
8.33591751443779,3.74539264163652,0.78767812749882,1.67286770874013,2.88013964024306,-1.10365518320923,-0.527325698956999,-1.24915875807683,0.332907831396479,0.881386580520852,0.509559427137413,0.246932733158808,-0.058792201475442,stable,5
9.19231630528653,9.69955368656325,7.9457321401109,5.28784766815271,2.53502057823774,-0.557360401180538,-0.680469016625755,-1.29719116043145,0.802384942225359,0.172417058317359,0.257577771324584,0.967410794250027,0.0554580861601676,unstable,5
1.73603456126553,7.52748927070032,4.96946953510666,4.62064742065977,2.65327113355785,-1.00420426543184,-0.756209259118407,-0.892857609007601,0.057034618096333,0.803832915810038,0.967521704368482,0.463562626183063,0.0577937423793297,unstable,5
7.89981880908869,3.18463372302979,1.94525163653999,3.04466497192146,2.97592262817042,-0.824034174453898,-1.25046845197735,-0.90142000173917,0.999846015215128,0.646396700595031,0.371877320837215,0.979717411514468,0.03350272045667,unstable,5
3.29194150532035,4.24559464188368,6.07605662851165,8.71202468506399,2.79709762215391,-0.659904141447507,-0.743239822977991,-1.39395365772841,0.986947012399892,0.105136197039236,0.512034298012998,0.751910169943661,0.0385786912020569,unstable,5
9.80817784174293,6.16346212305179,1.00651071412055,5.68684712666031,3.05450472699992,-1.08441435702489,-1.16521922237991,-0.804871147595125,0.246100456533701,0.071809936834285,0.609435021537831,0.177833242237276,-0.0499189416683322,stable,5
9.8934611802476,3.54819139861243,1.70148154424388,3.13397860014993,2.44704280230197,-0.941706043329812,-0.797921445937839,-0.707415313034318,0.269330606579764,0.193308848717086,0.565201469115784,0.107398620419042,-0.0448307346381559,stable,5
7.58383898861234,3.88482593010202,0.529675599477696,9.49813454971043,2.43780546687575,-1.00761526809623,-0.674617828487174,-0.755572370292351,0.985453223243997,0.13783294456759,0.0948582823991473,0.93614841298683,0.053287503675341,unstable,5
1.61373818109068,1.59610752453866,9.71199085853183,8.7801453654432,2.73880615613692,-0.694861367268476,-1.41885827987677,-0.625086508991674,0.438642421830068,0.842989668697362,0.309348176462508,0.654976539118775,-0.0280340068744145,stable,5
9.71538926557441,1.71224593009551,6.15518260125608,1.19341314151745,1.91586249701742,-0.827878918012744,-0.569814230096177,-0.518169348908495,0.809703467439696,0.261750340116465,0.650606809012115,0.98966585044355,-0.0105926805248274,stable,5
8.58619907655233,7.10062457037352,6.35454353528945,9.23180121856461,2.73010405049077,-1.25356934637277,-0.530408265012375,-0.946126439105626,0.687556537819606,0.803393858951292,0.55400178956104,0.0511610959669144,0.0608298169909265,unstable,5
9.99179799739068,2.44119566272611,0.696378969976876,4.22490468196241,3.13258965451881,-0.71416366361411,-1.29918437342353,-1.11924161748117,0.501716303005494,0.123642400400443,0.0767039067658794,0.943842462838942,-0.0131925640562714,stable,5
5.5140140868629,5.67151174499139,1.43050285657535,7.78323645837051,1.90747395262253,-0.526721248008206,-0.867226211931289,-0.513526492683031,0.193712041667084,0.815058347155084,0.080877253667257,0.551265334919668,0.0263707134732185,unstable,5
3.38837053673278,9.76139273779588,6.20063070017038,6.87600917673755,2.41918583291201,-0.996835891209601,-0.819432144889852,-0.602917796812556,0.747041168234234,0.404122832162174,0.24928611470999,0.537378182281421,0.0240329865516845,unstable,5
7.46412093678722,3.55837698956707,6.05008061259936,2.62279794908984,2.43154722771806,-0.793609997426323,-0.738889886137552,-0.89904734415419,0.713983143186511,0.39857807724562,0.248254818808419,0.978785417721784,0.0235894950873279,unstable,5
1.31270214332076,3.73702489341088,7.87570919785825,7.60094376571719,2.31123850416527,-0.843983934596414,-0.545544007204915,-0.921710562363942,0.453785527865753,0.233047012438197,0.923307984445312,0.460003126559965,0.0237515642800742,unstable,5
7.04717620612198,3.51828103541016,6.87701057771237,6.50831030896243,2.88699654762202,-1.01699848271827,-0.853870806791773,-1.01612725811198,0.552082834061374,0.404519005821837,0.725829206917638,0.537589472771441,0.0594503526024598,unstable,5
7.26510477308364,6.301386000118,2.06045040276602,6.06998889343448,2.80817180687153,-0.915203174381028,-0.69224289748267,-1.20072573500783,0.42500404274859,0.224897095224011,0.739767885387029,0.882449380044151,0.0332213058131217,unstable,5
9.28091549540247,1.40484653103834,5.13618118553025,4.43330037478064,2.95721601599262,-0.632601257384976,-1.16316296284414,-1.1614517957635,0.867474047934403,0.379192256020843,0.282569331184011,0.484148658376051,0.0134136001362876,unstable,5
5.29227686769365,7.29142410588876,3.24201831193513,3.22320918228239,2.38228720642776,-0.844543135550397,-0.539288976814761,-0.998455094062607,0.106125898124768,0.816087047912825,0.88073704118332,0.71583615879514,0.0421866492681093,unstable,5
4.45412113620149,9.85057968524407,3.63366987899195,6.82686681066089,2.7833382374356,-0.566957214526308,-1.03755406379519,-1.1788269591141,0.672378862639369,0.757251069055429,0.681393619436093,0.127205035602686,0.0297298796535858,unstable,5
5.27749114685258,3.71405474072427,8.0200383825982,4.77823800981326,2.8856483476754,-0.698337231626653,-1.49061715333154,-0.696693962717208,0.966709817540583,0.889052763775253,0.407158493320434,0.0738732315049123,0.0527917120332516,unstable,5
9.55797106508392,8.48756641253561,2.43256820810726,5.08801911216704,2.76158586533388,-0.811854472159338,-1.30220679085457,-0.647524602319975,0.944899663670874,0.905103392321634,0.215607728365494,0.38918268040363,0.061455031351678,unstable,5
0.973485457530909,5.57418095567931,8.75208849040257,5.87434570462242,2.51795021641758,-0.510734366979846,-0.675394179913658,-1.33182166952408,0.25457066009946,0.906030792210566,0.401792163430852,0.59366421337192,0.0391147763920143,unstable,5
8.71915104782825,7.34087801057436,5.35260077869206,0.685152508366061,1.97740270957119,-0.797098435905413,-0.609095206305606,-0.571209067360172,0.582855498069947,0.737551030064195,0.714754787807147,0.183600974471327,0.0480844572779343,unstable,5
1.4531483416267,6.27332277449865,5.37907829673651,8.82566922973564,2.61366195982376,-0.587962408186251,-1.04562787605949,-0.980071675578016,0.239725781019778,0.126579180218461,0.584334585048597,0.416648473865052,-0.0095230782799668,stable,5
5.19111024772693,3.41761745299852,1.99102106295812,7.2952915684534,2.7056872116513,-1.25415601045889,-0.728978407700313,-0.722552793492097,0.781521727996774,0.40211548104779,0.75353260830258,0.13223987385629,0.0054169140006524,unstable,5
1.06218512008652,5.58947249321358,1.33324312164247,7.29128123997282,1.89194964156733,-0.558665776077495,-0.726052234508481,-0.607231630981353,0.573942121607538,0.0872327118857089,0.0860985439469386,0.164089280047299,-0.0342363032176422,stable,5
8.64227867151609,0.803808802194649,3.38622191530599,2.47377252764854,2.90669247169829,-1.47515248484453,-0.501862587298476,-0.929677399555279,0.220754138799652,0.209763985052983,0.443260964975223,0.180341902425163,-0.0489921758915815,stable,5
2.49297504314621,8.52795653421017,4.41666213273244,8.89358851688915,3.13069231665874,-1.29613030008996,-1.20497806892515,-0.629583947643626,0.880180077270482,0.766262568871728,0.336599640257674,0.180041566685395,0.0114427736312877,unstable,5
5.77361396357417,5.82300568159248,4.68820825456225,4.94904569292594,2.72493578944338,-1.1449583302518,-1.07654896948455,-0.503428489707026,0.286934383038465,0.99203170717097,0.831039586096185,0.540314448043557,0.083412528178073,unstable,5
2.70665108599944,0.849173782609345,9.0749206014715,1.63853837270888,2.78128081779607,-1.28368628019308,-0.687107404681062,-0.810487132921931,0.809789310320191,0.931334504378234,0.229290292109782,0.883137891695697,-0.0525945212006951,stable,5
4.84536379794591,5.32786131919514,6.8429461196954,5.76720052565802,3.22406176166256,-1.18469145741855,-1.19104807046867,-0.84832223377534,0.718387025608901,0.572857641067966,0.503626739354199,0.462797821779894,0.0643211507315721,unstable,5
6.74169840661507,1.00394558377075,4.91510429109246,9.9184710505839,2.68812802189209,-1.09029395526943,-0.835491375910025,-0.762342690712632,0.588016310003508,0.506696080425689,0.10226090607831,0.849168507477568,0.0158292532753101,unstable,5
1.58095035790874,6.20014943389236,0.723735082008503,3.32234095097819,2.03736304030346,-0.695790096278267,-0.742262395111506,-0.599310548913689,0.945242205905373,0.407064587522465,0.512918822226042,0.126772768235863,-0.0494340388650462,stable,5
7.66728843809209,1.89573423873273,2.21231487532861,3.49975482656278,2.14955826736365,-0.681694636398915,-0.879350029779575,-0.58851360118516,0.673909003873358,0.986108403628421,0.130377543800632,0.946061773832311,0.0052541042611996,unstable,5
6.07711162622087,1.51192534400014,5.03793512269877,5.7600153076623,2.63161224532222,-1.17834593941721,-0.520433529294375,-0.932832776610635,0.465208155228071,0.0988266173864156,0.549837189181175,0.676692568719883,0.0334561956866416,unstable,5
7.7180134304121,6.31998338752412,6.47254730051776,3.36372198961737,2.32770305753643,-1.21579947708331,-0.501590676869848,-0.610312903583271,0.816205860753094,0.13318001014673,0.714460950696749,0.215670575608202,0.0446982440745131,unstable,5
8.86733234282328,6.47854187781168,1.84211055605804,4.0787646439243,2.69216604854287,-0.656544940361602,-0.777654751797405,-1.25796635638386,0.0521402760692674,0.884795796611592,0.813714398502939,0.676465964031327,0.0257994825982527,unstable,5
4.18520711032617,2.0667308292855,5.59398153324122,6.02539659991675,2.64832212113128,-1.29089424252863,-0.836905188620219,-0.520522689982434,0.531346757894055,0.54611033979387,0.897679399480284,0.28348075047844,0.0392384479547399,unstable,5
6.63411553446372,4.2738752128494,6.08936023289594,9.65740223978921,2.8208991551504,-0.535729743453162,-1.08595915468764,-1.1992102570096,0.765385475286403,0.654149669178111,0.585239176245905,0.527966077769332,0.0665880746812139,unstable,5
6.72852760707951,7.24951041286021,7.05255807775103,6.8244134427533,2.68904306718997,-0.704015034931665,-1.39852880583594,-0.586499226422363,0.328440015810693,0.198870041764567,0.514693401212628,0.191093302361553,0.012798225212076,unstable,5
1.52705505758312,7.86836417901214,4.9613758753508,1.43738889379734,2.12309051173384,-0.709746441198688,-0.586789055731893,-0.826555014803261,0.609959043891333,0.462428899860077,0.124015946884494,0.758807529048328,-0.0489636531677604,stable,5
2.50813605040365,0.708301225991175,2.55463048824187,5.28679119984379,2.09136878086257,-0.643098531646957,-0.862063709455612,-0.586206539760006,0.592468426634355,0.35370473002541,0.579954108848361,0.323993397631139,-0.0306900695122955,stable,5
3.05128367666926,2.20117412308332,8.12766862474326,8.64012732187932,2.77915051389198,-1.20451346751746,-0.827272957913356,-0.747364088461164,0.139997971263463,0.80577627001125,0.793261289039141,0.647664472853035,0.0288997678648269,unstable,5
3.98560780974552,2.4999001456557,3.41365185116087,3.57892097767803,2.79332290305166,-1.00296425310727,-0.660588141041936,-1.12977050890245,0.923652254611272,0.475308072854704,0.563340799168105,0.396842828957759,0.046805248105588,unstable,5
2.63089135013563,2.63096345584083,4.80052799353468,3.57650191346309,1.98361509932969,-0.66505161453702,-0.689970778868569,-0.628592705924099,0.811833444522944,0.754973456457914,0.823336707789778,0.629232188856902,0.0757684863308857,unstable,5
0.676193224664568,0.781086337103823,5.55623985133368,3.76523529884672,2.93121025572612,-1.06295839259467,-1.17579561634426,-0.692456246787193,0.740130999421232,0.772031108431062,0.420697347504187,0.839774527293288,-0.0472538709569875,stable,5
2.83245671078314,6.82645923577225,1.26639811681771,7.21139886236141,2.70428963240977,-1.14560077466108,-0.840957038458891,-0.717731819289795,0.238815198527354,0.509414573424883,0.131856486863957,0.518273882615067,-0.0019316111395857,stable,5
8.43911581955415,6.19246523915842,2.77441611941648,8.16955354010579,2.67818956395242,-1.2405193469235,-0.599064391329768,-0.838605825699156,0.441992313431244,0.939986798432758,0.414289636625003,0.362874097928726,0.0465374900506448,unstable,5
6.84155615188611,4.39162058324148,2.97498560363759,9.54847045055177,2.8431193117044,-1.33727718396084,-0.563795087161497,-0.942047040582064,0.493630089867571,0.142099245200035,0.510563545375658,0.965664258367652,0.0366796228977008,unstable,5
9.33797617430388,4.52129644036919,0.689052204643632,5.81297958936691,2.63613509981576,-0.67956404211584,-1.39437648795671,-0.562194569743215,0.907327525977246,0.430951935668847,0.0707485382914532,0.245919869140653,0.0220148829780842,unstable,5
7.31239821073123,8.40691269867009,1.90611279505849,9.97594580655303,2.64149180925228,-0.640950849007629,-1.15156253161944,-0.848978428625211,0.484075961792051,0.963925356315562,0.477620893246202,0.567258498261455,0.0521368775599053,unstable,5
2.99202643696588,1.26897981464867,9.6041543893378,2.8600448369835,2.61617094174041,-0.768118477716867,-0.629508630755474,-1.21854383326807,0.944260915090418,0.875675688559185,0.919349943606878,0.0868649611977383,-0.0293742733162195,stable,5
1.14234297802829,6.7669800002807,6.88425444109103,8.74601310235732,3.03499505725417,-0.733377062946872,-1.22483983043161,-1.07677816387569,0.758817133864305,0.359873131487793,0.359358037357217,0.212335620759506,-0.0183728042352679,stable,5
4.87120787756359,8.78454141069407,2.0789364273355,0.79370386149718,2.9677203153432,-0.789105585016264,-1.3541433094973,-0.824471420829638,0.932970972691227,0.679148113823791,0.470311579796759,0.709097710367783,-0.004197099419283,stable,5
3.81532358506677,5.12191537938532,3.87337990090251,4.76532506854343,2.82831798393395,-1.31282931794425,-0.873376362833171,-0.642112303156534,0.204944499313651,0.508955175947231,0.216231850562781,0.642118626113008,0.0120252529634447,unstable,5
1.20629715295709,7.07621669471758,6.3492137331145,9.63791318417539,2.5825566833465,-0.551466519081313,-0.899002944815299,-1.13208721944989,0.609006327786921,0.708157251110517,0.995384475197523,0.728527224160448,0.0575688390149499,unstable,5
4.49269958902797,7.71278676856478,7.82312253178514,5.088850363626,2.89292112381655,-0.976926881289249,-0.987074474704009,-0.928919767823291,0.413785133528839,0.176321436443892,0.740223331924918,0.445623949938273,0.0350315582377953,unstable,5
1.85772699050999,9.96234906433949,9.76310323453845,5.84737968214883,2.6951543665283,-0.795239620387088,-0.70095166841232,-1.19896307772889,0.319569752481964,0.431126487266184,0.859768413846061,0.267962328272953,0.0305543422702748,unstable,5
3.99965496481587,2.63830690392972,3.51400521957956,8.07166493668947,2.88240724015549,-0.724670641629281,-1.32267318456426,-0.835063413961953,0.745852420572902,0.524623305643401,0.583843205614138,0.97110243561862,0.050287719438262,unstable,5
1.49903484672951,2.39730972246783,7.96865080420724,7.85029206533898,2.73932253437511,-0.741202246642264,-1.41291421937514,-0.585206068357709,0.846120465752752,0.140911783510144,0.686565820710141,0.747998540967826,0.0151543144238209,unstable,5
5.56786977617949,1.64648978813313,0.809994265319733,9.91802206516416,2.81176062620965,-0.516048816474958,-1.15348344158002,-1.14222836815467,0.168274998596489,0.339724003660406,0.205296976781929,0.942829032654122,-0.0045090359367516,stable,5
4.78576467517384,2.30536565731337,4.32134529928992,8.32287138604051,2.66103039252714,-1.36662329520066,-0.598149504234269,-0.696257593092206,0.520094159427601,0.50244812499048,0.166645713453419,0.841648403904681,0.0212929198758924,unstable,5
2.77436291040868,2.24460997757218,0.701701330160559,4.51551220264516,2.62849141027936,-0.537216249285033,-0.781896722637571,-1.30937843835676,0.455392096894839,0.854016532015465,0.480259014919709,0.980324964156739,0.0230509047832719,unstable,5
2.56195170284741,5.6899222846556,9.7821418492071,9.85018028352291,2.3745030312293,-0.54312919499292,-0.929375470923784,-0.901998365312594,0.128221269248921,0.192216688156506,0.583713228984342,0.467502374289721,0.0191784524017712,unstable,5
7.23314850039309,6.95213093069515,7.01035841313599,2.45005532185202,2.78652364843861,-1.14549093262429,-0.91939096428568,-0.721641751528636,0.331637492872808,0.713688643789397,0.340154604954177,0.98650859990409,0.034158495440589,unstable,5
0.850655404395482,0.609871473216603,6.56936961441875,1.68447959324894,3.11043294440381,-0.906138514908519,-0.967917133324454,-1.23637729617084,0.270127758742227,0.456639421405813,0.531150423342568,0.764583457887925,-0.0400401415595822,stable,5
1.65000132090064,9.54378717135364,2.39713409888465,8.32496858925499,3.0803771260945,-1.05248172812809,-1.01650810632152,-1.01138729164489,0.694275022557992,0.670525661049051,0.458257601361687,0.606753788366758,0.0050008790686946,unstable,5
9.25752852122234,1.31574882652096,2.77355747912842,4.81677324600113,2.43997454545624,-0.877483827081555,-0.582300915408437,-0.980189802966243,0.425942660169699,0.201582771500662,0.451507535109605,0.288287207069024,-0.0369452681789957,stable,5
1.13719192268273,5.76541338607634,5.24364814987985,7.60754504309145,1.90904666495469,-0.657387772123131,-0.611339966667048,-0.640318926164508,0.370417649208338,0.341623939925052,0.815161422045725,0.647352740542926,0.0340105681210984,unstable,5
7.69122966655713,2.79712877521591,8.49507941868621,5.74010502391399,1.9086402288636,-0.510256214508298,-0.87732062359018,-0.521063390765118,0.322751616491559,0.0513260700621433,0.336948650338035,0.275086894680052,-0.0108988470426149,stable,5
6.99386779764238,5.54689756323229,3.82636049396537,5.94959232630617,2.80504121042951,-1.1832141021943,-1.09166906756997,-0.530158040665242,0.650084622952589,0.425521475964836,0.614028652909496,0.839898559177569,0.072403245563759,unstable,5
7.32594151694895,7.70508784586206,6.94579363043854,8.72700684543561,2.76593825905505,-0.687157327361172,-1.54741216052807,-0.531368771165807,0.883916582182827,0.213278576715344,0.773133181998149,0.259826105521934,0.0640975737044061,unstable,5
1.58779305176978,9.31187282174999,7.54477507310868,4.66370821596071,2.32316256129197,-1.04514478620738,-0.765659678359621,-0.51235809672497,0.170703535820927,0.570569769368013,0.559175901495918,0.311218502419057,0.0196692287603384,unstable,5
1.96935184622457,3.74212312354072,8.50916162417015,3.8051540600074,2.71216900706658,-0.592205822522228,-0.905040191593394,-1.21492299295096,0.474462743668115,0.934336855752166,0.0933770609070628,0.107374136812773,-0.0405685465681229,stable,5
2.41102203539999,3.4245140154973,9.9780455428836,2.7786486435716,3.23350879048,-0.98224694166237,-1.09349676115415,-1.15776508766348,0.160714737039822,0.506509137417537,0.41727780663023,0.934988651045288,-0.0388115616603442,stable,5
5.6143675658757,1.0133622675648,3.95334772566949,2.22151491847927,2.73417261277026,-0.678101823095255,-0.54271394893633,-1.51335684073868,0.720710226078107,0.525789156644208,0.726071306962904,0.695056807856349,0.0208312083174992,unstable,5
1.45439668863382,9.47924009902106,0.959458080927911,0.757462546323729,1.90657746108791,-0.559145469119761,-0.840398722025741,-0.507033269942412,0.645751140419532,0.325306890740391,0.753863085615503,0.137773094988125,-0.0438799655181055,stable,5
0.750007042626152,5.68124376072128,6.1506335549967,7.37880891867785,2.55651952979337,-1.0267005327841,-0.970573854243895,-0.559245142765378,0.101587564930458,0.174953985530254,0.370865151582001,0.0944584545677365,-0.0520844960857753,stable,5
4.23719960508114,0.992563814122684,6.04775264097047,5.73601054927615,1.67563331718792,-0.516337038778316,-0.509786302576051,-0.649509975833551,0.81597107830196,0.200224979412206,0.499359590530766,0.705199922727693,0.0451677724883614,unstable,5
5.85449348693424,9.28637269595356,0.951770306936547,9.99631500931721,2.36969519246221,-0.534003771754529,-0.858627697429177,-0.9770637232785,0.091152985835931,0.529056761980759,0.776800408307001,0.753177114278855,0.0050857534828246,unstable,5
0.810918773267337,8.13351951453044,0.549575315184728,4.08320165679608,2.44803487201453,-1.08958235840019,-0.827982877189002,-0.530469636425341,0.195459726702009,0.86277956095095,0.808818016626424,0.76274457960938,-0.0189364530257318,stable,5
0.797425761945732,4.07080380384303,5.0309660989074,0.826730985253153,2.95096146937246,-1.41669014245749,-0.864452894367708,-0.669818432547257,0.944455658323761,0.834334559962711,0.257480888972355,0.405305771688193,-0.0383357035263076,stable,5
4.0748076389452,5.50348303568189,3.24816734099548,5.74483143930028,2.54766812120421,-0.66710624341236,-1.26696784519639,-0.613594032595458,0.469148574634193,0.753259437701437,0.776523970792869,0.709424255815673,0.0750745835305397,unstable,5
8.34263241003356,2.23991627366553,8.19731500701775,3.37295444965783,2.78584355783524,-1.10978612389612,-0.570590280926903,-1.10546715301222,0.521415035325326,0.597451737323334,0.31970830594758,0.251479512623948,-0.008558502918481,stable,5
9.08399479066382,6.90985834902339,3.92903186263217,2.15950122165997,2.83304354393785,-1.44237428735718,-0.662253789621184,-0.728415466959484,0.80665765039599,0.382183943550437,0.763188430497327,0.208360711392541,0.0322656651565261,unstable,5
8.88633658900039,4.94949377423452,3.29570392337636,3.14130323694607,2.34765554342055,-1.05043558086026,-0.762775144343416,-0.534444818216877,0.943309860472679,0.720696601911163,0.840010397390672,0.363060960175934,0.0517286052618749,unstable,5
5.28530718657978,4.04601744102935,7.44878393662913,9.27923982856189,2.29715891859219,-1.06373123255403,-0.528518778705713,-0.704908907332446,0.962862039100231,0.439960465617544,0.786290203579085,0.324832955542916,0.0667133142469077,unstable,5
4.54114678772095,2.0277113940847,5.39457227021048,0.839006646173401,2.36130069253586,-0.953954487891286,-0.5829686411181,-0.82437756352647,0.486627732625529,0.571115796719717,0.379968660822376,0.57958602351854,-0.0293672991783262,stable,5
8.40088143295811,2.32356399629994,3.28818882851332,4.31018704920601,2.36636902330848,-0.715602562658093,-1.08768390308958,-0.563082557560806,0.525681207095737,0.222670935939905,0.579851278604999,0.888429541311038,0.0225226891111148,unstable,5
2.24986293956353,6.32696124792002,2.51340904129953,2.4087693717786,2.70724374107964,-0.789913309429912,-1.1287715581115,-0.788558873538231,0.470824660722525,0.234610705130702,0.856394396463209,0.428589427724027,-0.0116041831395383,stable,5
3.334710809635,6.07289261870739,4.02508044925595,5.95667478138283,2.42594655881413,-1.01852277421515,-0.779969602666411,-0.627454181932565,0.624022772476163,0.967185031324548,0.426819271516622,0.60689649273645,0.0717095257017124,unstable,5
9.42696751507153,2.94220263697646,0.515514681720594,3.58315169253211,2.30803006484531,-0.629802570676501,-0.871868199018773,-0.806359295150032,0.489460428449538,0.072891372399457,0.814872001037804,0.493357712611762,-0.0405215480184292,stable,5
5.51237291049036,1.16124946343894,4.32494351448164,3.47132572518946,2.89700027447299,-0.939090507548081,-0.575966446711775,-1.38194332021313,0.0883366581887624,0.81809855289345,0.148879081817631,0.24864658268907,-0.0418795226502295,stable,5
2.45898215444487,1.006108143824,3.53207574976629,1.96433111584147,2.18706426636006,-0.532562510414992,-0.598663756641082,-1.05583799930399,0.633223121190949,0.603839662894824,0.469092696027346,0.639703889910077,-0.0234378228308077,stable,5
7.41284892170262,2.66498552936359,8.97229788789055,5.85177740207511,2.45385220096613,-1.02280917346677,-0.85499290187849,-0.576050125620875,0.810979689294839,0.54709197192404,0.671021622056633,0.258634903003776,0.046576728986112,unstable,5
4.6412488900241,9.27324192737093,5.83538920661408,4.59153706351939,2.95849808364092,-0.719881224331364,-1.29600531942482,-0.942611539884738,0.824980938094428,0.765051097325949,0.236221616566433,0.567832690713516,0.0533283404675661,unstable,5
6.35514231129885,2.07887371767717,9.23150045555793,8.94339859751444,2.62875351231111,-0.800848137967731,-1.06304100113331,-0.764864373210072,0.507376856521746,0.827479406360409,0.864564457869553,0.0906244188808452,0.0213436802311285,unstable,5
3.77996111282774,9.98311903075476,8.14918488846016,6.8153447208409,2.71178986684185,-0.699487883024034,-1.29319483835613,-0.719107145461685,0.549196912859448,0.806740490881653,0.218226113020408,0.778493765709169,0.054441883059423,unstable,5
3.15103172067227,4.63734704222588,5.99346252430314,8.47078961232785,1.9869717832012,-0.762484177168528,-0.679137473730207,-0.545350132302463,0.917589900785156,0.499896444515894,0.513194770587577,0.17207332118995,0.0290527650346021,unstable,5
8.59630880857932,9.52344537722936,9.63382160419432,9.10677242792861,2.70245439807437,-1.22576546083442,-0.792514953167317,-0.684173984072637,0.748615906436096,0.77131454633782,0.948831644324075,0.288891714205953,0.0839370127887483,unstable,5
3.91099551603704,6.4092103206308,3.29315105259321,1.40436973854876,2.99975678480307,-1.06719216669227,-0.722514567681169,-1.21005005042963,0.598688762661295,0.356510494462961,0.878139539942251,0.99328776241301,0.0248289991158768,unstable,5
5.40256960920317,6.8351909345391,3.26644784650009,2.16304906064889,2.70911617056989,-0.649595006157947,-1.24801318779348,-0.811507976618467,0.203075871751236,0.788907356424006,0.421454036372642,0.12002267516834,0.0037308031301759,unstable,5
4.20512725087065,5.94240578343633,6.5768015090548,3.89919494475368,3.15367300621908,-1.20236492435416,-1.25258968799863,-0.698718393866287,0.495781025179116,0.224364688353533,0.061858900516039,0.163033144341292,-0.0501010484481794,stable,5
0.624300706704508,5.23226840135282,0.591599812099512,4.10319901171642,2.68233938420909,-1.10477535630869,-0.936186548012996,-0.641377479887405,0.707392680296719,0.946880144743057,0.871022900104515,0.111483216195322,-0.0380332642989418,stable,5
6.68134361366206,3.40934474561863,2.01607766375587,7.81612522158767,1.9600974107942,-0.51145369789981,-0.764095726499462,-0.684547986394924,0.413150023479008,0.482590579129332,0.617947552766822,0.684801461339335,0.0173366137975703,unstable,5
8.53851383138923,8.11013379199402,7.82243949157161,3.68810420042693,2.41601422489893,-0.795552720409981,-1.02763802613617,-0.592823478352779,0.326018038847937,0.224858079258215,0.458097626472338,0.561331335953666,0.0169433119480553,unstable,5
6.262286340081,2.15317429670774,4.09561287374089,7.81284735219261,2.75973896906068,-0.827279497646878,-1.26801118960527,-0.664448281808535,0.363698153984615,0.204986181972335,0.945044445135122,0.424213461361082,0.0234736092813009,unstable,5
7.1248609483726,9.35751014902303,1.09139524318855,0.863640848810854,1.97239016146953,-0.779858494779933,-0.619885242330609,-0.57264642435899,0.12676965978052,0.653696446493752,0.399145050431974,0.513046345914776,-0.0299666034729416,stable,5
6.81853728128112,9.24727198749323,6.46796756910901,1.79126188550881,2.38249042669345,-0.800627195183327,-0.869578063517006,-0.712285167993116,0.544313657657034,0.727335290049041,0.835718199961497,0.846119176447969,0.0505994658091621,unstable,5
9.78139384759559,9.9482655521342,3.25170634416973,9.28646767982211,2.48698734605218,-0.558967380172038,-1.14425844006268,-0.78376152581746,0.534415285706356,0.820106113372464,0.511112573911782,0.997422407247903,0.0716785449909966,unstable,5
4.4462356439046,8.55386708961722,7.31902877489267,1.58882379861006,2.51790694531317,-0.650764088441397,-0.613502413102088,-1.25364044376969,0.955943355081993,0.81919964975737,0.915367786415396,0.704437447061552,0.0660534180393431,unstable,5
1.54310571029707,2.26142301806775,3.84797217897528,5.67932370371048,1.91177300735093,-0.74786102620163,-0.520797670720355,-0.643114310428943,0.456308708247633,0.517390106610157,0.69221854456405,0.531000094388119,0.0046427614772823,unstable,5
3.91838215536762,4.86304957348787,9.8350515947865,2.9409673710538,2.73231972936188,-1.41126342136145,-0.763952571749687,-0.557103736250743,0.897806620490763,0.784162324578761,0.43537042394485,0.804630380912803,0.0533080882078157,unstable,5
7.32863840469139,2.06647512565432,5.79828892350292,5.78407336733015,2.58693490748517,-0.564305117720785,-1.35141891435435,-0.671210875410039,0.770133194932502,0.565140618250482,0.696012126469149,0.542301894173269,0.0574670726141154,unstable,5
7.08594846255729,2.04822982381308,9.2958638313341,4.89361935246662,2.59631883458462,-1.05346481137029,-1.0170108026301,-0.525843220584234,0.796512563216088,0.970799070308371,0.516566280010632,0.970400943113222,0.056759753099867,unstable,5
0.995045898401912,1.91189780276637,3.13774035209714,6.65326488918808,2.94348855388375,-0.964441360577196,-0.846605225659092,-1.13244196764746,0.576411565761004,0.987100729245321,0.429400009964744,0.259995336017252,-0.0290664234197077,stable,5
7.67951793428628,2.95130619159884,4.4041784861366,8.40950034580402,2.59680238473066,-0.979200149349775,-0.627687629200332,-0.989914606180554,0.723084313932654,0.166100331368282,0.343461827969407,0.56006364843978,0.0349239036985638,unstable,5
0.907470388248051,1.24284852672067,8.50510049934381,4.33348299413316,2.18370929259398,-0.955452191020292,-0.711086074401333,-0.517171027172357,0.299712072253341,0.0878561304035247,0.702763089642436,0.289931099449753,-0.0252412478950025,stable,5
9.56458729389963,7.7303300382734,7.42046914810999,5.8434341987159,2.47670719190307,-0.596574539114651,-0.675635805114545,-1.20449684767387,0.512844106258757,0.342795114144568,0.991448302746539,0.0728292536477547,0.0534639814109641,unstable,5
1.55068419068565,9.73142745276479,8.90022598413361,6.45678124949248,2.77379931013182,-1.02645677091093,-1.13901064007928,-0.608331899141613,0.872730082546363,0.974101146875558,0.94253008539757,0.432509655144376,0.0516249278400716,unstable,5
7.35692217500698,7.54088734363185,6.22655089349791,6.55186643112644,1.96760218464725,-0.721044350732048,-0.666246373402642,-0.580311460512562,0.366456090139967,0.533280965548181,0.512164499790748,0.885506033024733,0.0709084092707035,unstable,5
2.5640000607399,4.67509187082967,7.92044757427962,3.44592062381062,2.50870120848804,-0.741470821321814,-1.08588473442476,-0.681345652741462,0.160492765933358,0.505563514931339,0.391934581539975,0.733179878690995,0.005434242608263,unstable,5
0.642656068332132,9.13578607836796,4.81488385457796,9.44321600300183,2.19632234264177,-0.530214548467507,-0.925573259690916,-0.740534534483345,0.392788701734052,0.576430576950824,0.384937498830729,0.202777961786725,-0.0121235705247593,stable,5
9.86087777472067,6.46189375631621,9.22703593795439,0.668755957345886,2.57434531947471,-0.628897437376843,-1.3016371104361,-0.643810771661764,0.2938648204627,0.81397241924065,0.595121344208242,0.0578586314560217,0.0382031709503147,unstable,5
7.95839861429718,3.96734343515228,8.85516763843209,0.616423235999513,2.97702400481997,-0.87809832565143,-0.882196474142093,-1.21672920502645,0.174900886376912,0.257461278283666,0.843386520410256,0.0554454739648046,0.0098451258481657,unstable,5
1.67740300302679,6.19931210087572,7.10257607049127,9.2746326066277,2.23653682952252,-0.791662584154459,-0.941342004229373,-0.503532241138688,0.120157135067296,0.480545904828665,0.160468846430347,0.354345993292576,-0.0094029465196385,stable,5
2.34515387516454,4.3809919403066,8.36374635205256,8.45193551327625,3.00317542702005,-1.05652383706096,-1.19010458786607,-0.756547002093017,0.684859809884963,0.290270089693159,0.85994921282441,0.633951294469836,0.0409087508517196,unstable,5
4.70948152497502,5.57701255313231,9.46201844862199,3.39547569052891,2.76524184667126,-1.02042550547734,-0.978411069009756,-0.766405272184161,0.707083764697563,0.46047242846055,0.780965423959801,0.395973706875058,0.0454008253147962,unstable,5
9.35181439870687,9.6068205538494,5.35542841783608,0.868712036327633,2.55366903422317,-1.00816628199228,-1.03257663092596,-0.512926121304929,0.986661142412664,0.283307057805757,0.465076818797071,0.717978179143072,0.01684028118672,unstable,5
6.48381927731732,7.24659912398603,4.46822445401337,1.57466933737706,2.33537142831513,-0.721564025507239,-0.725173621318769,-0.888633781489125,0.681267098981763,0.36727840059302,0.560255477070505,0.580249806616075,0.023599948138301,unstable,5
4.38430948181684,4.04286226180444,7.63999986441202,8.11715378262062,2.28770870303667,-0.609163822433469,-0.534838547561213,-1.14370633304199,0.544127420321399,0.684540819344827,0.361666226721047,0.640059702093481,0.0474911228517161,unstable,5
4.55982464841615,1.12965252971383,5.14309858153063,2.10431058648725,2.99488143125681,-1.23588761518032,-1.22635118794841,-0.532642628128082,0.0723552942118014,0.177038107883851,0.871950938668071,0.277096076151741,-0.0345913290925745,stable,5
8.53044244550451,4.95723746066208,5.07767638966226,4.29136135396747,2.63253051503221,-1.01617405234085,-1.11399605813806,-0.502360404553299,0.743968349285796,0.780280836145362,0.390950425064033,0.279702685932484,0.0504334612132584,unstable,5
7.38512435769182,7.14686132245427,5.81455640424216,4.12453162107182,2.95989700704814,-0.857065138987079,-1.31029485907103,-0.792537008990033,0.422468289003475,0.903829651265038,0.944374023617317,0.53274014397235,0.0849465696852941,unstable,5
6.25126346945943,4.49474860939357,6.07539727374996,6.98503744698636,2.7786616803659,-0.890429828170291,-1.1138421908975,-0.77438966129811,0.244851801769291,0.0615141332635377,0.144327657764051,0.447394096581306,-0.0236995615516343,stable,5
6.77092481999855,6.61612966621962,1.02520964099655,1.09379049168188,2.62758670969372,-0.612099355457199,-0.890850761858467,-1.12463659237805,0.352929084860146,0.594903763954766,0.515899326055307,0.505599048711025,-0.0279198903976843,stable,5
1.08965786588336,7.7956728560259,1.91713710750151,3.0890652962461,2.32738076139075,-0.9168780462472,-0.531420678109606,-0.879082037033944,0.175837127716128,0.797175537931742,0.573722621793334,0.239462109321922,-0.0242671850917357,stable,5
5.22322354299284,6.02178946996553,1.60030489509569,9.21529377922523,2.3860287111215,-0.904829569136759,-0.640422270415293,-0.840776871569443,0.92997551222936,0.14771165758089,0.665664165426429,0.823798805961022,0.0304519745255969,unstable,5
9.74063444039113,2.00525471021818,3.97532791859864,3.04340766316919,2.49589601395908,-0.982266531809617,-0.963389165083191,-0.55024031706627,0.946610766784702,0.784814580272817,0.682354418858164,0.28579174119363,0.0006620570829964,unstable,5
4.58843786789451,1.95199961695254,1.58146882315154,9.8262989159075,2.4734950165146,-0.748071628692013,-0.755755104573583,-0.969668283249007,0.954137553598691,0.366378566959677,0.0825843864774541,0.379878234005242,-0.011332532911406,stable,5
3.48991313783261,8.5901617134665,6.83073989345838,7.64082905181227,2.71727951561222,-0.673265655672119,-0.850636330713879,-1.19337752922622,0.544881794581856,0.793839354014007,0.563781820892993,0.754110483890352,0.0713260817837875,unstable,5
1.52878270702835,4.53937998368136,9.23313723029656,7.17184821216734,2.3644317276373,-0.915656434408831,-0.658049671749282,-0.790725621479191,0.508011438646674,0.178217710763497,0.131530268408447,0.635570410894444,-0.0252483811840953,stable,5
9.48843464931129,3.71513235769453,0.91348023566053,1.80321506688652,2.16392996339661,-0.757135079380544,-0.580260741062846,-0.826534142953216,0.349221076866375,0.348700718938815,0.901005666862971,0.398748707752731,-0.0523401028849314,stable,5
1.45540543663214,1.49808458002675,1.47277263813142,1.48842987006363,2.6895795143478,-0.586308466198947,-0.781496797152399,-1.32177425099645,0.194760944042212,0.592346988738676,0.587794210316474,0.51865531798427,-0.0465910617558593,stable,5
2.17396653931488,5.77679709273828,4.59763846742249,6.39933033503096,2.86934930413517,-0.931891189396416,-1.2379553669725,-0.699502747766255,0.942679717085749,0.743103428983742,0.152161240529395,0.305182621338866,0.0148076658611565,unstable,5
4.17490653777551,9.26193956331152,9.55153615994123,9.04321985714608,3.14653892203064,-1.31017051073576,-1.12668572730083,-0.709682683994051,0.805574489136286,0.628955455708747,0.365516969793986,0.367269406125304,0.0453972401449366,unstable,5
5.99502278348306,8.86878928959576,3.6272518051971,6.39033318947619,1.97801814265513,-0.666791836562054,-0.521239729358768,-0.789986576734309,0.501747227606684,0.277130612229031,0.847306381806576,0.884038523650643,0.0626814548862241,unstable,5
0.72236425549417,3.52187313765857,8.64536566547942,6.38434557116795,2.68222566661663,-0.619572605007526,-0.799915660484578,-1.26273740112453,0.211420840135304,0.304410927606218,0.53351811926559,0.30076978604857,-0.016982422996112,stable,5
0.696216327239899,4.91610161488132,8.31535464463334,5.98569050131816,2.81193357062495,-0.825916454087524,-1.09454484838307,-0.891472268154356,0.822959850243104,0.337104916634422,0.734089559678843,0.0599555831007985,-0.0301059846073723,stable,5
4.15799064692903,8.70087873865404,7.07207101439852,3.09651105644631,2.70250192487093,-0.788994402203534,-0.597130869792588,-1.31637665287481,0.674453162014208,0.407192154160837,0.781433803134771,0.950681382363311,0.0576456569170291,unstable,5
1.22898047307527,6.28640278838654,6.30049567658482,7.20337993850343,2.25267554585565,-1.00727136722312,-0.664729172887653,-0.580675005744875,0.577179324889877,0.721675443935824,0.378848525321787,0.859143203925329,0.0459940861429046,unstable,5
3.59542307303518,2.41031541451787,8.75711332268377,9.26117324384522,2.69800336480597,-1.29338605463642,-0.747388960484566,-0.657228349684982,0.631836965344453,0.601635018796582,0.67437204810496,0.65653048461344,0.0326796005817763,unstable,5
7.46717244722213,5.00439900978858,8.00781959000413,2.87873960327153,2.10353448644896,-0.899960722425464,-0.522550610579201,-0.681023153444298,0.522263181778672,0.522575583222804,0.0664895327824063,0.179081749828688,-0.0039423835266393,stable,5
2.42584765322749,5.02241610379812,2.89996374753818,2.55978342805031,2.80974207776164,-0.914101348120591,-1.27285087960648,-0.622789850034565,0.327341938488362,0.479122517870566,0.789852970087478,0.21289926156952,-0.0117467188783008,stable,5
3.29402995131196,7.98291633649904,1.38769346321245,2.06971808401103,2.99040883185631,-1.06557449051422,-1.2091873752284,-0.715646966113686,0.585785951290749,0.611511612858186,0.365858546909168,0.307512158237033,-0.0283736782047177,stable,5
0.923945186989836,6.66831609776891,9.75816048070375,9.81057007563393,2.69815534625743,-0.565709899206879,-1.46881116769967,-0.663634279350878,0.0603669324428565,0.295063106785089,0.173777818846216,0.412857030628714,-0.0093648986896249,stable,5
6.36760520536202,2.97000845194517,7.43620358621348,9.44482645089868,2.34667181614033,-0.726633036014496,-0.925348949670675,-0.694689830455161,0.366289323195776,0.70288982080209,0.82654697084327,0.245513904337849,0.0367885422758103,unstable,5
5.10256763852292,3.85525533105881,7.72772565796599,7.60791433103851,3.20233873499229,-1.12214501203917,-1.03225720388629,-1.04793651906683,0.121027915801114,0.388764064207248,0.202101176531597,0.990845390112944,0.0315010249513318,unstable,5
5.71797895152321,2.48786912726895,1.67594406817827,5.96321585404931,2.55499023290535,-1.15332675590789,-0.710572152892465,-0.691091324104997,0.125112252886951,0.194485236811071,0.527773109949831,0.342550161874954,-0.0449157059162503,stable,5
6.04155341874773,6.24206955072893,3.71118876243117,9.59308748566771,2.48492009090411,-0.788203621377086,-0.830306407017715,-0.86641006250931,0.135169226827596,0.238662619764956,0.4315945278129,0.623563491699744,0.0069488710260698,unstable,5
6.52148104378447,3.9512369384323,0.706544519640401,1.88111555550742,3.00731495162279,-1.38353786916018,-0.813620578114432,-0.810156504348177,0.640118567458307,0.206425177860676,0.538990136954822,0.452861929686925,-0.0427685920178376,stable,5
9.99104639508785,9.4890843843225,3.64773336808058,4.86476288925979,2.5929631948695,-0.509089724944718,-1.1369105673631,-0.94696290256168,0.369198276282412,0.651552263280233,0.0886308425040217,0.20724458685826,0.0171013832976558,unstable,5
9.39391654847793,4.80082130549218,5.28683456741523,5.62959505331378,2.30861552244255,-0.644817631490191,-0.629736148812599,-1.03406174213976,0.702521874543374,0.10221470572844,0.94290091201383,0.705504907579905,0.0636750982597405,unstable,5
2.36779804795065,2.97483113689577,1.01795515862128,0.87712605078324,2.90381737629563,-0.93718305627472,-1.11370227874438,-0.852932041276526,0.878120140616812,0.608073734915273,0.387643172989376,0.294876023848105,-0.0157878807022363,stable,5
8.07210969779975,1.68261630664589,9.82740415089417,6.88457117830457,2.010528008291,-0.506384684769576,-0.801343777840235,-0.702799545681186,0.962044756091408,0.0838251696233533,0.860802892246782,0.666949636668611,0.0734810215391417,unstable,5
9.87010708279572,2.30607439334202,5.95992441878077,8.74965326581077,2.84733795967894,-1.15486792108507,-0.516589740641648,-1.17588029795222,0.133465252732195,0.688858234390542,0.25273762212635,0.0984648427177325,-0.022771251709709,stable,5
9.60588112975948,4.17073515382186,0.838866939814971,9.88551387441751,2.63532999964776,-1.1713352474561,-0.573088553739793,-0.890906198451866,0.696629991668231,0.864289323649243,0.165177472731577,0.782843459688575,0.0439971921646517,unstable,5
7.97538026374525,3.06711631838545,5.00655731388861,3.88882343048296,2.15655150919939,-0.516404770347802,-1.01921456251233,-0.620932176339254,0.478358789482174,0.445657465839291,0.804004673374964,0.349053653721774,0.0323977859230953,unstable,5
5.71867300646345,4.88893978099389,6.85322264693612,5.73338896140122,2.6813755041459,-1.07264238493767,-0.605654404218378,-1.00307871498985,0.0977371310424281,0.572222666394719,0.213976395621026,0.0568856270728377,-0.0299530072674713,stable,5
2.23346011724457,6.23054543199629,5.33407545330673,8.99714495168872,3.0508344208887,-1.01985446380444,-0.918579552409111,-1.11240040467515,0.763250382348021,0.151184628528777,0.0559521592393296,0.829354827313957,-0.0034137276124183,stable,5
2.30976606755927,8.04535776766019,7.62916241190308,3.70770765402002,2.38820293966262,-0.852357652003481,-0.598315343795111,-0.937529943864024,0.233037892266165,0.459781505392747,0.616724954310267,0.382726936779632,0.0170733695749533,unstable,5
6.74566784601059,3.56747000010009,7.31683329109874,1.61816198956331,2.80783794305076,-0.760093573418155,-0.883659494775941,-1.16408487485666,0.396385471414913,0.143757931187878,0.689236088856227,0.446821114297209,0.0020972995391599,unstable,5
0.828966186164506,4.56893464702386,4.05090644380534,2.55048011359291,2.63684316110228,-0.91938221474092,-0.789668755656038,-0.927792190705321,0.838098335253005,0.872484988687694,0.459853112389628,0.847343336873085,0.029720398776307,unstable,5
8.124385359736,3.58766393378022,7.13207927611532,2.11908894618322,2.01857858192733,-0.970945689862827,-0.502439676053089,-0.545193216011417,0.0685837688252015,0.491765967307165,0.787442012518612,0.638767575859188,0.0049210448965928,unstable,5
2.91406257460417,5.33016082418109,9.01055036639936,8.86305662120133,2.51384074657755,-0.76825897847733,-0.785184656294412,-0.960397111805808,0.820589924764142,0.873102676973067,0.61573525702149,0.73161212707053,0.0639428993195568,unstable,5
5.60953795231796,6.75873002838037,2.47063550666283,8.0052091454442,2.90930324433603,-1.45664599851227,-0.923180487241841,-0.529476758581924,0.679584203158036,0.20746327846143,0.2058164191318,0.85680689162724,0.0422346722079766,unstable,5
5.44801768320804,1.87631629297809,6.56489088225533,8.46422622292421,2.47654438384519,-0.738199817476584,-0.616872426212661,-1.12147214015594,0.700730108308815,0.181691217547314,0.500177465233644,0.658710769676931,0.0440649371750104,unstable,5
3.6636923554605,6.1395865566519,8.3892714413981,7.57827071839926,2.85371372734592,-0.701566601776308,-1.08379316422772,-1.06835396134189,0.622302979859615,0.0607654842951102,0.541153575848351,0.938216590387783,0.0493702533977831,unstable,5
2.41648854504896,7.59199562688919,3.87580110378104,7.54379046681871,3.01149967639065,-1.35892456967195,-1.0875258176816,-0.565049289037101,0.355940455010852,0.693880773901681,0.711097758730798,0.59768926319328,0.0449578027265556,unstable,5
4.764216533225,8.92501609339537,2.05366077526439,6.37457648989367,3.16629651606315,-1.29361847480512,-1.08806430864743,-0.784613732610596,0.288939882529605,0.405545074106968,0.413028625190336,0.4249640957625,-0.00613006242083,stable,5
9.38584929866326,9.30485509526579,2.69421078223658,5.31866517261185,2.55931207225589,-0.506915841724351,-0.84484452938902,-1.20755170114252,0.105733735154195,0.355800083355256,0.740778322721769,0.540014566943785,-0.007835166900829,stable,5
9.83511737239133,7.59363038530195,3.06062372611387,2.23168834966646,2.3955834036393,-0.91774512328835,-0.748427948264778,-0.72941033208617,0.071149349521182,0.699439836546063,0.288029122804075,0.101173393527303,-0.0185679860389007,stable,5
9.33541264852935,9.88516790140687,0.907991589837708,2.82263748448407,2.42413384149234,-0.770216651223192,-0.852532843065902,-0.801384347203246,0.83231819853334,0.937953589417594,0.517556735712015,0.487588113019935,0.0312720461766607,unstable,5
2.75536086785663,5.68149753575395,6.28943609160789,1.72473945073851,2.61985083401621,-1.19452590139728,-0.801113049716305,-0.624211882902624,0.892151483318746,0.324954320835348,0.135861624919496,0.381306203364021,-0.0354298587426206,stable,5
5.53142219197892,2.80753283028878,0.818953792579856,5.93538377305012,2.46933502929329,-1.08002862514255,-0.595727822725801,-0.793578581424942,0.566572301744669,0.71339734708527,0.828233839715474,0.500175059670604,-0.0006708919896445,stable,5
5.82382270659248,5.4819900526945,5.55230627855639,9.7918863548836,2.62131272541541,-1.18030847425085,-0.752854204509745,-0.688150046654814,0.666483802429355,0.47087596612578,0.215873722779921,0.704863209254526,0.0480770449117616,unstable,5
2.41595939117746,7.83623938700067,4.6413238585552,1.29548432254595,2.09352036958749,-0.655347515705158,-0.752934147798747,-0.685238706083584,0.210933985593859,0.181552629623774,0.577011927706308,0.386194500631244,-0.0307908971627242,stable,5
6.40813831996152,3.03841665909283,8.53075641420276,6.42938461029758,2.29045044262006,-0.94215670354669,-0.702925546758762,-0.645368192314613,0.931594731980693,0.661193650163105,0.812652518309028,0.334242661608901,0.0682559584572628,unstable,5
1.38859329129549,6.56227762271781,2.94001964624216,9.81740150494113,2.13977442267652,-0.664328158105328,-0.883351696247607,-0.592094568323589,0.324870190411305,0.804133262161575,0.944987302864087,0.456275192994457,0.0162828029062315,unstable,5
6.60014327752292,8.80008250542929,9.61713214065299,2.78149673964342,2.63899623156157,-0.672117569163512,-1.28476376041364,-0.682114901984413,0.0593663080391148,0.698533018274468,0.514826562625307,0.617273868581643,0.0236835884917228,unstable,5
9.52820648686899,8.15420525098011,6.12688976377594,2.41194188437542,2.75671757398595,-1.00240243064455,-1.17035040932766,-0.583964734013739,0.490765101802492,0.333025209508507,0.668962675571702,0.767824017989836,0.0270979915721222,unstable,5
1.34636386034047,8.99597808654325,6.58848635474071,3.16401533210431,2.59077472589975,-1.02977883831887,-0.971503973187634,-0.589491914393241,0.141371726110108,0.191807116238744,0.436798271954814,0.563026232246894,-0.0291128190427579,stable,5
3.61630007427688,0.997782944401132,5.8087893556482,3.49056366628323,2.81543274984743,-0.862502534681733,-1.01568461518105,-0.937245599984645,0.397471013331432,0.631349178842616,0.393442599039413,0.709687615707619,-0.0121767960906812,stable,5
0.901156636147003,3.00821872976681,4.56320824198886,8.78718961983096,2.47856849830794,-0.557204652330501,-0.764403920358373,-1.15695992561907,0.855175814385481,0.68264022238167,0.883784699276723,0.633485474950008,-0.0033441069217178,stable,5
4.53984196834757,4.12243404886082,5.10142285925887,3.59672155691361,2.58527124963996,-0.829726538507419,-0.692505892139778,-1.06303881899276,0.126425003280437,0.375882217992641,0.0954805087997997,0.0648747782717738,-0.0424650717309803,stable,5
0.551105185755331,0.622624331286596,8.75936155901487,9.75008514228331,2.57087992202821,-1.18747441585893,-0.870128280121041,-0.513277226048242,0.390476050289009,0.252678914777145,0.384072902725091,0.0635038911095099,-0.0352238241839569,stable,5
7.28581389344113,2.69259054019005,9.86569600357752,4.09625077753278,2.47694117824742,-0.54666804107445,-0.802107304465538,-1.12816583270743,0.229359055294492,0.783924171073209,0.738437029407087,0.882624535676348,0.0250413822131658,unstable,5
9.33771536507171,4.05059952278209,5.46073212278974,2.96650375719945,2.28692684729645,-0.727559390814696,-0.655435664961918,-0.903931791519839,0.463429547075251,0.606615995026171,0.541043838378569,0.814965955830821,0.0312755546112311,unstable,5
8.00435091787268,7.07302393926996,9.45653488256991,2.31945624181665,2.15482795278701,-0.980257407424692,-0.510802766347746,-0.663767779014574,0.425161448106614,0.549223603744309,0.547220998735054,0.4974782921027,0.032380779205951,unstable,5
2.5181309978095,3.64846622926533,0.793628051634808,6.08503372529889,3.20165873776835,-0.921699171682505,-0.998049636110768,-1.28190992997508,0.63460355527451,0.937082169075182,0.747585024779219,0.384606389324908,0.0020933373535675,unstable,5
3.32931264628677,2.11450991731467,6.21413361488165,2.40852658078553,2.95104098270419,-1.15649012182539,-0.645148369760497,-1.1494024911183,0.0739046624631202,0.636582941760833,0.473148006858474,0.815740743680736,-0.0110703902015334,stable,5
6.53574645142625,1.40943295220979,7.23961652037964,7.48934911350451,3.00435765368168,-1.2565467499524,-1.12255555647194,-0.62525534725734,0.393450848920966,0.653904073906973,0.922985268310778,0.322903294138564,0.030650376384568,unstable,5
1.05022499790996,6.91465002434483,9.5865849365163,9.67728271114087,2.83799715250701,-1.08106138775019,-0.766410831963993,-0.990524932792829,0.37509677068501,0.771844751238555,0.511361346434579,0.12035915386853,0.01478826967005,unstable,5
5.74199491432321,2.93123958777644,7.36913416106243,1.41878859363298,2.86935797494081,-1.14042935557698,-0.736031148798624,-0.99289747056521,0.201971496766587,0.7760985426851,0.0661008769733575,0.715219246918297,-0.0425662792245974,stable,5
1.87724905447905,8.56819307154016,1.23541424480735,9.30977957750608,2.70741706296187,-0.979781634944922,-1.03630011353605,-0.691335314480902,0.369034616285386,0.450916694938918,0.954628404451625,0.295054742939452,-0.0393318990837997,stable,5
6.71913588476999,3.06608366139383,5.88623893735678,8.53698610560561,2.60646587220059,-1.13446994821207,-0.595866634635243,-0.876129289353278,0.125894812866594,0.956983847620516,0.899441854288024,0.449803358219024,0.0457883253958731,unstable,5
4.42616196365327,7.43347391719052,5.21843320572595,4.84491760518403,2.06888505021161,-0.533348446730862,-0.821627957942907,-0.713908645537845,0.252505850616531,0.680590483376781,0.80089993943773,0.540684578658905,0.0611258331311817,unstable,5
3.41356395780856,2.27648445023537,3.95636105498344,8.31668362116513,2.87418687976989,-1.17652179538755,-0.619532081057492,-1.07813300332485,0.769401102455773,0.362960414727087,0.260024095006039,0.919915500840363,0.0224716713249674,unstable,5
5.5624200681167,5.36021193010082,4.43411777539824,9.05619664012099,2.70514764034334,-0.599043834844255,-0.870647925725463,-1.23545587977362,0.771981391039571,0.178074698086021,0.664695181441896,0.1210548500197,0.0274453903835805,unstable,5
4.06407253896391,1.88030749667946,3.31128234462948,7.80581628634917,2.6482664345516,-0.881282082876051,-0.912533808292239,-0.854450543383311,0.713911527625939,0.050296364373567,0.151962659381934,0.966376744353398,0.0270285511583397,unstable,5
8.81191337286404,0.600873200468626,5.81921921520929,6.61863881127905,2.95920143639131,-0.974060006358323,-1.43057029654818,-0.554571133484808,0.177337546096909,0.0813196594406746,0.291749924932277,0.189640372710679,-0.0427717675910694,stable,5
1.35453668837253,9.30866563219505,9.83098475201327,1.13713446395349,2.12860378795032,-0.616052480003191,-0.545767026651196,-0.966784281295934,0.976606725960702,0.77286484092175,0.875887917832042,0.238973831076411,0.0115335818957966,unstable,5
4.6543510755785,4.48033034818154,5.34404873300709,9.73152649053163,3.00641535605852,-0.752088791412872,-1.28876113535954,-0.965565429286112,0.313122591611348,0.969464667626145,0.530858099237712,0.795485291188381,0.0578953208635948,unstable,5
0.648181837371748,7.4543840906751,4.66299393952836,9.71079185204443,2.25616607752475,-0.647994232447888,-0.980193517824821,-0.627978327252041,0.706770009262732,0.468082262555608,0.421166870228766,0.56742987507235,-0.0074457903145129,stable,5
3.01845207510777,1.04769604541226,0.668449247275782,2.97772857531213,3.01969677849406,-0.952934166075406,-0.856400130957179,-1.21036248146147,0.553185053862532,0.961607837983372,0.200755668264189,0.080316708462073,-0.0516687939710786,stable,5
3.88345185104538,1.9823229812574,1.16749106291726,5.13906883781857,2.8021896035089,-0.785181193537952,-0.763771684176731,-1.25323672579422,0.810869528394114,0.87129561647526,0.46610929583047,0.934728630141622,0.0497314199039273,unstable,5
4.41372588072212,6.47311565646541,9.74293848882328,6.40526659293488,3.18865601547595,-1.08920718104739,-0.973463915685297,-1.12598491874326,0.449207991747763,0.231345389316053,0.994275053645649,0.740977392740585,0.0619222183122428,unstable,5
5.87156381956134,3.46418687589376,5.35799433729485,8.60676089016682,3.1831733779728,-1.32902660785395,-0.735364142662811,-1.11878262745604,0.934448480666371,0.440821251290817,0.996105694606338,0.618963821348042,0.0852163337882249,unstable,5
8.23129153214486,8.36478058517165,2.84593404627028,4.20923566639264,2.57088575669908,-0.63468404911051,-1.02128492115745,-0.914916786431125,0.139890472262437,0.267369856088887,0.344834444691925,0.47054030739862,-0.0323941915546487,stable,5
1.57936204768651,7.31606938648536,9.23672500671059,4.81151628000621,2.77878902775095,-1.11717419429022,-0.967264870046463,-0.694349963414262,0.748271243716552,0.539571670229567,0.818369767287829,0.396875443319739,0.0251956849136912,unstable,5
8.43033886235575,5.3683754013694,0.534061854019715,1.10343130287904,2.74783717590346,-0.512705548861541,-1.54497990156969,-0.69015172547223,0.985190594386931,0.981156302267842,0.139377035572985,0.844348987883827,0.0219002133900682,unstable,5
4.46721657376958,3.97428517634703,9.40046125521095,5.28854225501538,2.52631971619155,-0.683340690777916,-1.13043315397428,-0.712545871439355,0.792916824979712,0.313170390528835,0.547615073687708,0.880393543265145,0.0586776599358267,unstable,5
1.79691617861214,5.35063097658652,2.78457100930541,5.39779428289242,2.7653916147193,-0.820788632461778,-1.00167182603349,-0.942931156224036,0.883734199422269,0.656154108624769,0.0637993385094637,0.794407092477881,0.0273440471737495,unstable,5
0.786643581889279,7.76495366661277,4.24703444579885,8.26470204623325,2.76784330531134,-0.742338312756293,-0.517574286862905,-1.50793070569214,0.212388218779475,0.325064126974506,0.11810776272346,0.89971609154101,0.0151487497710466,unstable,5
3.23352145290383,6.50267541026054,4.45726922697894,8.16682014929579,3.05765131050932,-1.42423551840897,-0.902348637657799,-0.731067154442554,0.695512468806646,0.910736883447398,0.849459121136912,0.647213122999909,0.0813025549649555,unstable,5
6.04790855756466,0.693895557831507,3.38531183121713,9.41496136039089,2.62943828220527,-0.914251091515191,-0.502551009160676,-1.2126361815294,0.359387261391245,0.422992111755038,0.898457281690421,0.453961448935411,-0.0180647260236,stable,5
4.25086200077835,6.83601221606166,9.15665865152929,1.84312984371929,2.8790322990971,-0.901712206910644,-0.614438085245481,-1.36288200694098,0.299991167200899,0.0747744227519655,0.772374775807899,0.729171461577946,-0.0106826442089537,stable,5
8.78865562208035,1.69145127643615,8.87951472805943,2.76577702939768,1.83743327197745,-0.764135439370759,-0.55903018892972,-0.514267643676966,0.741792713522693,0.83928252027706,0.657135952664193,0.808764028102012,0.0142086576514838,unstable,5
3.64819202088164,2.55626758471555,3.56010262425421,8.89170320830245,2.27073080117062,-0.773597744096746,-0.943812649190577,-0.553320407883299,0.973394694866664,0.505679667551907,0.622618490349245,0.489318427989708,0.0250507997061402,unstable,5
4.858399940874,5.93069192929369,8.39227161466129,7.68868879243701,2.9613216824625,-0.892260508660821,-1.37312594030563,-0.695935233496048,0.761299940191897,0.557648611989175,0.0549236369577108,0.873218748847577,0.0614087519201324,unstable,5
5.40958439138049,1.40028361971381,5.01441277915601,3.33844116940029,2.89899100287887,-0.605262211683101,-1.13196037001611,-1.16176842117966,0.289180060884955,0.888582738254269,0.997054600223065,0.517252298670072,0.0337974401951728,unstable,5
3.26359388329751,6.53821922995397,2.7978435168866,7.1579113126824,2.85520561090886,-0.714732815590605,-0.695893985438323,-1.44457880987993,0.637019657894898,0.109309842744697,0.334652946702469,0.668152699880035,0.0033513678040559,unstable,5
8.17273217057092,7.02324835873687,5.17829575021195,1.10898495424057,3.17557315702538,-1.32101294457099,-0.770586847103818,-1.08397336535057,0.821788059142993,0.26662557067453,0.725289761947101,0.540213198453573,0.029476256340346,unstable,5
9.18453006160567,2.4314869249768,8.26829109309206,0.925891398878279,2.41269363517292,-0.750238982220064,-0.773538986375101,-0.888915666577755,0.452469631622604,0.0974734230909019,0.971438578396054,0.67230598687091,0.0108978123753782,unstable,5
4.49667220037134,2.97812178253047,9.476648082133,2.443415785713,2.42414979117951,-1.15845412590153,-0.742403289026744,-0.523292376251239,0.361563690060953,0.12637570288521,0.982498736595914,0.0852093527061061,0.0153176243119894,unstable,5
3.97006967459228,2.07925663417408,5.6838745998684,4.35370874737416,2.90489253729461,-1.27200318839663,-0.782252410057466,-0.850636938840512,0.343792862216053,0.624065338251243,0.608931067644941,0.740551474537555,0.0382272278530566,unstable,5
5.14675406526147,5.93118967001056,4.70937239441139,3.48644247065656,2.68137568770964,-0.854497048123146,-1.19476149103811,-0.632117148548388,0.939737788101672,0.175390054735494,0.496474468435066,0.190137857644815,0.0327839179436433,unstable,5
9.27567044931421,6.36887591919259,6.31944266897258,5.02725618365434,2.30740945275097,-1.016049124445,-0.624006768091535,-0.667353560214432,0.0794044133200101,0.0843521797238814,0.124764686714821,0.701139729078162,-0.0310294301434295,stable,5
1.60523502876688,1.27020454182501,9.45359185567645,2.6218351261667,2.55026816040804,-0.815961556102859,-0.689892373668682,-1.0444142306365,0.887779358686161,0.496484442743959,0.277911915553969,0.326237188520264,-0.0367501834030448,stable,5
8.37917686037623,3.55000911237933,4.0210483120939,2.44686742948767,3.01242869982587,-0.961244502570003,-1.16836385347386,-0.882820343782008,0.374887812183388,0.463712594789417,0.486977534304074,0.0976339717674779,-0.0232688507383131,stable,5
5.7133870725697,6.67375167449157,5.11967522085801,5.11651681501969,2.88102112645309,-0.964392746853502,-0.601280967934034,-1.31534741166555,0.193147642107061,0.373017348909542,0.154446416779397,0.254889038192207,-0.0245084417727138,stable,5
8.0373916290464,4.97369797279959,9.42639353387115,7.73141416923358,2.76880919402976,-0.72047195477843,-1.22663012413025,-0.821707115121081,0.816595545691266,0.303810128383068,0.582825276474974,0.94489476309594,0.0796117150599567,unstable,5
2.2183761554665,5.32496739557817,0.632107623435277,2.51771557171735,2.81483181095812,-0.526313402884896,-0.974238083625061,-1.31428032444816,0.547412987964845,0.380052415447091,0.558964584407067,0.881495541497853,-0.0153911905466398,stable,5
7.34712171364451,6.59857846368207,3.96039321740817,9.1962898387025,2.43035068422274,-0.787356326280336,-0.929496576383209,-0.713497781559196,0.678708630818188,0.901958071707102,0.682979342056339,0.340880766813891,0.0707651059432974,unstable,5
3.34164070907673,7.16391639118863,6.78210150504936,7.44181516824926,2.99697874709149,-1.16208477012989,-0.923960209816729,-0.910933767144871,0.797654951170152,0.324489386516158,0.235863957033821,0.331710026096683,0.0112583680240435,unstable,5
7.49647275160355,0.997984532455949,1.46734837374851,9.89566656222639,2.63022249175448,-0.539829368961277,-1.10842515891454,-0.981967963878659,0.386624390946546,0.550498485629666,0.186120827781005,0.201584923342162,-0.0598549616311996,stable,5
6.35355230558753,2.40239227952011,5.90772248274934,5.59118318036856,2.70909289960923,-0.748471817255439,-1.19992120758005,-0.760699874773738,0.47002638251401,0.837869693578646,0.383028866107763,0.433478905801071,0.0263727920359077,unstable,5
3.13636099804294,5.04695795075927,9.72187418559664,5.52934614716475,2.92719469289269,-0.85567231937839,-0.856860816740117,-1.21466155677418,0.336336402979236,0.800956952845493,0.598555416277165,0.488518381992802,0.0404674641840729,unstable,5
1.12432531209715,4.84274233575927,9.65582054055473,8.06739415979257,2.51123496836093,-1.24429646788755,-0.622024327128194,-0.644914173345186,0.785944093664527,0.252519426726911,0.283345435365874,0.189274726749423,-0.0228682231578221,stable,5
9.20865048325109,7.15621107115313,1.23196725607542,5.10690852231445,2.79537833426013,-1.1936620215724,-0.72810543041582,-0.873610882271908,0.916321445716741,0.871912851402472,0.314622304753673,0.431050762663013,0.0543789330540872,unstable,5
7.8444001793621,4.11321781120427,7.55947095128457,5.47632453648728,2.42562204687291,-1.04232445739938,-0.514152700196882,-0.869144889276649,0.33764988769591,0.253037118325925,0.601787534992698,0.766493528183204,0.0469355550828626,unstable,5
4.68149239238731,4.66366028896504,5.15460411715695,2.2367268474748,2.77005735489449,-1.58726681312915,-0.576619849040743,-0.606170692724595,0.0557809513695585,0.594475616814705,0.300610856375406,0.599168193876187,-0.0197553190722511,stable,5
8.20571181052165,8.26388298804082,9.55358510101938,1.71593767280795,2.28138812295418,-0.52987934689481,-0.812919275406399,-0.938589500652975,0.639816331798608,0.314528265349406,0.887662013565529,0.978972334489896,0.035643949485296,unstable,5
7.24101072734284,5.61817396686762,6.32694913434527,4.23179068572889,2.76768520944114,-0.877698374382511,-0.963654408249108,-0.92633242680952,0.385229052258397,0.704840558909753,0.840949017712433,0.597577194659141,0.0750051341638819,unstable,5
1.09621466944867,9.11547465898599,3.30202833172536,3.59413237238552,2.82189053747188,-1.47315779033329,-0.672787157020392,-0.675945590118202,0.473602312280874,0.841126529458986,0.120183420028952,0.834276894787633,-0.005376095112599,stable,5
3.38304933021908,7.61678788843515,8.01123699546191,0.810401266692881,2.71511584381286,-0.853039229758119,-0.784021784642397,-1.07805482941234,0.750392050068339,0.126209566995655,0.616440038823441,0.333553140287964,-0.0145857628305326,stable,5
8.70016833018112,9.34645452818254,4.11807987166651,5.2757723305881,2.41182727716108,-0.856023128506926,-0.770819929230492,-0.784984219423658,0.966499790219332,0.815590078598466,0.45375216711932,0.435150140861493,0.0703980616151602,unstable,5
8.14338433255013,3.13431305438125,7.73794903494652,6.86635949365707,2.20523580543143,-0.510386000975792,-0.916048643424641,-0.778801161030994,0.8768892872553,0.251965374010534,0.587864370061652,0.690121810570797,0.0681394702938721,unstable,5
1.07965182626804,9.02224241523543,9.13127868574731,8.03780038744875,2.50282014081352,-0.617978248994704,-1.2561347721763,-0.628707119642512,0.638684190827145,0.241996008477912,0.122565111344275,0.202415069026459,-0.0283106668415816,stable,5
2.05702976323412,2.0341634964762,1.41299676603618,4.27304687234907,2.84545537269262,-1.27450609135334,-1.04294103420578,-0.528008247133496,0.875780748492263,0.725704357642531,0.332390735603449,0.695789351733782,0.0122840822724491,unstable,5
8.21965423349884,6.3590013188564,4.43576957004298,4.04390283201967,2.55538053217636,-0.822529514597764,-1.18447978032983,-0.548371237248764,0.14720062009684,0.199883511140802,0.608709430645979,0.837843803917057,0.0207036731660095,unstable,5
8.73434223150144,9.23396453869111,7.27123870856133,2.0674882083107,2.74202210960789,-1.00271351011605,-0.527019072582049,-1.21228952690979,0.890563363414967,0.282045882412052,0.260327092951344,0.874799168322424,0.0226592107757314,unstable,5
9.35638343114212,4.55931955989498,1.27208367143262,5.51952630148818,1.91743115284606,-0.75837540153343,-0.632160187438072,-0.526895563874557,0.859659045522702,0.354909256844853,0.903657765267584,0.262478312161391,-0.0067633896061495,stable,5
7.20125228226184,5.37606216956654,7.36489857146732,4.935172702342,1.96995188370317,-0.66686729128575,-0.597827798099944,-0.705256794317474,0.0699932322295732,0.169908784397413,0.988272012573334,0.12220447120502,0.0176450198346706,unstable,5
1.6649692944214,2.63601025785108,3.72768540520222,3.9224325650283,2.84145511619904,-0.780877299307962,-0.612418659137853,-1.44815915775322,0.434820851309834,0.319232330304484,0.445749696510208,0.0969728909123899,-0.04331890115097,stable,5
1.73943356257137,7.55899507966366,7.70536191458607,5.33558245212428,3.09190761451874,-0.856882387756661,-1.03163963499807,-1.20338559176401,0.756952614798882,0.295466384838019,0.59068622141365,0.760032854645217,0.0279737523893603,unstable,5
6.24234877508269,6.49566892919467,5.58981014765387,7.26274572134457,2.40329511605393,-0.686910987988405,-0.84872967269884,-0.867654455366684,0.893765559649031,0.180414623111964,0.942494439468966,0.24130629723186,0.06735637140021,unstable,5
6.92766416040002,0.888115424792748,9.39772369195569,3.81461117650945,2.87263664240842,-0.868995312431513,-0.846826018711238,-1.15681531126567,0.392234413832158,0.385540340491905,0.268421722978066,0.476308244418265,-0.0316705864102975,stable,5
6.08974096732244,1.54892982998237,2.2776138409195,8.35719931007302,2.78641698589915,-0.878535481698788,-0.96703286167389,-0.940848642526474,0.934078939862738,0.744699472887772,0.773509333414156,0.704228761798577,0.0282908106433767,unstable,5
3.69807028018858,9.28455104073406,1.84107360008594,3.85390419200888,2.47123022003446,-0.916523872770532,-0.854019871945539,-0.700686475318391,0.995828730378954,0.0913176677203039,0.506798090745832,0.785260643665657,0.0287923382085731,unstable,5
3.24210955433301,3.07599536377747,4.95512465229257,8.78202875968835,2.45271087090986,-1.08074584886103,-0.803814814582805,-0.568150207466027,0.644822449004967,0.181036277480547,0.304008711835209,0.276336660984777,-0.0320955437506666,stable,5
4.42418071517954,8.5768614335174,6.55355373252291,2.0353237924411,2.40899100433201,-1.17719384161375,-0.668503678782401,-0.563293483935855,0.756239639760052,0.44854413439983,0.0747918828464614,0.504432458653672,-0.0067176186110154,stable,5
2.11620591852193,5.84602534194656,8.32225107217757,9.85671294357164,2.8626593265761,-0.989215711240214,-1.14533466179944,-0.728108953536442,0.566321380763391,0.12357862445318,0.92865183764567,0.532591921660711,0.0319756226658017,unstable,5
2.86050099164223,1.72560288347863,6.23441916297586,4.04834433005698,2.26658644994725,-1.21180409508209,-0.526347081949317,-0.528435272915847,0.106296522538384,0.140127622269929,0.705742889591656,0.856933448106375,0.0166510825027824,unstable,5
7.00718480341928,4.05741289903171,2.76089371693343,9.80777650923835,2.78580259388457,-1.11060570350472,-0.510138861365966,-1.16505802901388,0.074031123487365,0.171417059908862,0.546139053218673,0.68425777715988,-0.0103809067653977,stable,5
4.8101346479468,4.17459488805443,4.27914794051917,8.42045633640317,2.44592917208289,-0.560637895366619,-0.634522141115717,-1.25076913560055,0.620868218102532,0.991937739571856,0.459347733009977,0.519732407233412,0.0630523531528916,unstable,5
5.00338335707221,2.46431055334567,4.19266687431471,6.7462448440911,2.72745976042785,-0.994560667683929,-0.776900874240149,-0.955998218503769,0.673060475228452,0.573525111493651,0.970655192923407,0.138964233974267,0.0469493641535825,unstable,5
5.61484233420355,0.81385627609191,2.65475524198355,4.72661900394618,2.66605347450207,-0.799174066614173,-0.692097194850096,-1.1747822130378,0.128750419413315,0.12857076170929,0.9087670759845,0.418261758552407,-0.0161386286054066,stable,5
6.75208858369606,2.67932674388522,0.548944224696746,5.08734796241481,2.70690948567468,-0.914382605258026,-1.14280568860394,-0.649721191812714,0.503873688474165,0.747807443846564,0.810925982368319,0.46852728320571,-0.0243672522042536,stable,5
2.59354980211351,7.62275166917935,6.87329964647999,5.78529805552943,2.09253620564517,-0.825696043852682,-0.611803178077086,-0.655036983715405,0.849789450486441,0.974368678528076,0.328773189623264,0.837384382396303,0.0704498232086669,unstable,5
0.885427049307327,9.04671867012098,9.82295982333695,8.71527583436405,3.09034414380924,-0.878706090972899,-1.2445202706618,-0.96711778217454,0.925737893929828,0.0770934719167429,0.983728206437406,0.286857379378092,-0.0014405666362159,stable,5
0.68024284130102,9.68966053462847,1.77979282957921,2.7065428382374,2.59464806162979,-1.13821523635642,-0.863060531741672,-0.593372293531697,0.787476380353292,0.430898355352214,0.21006498903348,0.639852306504698,-0.0375158043357275,stable,5
4.93951577879292,8.64557510359088,9.51273677587528,7.51072602666756,2.04636277162341,-0.976460114014475,-0.51434522730544,-0.555557430303492,0.611358640706971,0.427912035403372,0.175993603766592,0.461029003903286,0.0323266430665429,unstable,5
1.58444644986031,2.49534495943609,6.42103899798522,3.89908891188982,2.90874207540332,-0.838244169948076,-0.965299960349931,-1.10519794510531,0.41616460851241,0.633529081474888,0.233815919742141,0.884286288974334,0.0011521733859185,unstable,5
6.88048427468047,6.10993386650884,3.33478259732511,3.5035117529707,2.84076370171825,-0.639847536528157,-0.955747418084706,-1.24516874710539,0.963516239782451,0.119562068696021,0.473798306137007,0.814137356051225,0.0468999661285053,unstable,5
5.41007734109475,6.12916899041467,0.581716734294919,4.36819651575508,3.13792101670699,-1.13460324182361,-1.25087015402076,-0.752447620862618,0.40737269588227,0.121705473382638,0.201913909495751,0.999078776951112,0.0041816778128658,unstable,5
8.413588425171,9.54782960869607,0.740600184574444,2.79408074667363,2.76763241401302,-0.799273816338659,-0.943342098166118,-1.02501649950824,0.931116687410671,0.768544236345349,0.95578671291468,0.602699326717036,0.0124750369125455,unstable,5
2.19950808197748,3.57664250354745,9.38613301267379,0.835560164854606,2.21754898440409,-0.929635086325544,-0.572414387812919,-0.715499510265631,0.356279043888721,0.361360417781179,0.197680884980441,0.629728836013369,-0.0390605292143277,stable,5
1.92510970590813,7.46316994506593,3.16807806633846,2.22565702671383,2.76622443844095,-1.44342715964593,-0.727688390360621,-0.595108888434398,0.852675904149704,0.340239405959659,0.754234165818953,0.630387485004616,-0.0130919823337624,stable,5
2.61538181100879,6.28944925272432,2.73367192678844,3.64861776876766,2.47566390017472,-1.32236208492799,-0.596989765659079,-0.556312049587653,0.260197559523502,0.709326937457104,0.581177300406598,0.602092509027148,0.0234300739571,unstable,5
4.51803936779704,2.66180510717663,6.60621663644274,7.35192416659276,2.88886235912862,-0.773891084042785,-0.770160335573228,-1.34481093951261,0.203926206124371,0.631751084108461,0.990089394560941,0.366590542430172,0.0405914284324073,unstable,5
1.17184296892629,5.7218127308822,0.708432944364962,4.84068821537903,2.51749112255217,-1.2076261122738,-0.690140390771814,-0.619724619506556,0.0986592835018621,0.497139103883781,0.930620681775133,0.525954587832376,-0.0398472937806612,stable,5
6.08855346528043,6.65413336603595,7.48713123436458,4.0802975946683,2.67098302534498,-0.833241199827544,-1.12149427729,-0.716247548227431,0.616493197436951,0.164166253863444,0.324382864667909,0.283712793776327,0.0122113961109323,unstable,5
2.15917261429384,4.46600534608765,8.21433376952694,4.62491615493428,2.76382824292418,-0.724200622506044,-1.30394766804593,-0.735679952372203,0.329822704460092,0.892203465554578,0.508998625951353,0.706981128470428,0.0466257582989634,unstable,5
7.68972160431454,0.778433613149461,7.18240239192122,6.34375255584109,2.69070704653248,-1.22806485627029,-0.755559519732743,-0.707082670529443,0.157879947533932,0.29900620679318,0.160696971751045,0.900996413533457,-0.0008297013028956,stable,5
1.01734806906009,7.33723427852524,3.69818249806447,8.04053635734746,3.02003449300793,-1.06252816010606,-1.04451210069059,-0.912994232211285,0.564768238809928,0.497334658187558,0.448828134806355,0.521683246285593,-0.0012026318392009,stable,5
5.60006439143202,7.3727911682534,4.09421402600518,4.88439417114978,2.69506823042224,-0.536853410443652,-1.3473222593425,-0.810892560636089,0.998570137389102,0.823437597689461,0.415768500686081,0.958779179398845,0.0995061945450986,unstable,5
1.12811778063555,8.05206192652924,2.92537077437111,5.42288996148679,2.6659616895134,-0.861749986643798,-0.948504056248116,-0.855707646621484,0.338400647247676,0.436792319508756,0.83165392709287,0.458879619933736,-0.0077899247003417,stable,5
7.62922480204289,9.25227843476265,1.15394751252866,1.36111831625547,2.82931436364114,-1.18185671923719,-0.987042953488929,-0.660414690915018,0.41157033146719,0.935889819280357,0.223527676360501,0.434872393416228,0.0104812035199777,unstable,5
4.34277975725066,9.39771013895342,2.58382559872132,1.42230048016461,2.80056802989801,-1.40478332520063,-0.600223082708707,-0.79556162198867,0.370550944885992,0.504230073842233,0.515813464791785,0.0901291452961753,-0.0232217053857344,stable,5
8.0065846133225,5.99027123280163,5.4046498018604,4.97722603908093,2.25551221869715,-0.781135268002527,-0.599409903653595,-0.874967047041026,0.247961899779593,0.241720685564224,0.231340898274019,0.536690964737316,-0.0010360917405217,stable,5
6.21434151553082,8.57158305805904,1.9304804131099,3.63463560053381,2.18621770837322,-0.518826490251813,-0.997042695322586,-0.670348522798822,0.708718548642687,0.915090894001548,0.379412964886847,0.436831847886423,0.0440963626474679,unstable,5
4.74419985336678,1.80338346558063,6.96357077299433,8.74255025419866,2.75659166009612,-0.86691325642498,-0.770944575970631,-1.11873382770051,0.43613521256361,0.689628588918541,0.751225956380977,0.281574478790668,0.0166496551349544,unstable,5
3.15880688731059,2.24881287112201,4.71577137253596,3.45234251431118,2.69066159888105,-0.531961299395456,-1.19925083287631,-0.95944946660928,0.275503607359768,0.504922164066804,0.759565975462857,0.066782318635569,-0.0156937825997658,stable,5
6.75390051393792,3.28201597773868,7.46229552924596,2.33051298844779,3.06981927426072,-0.743440678728104,-1.37722139800442,-0.949157197528193,0.932418427581033,0.560693401175706,0.454549593018991,0.494511131365753,0.0424563753023798,unstable,5
2.24803458939599,8.11635122735687,6.98869667314163,3.96281110454667,2.79355055191128,-0.912954203692079,-0.714474276187131,-1.16612207203207,0.860093892644718,0.874864856760791,0.580405100767339,0.559226924476533,0.0476821197714541,unstable,5
5.12490908489487,7.8984973536204,6.38508718701708,4.32563082655941,2.90407352711657,-1.09832572319363,-0.524693406526023,-1.28105439739692,0.494846113927222,0.460814331436994,0.349333035825774,0.120537000678498,0.0153389998750387,unstable,5
1.3199961923927,9.97399281933376,5.36892169093721,7.11252461805256,1.97622156400475,-0.590804241516907,-0.821784663068282,-0.563632659419556,0.679201813819638,0.221930874308496,0.472315419567443,0.475715964820329,-0.0164033918083507,stable,5
2.33933710165536,2.12850523625866,2.30730657960245,3.32824518036433,2.81716758601226,-1.26908417686907,-0.851218740467355,-0.696864668675838,0.978273690738852,0.299676887339426,0.431849910911532,0.31346442785944,-0.006599539329303,stable,5
4.53919223410919,6.26817469166225,1.41489921826276,9.98079811467918,2.58716068139513,-0.724712876181898,-1.04281846519307,-0.81962934002016,0.980401110429434,0.0531369470132387,0.534246031158557,0.202084798182092,-0.0081501478511605,stable,5
6.39321371219977,9.68105180223106,0.979416004753997,6.14404609112465,1.9429453396816,-0.533786168320105,-0.841956047919323,-0.567203123442177,0.954346428764507,0.645904101817262,0.812186832027769,0.913952370367732,0.053321755922133,unstable,5
3.07468496865724,4.67530019211816,9.44560196923106,1.06367437088971,2.52892287232355,-0.880051101474708,-0.568989961481036,-1.07988180936781,0.579835546731613,0.558657483475144,0.363877223896935,0.604595616489598,-0.0243375527157611,stable,5
4.56466011377093,7.85058539934815,0.856700190825632,8.17383736458673,2.54674781194073,-0.606129396553873,-0.616607276813767,-1.32401113857309,0.224449268120667,0.942552729097093,0.857628001576258,0.370748199476463,0.0068463459442429,unstable,5
2.34344166453924,2.2741588973709,4.30252450891971,7.67332532293672,2.38037358467522,-0.685033761720452,-1.13282601978211,-0.562513803172659,0.50261921942222,0.269203021402559,0.76153933544277,0.706061756864759,0.01869074400972,unstable,5
2.92919909289564,7.64334413051116,3.17233260009573,1.76700628961698,3.01891286834898,-0.850014442599216,-1.12686964820317,-1.04202877754659,0.438124056330251,0.686024776923548,0.517139197864974,0.087093561956425,-0.008628861120753,stable,5
5.12154208952517,2.60244756915276,5.06702923533743,2.11554773452859,2.8336521957302,-0.54838381469209,-1.00936813607771,-1.2759002449604,0.972675228617898,0.974241819592981,0.949175212073289,0.424762735279163,0.0859690369212621,unstable,5
2.60113664116142,0.917921217430069,5.23527048645657,4.42127505823092,2.28471424177734,-0.744382979311328,-0.801754543216934,-0.738576719249075,0.916847797907023,0.764075051800776,0.338286946756759,0.1100067799745,-0.0443296540546952,stable,5
1.99051111357885,6.49232571836621,3.63887465218311,7.27906837769948,2.80621087428897,-0.877141532806447,-0.984018856291624,-0.945050485190901,0.591416605017433,0.304548207217884,0.0603212631006027,0.904993731178861,0.0119075531967003,unstable,5
5.15137695917722,9.85541166059588,3.30637206679428,5.14839504966663,2.90535875110243,-0.963165065262676,-0.862563540915225,-1.07963014492453,0.732623120677947,0.0689190678476391,0.183520847336052,0.412171892673004,-0.0019479206227002,stable,5
3.08421781036131,8.89413721236566,5.62810434399865,1.38502893637883,2.08425028303232,-0.634258837048162,-0.750246546182898,-0.699744899801258,0.403418012058829,0.427690784682814,0.525590735293627,0.840714171454721,-0.02497435916432,stable,5
9.87484022473377,8.59776978009626,7.82447260581304,4.98883483070682,2.77821673351602,-0.87155866334918,-1.24981405705789,-0.656844013108953,0.902097829077271,0.339836260374434,0.755216627594222,0.943671343700001,0.0805849562053311,unstable,5
5.93292489905765,6.92170436040533,7.76703237302981,5.26493614974668,2.63800984915617,-0.58114655124757,-1.07633408663034,-0.98052921127826,0.277138857312505,0.441205302236835,0.0920619164060534,0.883434790985204,0.0337648267819501,unstable,5
3.72606270402403,4.09778993865632,9.4977379433735,8.9201358809308,2.60562219915562,-0.712224652674282,-0.603982368133194,-1.28941517834814,0.922197807454609,0.720312065760795,0.744450168830972,0.496637551653703,0.0540350165641365,unstable,5
8.28184498862369,7.89280543404638,6.79252138649293,4.00444838207412,2.6594127153216,-0.540453669402027,-1.06619489709575,-1.05276414882382,0.935774194584427,0.519606673174256,0.395719992723145,0.134011318214247,0.055107725772081,unstable,5
3.49354912017726,6.57950984888849,2.8710977855815,8.20550353318809,2.04664299860137,-0.513172956124623,-0.625150683456392,-0.908319359020353,0.240243998206789,0.29566367480395,0.637037192229352,0.550972396214301,0.0020660673841238,unstable,5
7.00018472749041,3.59125239945557,1.36740742438034,5.30146442267429,2.84761639287392,-1.00450057871892,-0.664509895779146,-1.17860591837585,0.280101023187947,0.0701183404481842,0.89200582707784,0.472102526276932,-0.0402624135171446,stable,5
0.747509765385324,0.702324714670063,5.86185642716693,8.36934521932402,2.82112974630051,-1.11253204452913,-0.689180508757941,-1.01941719301344,0.351928762426079,0.80249786997088,0.492584817928454,0.640846042229965,-0.0371868467646623,stable,5
5.89705567695156,2.28901840051715,6.26751922319524,4.43790322341769,1.97283569138939,-0.710290942781,-0.594817274727102,-0.667727473881293,0.995189142968101,0.0691494105964131,0.7140737507612,0.875769417109251,0.0794349252036332,unstable,5
2.70828548494672,5.28313412112005,1.32781385263494,0.623219933847594,2.66991955110199,-0.732520150879177,-1.3568790356805,-0.580520364542317,0.731554970709307,0.258412795318234,0.541919378988795,0.52278418870676,-0.0538399505618331,stable,5
2.68824291456126,5.13228309848863,4.01743442351606,0.755221865280054,2.74855381767856,-0.856380957318156,-1.22564929606082,-0.66652356429958,0.731221212306611,0.812772380732639,0.505010004608995,0.450854246980976,0.0225763097546995,unstable,5
2.3307714030048,3.82171920672156,7.32467157589496,1.59002571602557,2.20370127365389,-0.74775467995092,-0.597959269295365,-0.857987324407604,0.485712537134186,0.0896711579405156,0.14975334911863,0.426310865543275,-0.0306485656293949,stable,5
1.75478366242278,3.49208646014998,5.23904532423054,1.04403286799465,2.54221280436698,-0.722322776337189,-1.28672258424099,-0.533167443788797,0.809298704373747,0.513602630521612,0.359301702178663,0.0817793654861615,-0.0468856728507197,stable,5
9.21225612415898,4.58099310537686,4.85060643275501,2.36143020636493,2.02623704772337,-0.668599166768556,-0.705354631311388,-0.652283249643422,0.177134580419792,0.0988989867165906,0.519466960179401,0.912946428180893,-0.0104048689314999,stable,5
4.81485963518003,1.52069425076491,8.98304134704078,7.18874665970274,3.07616902081913,-1.31241511278725,-0.862491819283017,-0.901262088748859,0.511124827670685,0.307740305819863,0.601451650068639,0.16771679267025,0.0005369581610116,unstable,5
5.99335395258332,9.0340656144281,5.26910930278146,6.60139309383313,2.26614769444918,-0.615716091106704,-0.624422163222893,-1.02600944011958,0.460573935570288,0.125573359574972,0.529968806298992,0.948720394976727,0.0563904043016947,unstable,5
3.20064000521107,8.44256063484537,5.87846779469141,5.74333141234893,2.95201373530543,-1.01204801450747,-0.744100565358309,-1.19586515543965,0.3244204713757,0.731274052272233,0.259361255727729,0.864451404037921,0.0509517901295949,unstable,5
1.86513664428847,9.27809138610091,6.73896958496163,3.90717210790127,3.06196839685761,-0.847207733542856,-0.95954548040455,-1.2552151829102,0.234446985835087,0.461480253192252,0.314725725734116,0.139267318796882,-0.0196962259526396,stable,5
3.49475855197127,0.59416706914258,7.99811138449686,3.39861874808642,2.00836201897116,-0.673717170337692,-0.798632420742535,-0.536012427890929,0.97915248000536,0.2496058041975,0.0945395782936015,0.193952596685217,-0.0098086033692889,stable,5
3.71468400529127,4.40934471523879,6.93773028302024,8.96261533312516,2.8392559857473,-1.06512612607279,-0.748900295344449,-1.02522956433006,0.953701536497489,0.306069318240307,0.522883350629637,0.238680939336239,0.028578657947494,unstable,5
6.47775538194709,6.93582881828404,0.624801015243598,8.91952751852869,2.74527813114957,-0.664899057815224,-0.886479599480098,-1.19389947385425,0.231237034812588,0.24537921813423,0.647169611546223,0.13445301689947,-0.0361816243433749,stable,5
7.41760715023307,1.91497260350474,3.65187172063551,3.9130399442767,2.40971540187226,-0.535529028767406,-1.09986452845583,-0.774321844649024,0.0849037072397885,0.584291762751547,0.0725239115703281,0.588513487173102,-0.0406476361627759,stable,5
1.36323270723263,7.72583119389371,5.63892193957827,6.78816602859026,2.16528438272083,-0.691410609375499,-0.898596125491301,-0.575277647854027,0.144029858144682,0.616167428986662,0.263555731790756,0.38543335016806,0.0112432154382271,unstable,5
2.9900405576247,5.59515303626915,5.81146948226992,6.56297449333505,2.12040107164137,-1.05501249569214,-0.505847466981527,-0.559541108967701,0.231056409737896,0.139181491061338,0.161090528838388,0.658561472714212,-0.0112250661303817,stable,5
2.4280273474995,7.41476984232087,5.13336892940148,2.64106979991973,2.04296858878951,-0.589436241200718,-0.838646645507566,-0.614885702081223,0.605805861032532,0.321070062224297,0.70879934838983,0.160244762484437,-0.0016475203500758,stable,5
8.0706332099936,3.74907697189485,2.64335838030601,4.71826028974432,2.60491103203517,-0.679989624022366,-0.937925537278142,-0.986995870734658,0.951619500452257,0.505407506575873,0.203313211536752,0.656581254409629,0.0447842236446769,unstable,5
2.62291047757519,8.55778136335632,8.75814488273622,8.51573869102081,2.97836317941367,-1.10065168498573,-1.16059934855426,-0.717112145873683,0.053713622926987,0.58090944562322,0.609023369896968,0.376860292883961,0.0403791918024998,unstable,5
4.94904066562236,2.05193715403076,1.39734814527257,8.89449090683691,2.52527221126487,-0.705790261860611,-0.932123049982556,-0.887358899421699,0.120855173513611,0.331369630723523,0.287641493295295,0.792260762976941,-0.0157020331790932,stable,5
0.841529142283695,5.22234975633335,8.85584069826776,1.35540018557932,2.60482917805038,-1.03773585286248,-1.02819164928864,-0.538901675899257,0.551325303970339,0.996438869499617,0.710247317330202,0.976028668835064,-0.0098200416472361,stable,5
6.0370165733461,8.54695105421499,4.06217725190114,7.67968547463393,2.67745109596071,-0.503641295563732,-1.28928481483411,-0.88452498556287,0.329081502566077,0.0734321887046832,0.787100840583505,0.430894229460866,0.0156285424675732,unstable,5
3.97326878287541,5.65481902290136,3.51840818290631,1.41750812958864,2.78748256546377,-0.605608631954272,-0.866317961673904,-1.31555597183559,0.95575549752811,0.877887447929747,0.690860680255315,0.442502166413229,0.0696400393027934,unstable,5
0.941925920363888,2.44448895843994,7.65813913323766,1.50487805455603,2.5209139762067,-0.517984398948622,-0.878354532027699,-1.12457504523038,0.924063161759668,0.0543114702879475,0.196276347536612,0.502417995256538,-0.0459268058287467,stable,5
3.3613370107812,9.53409464298895,0.573025105017668,3.98998280061093,2.77644939576817,-0.72899240001284,-1.15295112154464,-0.894505874210689,0.726536735902863,0.770258008686053,0.223306052637288,0.172888316802256,-0.0099274408564572,stable,5
1.45848954231425,2.7826267962271,2.58840035296985,3.0322264876244,2.32915534815586,-1.01143086064727,-0.560592738947167,-0.757131748561421,0.407085546239921,0.145050237342372,0.557159906592653,0.584050479836301,-0.0332907028769633,stable,5
2.49468056925606,4.26432882671459,2.98032470841055,5.94322188266965,2.70783583708786,-0.681814755437453,-1.1577145613129,-0.868306520337507,0.753950737894507,0.637683458006985,0.762200961348704,0.819879814952858,0.068179380634241,unstable,5
9.69344630460504,1.06676050870011,2.0374794744422,6.99889023371713,2.51367844839835,-0.619724016003904,-0.502284685906628,-1.39166974648782,0.873912097657546,0.692019641225054,0.629984605933867,0.347776503351636,-0.0161843586067378,stable,5
6.59824515209909,1.21828910992383,7.89922045802317,7.05131465835269,2.57946241580477,-0.512966036508593,-0.509308137417061,-1.55718824187912,0.5303834520059,0.177782982521758,0.943254238546063,0.891164281077785,0.0705707644400063,unstable,5
1.38013259243753,9.90506237607705,5.24112542323476,5.84184873238843,1.90572415809446,-0.520447594308003,-0.749088156600355,-0.636188407186105,0.508998772290424,0.148903658220895,0.718526803210044,0.627726305570613,0.0096824226155493,unstable,5
0.93939697617715,1.32921725081815,3.46015291351344,6.70412489377903,2.35682825537128,-0.638272521238902,-0.800906416473969,-0.917649317658413,0.43264089807093,0.374068111172977,0.595052573397573,0.837726245971292,-0.0130483796213731,stable,5
6.2066262512664,9.50289034718211,6.35869346807136,4.74609894381326,2.41994063071063,-0.690638720922312,-1.21749147368864,-0.511810436099674,0.809183913439688,0.337877816023683,0.473904863145719,0.359807063980814,0.0481523790349734,unstable,5
3.98013693079607,9.74499757978911,4.04400549631205,9.6811552764682,2.18639345417682,-0.673407166340959,-0.851142318763828,-0.661843969072029,0.523426432477188,0.752914943888577,0.209773330459166,0.255640771185508,0.0215447889875758,unstable,5
3.9402694324513,5.32073633450475,4.09218725860548,2.65612638167379,3.00552585527267,-1.26887723884747,-1.01602306401759,-0.720625552407606,0.654786406463924,0.428863307119374,0.182377612026541,0.941890333564574,0.0306594621543469,unstable,5
5.20193639033007,8.08779021729731,7.25692611507529,1.05190376622755,2.51455137929443,-0.575457677048957,-0.803701255516382,-1.13539244672909,0.207713845616152,0.90408254744221,0.944470032523451,0.916967914043304,0.0392828963032192,unstable,5
0.935159862974368,6.57781870736039,8.05441463737149,6.24826096137308,1.80490389646761,-0.555268816634931,-0.63198226773889,-0.617652812093787,0.0527716231483198,0.763378027023195,0.312030953942735,0.766802610812853,0.0471004139810295,unstable,5
0.597245235817856,1.58630663159642,6.69045715185826,7.65469239125944,2.24510532151636,-0.863406147217774,-0.62213679058128,-0.75956238371731,0.105150977933661,0.406212049203217,0.187678840965681,0.420481730866095,-0.0485260409060126,stable,5
9.89754063462278,6.22708961993051,5.65525811858609,6.37158812322483,1.97980971415944,-0.693225263122201,-0.689002640364878,-0.59758181067236,0.716788233514323,0.645989638080699,0.448053940022112,0.861757314681748,0.0767403774757232,unstable,5
1.22658403735713,1.6246313443965,3.0722446384169,7.86364947218234,2.50963312489008,-0.86484693913972,-0.668177081199747,-0.976609104550618,0.197256004838105,0.518257008387333,0.146441695893459,0.151547314708808,-0.0424399857259179,stable,5
3.93323974815505,9.5391016917638,7.69429237333802,0.993370953015401,2.41140381556264,-0.578766580703634,-0.673967602241808,-1.1586696326172,0.55840834089469,0.615281973224483,0.227183522920754,0.255924896214866,-0.0034630743326187,stable,5
3.95009245279657,3.02024663220039,7.17365895376877,3.79126288138899,2.71634493051897,-1.26281318178545,-0.698714055875933,-0.754817692857585,0.632444288215629,0.155738574487906,0.228153158619561,0.386956585991681,-0.0207813142912941,stable,5
8.19640719213298,8.06207014760006,3.9691396013676,2.77006507151591,2.30723484127581,-0.980846301793621,-0.759482344195363,-0.566906195286824,0.656217934148895,0.631996658331132,0.339354546934891,0.181888826101744,0.0326724629493437,unstable,5
0.894338349447574,6.59261502910391,9.21878276014593,3.65819803557891,2.7257681068174,-1.21606835575877,-0.940073617507285,-0.569626133551344,0.112629412485543,0.26468399086228,0.05277315064803,0.430592903526921,-0.038992296647339,stable,5
6.33840240921257,5.95194233355457,8.90937071703896,3.86735331626635,2.99567132701784,-1.36610553450162,-0.74874522211618,-0.880820570400043,0.907856108027803,0.746762878449371,0.350127080589315,0.201154591205393,0.0598322782619906,unstable,5
6.38997760060757,9.1340274247324,5.51317828583035,2.7887427493523,2.840456306113,-0.55544718089744,-1.07419744554467,-1.21081167967089,0.46926920899889,0.461799010207206,0.316030234859132,0.328799176113174,0.0124749521725135,unstable,5
3.90505415117006,0.74618875062837,6.14990690388558,6.10608976874438,1.85994121249742,-0.749219434318016,-0.514758105280064,-0.595963672899338,0.164311468152071,0.790942083048585,0.529938700293091,0.752566756338835,-0.00041927458938,stable,5
2.10337603074976,6.29393369773688,8.11114092143616,9.73011130104841,1.94236483142402,-0.715970604452433,-0.580691727318126,-0.645702499653457,0.22028560627312,0.248108102642407,0.359656433005617,0.774584021495242,0.0245003452906695,unstable,5
2.45831861505306,5.2842664784485,4.60256982012924,7.82585012308875,2.99680216277293,-1.3213336688789,-1.02861755643655,-0.646850937457476,0.807348922797799,0.160832574425691,0.666926456132055,0.975030288666125,0.0444548693367152,unstable,5
4.94804444011154,6.67064011834293,5.79739384740981,7.67800132638357,3.00063685857538,-1.01962362339144,-1.27952243784305,-0.701490797340893,0.341370433923152,0.69716417144347,0.441922537744374,0.393902092802079,0.04688216211892,unstable,5
1.03053831262352,5.86765367816392,7.22234076000183,5.37106190576061,2.9490875929102,-1.02355327743742,-1.13417629780959,-0.791358017663192,0.141987679574775,0.376175864834617,0.411446264479223,0.0831374964638741,-0.0303264084314016,stable,5
3.72648199705195,5.85740376668043,2.32561126569825,7.52051003860257,2.90967183974281,-1.08028759202193,-0.521663645933824,-1.30772060178706,0.472972333330973,0.878350345379944,0.886428151030579,0.253829941183239,0.0373451084223229,unstable,5
0.764570823878795,1.28542127182886,8.77415145695901,1.51085507884367,2.80597539155492,-0.9806814420496,-1.07430179767248,-0.750992151832837,0.466615492552042,0.85841953154234,0.613543264224988,0.620930676502037,-0.0335676905017956,stable,5
1.45651383577904,7.12804392256675,1.52903801949897,0.711788382080698,3.02965299749327,-0.889527066420717,-0.765371976264555,-1.374753954808,0.992783984679862,0.587709236802153,0.879453239508226,0.363579832476121,-0.0333157284593367,stable,5
9.816878214217,5.67738030053579,7.72100580980777,5.09264828378103,2.81562020317213,-0.630698882327124,-1.05862417012206,-1.12629715072295,0.740056131981409,0.196958121210913,0.602009295798992,0.403045251018242,0.0469721902411457,unstable,5
9.89239954570114,6.28549171208115,9.61726283777453,7.44338069203638,2.65656639413465,-0.585497044881422,-1.28360217035294,-0.787467178900284,0.276366742274542,0.760248197401378,0.468652767499936,0.579441979321463,0.0572373480496583,unstable,5
6.57539639323705,5.25955933228418,8.69903075153616,8.11142086897745,2.64403062066474,-0.674237216346327,-0.830701686873322,-1.13909171744509,0.978589080113574,0.568559500924148,0.962377865223549,0.217120024101475,0.0816521657017835,unstable,5
7.25976817040124,9.60444102106938,1.12515445999723,8.01409911666105,2.74036304499514,-0.992318090686935,-0.887206054933521,-0.860838899374683,0.453492122976928,0.37760933123109,0.414038970796934,0.157214725514012,-0.0120638034724271,stable,5
1.64542361568346,2.49851231448014,6.65945809474206,7.98843771158864,2.77772181363095,-1.24682756098266,-0.906874561452121,-0.624019691196166,0.421505687074529,0.863713010694219,0.765006839874802,0.596053513665869,0.0253185026055685,unstable,5
5.39376822712636,8.50278246872576,1.6503058274627,5.97853341440779,3.09215793210016,-1.36038535369325,-0.584545426555362,-1.14722715185155,0.81777574745003,0.571191708968494,0.701033898401096,0.734914970722441,0.0519634062569101,unstable,5
7.16967556215738,4.71895621093938,5.32400787875518,2.47589634305734,2.92062914821214,-1.23017067416786,-0.50756792202997,-1.18289055201431,0.229052730987909,0.897934129445758,0.943404448648304,0.617576147921879,0.0673947296160871,unstable,5
6.39066789288457,8.02329614130406,4.87107162517488,6.04822311952418,2.85801320069146,-1.27894474673002,-0.83080301704501,-0.748265436916426,0.815159044955939,0.227266443132815,0.566078365269655,0.721021925782486,0.0684827686060466,unstable,5
0.600179079002002,4.16354464422214,4.4444413918676,1.9627363060743,2.56466514449597,-0.777933054188278,-0.656845369104261,-1.12988672120343,0.601141556325632,0.242173233116486,0.143762840162358,0.469658207708239,-0.0362202068010507,stable,5
6.7828128631546,2.29700969331742,7.21909991712212,6.80364591115083,2.24834531850965,-0.556294527577329,-0.93009444658506,-0.761956344347261,0.579212224812434,0.547601172103257,0.709168686925686,0.900438167432308,0.0694829655068388,unstable,5
5.63213283580113,6.90506140090654,5.42974558566182,5.23634443270285,2.88958569190594,-1.70621561159412,-0.628492375621642,-0.554877704690176,0.668871329901866,0.758566624611054,0.673216381188799,0.346975118397415,0.0751218201368139,unstable,5
7.43655219729224,7.58007319379288,5.05043717622579,2.38150553434286,2.33924217082652,-0.669087011801533,-0.918757552293735,-0.751397606731253,0.383968472546588,0.0644992586945405,0.443107950465321,0.817946753971729,-0.0146556271907337,stable,5
1.32821150442973,9.53566625476372,9.36169284672121,7.07042326374435,2.6978014095493,-0.740770608160156,-1.40208813862081,-0.554942662768334,0.251714533787348,0.190388868963751,0.57908404710729,0.496985980081197,0.0141371524063328,unstable,5
1.50916375358041,8.63800279535063,6.49828373104517,9.59712196834631,2.56306199491202,-0.63143715317836,-0.51840283777893,-1.41322200395473,0.398325310083545,0.0828767579352937,0.718076098305172,0.896133230500731,0.0322693211658074,unstable,5
3.71587302474412,2.04932422691658,5.72849663863063,2.89617260763234,2.95364229817794,-0.976566153144464,-1.26766334816904,-0.709412796864437,0.799893177653484,0.17692042097508,0.258184080502276,0.33541380015371,-0.0198894718802113,stable,5
3.30934497738358,5.32886136828733,8.21894376958354,4.25521279811147,2.27013064845357,-0.647084754209907,-0.987823506992054,-0.635222387251607,0.408899328942331,0.349330710857587,0.73902414004046,0.095256232603658,0.0128768107650216,unstable,5
6.20854723265967,0.947133218485385,7.73322328875639,5.96676945375447,2.15460358877687,-0.718822238426225,-0.729705537496251,-0.706075812854396,0.941944908807902,0.187788728269564,0.433400245946571,0.418102320921168,0.0406908910630975,unstable,5
7.75434194375906,3.32859212024698,6.00792978834526,2.83943858874724,2.77701743062794,-1.02874946407148,-0.768693709774281,-0.979574256782175,0.392126135472448,0.87296511248011,0.174313881687085,0.744465741180582,0.0116479409937534,unstable,5
1.70193050604969,8.61199160439066,4.4408412927538,1.00427522766046,2.90917490219856,-1.43398786722004,-0.831336049150094,-0.643850985828426,0.884878892428653,0.887672710701416,0.131737026593648,0.456637963507305,-0.0250752965880874,stable,5
1.28024088987458,4.76632436159067,0.765147721961478,7.11383201491213,2.36775096227881,-0.561484987724584,-0.736515283384104,-1.06975069117012,0.642761656063991,0.701868116104606,0.104912854036615,0.213134230358767,-0.021181388184891,stable,5
4.09870649395292,6.09385202288334,7.46384757194514,9.36848276359151,2.7728239833406,-1.01679248053511,-0.960668756709399,-0.795362746096088,0.245448481581934,0.562302845000647,0.419400058906851,0.763361257140164,0.0483298025751904,unstable,5
4.68054463092685,5.51302984261792,9.78931204259467,4.38048559153437,2.53254651888286,-0.652673632829054,-1.01757938259036,-0.862293503463443,0.415925371992507,0.867230097849694,0.764895227906951,0.19375247168799,0.0484256185420537,unstable,5
3.42402942055585,0.906954732793104,7.37508646575154,3.68867508061591,2.25642630357061,-0.538704036212852,-0.935458716420352,-0.782263550937409,0.94406451706907,0.0756192245185596,0.258397784727344,0.825771217651456,0.0181449958407326,unstable,5
8.31064468095674,8.2047843004855,4.6191019297641,7.87599197082436,2.98478864784617,-0.561026252764615,-1.36650907707749,-1.05725331800407,0.205223909418643,0.105940517931246,0.28032651958873,0.919893289658254,0.0284989284573029,unstable,5
7.12530145851901,8.15692689354059,8.28402488335233,7.22579468632051,2.99208783536403,-0.631791873217141,-1.39342255392206,-0.96687340822483,0.53815309495178,0.879336464286206,0.925371973102925,0.25986663155296,0.0820471567020819,unstable,5
7.4623073626221,4.7768027523089,7.03757726775022,2.00815056715539,2.60611371230454,-0.812199237113318,-0.536927091401711,-1.25698738378951,0.92519540576354,0.0910264101065521,0.356594225557445,0.931691413528179,0.0206948478881934,unstable,5
4.62048186409577,1.72000236851042,5.0586062922531,2.40461556527794,2.9051947279035,-0.897743112562585,-0.512736436985223,-1.49471517835569,0.302463940365976,0.10253095973693,0.497955361641833,0.248805439736648,-0.037208283816207,stable,5
3.27201259335022,3.53025292885009,1.4921183280169,7.53745026117124,1.88851683742306,-0.666118320425181,-0.674936212645704,-0.547462304352177,0.762363124709112,0.993730112034652,0.224943084707864,0.073300108665619,0.0079754849748781,unstable,5
1.44567995128095,3.19567368514037,2.47342395210558,9.33196915109657,2.70730981043154,-1.06356768174167,-1.05104886899587,-0.592693259693996,0.98354908302351,0.996737950854523,0.237547181091328,0.122787602868727,-0.0316314116398224,stable,5
6.66517544461114,6.9828544889197,6.984679408994,6.91415112150192,2.95188046786522,-0.78253965144133,-1.23396101740808,-0.935379799015808,0.145924621516644,0.968596827603511,0.70735031108444,0.595022411165775,0.0769104391697478,unstable,5
5.21639612832575,1.75377076390877,9.66426192999078,2.06861946654161,2.17806847427184,-0.562069447133725,-0.962317857669399,-0.653681169468712,0.260092812550898,0.879967788120627,0.232750938209181,0.85224822137758,-0.0302787416359994,stable,5
5.94726371492825,2.85264866385456,0.663991595821991,2.75430888926177,3.04941642952545,-0.961830423620099,-0.970890041537175,-1.11669596436818,0.891711801486427,0.106193421969789,0.675207121777905,0.208592985938778,-0.0352957140133175,stable,5
8.62681004915237,6.45815516366768,2.63202063527141,9.58376199051618,2.77445220977539,-0.967551219737658,-0.99354999168982,-0.813350998347916,0.167221376719088,0.279672857863243,0.759230488264425,0.787809157052111,0.0168325321377191,unstable,5
7.21749537835785,9.70571253230227,9.13657313476735,7.87468134065111,2.40741983721961,-1.36694808160617,-0.533106317286694,-0.507365438326751,0.744307370937835,0.201458059866342,0.193373240538909,0.120486446386795,0.0182589574794701,unstable,5
2.89452705655568,2.17740467414439,3.7344203982143,1.86132724869724,2.86273756818711,-0.848114919276291,-1.25297468622949,-0.761647962681332,0.492082099116921,0.347174938935416,0.363319759880913,0.0854691390490497,-0.0373681188596968,stable,5
4.54958220093732,5.20732741094816,2.45766811898474,7.38197051202867,2.57191553500006,-0.978595879781281,-0.696890883538698,-0.896428771680081,0.974589829740297,0.488103746495475,0.097814679686937,0.495762919391025,0.0436480387113602,unstable,5
5.04904727000085,6.47965705430554,5.77583527257044,7.08973472595523,2.15193167560558,-0.802283266569837,-0.543874190258002,-0.805774218777742,0.453014962123166,0.220482620678229,0.836403891291842,0.348174750446678,0.0447288553003983,unstable,5
4.59132836561972,8.95567864391515,3.93301684676823,9.38374278064157,3.06675834248304,-1.07036007162806,-1.26149841926964,-0.734899851585343,0.471140849433069,0.194535735219191,0.339384940323909,0.496304376986347,0.0070815460509369,unstable,5
4.66182788228098,0.675970762372424,7.33942425493391,0.562237284671608,2.59470762856635,-0.770332473393378,-1.01572710898841,-0.808648046184564,0.927992233311643,0.419800486817752,0.735954703264268,0.284910632556258,0.0051651086784537,unstable,5
1.31477252851184,1.57893949818531,0.968154578560696,5.50385864496977,2.67742574792337,-1.53858018644832,-0.627895267344639,-0.510950294130412,0.629804581020283,0.242388994022699,0.963956696829055,0.678560559233812,-0.0244152520574966,stable,5
3.90444195561041,8.05353667235634,7.03855429819324,2.85182725726726,3.07386544608448,-0.620184828206757,-1.16806978487225,-1.28561083300547,0.485147809108244,0.0518410454926,0.0571193292592443,0.449610087716645,-0.0465646480853929,stable,5
0.546889615150599,3.40579425272024,1.29582368541046,1.2042507636311,2.97036854046257,-0.557898850060161,-0.936613160888478,-1.47585652951393,0.330147212079139,0.711394774533372,0.460350953964377,0.592513817569878,-0.0523835584836393,stable,5
2.19211200047259,2.35221999621938,9.95707357934815,1.45501278760199,2.17564398648891,-0.765162961176224,-0.640167804611172,-0.770313220701518,0.923369239782486,0.437318617161434,0.0583615042887663,0.539651832122056,-0.0192408513010356,stable,5
3.73611443035783,2.08751703166171,3.17440205746883,6.34513190464139,2.76850463055769,-1.16729982431923,-0.532929127397691,-1.06827567884077,0.560103248940426,0.899591778943924,0.30267612097192,0.0639103457800159,-0.0227000001599356,stable,5
2.19074317435321,9.45966489907619,6.56693886906239,1.97107057018064,2.3224621901849,-0.857954150561592,-0.63520012971448,-0.829307909908833,0.275141404530545,0.485457634966973,0.742255534654861,0.366348484274783,0.0063340564622765,unstable,5
1.43099167531244,2.52663503214502,9.83813464800591,4.61907987035924,2.90450071772832,-1.18294976210287,-0.962737013971864,-0.758813941653585,0.863129535664343,0.43571974308309,0.41678532115769,0.940634563527181,-0.0078673001994484,stable,5
7.3305111529062,3.04528438652902,4.3724472951782,6.33262351445796,3.01320208765847,-1.05109099271196,-0.949051714143285,-1.01305938080323,0.309816142746242,0.395382309657377,0.729459337933915,0.371587860413904,0.0204800075058412,unstable,5
2.64122957920086,1.11917874149465,3.27973830985966,6.69849935581604,2.56275602664897,-1.33211485210394,-0.610010820998426,-0.620630353546608,0.164808788691227,0.154891101897672,0.725620523969119,0.995422921600384,0.0180593011721618,unstable,5
4.86634396924991,5.86859306806907,7.2060844500495,7.32990988295507,2.68085739249381,-0.600784827643819,-0.716567793910194,-1.3635047709398,0.0720385880798951,0.0587580869941833,0.66525300770375,0.623228344808833,0.0254752043560678,unstable,5
1.48854266801394,8.63689065216351,9.09090949721738,1.40609101495396,2.22681823885973,-0.656299791290681,-0.678013933298213,-0.892504514270835,0.281921099814536,0.240690623133554,0.275943285957727,0.572591200033529,-0.0350568764060423,stable,5
3.69199144567634,6.34666061888862,4.58496400086937,8.26695741364424,2.60641141679141,-1.1009817722399,-0.690469815400394,-0.814959829151118,0.844190671082337,0.531022518429579,0.746200281655965,0.653501224729025,0.0696897935290366,unstable,5
3.34077723572784,2.43837730773736,9.08939034560162,4.55196630603271,2.46516797732675,-0.880895734403015,-0.80962230791013,-0.774649935013603,0.544962210589027,0.233300723924449,0.135187771623851,0.459356142433488,-0.0258625622829281,stable,5
4.69218971680694,0.654522706036235,3.5593175776063,7.11562048148758,2.92856112527592,-0.926061405649513,-0.54967766682104,-1.45282205280537,0.698150943521399,0.426233868456576,0.629875196123924,0.658910980806281,0.024040713736774,unstable,5
6.51884513587431,4.16071219809483,5.9606023076775,7.9745334307151,2.76182766272162,-0.810126645567815,-1.23757353950102,-0.714127477652789,0.934969364414087,0.38755664708761,0.86441743546193,0.483761425289076,0.0808824885093655,unstable,5
8.60840078288118,8.71673135502636,3.05651248146238,9.62745943872376,2.52476853531974,-0.5534525028317,-0.793533357887261,-1.17778267460078,0.968966788839912,0.0911852879260213,0.250412697189681,0.354474648553329,0.0333648175713147,unstable,5
6.39570393378354,7.47733252035717,9.61982465623941,7.21226169779227,2.97260895830034,-0.808106801549531,-1.31135496134924,-0.853147195401567,0.787136569978816,0.346055860172886,0.935849073613454,0.653080108736584,0.0816770079705918,unstable,5
8.34947733602429,1.1120937627011,9.75235232823838,5.40923048750065,2.24511062008986,-0.610097903551487,-0.977052067523531,-0.657960649014846,0.711006492802157,0.461069309784303,0.87910086744919,0.780505509337362,0.0525202051205993,unstable,5
5.32690202905538,3.36240954926694,9.92750085167693,4.09110161477969,2.45817024639586,-0.882443519808142,-0.917481542300526,-0.658245184287196,0.855094129631859,0.389087049366755,0.853869776095289,0.218904148947186,0.0409191207678754,unstable,5
0.651903766555421,3.73232752919581,6.69354160466815,9.92528169200091,2.94329085109848,-0.617846382445865,-0.915694843499956,-1.40974962515266,0.984727368259336,0.174273240482424,0.352425529250699,0.502146999000122,-0.0396600470317278,stable,5
7.1639937385071,2.06544196710113,8.54527481484254,5.42346345077298,2.37692037780981,-1.12531072969089,-0.519572831041564,-0.732036817077361,0.200017642021839,0.271251714743201,0.49812379931013,0.797884913821076,0.0217642176676984,unstable,5
0.907854199327726,6.60614128570084,9.9652176155364,7.95173179260535,2.62160816798752,-0.538860043946805,-0.947603225930187,-1.13514489811053,0.901232038030835,0.557133677261098,0.463443801262794,0.636670595789973,0.0113055050512897,unstable,5
4.89685104487423,7.28980618396493,3.13554256115878,7.1484758393938,2.64753748085448,-0.787590907114663,-0.830184404063178,-1.02976216967664,0.0817181199610466,0.577615572302958,0.683258846675284,0.382585109061375,0.0153977788501531,unstable,5
7.0263565235831,2.26433634056899,3.83664915360934,2.62738656651169,3.05412204231843,-1.27908659544657,-0.594413834032742,-1.18062161283912,0.765545833634305,0.232201891003923,0.156993791098507,0.562486149698058,-0.0084043905211514,stable,5
2.42088064728453,7.61881044216524,1.35614177662253,5.63581706876213,2.81542450624384,-0.595003818656178,-1.20652999374412,-1.01389069384354,0.513768360163632,0.939188959848087,0.363056192140324,0.413565442954509,0.0167333354369419,unstable,5
3.14560109204669,7.22573688005761,7.44967256086214,3.23018656492374,2.82597710080136,-0.766350730267563,-1.19889973065563,-0.860726639878168,0.895554489563514,0.13220689802713,0.551119966974659,0.391313469192545,0.0085864457097481,unstable,5
0.980859802706609,8.99357517906616,1.09386297243932,1.87915127886713,2.39823655487692,-0.585604532624304,-0.55272909193075,-1.25990293032187,0.197800227847396,0.768194053091544,0.165382464563661,0.186389360181252,-0.0169699860856283,stable,5
7.29565071578458,1.11645973197356,9.52152710287473,2.23895578323908,2.52681827946987,-0.850468463800603,-1.16235841630237,-0.513991399366898,0.818903522513019,0.917692152647039,0.331459884331888,0.161048117339772,-0.016543013860386,stable,5
9.79922478829438,9.8285848912399,8.47951101785325,0.609731056960346,2.30486391311322,-1.00510331742748,-0.657315793823707,-0.642444801862037,0.755855681466105,0.407245305515119,0.0947015958469652,0.546844193474257,0.0055327747571231,unstable,5
6.67702573510702,6.77576102640499,7.92205781402336,5.57626433991427,1.80156499761874,-0.589998443746916,-0.651777368944138,-0.559789184927684,0.848425839616795,0.276241151047082,0.625175653355944,0.0970290843436273,0.0497965624029059,unstable,5
7.34551169594654,5.2563352381917,0.866341065531934,3.23947006252576,2.54736342763225,-0.621439205597108,-1.0574797469608,-0.868444475074345,0.68330642635572,0.754098024695314,0.251368000234439,0.796318822514253,0.0382315978673694,unstable,5
5.56505417190539,2.32227741879625,2.44164449191843,9.74321337631882,2.78233843549159,-1.09083791583367,-0.957721452004649,-0.733779067653266,0.552920874367915,0.649767012894971,0.416322646841365,0.595460456174228,-0.0043605015934654,stable,5
6.08078861147848,7.1848645840295,4.83142398990224,4.41368910929466,1.78525592546052,-0.613272931591165,-0.633921806437743,-0.538061187431612,0.474393385792701,0.308599093113238,0.719939194135583,0.431345657123676,0.0426955123647265,unstable,5
5.49240558688882,2.83125211886966,8.23742390589758,9.24188053879746,2.77732575580365,-1.09250926910216,-0.516957530894026,-1.16785895580746,0.910836598726043,0.363526793562506,0.386949409177538,0.139803119289792,0.0233211039120615,unstable,5
9.09924285421678,9.05404707096389,2.94607249387386,4.60784839107033,1.90124705702079,-0.703141175534425,-0.580857018572057,-0.61724886291431,0.214313277211853,0.727860813361949,0.100163705764285,0.41462888302221,0.0158749610769412,unstable,5
8.07323289781538,7.2975478318015,5.9438772893059,1.18086682994193,2.90266952114627,-1.07749665482547,-1.15364945994435,-0.671523406376445,0.237935111377508,0.143642935564597,0.12030929577838,0.655500444029995,-0.0380945401373841,stable,5
3.43769013677631,5.43085358535136,0.685713378373277,1.79401717232243,2.76686172566495,-0.88031053253439,-0.793756287097046,-1.09279490603351,0.151194420747737,0.942478875425605,0.37515124495542,0.797504132374256,-0.016888113653931,stable,5
0.904304146851366,6.12452663303051,2.38642374106296,2.32498945015456,3.01120073566928,-1.04125668939791,-1.03729849118597,-0.932645555085398,0.806091825226446,0.57707872266789,0.728654862492228,0.263528844607592,-0.0182813446836094,stable,5
6.20557754645663,6.52282948565924,7.31252796542082,2.02820570900891,2.83515133992867,-0.648536968587164,-1.54786049019267,-0.638753881148831,0.879769601188478,0.608148573053201,0.170082017973072,0.451696685311678,0.0395693820592784,unstable,5
3.52011985667533,8.30968233685361,6.37567368753979,6.39806851894028,2.51009227209161,-0.987831569068623,-0.521121380113298,-1.00113932290969,0.132643000178133,0.964493959180334,0.957504550935405,0.876764622913535,0.0901983603375968,unstable,5
3.21288744574795,6.14933190988968,5.45927167390087,7.21620132082877,2.28026111070859,-0.928258971534681,-0.612541173911199,-0.739460965262714,0.0666927245871455,0.576238163773481,0.615043069309565,0.0517296832498431,0.0047196424795854,unstable,5
7.90115835308445,5.3262872807564,6.5443498483707,5.56598135996253,2.38697351631783,-0.888415865012584,-0.963593405329646,-0.5349642459756,0.54947054901032,0.796204327614348,0.478934629238219,0.415475546315747,0.0635797320286092,unstable,5
3.91436663974933,6.34471060906015,5.19629739504879,1.01788299671989,2.26746564807231,-0.824235276584572,-0.595556264649378,-0.847674106838356,0.486023226723411,0.548095457305886,0.102211907469481,0.378646644273637,-0.0280972995413258,stable,5
7.47783434164996,9.73861698078186,3.71865882423137,8.46793857653773,2.61675186425698,-1.41450061279086,-0.694033339386457,-0.508217912079662,0.758014896798829,0.492207118991119,0.347787117904157,0.835668656545086,0.0663469817798644,unstable,5
8.02415454213036,2.12014079094385,3.65534227167246,3.69363490085943,2.48675766281207,-0.616258870319673,-1.15724520642479,-0.713253586067609,0.915508170598767,0.82469241186981,0.813054531270214,0.331444095173021,0.0315353214971862,unstable,5
0.555775662083982,2.42040253422318,3.35358093005363,1.21357401619556,1.97797798878778,-0.604481904942054,-0.52992319337884,-0.843572890466882,0.825423468911403,0.871066848438702,0.86467870612013,0.967636627327667,0.0200211993049537,unstable,5
4.24023381727649,6.29649574993672,3.79157481068714,0.795152383696416,2.63682502086573,-1.14278266099941,-0.834437957067508,-0.65960440279881,0.616656133053903,0.710968384060755,0.523906667768027,0.656027006306159,0.0189602913588608,unstable,5
4.83274270057535,4.66782243058697,1.90519689595124,4.14459429075966,3.00355820236184,-0.680538131507242,-0.894380724914547,-1.42863934594005,0.405226202497297,0.141353382651021,0.209370180468915,0.969645443027527,0.0081513398919527,unstable,5
4.70833048202418,7.33175488482353,3.33236438900343,3.90307646898212,2.60901680015005,-0.872773320004996,-0.637946801557997,-1.09829667858706,0.931394185990381,0.0839185599487694,0.670055376031568,0.720136258377252,0.0574784705511215,unstable,5
9.26938451906064,6.28276462228824,2.89854691978375,6.13084828161757,2.7433759242511,-0.816115068348485,-1.18751971862655,-0.739741137276066,0.256996112755475,0.904590511360513,0.412904141438376,0.493871390659255,0.0423110203246825,unstable,5
9.53079059723835,3.5392090253189,4.61555318522143,6.60088807970206,3.0172133906801,-1.07958802137381,-0.83603333444834,-1.10159203485795,0.268347010801343,0.206258646692797,0.854009651235742,0.853436090451055,0.04874467727962,unstable,5
3.31667710483945,5.20882994601327,2.84533013546271,5.51846732619024,2.72946405814894,-1.1722755963359,-0.698809164813638,-0.858379296999402,0.282865665903019,0.970079093607381,0.261091419010233,0.0710406506744015,0.0033256543517283,unstable,5
1.50133298236132,9.06335913748691,6.73656377848582,2.91382117886759,2.93623098851434,-0.801942863893055,-1.14266346366679,-0.991624660954496,0.851095093015319,0.895717758999471,0.251482315775831,0.594500056066784,-0.0048115078467032,stable,5
5.80434357861264,3.41305219516939,6.83982715749032,4.83538447315776,2.77678799811064,-1.11389445705034,-1.11678021908916,-0.546113321971137,0.187635779161456,0.365161748571772,0.628934529009985,0.745483875179151,0.037586548231665,unstable,5
6.9095060451203,7.12037620983059,3.30145593706117,0.689736968522193,2.81522901764444,-0.787994274153153,-1.41792362277061,-0.609311120720673,0.30971454819766,0.534639836972525,0.573990822619158,0.564429846286854,-0.0190887819650928,stable,5
9.8208439243234,3.72701923244698,6.67952139196087,1.85971967700756,2.20338717181119,-0.603001608270628,-0.967453654060746,-0.632931909479818,0.369688940314488,0.794456087778074,0.515626178085924,0.116421950637755,0.007872972625544,unstable,5
5.70126712139997,9.60123905511716,6.68427260468747,1.44156605744592,2.85592618905214,-0.772487076827663,-0.966438535913429,-1.11700057631105,0.767514622056781,0.825273848148661,0.14145034556988,0.681712974635589,0.022260358421362,unstable,5
3.96226807509447,4.92912011295367,3.50603318647568,1.93072877830304,1.68735626520587,-0.594562763689202,-0.513030891137198,-0.579762610379467,0.0956659805089666,0.302757918453112,0.700664555750193,0.21188567277271,-0.043898578534375,stable,5
3.70839080654386,6.00622018559312,6.45186221240899,6.44934259404689,2.87842541712031,-0.943154676761094,-1.06924055739094,-0.866030182968278,0.769992628885342,0.42710004880109,0.760383090980738,0.136033590357329,0.046758785882345,unstable,5
2.33669327445194,2.13799511723748,8.88836175374783,5.08394849821811,2.55475529103001,-1.08137780202035,-0.726289599459944,-0.747087889549718,0.573299971826158,0.927020213672448,0.155757624913489,0.150776650973782,-0.0169535647994312,stable,5
7.1425030079632,8.08643060376304,3.41791501138418,6.8635333715253,2.2489245238591,-0.618287844001048,-0.618023576477938,-1.01261310338011,0.163989566152745,0.698356714558596,0.280828915981345,0.823577563891348,0.0482396906459819,unstable,5
4.28262758702204,3.39847581203916,0.581159817703988,4.36090822957942,2.97640160111203,-1.35681500450819,-0.688665688072133,-0.930920908531709,0.493135801667807,0.624172140124906,0.316174909278002,0.847322989532176,0.0274498684746672,unstable,5
1.68928582641179,6.49126053950777,9.05060385524022,6.99155161957714,2.84092159415212,-0.943888933612045,-0.572035041144397,-1.32499761939568,0.881304737936679,0.688389532894308,0.963854849387951,0.540819728956076,0.0512202504597729,unstable,5
3.35226325641107,7.89598041869098,5.66938361575281,4.92204112268168,2.15200326901605,-1.08090355479529,-0.566840411818703,-0.504259302402055,0.444535670234018,0.720107913122588,0.36831503053396,0.833042242673956,0.0563743960409242,unstable,5
4.8692127155615,6.09204994775575,3.00375687945512,9.25815532756323,3.09060484986393,-0.891180716395087,-1.21109177014006,-0.98833236332878,0.964713139654971,0.119435863702795,0.757400480191256,0.83462289363179,0.0479198028731938,unstable,5
2.37522848093145,4.21143863961006,2.92450966167628,6.29747184363035,2.74792054414119,-1.37600769710196,-0.757695481300284,-0.614217365738947,0.230266922026121,0.0937948244799371,0.550689553412714,0.479381677056402,-0.0381405633577151,stable,5
8.95769107698881,3.42230812684481,0.77488661584704,1.29463548643672,2.64862086030795,-1.20156300816471,-0.577127148781984,-0.869930703361251,0.136240379708032,0.245598659250529,0.910478472638088,0.573330621523168,-0.0419775350435813,stable,5
1.92355649324573,9.1863429660075,1.59086235341529,9.08393686923084,2.23660351731864,-0.654613183921075,-0.523658265640948,-1.05833206775662,0.990044346568031,0.91373319544669,0.545572201335967,0.995311215655516,0.0275112249832008,unstable,5
6.09189990927591,9.59320906631126,1.5773826987581,9.54537318079572,2.92089378865182,-1.6147501999545,-0.565186048252857,-0.740957540444459,0.602917398604564,0.516079992644762,0.138504869255939,0.17274798350428,0.0126726981348328,unstable,5
1.7338742782918,6.5903782003409,2.01728061311546,1.43174015530756,1.98100812644104,-0.648098005895561,-0.550014667728718,-0.782895452816761,0.787254265939929,0.449893233686464,0.57109492122389,0.0988046155925363,-0.0257707696276347,stable,5
4.0245528024297,4.23769210346522,5.48586150692898,5.4568513672313,2.16206681051416,-1.00317244316735,-0.514060247501964,-0.644834119844844,0.732431497027728,0.605329431495643,0.844469101672252,0.482667281677867,0.0801993725057808,unstable,5
0.905399904664967,7.23045918179114,0.93109502527446,5.71770468721406,2.2370457937231,-0.640526534839545,-0.558185761339322,-1.03833349754423,0.373236904034871,0.92404397348673,0.472766590898505,0.223145869377864,-0.0186521295895239,stable,5
3.77636284223235,7.531202802947,9.85474026836531,5.19271615125411,2.97342334661944,-1.37447334757344,-0.89139105004766,-0.70755894899834,0.368287058549989,0.132713913784443,0.867238022647641,0.933828469452418,0.0471249155957191,unstable,5
0.739203279098996,0.742800044812146,2.03050232613456,8.61350199830247,2.20898350476259,-0.826661005352298,-0.534289951271156,-0.84803254813914,0.789197464598635,0.37928387143246,0.398482731110186,0.626996668426265,-0.0269123774008984,stable,5
6.88170745878052,9.49914445399098,7.27984933186088,1.96924241158874,3.01505021453118,-0.751472846288176,-1.23544883885817,-1.02812852938483,0.570313129388533,0.276348698608077,0.763576220647796,0.573599343930457,0.0338312175509376,unstable,5
5.60320925134856,6.91554417542132,9.99811392608747,0.628923998822155,2.81006639730439,-1.15207878029157,-0.916676453821571,-0.741311163191253,0.997959034218307,0.463305253812305,0.453278563100405,0.465898016139567,0.0275579782033571,unstable,5
7.36120283546217,3.38826828910317,5.33183097117972,8.94876871008954,2.28370182578695,-0.516624864238966,-0.535147287082754,-1.23192967446523,0.191159215655794,0.486571262789234,0.977168209727712,0.576478358733365,0.0458868827706368,unstable,5
3.99349729367619,3.74248110662288,8.97517143581386,1.18281347075721,2.87505671032226,-1.17010824107863,-1.11786245084519,-0.587086018398439,0.100005269233218,0.75353256882404,0.437366051882865,0.611471193750197,-0.0390315834482729,stable,5
2.48519655488667,1.86296506507158,7.22935097973612,8.325371205032,2.8108303372047,-1.30621829801884,-0.907468553445756,-0.597143485740107,0.572552337074615,0.988528877218355,0.315686279430789,0.467647356733186,-0.0273792998259982,stable,5
0.613889360405737,2.41549056212562,6.23215093949919,6.27170883472402,1.9364937852381,-0.53100203319058,-0.579576179909543,-0.825915572137979,0.175041699094059,0.350867325287738,0.69938027319201,0.705947676439076,0.020650280123045,unstable,5
7.34369233283106,1.84491986761318,2.76681170874214,7.43176351529428,2.63565839154362,-1.06952590443116,-0.866936551233171,-0.699195935879287,0.860967532498254,0.941440464863435,0.152552611953719,0.632948638286707,0.0281412578594081,unstable,5
4.48350523174271,8.66998467561668,5.53589428894985,8.18584281407556,2.57938568973318,-0.807184012646403,-0.982494499076717,-0.789707178010058,0.414543740287734,0.386864272983227,0.588828255710002,0.796978895661742,0.0561807495176176,unstable,5
7.46999297578585,2.19439010439099,4.74630553206626,5.71588043478338,2.5485287605847,-1.22075920666414,-0.804252036954521,-0.523517516966036,0.963020058794335,0.329818334220248,0.0848780309539603,0.670863823212535,0.0404436713493243,unstable,5
7.21877613495553,2.06810667927043,6.3378156403081,0.929185755422385,1.64285964046143,-0.564439040226349,-0.523021213256754,-0.555399386978324,0.308757746358982,0.299144887833133,0.762949651753638,0.640147048302959,-0.0190113277692912,stable,5
4.90883271778219,2.59332789108214,2.50624291905704,9.46217019549088,2.16736328374855,-0.646498252757546,-0.702082880761207,-0.8187821502298,0.820181427769014,0.0581347101954429,0.497785533143901,0.582920468444362,0.0089424778224435,unstable,5
7.078778334317,0.619311865804798,9.90169994064763,7.24686249645649,2.36487237301783,-0.533149743838527,-1.17383901201602,-0.657883617163286,0.546362299762071,0.450541517323037,0.654822834292144,0.772185210833575,0.0396509839277147,unstable,5
0.915928740612697,1.18739100399299,6.25260412505257,0.657389449389512,3.03866570370885,-0.658537740405672,-0.850423024721409,-1.52970493858177,0.125530687046242,0.732569105021461,0.285570956433107,0.715598154066272,-0.052270642293611,stable,5
7.97579981061222,8.1139345311523,7.67549419127556,9.20124642138772,2.69299684701548,-1.04148195771838,-0.751045962189673,-0.900468927107425,0.745740861064118,0.494683814917991,0.198355376445093,0.224029406602182,0.0440367978952552,unstable,5
4.40349009822951,2.81087171067859,1.51468479149154,6.4165805341985,2.27856818837755,-1.14798032097716,-0.546182778609916,-0.584405088790471,0.401744158920475,0.229558137352742,0.268161016325535,0.620524663271713,-0.0161857245178229,stable,5
4.61322079893767,0.548096025860112,6.95330876670155,3.29224447685651,2.95945515630362,-1.19720017692217,-0.952392334310827,-0.809862645070627,0.868163701080069,0.0636471266909537,0.767481155967375,0.738215900964892,0.050933642472185,unstable,5
4.25727243672517,8.99699412261728,8.54002770352946,2.99775335363917,2.59926150723811,-1.37647124000499,-0.624822826732823,-0.597967440500297,0.212454316894715,0.49875600528517,0.277687993947087,0.902956951508004,0.0031257470583662,unstable,5
1.42960672140953,5.69542641050655,5.79192801706246,1.69234990417034,1.97186119339645,-0.550200933940371,-0.515148950780113,-0.90651130867597,0.185628994407144,0.59872112820061,0.142900585942202,0.805455762975164,-0.0447058073137232,stable,5
2.09503394876249,6.15806970317612,3.16289527084357,2.90050755424362,1.86491274309283,-0.675290552051016,-0.657190043612337,-0.532432147429476,0.61963290080381,0.156672402885611,0.47061793558875,0.562217281140152,-0.0315380519131055,stable,5
1.66010287396389,8.17251194744981,3.93743043259479,0.58128410445652,2.01016105281865,-0.694257350240124,-0.590135818369931,-0.7257678842086,0.0734527748420427,0.684871799585652,0.748203855306973,0.586308838755789,-0.0227896954358401,stable,5
5.38607689833223,2.81695373148279,7.86621234935297,1.73532842512908,2.94212404764178,-1.38592992801034,-0.920374328208133,-0.635819791423308,0.402230398802063,0.696934872586289,0.0855466833894618,0.367097838664236,-0.0435200162328853,stable,5
6.23455909579345,6.737989034869,6.09172859399611,6.55461565984435,2.13121475596789,-0.518312623696728,-0.870693891954981,-0.74220824031618,0.933281280868076,0.855880398978405,0.930158486490655,0.583177097118336,0.108970648159188,unstable,5
8.04319764775593,7.69780551004023,2.21877255741142,5.57027190151971,2.52727650114707,-1.06217646657202,-0.546812443317438,-0.91828759125761,0.817823565891216,0.868584802739744,0.989769421241085,0.208101065839874,0.0511666768006219,unstable,5
4.89031398256253,5.04236276848397,7.55555797109124,1.1734165592715,2.59353165378403,-0.966771721729566,-0.638691829128051,-0.988068102926412,0.897495717571165,0.246708091589154,0.435764922485822,0.161075521625918,0.0180100830962359,unstable,5
7.47023465071175,1.49002230652494,1.70455843116275,6.57506019370287,3.10691033656856,-0.905320462827175,-1.26348057046895,-0.938109303272434,0.713808546046668,0.589711186629861,0.856027510840589,0.809798492037518,0.0175108686743683,unstable,5
6.46489088828818,1.80611984967011,3.92202676488832,4.99487950126993,2.68263911345046,-1.3959506935187,-0.500575136919774,-0.786113283011981,0.415314054350445,0.761680562986492,0.799837275315743,0.428073515441868,0.0274483539905175,unstable,5
5.25934995556022,2.87741943324774,2.78204787446931,4.01579696641565,2.74995117666575,-1.11423285273563,-1.09849888914529,-0.53721943478483,0.255332297485125,0.40915551632943,0.167722007313948,0.690679972749015,-0.0173443560957012,stable,5
4.49150576723192,9.51740682221318,8.27751129458998,8.67610620777404,2.38540406198331,-1.02487776485201,-0.537248862867977,-0.82327743426332,0.681432223013525,0.273802374748129,0.860640511902355,0.0685607876543992,0.0389373241118908,unstable,5
5.32765143658713,8.72293042212055,8.99388290675128,7.99077228652826,2.71988213834938,-0.923721301798592,-0.591217530913127,-1.20494330563766,0.977582622377739,0.819909429465428,0.736570238608411,0.327153024628315,0.0825517794793404,unstable,5
7.10606767265822,3.07012877029639,9.93604515042296,2.8628589234159,2.15816378017279,-0.911723017882905,-0.584218302766117,-0.662222459523764,0.561076313568202,0.733423990386953,0.373742804604637,0.878219470529723,0.0137848582578732,unstable,5
5.67421904085184,1.07305092682965,2.23815724061676,9.25646736760825,2.90761899151997,-1.15706646397919,-1.09504781643453,-0.655504711106245,0.76012737890409,0.803006070487633,0.842972882261843,0.717835928701435,-0.0069461535362039,stable,5
9.43646607075684,1.31235211561266,8.33022336553079,4.68694264591727,2.78458018538029,-0.82323160857677,-1.35330504353616,-0.60804353326736,0.228020055441773,0.748829390188396,0.0994671480956604,0.17147469439926,-0.0452271781528828,stable,5
8.03306301735121,8.14503787484964,1.17032567671468,5.30742448921734,2.64973308823703,-0.988320675024018,-0.972203998915583,-0.689208414297434,0.588422055710932,0.446861587183769,0.914281660577473,0.582695863003871,0.0127720784344206,unstable,5
2.82726241447657,2.68948497159549,4.65463098864371,1.67705857582324,2.70971065234415,-1.57160600819314,-0.515720006287622,-0.622384637863387,0.792643584961419,0.573553106426634,0.422439992562438,0.937283672746176,0.0303760030501426,unstable,5
1.16881591437188,6.92003164517971,2.15168149444595,0.539784105996462,2.94707514124842,-1.15793194866347,-1.01334149174703,-0.775801700837922,0.886559665056417,0.665888160168782,0.102483037904521,0.85890177589191,-0.0152770500105436,stable,5
1.78701164950973,1.6969927641561,3.16157585770481,8.89032763414566,2.8127757403692,-0.943282202635624,-1.25728210010719,-0.612211437626381,0.135017574932356,0.613830346138878,0.500545072947097,0.452901190318225,-0.037070771861146,stable,5
7.7517180569801,0.545517221670446,2.79479731356347,4.68862384898374,2.24399014327676,-0.598566987643321,-0.687925071423408,-0.957498084210034,0.120263624752435,0.624964291604919,0.337338825374122,0.906910789796341,-0.0099885431614614,stable,5
2.7154265866598,2.50638881996473,5.0700594047311,9.48610390430582,2.19431484990354,-0.988192535776726,-0.63140078082541,-0.574721533301403,0.23335865023307,0.886356826117299,0.92264014878188,0.915249317315482,0.0366795089543915,unstable,5
7.2289044131496,8.67717530262158,7.64806854412869,5.84877319077421,2.31776287316146,-0.846054075143719,-0.971684269277414,-0.500024528740323,0.34161392877709,0.132141869465336,0.849789149467083,0.651504163401671,0.0546701925338056,unstable,5
4.271974574107,7.54701030878455,1.38016664256363,1.58181824874659,2.68357743544827,-1.20374644649475,-0.866000254081399,-0.613830734872119,0.960446446727291,0.785673022556544,0.367974705709399,0.279008695305192,0.0196140430082777,unstable,5
7.56771782299943,3.34083405578502,7.23005388780372,5.31697402318863,2.70525770321303,-0.536741098122322,-1.04778120841008,-1.12073539668063,0.575566469894223,0.101025715733666,0.920810336385937,0.524788946413693,0.0581755794649583,unstable,5
6.84269283921527,4.99798044697823,2.46593880677975,4.75262993137924,1.89622649756778,-0.5758035290097,-0.634154428442288,-0.686268540115794,0.480039234231741,0.0517199996955413,0.299697252908507,0.411509761385296,-0.0226145467193551,stable,5
1.28886751185666,4.35778520194589,2.85821556651774,6.22769161703908,2.7673787987729,-1.05124195083705,-1.17373258749059,-0.542404260445258,0.990771025478329,0.775800035010078,0.217669202354093,0.659409910829467,0.012071880309462,unstable,5
4.77342739419561,9.67055005343304,0.693466983805795,9.22496089227577,2.92564393656193,-0.852506713644636,-1.12092259666078,-0.952214626256516,0.410734742447415,0.558257452644064,0.654709179897171,0.609439666502957,0.0066397764692577,unstable,5
4.83455649224037,6.70669854811131,6.10000468979876,1.20725250771367,2.16046273495525,-0.81045752733337,-0.628088991018874,-0.721916216603003,0.938689003953098,0.0660857173680712,0.78290846031967,0.833313983564135,0.0314121172734137,unstable,5
0.76086615531838,7.57185635125084,3.0335687534077,6.13916516409915,2.40988160301685,-0.634768076097558,-1.05471463245412,-0.720398894465168,0.646102527399014,0.826660720463053,0.916340082905412,0.695713796349705,0.0321266492823281,unstable,5
9.25300152745567,2.78707569798288,1.11044152153194,0.528990403694217,2.72483538661574,-1.1723802288938,-0.520122407610109,-1.03233275011183,0.412860416853896,0.643689968149471,0.736959463222446,0.272275134050855,-0.0381057431810939,stable,5
7.38599692559001,1.55544262585208,2.07737181326513,8.81258548688356,2.66915204545657,-0.868536528412369,-1.14754728541819,-0.653068231626006,0.628476894291923,0.896169845568454,0.0582532114795898,0.367993860959798,-0.0174056343712509,stable,5
5.64445720861281,1.65324666862839,4.16540378975871,3.75232481600738,2.60347186295078,-1.03479378029291,-0.586259517196438,-0.982418565461435,0.777141872028103,0.440889879348909,0.613292538244474,0.610562413088186,0.0448618015812766,unstable,5
2.23773290135192,8.17595318163888,6.93147999746144,9.33350753292974,3.08790610999045,-1.1781519578549,-1.02308317600617,-0.886670976129384,0.209208622058848,0.24224299501321,0.549238862952623,0.913444490028832,0.042536174894202,unstable,5
5.10737178109277,7.38393911623857,8.98867461406887,8.41771338848611,2.67097321486431,-0.997545709937194,-0.741803729418328,-0.93162377550879,0.706077178987635,0.17196357896166,0.38957468530304,0.857429001868196,0.0558272135727952,unstable,5
1.56478143149768,1.16532147336013,9.76062110484733,5.36503893925829,2.70138388971991,-0.600476165457524,-1.23438081301992,-0.866526911242469,0.870870393102256,0.0629559119959688,0.62601264196265,0.441085851902008,-0.0290209407623405,stable,5
4.66702302403427,2.87495934990247,4.08374585726149,2.96124891971531,3.09719728742268,-1.07312537927482,-1.31414177542673,-0.709930132721132,0.468884258866358,0.635524058673277,0.157398779368283,0.383111277709751,-0.0134331183991313,stable,5
3.01566069086265,1.53939712332642,0.601978394435998,4.27423541033781,2.40951756056022,-1.368326394022,-0.505592938552052,-0.53559822798617,0.989935923324565,0.536953147762866,0.346979481753809,0.770169285889639,0.016640130650969,unstable,5
4.59314609746839,4.48477320089001,6.48496412274634,8.67427865950174,2.05091648161492,-0.522881133293605,-0.610985635411739,-0.917049712909572,0.774869278442095,0.2490116296964,0.382121357729989,0.290332334825109,0.0230590496676241,unstable,5
4.68573039405101,1.04193706434299,3.01547334311965,7.99717766840165,2.76509349300403,-1.01398086121004,-0.648388197536778,-1.10272443425721,0.17135563437589,0.655317414236055,0.124443127260035,0.59058820209931,-0.0387310042791499,stable,5
5.50936475874304,0.877761255766044,2.61588728040367,1.7983100635877,2.77563917053915,-1.08876678107963,-0.889591533065308,-0.797280856394209,0.457628835751226,0.861425796792989,0.945957748149238,0.544607089900272,-0.027075990670396,stable,5
9.68664052820294,1.7027518036089,8.1025656687513,5.46994127870883,2.09101747858613,-0.516952264937444,-0.583348748447129,-0.990716465201555,0.663210531434178,0.16151457944885,0.404675185876258,0.134652727137252,0.0131096667054142,unstable,5
5.40024330262397,2.12997840522836,5.30873989534636,9.09515809178091,2.49586685601657,-0.913237519811513,-0.780329035613395,-0.80230030059166,0.878224506966795,0.897287449841633,0.397893650830443,0.293577907905859,0.0289758093983089,unstable,5
8.0667315051446,5.16962686330097,4.24161968002622,9.30827538619924,2.79859160553681,-0.610112754309515,-1.52306357381135,-0.665415277415945,0.546109581594114,0.266701297712927,0.674779882530449,0.20548785099168,0.0217840698940809,unstable,5
4.90187168406327,2.5738611579398,4.59582787037832,1.91048003642646,2.14660219684738,-0.622702687729301,-0.555082623568724,-0.968816885549354,0.080487016657166,0.566433390977173,0.252608311283588,0.163242470919932,-0.0271762261129855,stable,5
6.53386271608006,1.83931837887407,7.66094189548319,2.51534088547101,1.85303731614444,-0.582815351886523,-0.604492161752004,-0.665729802505917,0.1823503892532,0.952347836234404,0.6727016202005,0.436305082469316,-0.0174257459803454,stable,5
5.15057199794506,5.59679653987341,7.09323207950424,4.45283615263255,2.76801849779408,-1.12604759819685,-0.702277123214165,-0.939693776383065,0.176635155205679,0.69955846411247,0.682211905849701,0.238042189133714,0.0395790885506573,unstable,5
5.83794466766749,8.43695175669695,1.43228097780825,6.95328558030963,3.04763533460878,-1.29628742768641,-0.939716276745603,-0.811631630176771,0.220006891093819,0.72385183780961,0.700766552164907,0.936353457699015,0.0401992887693784,unstable,5
2.13882032161882,1.13228976518688,8.8014502693844,4.97345637074024,2.86609348115113,-1.02146321678576,-0.859046296860801,-0.985583967504569,0.509781220433047,0.335370221422436,0.277219839856966,0.100247977267763,-0.0368577721963654,stable,5
6.28488460187174,8.84015250324614,5.48277916227517,1.07089849291501,2.98358741290904,-1.20596969063801,-0.858417536766583,-0.919200185504451,0.729172907327245,0.637810840635238,0.671597583282837,0.472017770892257,0.0424646620425628,unstable,5
6.72432524125151,7.94234530288923,7.16022347856472,7.69175595118604,2.50460307005035,-1.19028299579687,-0.688073296682956,-0.626246777570527,0.277554243567747,0.212113276602321,0.408072658587061,0.569007671620755,0.0308490034068711,unstable,5
1.02876453809817,1.88664832941929,0.917780632419128,4.68977020891539,2.50987851206423,-1.13705514230385,-0.509712572841847,-0.863110796918534,0.887991707102157,0.128821405140701,0.121212608088447,0.230607430021897,-0.0307562320535862,stable,5
2.13819625785702,2.05276496013289,2.77171381699112,9.9195357314689,2.70751791015589,-1.07847381430467,-1.10070639907601,-0.528337696775212,0.545412253370686,0.712944673562115,0.958850165339789,0.122982786872801,-0.0232425793997094,stable,5
0.951756410794763,5.69094615794913,1.72042480413661,7.17808295801942,2.69602549717877,-1.37880375341852,-0.753789384362102,-0.563432359398145,0.75702651395404,0.52557905411324,0.278302954703232,0.223765811210411,-0.0454775469734686,stable,5
3.2302136224162,4.29821212072212,1.52217112187741,1.19936837453938,2.79621242267514,-0.91519208295882,-0.787503084908379,-1.09351725480794,0.812777811766972,0.664216700270536,0.0957994777670305,0.799951260205559,-0.0005200606296161,stable,5
2.28699797957608,4.38514242231391,2.83023161614606,5.29387967937551,3.03581396913819,-1.20276387380618,-0.902011056094128,-0.931039039237879,0.924215889695011,0.130185737696934,0.70388733908598,0.0638106670552609,-0.0156552448151755,stable,5
1.51075743026013,4.49020061422574,6.89028493510584,9.39808850248149,2.68126362471313,-0.849880102065927,-1.05657166617984,-0.774811856467358,0.279797170009169,0.59214431766347,0.300244133045187,0.627228960411715,0.011429242640307,unstable,5
3.4647428815713,3.98766122460504,4.65197241326235,8.63180995420726,2.81452641891396,-1.34626130803379,-0.590630453863845,-0.877634657016327,0.079735668627345,0.17446188633446,0.723105756197731,0.989986301123416,0.0371455652075592,unstable,5
3.42190737361262,6.35684191810164,5.87129071561801,4.23994485512385,2.74581611474157,-1.3020640181627,-0.879215379555046,-0.564536717023829,0.576770797364613,0.927814538677041,0.0524025770392665,0.867217091401983,0.0595840262890428,unstable,5
2.58962159506644,5.81979231153003,5.69399330987826,4.80146423028155,2.20810454590365,-1.00153038739468,-0.563710635557782,-0.642863522951188,0.755793752896119,0.727535209715553,0.585402255372122,0.571947293653582,0.0644148693895858,unstable,5
4.6297453479341,8.3536120661605,8.11930402435542,8.60084700785804,2.96094106572841,-1.42432667048412,-0.890685258397204,-0.645929136847088,0.383265101167292,0.241701486867461,0.609100854962945,0.756135124269617,0.0523822769609901,unstable,5
2.75008821469949,8.76778056286843,4.51736733359493,1.37340408030624,2.70051083480311,-0.587309597546549,-1.19055404278847,-0.92264719446809,0.471845493491491,0.428822903395928,0.596576251149805,0.249577028305463,-0.0212768703940231,stable,5
2.48138419500213,9.94502542693662,3.10559405533351,4.83019060694788,2.83743387294364,-0.875001546477654,-0.923401488586131,-1.03903083787985,0.622425727446503,0.600387317863898,0.450094058545836,0.316558899716854,-0.0170301500919406,stable,5
5.78134753002214,4.18373617686505,4.37742872617765,6.42529774644041,2.84972664089823,-0.927868498780241,-1.38886829567889,-0.532989846439101,0.187415509665016,0.558443757095929,0.755900646439353,0.275916207405527,0.0263743586499127,unstable,5
6.79853330881654,5.53839955544871,7.41867148705863,9.13633674718733,2.76823025781875,-1.24239240144284,-0.563909571338014,-0.961928285037901,0.711969250059985,0.408993835262634,0.80169276661438,0.0881329167526378,0.0563632668076493,unstable,5
5.95722741707328,4.34697845436063,8.28620697233091,9.73233931605263,2.15241901009362,-0.527891658904543,-0.56074773602857,-1.06377961516051,0.891266058532222,0.858517560848234,0.308177442025384,0.440458945387666,0.0613470105230915,unstable,5
5.27266882761163,7.21736638929048,3.4090082227752,8.15709607760004,2.93443528092932,-1.31756785637648,-0.74160661197583,-0.875260812577012,0.206689824136094,0.932753733857013,0.944853869122379,0.650038718471711,0.0663181654532423,unstable,5
8.7940233821688,6.46072111774917,5.24018429297498,6.56226391443282,2.81293971300811,-0.659252623606566,-1.45991312922107,-0.693773960180476,0.161446770688653,0.472595131472945,0.465266661699916,0.320208404237793,0.0178627698161058,unstable,5
3.41010260047248,3.094539140885,1.83071965121318,2.00705329285995,2.52739728699192,-1.27297395311487,-0.73015940003841,-0.524263933838636,0.380021592930538,0.295182389835299,0.947741704678484,0.387496955404214,-0.0338096437554731,stable,5
3.47228194353579,6.66319670621776,8.66664250759513,6.24340371661761,2.87718843360798,-1.19078238205138,-0.547022653247079,-1.13938339830952,0.26061203202279,0.552813963157975,0.0850842613447597,0.234307005784661,-0.0126942564989718,stable,5
1.43236492784377,1.69441531937415,3.86740155762616,6.87126528054929,2.97265775124288,-1.41983155036077,-0.775392618051451,-0.777433582830662,0.991956648453395,0.585087010046565,0.235509477921867,0.336493322142271,-0.029092152876537,stable,5
2.414185616722,7.21915187462423,3.97097299543764,8.24679011027204,2.91574021920108,-0.763558243959048,-1.09754497795021,-1.05463699729182,0.283589507942701,0.905685796626271,0.784480789083546,0.801670966723692,0.066091881317175,unstable,5
8.78529878281375,2.69696565169046,4.30484652166948,2.14492790845456,2.87846332847796,-0.835577697803697,-1.11752766444936,-0.925357966224908,0.91189389632454,0.66091201234596,0.129204116149668,0.114279566027189,0.0016264260573937,unstable,5
7.21666478830586,8.95075430153097,1.11587284327152,1.63272973636955,2.9067319842195,-1.30267807421038,-0.859523946920515,-0.744529963088606,0.385874871460479,0.309140722747504,0.544163158092699,0.626042498525893,-0.0460124525962609,stable,5
7.82626468169999,0.808521382095397,7.27837084182037,4.70195416161349,2.20426382068468,-0.684501319508604,-0.523831594230793,-0.995930906945281,0.334085625180999,0.199443147573183,0.72886065603973,0.466592701412569,0.019544624480937,unstable,5
9.68369595874281,1.8065541067342,0.621306164953031,6.59130933678714,2.49007397302383,-0.9498696777615,-0.530978333171853,-1.00922596209048,0.795110542538258,0.196968621495547,0.125656023271743,0.867867712644271,0.030111490614545,unstable,5
4.21812103229337,5.68506864208978,7.17571875963772,1.31168162747887,2.41286770369015,-0.583831069037574,-1.25859996897539,-0.570436665677186,0.968233668764401,0.228781225620449,0.705060733851674,0.513736184445849,0.0316764151079446,unstable,5
5.72251857394263,5.06309578475031,0.608448998488451,3.50018275897086,2.65365849876607,-1.02916409551168,-0.751631370953668,-0.872863032300724,0.0683288912108866,0.910383867269832,0.41776803445349,0.210761435296758,-0.0308884940294795,stable,5
9.70577575197071,9.95152599830435,6.21249513028018,5.9299787629741,2.75748527555997,-0.540522389463393,-1.34653145999068,-0.870431426105893,0.675667726439061,0.758086349617919,0.868085770986797,0.21490528635317,0.0700802439037588,unstable,5
3.91294159194285,0.628043528173876,4.49079783423786,7.93033475469278,2.69978174992375,-1.46640749473346,-0.62243711800098,-0.61093713718931,0.562659507630925,0.162097995382968,0.869378389036076,0.668350604695515,0.0341202673223198,unstable,5
3.61856457597401,3.81314112427216,4.00585327889894,3.10813832513073,3.15809714795704,-1.35435672837204,-1.19583126176498,-0.607909157820023,0.955399324136295,0.683826669866311,0.272001923967323,0.523567863625443,0.0575181805686749,unstable,5
9.03005035278336,7.53321816626323,7.45997737906944,2.70436140914246,2.29703602716783,-0.907251557337807,-0.888640377628524,-0.5011440922015,0.520755828572313,0.9799401162013,0.668364772510214,0.962760631720327,0.0698647972466918,unstable,5
6.62271506792435,3.24814988666298,3.87747728874428,3.41261390398109,2.43862891823274,-0.691384808750101,-0.906279898674332,-0.840964210808312,0.0868927956393966,0.838500342475971,0.633298339017704,0.126136522883858,-0.0053463913729534,stable,5
6.29273154368286,9.64104208600423,4.37582518197253,2.0607684659532,1.7228367500373,-0.623809039010736,-0.536705809690023,-0.562321901336545,0.756432449704498,0.164659539168375,0.638622418599064,0.680593055118957,0.0209599211144629,unstable,5
5.94946902345102,7.88421225119308,7.61556157969981,4.17589042310399,2.8089374584779,-1.65027050977888,-0.516429066682991,-0.642237882016029,0.415047844143347,0.49052121673316,0.903470493329901,0.509346100926483,0.0634484085145386,unstable,5
6.326131774718,6.58916593633291,4.78037102030027,5.06242632939781,2.97520984962926,-1.36564011566723,-0.677200795081898,-0.932368938880134,0.142234546589741,0.222174215714302,0.890814101886605,0.651077026396913,0.0420026175513496,unstable,5
1.62797754744007,4.30296210520415,4.92953169232276,7.95593732160509,2.79038023956288,-0.597817335089552,-1.03800286539713,-1.1545600390762,0.0979253905110387,0.281536100689921,0.976876647198886,0.445821032873408,0.0239545779391661,unstable,5
1.14440173753339,0.86199113962464,3.72525153554856,1.84823481054176,2.24031970184053,-0.985663215010951,-0.7395948014586,-0.51506168537098,0.736909740352388,0.436955950888755,0.386506183992336,0.802339165472765,-0.0263685092510742,stable,5
6.05406385242282,3.71716410427369,6.65023031493247,8.7970357865953,2.48680883365829,-0.847064245234721,-0.654961430281634,-0.984783158141934,0.0915801800122566,0.688240046453188,0.312692806851936,0.704625790711641,0.0249416368763839,unstable,5
8.81994975253295,9.50015249526311,4.48308965209842,9.44897409442571,2.34398186416933,-0.592434291459748,-0.787188935792621,-0.964358636916964,0.253915261228591,0.715525505429215,0.544832324817525,0.185108653276464,0.0315439757911629,unstable,5
9.22503888305769,9.20423917369053,5.93176317597862,0.589579094092397,2.62991236903025,-1.13171872174969,-0.993127975798794,-0.505065671481763,0.285433752604281,0.734320968496537,0.493141375951287,0.154702588520971,0.0252335864917007,unstable,5
0.805317851109663,0.874132435913233,3.8202991569321,8.58366565447475,2.95120679172708,-0.617546396189986,-1.06491517373738,-1.26874522179971,0.0754265800916951,0.810137702574197,0.280564310770261,0.884759833089465,-0.0291611940296366,stable,5
2.91512768672897,5.05151810742978,2.65361616303053,4.07426460659386,2.81697963338886,-1.29537632314579,-0.766216424445447,-0.755386885797628,0.275434881094684,0.502257934567977,0.114579148532853,0.877813489118116,0.0129855379401091,unstable,5
5.08524173017476,1.79003062416392,2.48639191231842,2.8481920647907,3.15967011535191,-0.892898175153881,-1.02546137147909,-1.24131056871894,0.473916975005681,0.418511552085448,0.326252687290409,0.9824876569619,0.0035935154714709,unstable,5
6.18509027524379,9.06748997330812,4.73414658402106,8.51507763035138,2.92385632885754,-0.87233260020375,-0.94446269880808,-1.10706102984571,0.852884466656903,0.432294183895457,0.471301078405026,0.63754601380056,0.0660182514214285,unstable,5
9.47797490084291,1.43265475341761,2.10378394296573,4.98642655035555,2.40995824205533,-0.693594227463659,-0.632559435536352,-1.08380457905532,0.794221112520484,0.772519941863631,0.694448001366087,0.236219367797453,-0.0346090008994541,stable,5
6.57309900759603,9.76157353927482,3.70385233173694,0.543773771670624,2.5146320210923,-1.0294072681524,-0.549325075925153,-0.935899677014747,0.121690395011354,0.821923917660559,0.334864553522867,0.918337678612699,-0.0297292039621932,stable,5
2.74114169386609,0.539393689009082,9.11342215183572,6.65141145354446,2.17729484806327,-0.520345847273117,-0.564875495940377,-1.09207350484978,0.115223229857527,0.856891755378322,0.22149180189969,0.326297793209295,-0.0308113295829607,stable,5
4.90960036182688,7.57574377238386,8.34823869470315,4.53659488671926,2.68543175213628,-0.552713063341856,-1.61024051005639,-0.522478178738034,0.905925417406649,0.0606611966815055,0.185823413782888,0.502821811761137,0.0196269945531921,unstable,5
1.12927379441818,4.02856075813394,3.25480061952488,8.95370891519396,2.77758387665577,-1.03447017838785,-1.22421845354766,-0.518895244720264,0.348259905227224,0.619916264987681,0.735654636379201,0.214533624495416,-0.029917080015381,stable,5
9.03923989566398,9.97147699528839,6.48622983248734,0.992857852090977,2.47265989609379,-0.82620608442534,-0.961547941881057,-0.684905869787396,0.972200520350764,0.602383374695121,0.618501262074407,0.443849709738777,0.0505854011458518,unstable,5
9.30953060440386,7.06916906507886,7.62115692939862,1.68042144157918,2.95110030985849,-1.08382920339212,-0.794926421273092,-1.07234468519328,0.637160596392737,0.336733053110061,0.25335234042552,0.192496294623968,0.0144524862452332,unstable,5
5.63161778370297,4.15636317599876,2.44569812205586,2.49774545975211,3.17152944085876,-1.11898223512142,-0.924876736784051,-1.12767046895329,0.476617849476468,0.917518650681241,0.813382324618542,0.650310169543725,0.059488963882618,unstable,5
5.48092373806779,7.0305020717609,1.466778915132,3.29204842203179,2.76233547928344,-0.87013834758125,-0.83275224557108,-1.05944488613111,0.556434693576143,0.590027699843256,0.474638077006077,0.402731466509098,0.010362746552101,unstable,5
8.54343489325267,3.85666929198051,7.24196268995957,6.52210794736275,2.97119862131086,-1.18502423776546,-1.27055321678923,-0.515621166756167,0.410259489509792,0.142704979606119,0.998798464273532,0.287448355996582,0.0463865186312355,unstable,5
4.23023948783497,1.69232196111764,5.89476177614499,8.43321867054427,2.72332744453103,-0.907107936503156,-0.608433143671136,-1.20778636435674,0.13820542777291,0.532835651865638,0.458833471294496,0.454526489628663,-0.0159715680201726,stable,5
1.55909238631775,9.02426401105409,7.80327877539821,6.79134853333507,2.79601693957206,-1.16792262348066,-1.04385574624579,-0.584238569845609,0.518546578277734,0.104029073190031,0.842526564138797,0.731720876649533,0.0346188224351022,unstable,5
1.12159167128948,9.02971143358992,8.84772502623536,2.11466371700696,2.8742067585587,-0.932104508855147,-1.11458254481624,-0.827519704887318,0.292777733107703,0.794386846042825,0.379108729685366,0.63621818780313,0.0016138605656856,unstable,5
3.03284340649571,2.53903850915793,3.88637009377078,9.31913275439064,2.94232976647751,-0.697935554195335,-1.18546959141607,-1.0589246208661,0.257169647930207,0.105535125359803,0.490949365430149,0.624212747716033,-0.0128347391855295,stable,5
6.86790754181229,4.48057278879159,3.04569102813741,7.26996769396312,2.57921734854455,-0.623536087683635,-1.11828643200323,-0.83739482885768,0.154642165712671,0.635652940188615,0.956799999742191,0.113809281021296,0.0073328273491862,unstable,5
1.56816662633313,8.00185265250887,0.923445920921222,1.95235225563818,2.74447675360988,-0.775057948792365,-0.887938940575276,-1.08147986424224,0.236834798962254,0.123134769670668,0.1086240810151,0.297848578873458,-0.0457148457286815,stable,5
4.22017160931959,1.42746817550553,8.7699768752496,2.14367619406086,2.06210017228788,-0.900621493606991,-0.552421914055664,-0.609056764625223,0.292432241182229,0.12706247794543,0.41613114321506,0.742173545219278,-0.0188875719943167,stable,5
5.90522485788505,9.33788162255989,1.21345401157708,2.37209879687306,1.95791341526335,-0.50091497023172,-0.502943294594996,-0.954055150436633,0.287888595676334,0.672728975900445,0.969440877513102,0.343936131253212,-0.0214557128162041,stable,5
4.98839339656081,2.15531970612491,6.29406819859692,2.11645813109816,2.28369617698593,-1.03728134372986,-0.518743299940648,-0.727671533315419,0.470465092163648,0.960018170025287,0.0688223077445966,0.0694261384969007,-0.016346724741032,stable,5
5.70982912456265,5.92645686461197,3.61700639588769,8.38396746904813,2.42889149998793,-0.79610521840856,-1.01109021614151,-0.621696065437864,0.556348740987441,0.718396493266284,0.978325682522931,0.476113481443463,0.0702674348326687,unstable,5
6.46409636082709,5.11438102394579,8.52811541618525,9.31529310613469,2.37237653062635,-0.591539573906397,-1.22014188867231,-0.560695068047638,0.980287927995047,0.148354412706813,0.435494778186515,0.577943362144997,0.0595696832118873,unstable,5
6.48948033246088,7.17259540855073,6.46774599263413,2.709314690693,2.73651324454617,-1.50932041537311,-0.692650390662614,-0.534542438510444,0.309425549829112,0.890356667539756,0.239655786876477,0.343644845333536,0.0314284703823315,unstable,5
2.00344129091729,7.67630742504287,7.56101434101374,3.79491638996587,1.93083341880584,-0.719959359719011,-0.626239439716481,-0.584634619370347,0.632100684271117,0.497181598639593,0.714040993747859,0.908837416049323,0.042650328395869,unstable,5
8.52888866722462,9.58812851324803,2.39514800696614,3.32382024085755,2.78787654365877,-1.00917115115027,-0.825409482194577,-0.953295910313923,0.507151446307898,0.785985467328017,0.877627222077845,0.10210424468347,0.0194434844979488,unstable,5
6.05967040710327,6.72459931952071,1.51984730932732,3.76045212791505,2.61337010096241,-0.74372844525699,-0.533815619177022,-1.3358260365284,0.640419287034685,0.47487856466591,0.546615777574967,0.346686107229383,0.0118649790960983,unstable,5
4.91071823377748,6.67130430323225,0.699331387970981,9.5892736425903,2.28442292971277,-0.769397456328827,-0.617269911978464,-0.897755561405478,0.996767608006912,0.779760941794834,0.888924342313183,0.764479471844727,0.0388906470910636,unstable,5
2.8071345945313,9.30697959972666,4.88574362698132,4.42227089340821,1.69557551192486,-0.53605780173887,-0.65774205907156,-0.501775651114434,0.977879710628417,0.396425775897241,0.822824278703789,0.314492457553925,0.0322883438722375,unstable,5
8.65398993653556,8.82267188576807,5.71272281824071,3.20021401143486,2.75591217477203,-0.74859364412243,-1.19727934729584,-0.810039183353761,0.181580929366677,0.853083123175946,0.488341954165242,0.260536998583061,0.0337582342493534,unstable,5
4.59505951297441,7.17837453873572,3.40387661039757,3.62355486042819,2.35245776986442,-1.03034091802464,-0.669585136538756,-0.652531715301028,0.469551915077647,0.447087010567571,0.873680420611337,0.35194031325698,0.0329082645195531,unstable,5
1.78474114681353,1.72695295554303,8.76642186811878,7.61572861419747,3.11114371957525,-1.26819289488408,-0.947359526300395,-0.895591298390773,0.86912392517453,0.645057415138042,0.757716118079222,0.142312209756969,-0.0238508078019105,stable,5
7.25816194925291,5.8246959254478,2.56709482318799,5.74507406156764,2.37415556517098,-0.910143777829851,-0.82867489073457,-0.635336896606558,0.59903650245938,0.277800283019533,0.526760315243319,0.264543576840144,0.0096342094906474,unstable,5
5.33874969445079,6.73002902538204,5.82629755133484,0.644325127347524,2.91415922873213,-1.36468764529584,-0.786145901211223,-0.763325682225067,0.996041084533436,0.29985900638992,0.0995536225825478,0.451449990294869,0.0008896726665124,unstable,5
2.00554468801504,1.19342562813272,7.22333942831015,9.79883547573786,2.66091968510553,-0.786779242357542,-0.863183926426992,-1.010956516321,0.901598134529161,0.710333289888343,0.793103808903847,0.795155604844226,0.0022069672244916,unstable,5
3.97721715508967,1.01676346555257,5.70763624947289,6.19020346049699,2.4105637426086,-1.23724251205754,-0.571680706785025,-0.601640523766039,0.83907001826051,0.0960927159503114,0.191512092301318,0.601383407876898,0.0151743106370344,unstable,5
4.64552083588864,2.36546200971125,4.41157969869603,9.86763458328767,2.82000693943997,-0.89564610881221,-0.918263461950491,-1.00609736867727,0.907542441151009,0.171707646676012,0.819911189707509,0.157448187324899,0.0306884128978865,unstable,5
8.94794683055214,1.52448255805906,9.18215717590571,8.64744563147289,2.81854454042183,-0.780488035190815,-1.24010474742743,-0.797951757803582,0.311904379581123,0.500874678530949,0.24709145558284,0.643167988245231,0.0091912339387317,unstable,5
0.77945133831955,4.82513127082952,7.70160942831554,4.04483646216898,3.01055523616914,-1.04526266263828,-1.18315960751964,-0.782132966011215,0.381213602247504,0.166780420866751,0.0857847012677789,0.853723304286643,-0.0375002569877816,stable,5
5.14855753750288,9.65290770250851,0.59428376447357,2.56904862697795,2.83677066517482,-1.26725841660111,-0.682508106719679,-0.887004141854029,0.718769869831334,0.655777826787279,0.558479872748853,0.34618995115727,-0.0135095328925599,stable,5
6.77455477428475,7.02174566777768,3.89323799933166,8.37313635457737,2.93121791551388,-1.31641544206726,-0.99464256386155,-0.620159909585072,0.731905521704652,0.0637731382105057,0.948720477332931,0.745335838651126,0.0606516934924923,unstable,5
6.61863175316039,3.56199001078742,7.92533068652349,3.08071555123307,2.88204716713687,-0.98461364020796,-1.15627832729318,-0.741155199635728,0.851796978197637,0.490480381660357,0.64400945176756,0.887063235527361,0.0631705573191572,unstable,5
6.27336971701278,5.85287154018964,9.68368309423213,8.38871497759012,2.50048232567457,-0.962533682145632,-0.654006806841912,-0.883941836687026,0.333618356996578,0.420260811863356,0.9086435429288,0.332573332826514,0.0524668353707973,unstable,5
8.10774326493888,6.17145209354307,6.34769811020428,8.88647338054751,2.76155204854159,-0.674033704335301,-0.896549969106971,-1.19096837509932,0.952630311088723,0.545124497274839,0.326144492005082,0.537233495187021,0.0708616304359325,unstable,5
5.23323712404274,9.52430862582225,6.46687523923405,4.45345268890951,2.06520283654989,-0.773415963241423,-0.707030810514523,-0.584756062793941,0.598380466275571,0.9630773208955,0.223890158444982,0.0943104215048824,0.0406590579748998,unstable,5
8.71410057963502,0.73984668235624,2.33543230893404,9.62301131213539,2.76303035948466,-0.671475610644883,-1.2022424149884,-0.889312333851378,0.0877946715054137,0.668502575196704,0.360439207316315,0.873575226301781,-0.0251272090700753,stable,5
8.97843275742575,2.75439801734987,4.64396652646335,7.96107079355452,2.57190935289985,-0.950284278990002,-0.677587991996703,-0.944037081913149,0.326134092624333,0.778372888382964,0.208920589732174,0.384774804102919,-0.006594325623721,stable,5
2.41270476916323,3.30422309308844,3.09709107504971,1.44961270105182,2.90753071839184,-1.08313630385878,-0.994341291286016,-0.830053123247041,0.442629418143934,0.080577362760402,0.617472080036653,0.562297744659319,-0.0319417338716721,stable,5
4.92014851894674,6.08773071141122,8.91075675856015,9.07034633065191,2.76866249672652,-1.71176607379895,-0.538246418289246,-0.518650004638324,0.339378936695819,0.448830385812044,0.964452039331364,0.995029054772661,0.0796162361405401,unstable,5
8.12797952546094,0.530282557934348,7.04706799648718,8.68411474376521,2.74791167216166,-1.32980863322804,-0.69275946469506,-0.725343574238557,0.0925371311699087,0.958332774257658,0.53617650918581,0.475587174962198,-0.0210305459054224,stable,5
2.82857708936036,1.90513414829838,1.74186241734542,4.6985452392839,2.61582037476509,-0.608033026230882,-0.988046740642202,-1.01974060789201,0.389824013257355,0.555679863966978,0.260908226542186,0.740907317561401,-0.0161499386152247,stable,5
8.93518754602052,3.7739971311246,4.25202166638768,1.42144989168465,2.7418441003553,-0.563887748322799,-1.07186674881987,-1.10608960321263,0.273973653608545,0.796068561795059,0.840873979785307,0.738929434368914,0.0173926840764459,unstable,5
7.93026632316897,3.62372866273646,9.03121924792531,2.03918395976372,2.72474805384219,-1.52850504120127,-0.652113026865711,-0.544129985775205,0.59804865896431,0.199032266787434,0.893433105038253,0.587584065415382,0.0321262798187665,unstable,5
1.47392274728244,5.77611093060501,3.38357506333285,5.22004798893956,2.26937512322499,-0.902353642066033,-0.85539001305456,-0.511631468104397,0.265255721109172,0.122954825103144,0.88719359155784,0.654171901660931,0.0093870624506815,unstable,5
9.95227041784867,8.34763197878279,1.78721789032971,8.65865690143553,2.52497167563995,-0.606894949019863,-0.63639748394998,-1.28167924267011,0.278151396351898,0.095874419536459,0.772223455050101,0.258195461477413,-0.0414026985657519,stable,5
3.64612163828178,0.667889859288477,0.606376326212345,6.10210126588239,1.93031653434355,-0.593185604416218,-0.744966712428664,-0.592164217498666,0.829406926362435,0.411789028707585,0.522686478233578,0.799688891913645,-0.0107206980093166,stable,5
5.72128433285769,7.89010755815883,8.69478498730252,4.17738479098257,2.8234216307042,-1.11303486521067,-1.06852133346524,-0.641865432028286,0.854673943255692,0.687524698628603,0.984706404940947,0.886791742897562,0.0955322163800812,unstable,5
6.12252511597638,3.55057048013039,9.02572812432679,4.07229479680001,2.4561893860834,-1.11882259079142,-0.636228109441721,-0.701138685850264,0.919075153181379,0.466597093158408,0.0732290786242997,0.415286991149256,0.0294248663568406,unstable,5
6.31130606128217,4.04870825793758,1.12153308263469,0.924733173566847,2.6953138036628,-1.5035233350187,-0.557503399004601,-0.634287069639494,0.732952618304061,0.626212045727501,0.0996845579111145,0.850830089583808,-0.0177542041064927,stable,5
2.84095914788509,3.43815823407219,8.82360459442739,0.913808062286605,2.76747853608769,-0.703915263507795,-1.2533114463262,-0.810251826253696,0.77438999795137,0.167071130410314,0.663483073361123,0.442628061661849,-0.0262371760182438,stable,5
2.53480138472383,4.28776520435204,6.16439988632955,6.56501673555144,3.0734215901614,-0.813922803109,-1.07600095603038,-1.18349783102202,0.98788258618004,0.754394408258054,0.0717205896156793,0.38606508306175,0.0208841135481182,unstable,5
7.69252005215652,8.27441751508663,9.99626330223435,9.07208005520339,2.14935086521682,-0.565695417333406,-0.898271892688598,-0.685383555194817,0.476170500710945,0.474948834583659,0.818785806203083,0.9848698971634,0.0836089241109332,unstable,5
1.32249421121094,0.608154023057001,7.78616305871654,5.06990677466603,2.78334695536609,-1.23557806484019,-0.957854477605398,-0.589914412920503,0.599364043245796,0.334981792250121,0.592443460108376,0.845965356486499,-0.0066870220269074,stable,5
7.37204379283004,6.24178131055104,8.67145887270942,3.78289103191267,2.85774465742746,-0.686323388832225,-1.31659841148609,-0.854822857109143,0.330494326430948,0.493268977825638,0.90033797390967,0.53568828995393,0.0553951231954341,unstable,5
6.48026911379341,2.71532678049703,4.77445848751271,5.56412476706974,3.23794989428546,-1.13283937609576,-0.992497721530031,-1.11261279665967,0.769698549594544,0.429058893354188,0.157728664417876,0.496559716698513,0.0285139289474241,unstable,5
4.01950488188115,4.91698989848641,7.15692469111588,7.47945064338588,2.60831854258094,-0.571217478392064,-1.48108061320112,-0.55602045098776,0.899834689636866,0.636726991175496,0.697265255429078,0.79337173203758,0.0868328575248392,unstable,5
2.49857958091949,3.15829456671039,9.63237574172182,7.98106794665285,2.81126554793548,-0.917889743938169,-1.1826839378641,-0.710691866133211,0.172397748642941,0.880991936771086,0.814593634329361,0.761951694510777,0.0443957733452736,unstable,5
9.49310615630887,9.12327767875966,8.39001866631201,3.70317741293043,2.50557125850781,-0.535382727324508,-1.20600612005622,-0.764182411127083,0.937045939864587,0.24869794075586,0.454869494902549,0.714383747049302,0.0520779065490509,unstable,5
2.53644987895917,5.33884406627911,1.96209695502657,1.68798002864089,2.15565115677671,-0.702957803410583,-0.733459907482076,-0.719233445884055,0.386129629081647,0.553501748841376,0.77562343732598,0.279294412643843,-0.0314862589373782,stable,5
0.928465855755215,7.05827314619754,6.02241641632975,9.19282542759725,3.0289318891637,-0.860167206108442,-1.17431769724116,-0.994446985814103,0.452334837190268,0.999944294487435,0.968908233233892,0.0769671118206473,0.0475621562120705,unstable,5
1.11307264342885,8.20983577537275,7.5340133181195,1.55085519841659,2.94587751743918,-0.814719097948936,-0.844540078411205,-1.28661834107904,0.0650949566790648,0.208265796711618,0.161901760859966,0.245674358826085,-0.0487001891789572,stable,5
8.85185158713903,4.40078646838746,9.56474075917943,7.32248147264606,2.16070750907458,-0.89916042020031,-0.678174099370115,-0.583372989504156,0.279432432898225,0.833103750476183,0.181465425906114,0.370350785076608,0.0202407215107468,unstable,5
4.37345414362125,1.81417021581841,3.86396718232851,9.50375992922283,2.51681491356755,-1.12650633115815,-0.752349375519075,-0.637959206890326,0.0542724194411375,0.230983713024678,0.37413825142978,0.615787932497242,-0.0216356751968225,stable,5
9.48234860967987,3.70661811103828,8.52139236618414,3.82321076437655,2.74229875222275,-0.97556781475544,-0.930500330450316,-0.83623060701699,0.296090033162584,0.438990022868857,0.872785398433711,0.8723528604064,0.0450876656580031,unstable,5
6.63524254584954,4.84560528447421,7.55762468559506,5.70487795527854,2.07135560190595,-0.500108275885764,-0.65345336265841,-0.917793963361776,0.961140821921891,0.128866370702201,0.426213821083116,0.831986486879667,0.0709092325087316,unstable,5
7.40102173582548,1.85298821163512,3.74681089223172,3.39566541579739,3.0104609332175,-0.902186426629301,-0.995265471754072,-1.11300903483413,0.860208078490703,0.384862202480313,0.468490894620331,0.727498136564804,0.0284856543613016,unstable,5
8.66508056685683,6.62799356021103,9.90721796665428,7.04832666900128,2.18408881415332,-0.507641281567712,-1.11972609425812,-0.55672143832749,0.811653434625027,0.412041315872368,0.342677273501246,0.386243360946845,0.0544945663820098,unstable,5
8.37368217704996,6.76757515595675,3.14983749089822,5.46913438454019,2.68525988910041,-1.03356263414914,-0.710999027430499,-0.940698227520776,0.177429160114371,0.359047462056583,0.475998273594383,0.541530035462587,0.007075584796544,unstable,5
7.31679941430241,7.00332910582318,5.77360056820299,3.6157861667284,2.30650186550816,-0.569369267081621,-1.15979068466753,-0.57734191375901,0.810250933664128,0.17973370097803,0.283637541208968,0.93858492828374,0.0460562086598961,unstable,5
4.67678793704796,6.34744160344583,2.93067872018771,2.67593804070469,2.26682004718365,-0.926279595028562,-0.656666919169063,-0.683873532986024,0.83378520494332,0.886643549022925,0.155094749093367,0.918636162118298,0.0640089191929522,unstable,5
6.25638275019329,3.04683828918001,3.18678430364908,8.22643364836122,2.71439951785571,-0.545097429891652,-1.05270240430221,-1.11659968366185,0.261946669149107,0.450244209604297,0.123360620153148,0.14148813501091,-0.0575210386368423,stable,5
9.7656412099496,0.919575526185904,6.54797681764038,5.8447667913539,2.80041366930728,-0.609924412871734,-0.959731676307716,-1.23075758012783,0.382594406586575,0.291493324318995,0.658848051371048,0.197159194787067,2.5742734641431e-07,unstable,5
1.36403603026171,8.81844777399203,3.26486352366856,1.72180935554568,2.46694639234372,-0.50143039058462,-0.80891526581411,-1.15660073594499,0.387206020832139,0.929171462242363,0.635153380247218,0.907371339603526,-0.0208904837343669,stable,5
8.26076793246367,5.64835197477818,9.39007745512507,9.17245365451451,1.94282613155659,-0.549294286344328,-0.540861219345406,-0.852670625866856,0.640299347844053,0.690266567201059,0.164296679536974,0.846025032921029,0.0666967383249467,unstable,5
1.58257486533911,5.20080237549314,4.45162372448343,1.46999472000394,2.26639971026239,-0.61808548383835,-0.922174725894374,-0.726139500529668,0.88512601746304,0.347044005665921,0.367537145447104,0.843890713380949,-0.0356007814163903,stable,5
2.91220467278721,7.82750287913042,8.74817650294225,2.59496302709457,2.62231334020063,-0.76687836619307,-0.896640532909904,-0.958794441097661,0.573728782111503,0.160630145250993,0.921728691309039,0.643492559693616,0.0143940535976281,unstable,5
7.36664431381049,1.51066987991307,2.06293216531839,5.53797146983399,1.8579023555607,-0.607049609824025,-0.711713839225122,-0.539138906511548,0.415476142924072,0.552200246748754,0.982767114390833,0.894772251939175,0.0170906272673211,unstable,5
1.03623971761831,9.0775973213268,4.57812575235119,1.46366163400862,2.71259429227395,-0.741999217444449,-1.26959787100027,-0.700997203829233,0.298176172189325,0.509439697785772,0.933165219367733,0.0870119051963428,-0.005578965480361,stable,5
1.21662776147659,1.85926040238639,3.49450320741981,6.32485350467588,2.60645047042725,-0.834585716880532,-0.806489130698948,-0.965375622847769,0.445109523590786,0.579989640093751,0.117659575829617,0.597213853478363,-0.0330959549449374,stable,5
4.79867332031764,2.30980310115997,2.85343807366561,6.4589195525587,2.43075948576919,-0.505428490076307,-1.20833497226331,-0.716996023429569,0.38856706318198,0.840693162002123,0.169200498529481,0.208186901019515,-0.0178007425842312,stable,5
3.23093403659932,1.69960047696945,2.05079517867336,2.93389692771952,2.60269291493052,-1.33015788025719,-0.736141845106485,-0.53639318956685,0.674770783286203,0.505077343751442,0.15897821174507,0.316208029581829,-0.0397625757347624,stable,5
7.71206725421523,4.62522568208859,2.21424727203801,2.24998216993453,2.56167222211165,-0.90126765437196,-0.900436313857522,-0.759968253882171,0.873221029349873,0.335052682581231,0.161942702202724,0.926834489996545,0.0087503652737191,unstable,5
1.50708573640944,7.75945057500583,0.692641078371974,9.35705575119753,3.05094927338526,-0.914722202411143,-0.818951361002785,-1.31727570997133,0.356517589930582,0.722878179991145,0.406391904347544,0.814697811790988,0.0157026143915129,unstable,5
2.50922897674801,5.21954560116488,4.40156248052807,2.80441521545496,3.03988788448853,-1.00847041130534,-0.784209363445069,-1.24720810973812,0.62622141993452,0.0686104468463454,0.0998662270330952,0.899412291610414,-0.0338268595955803,stable,5
7.54705632221969,6.84768807422968,8.07313461568938,9.68030374769342,2.74026030847337,-0.615202290234272,-1.18711519755136,-0.937942820687743,0.590081291545909,0.91988889934886,0.720098404779768,0.887257391970145,0.0946893408034558,unstable,5
4.19071396795731,1.18264419931147,3.84432724596219,9.16016186436747,2.44820944454024,-0.887376456974994,-0.920645941074204,-0.64018704649104,0.654457505273209,0.114963303363301,0.339565009604444,0.488786797089517,-0.0097944750050962,stable,5
8.26642635845325,4.05862824324362,3.50878510333583,4.86659182650283,2.64461876825779,-0.811313083809207,-0.798663055108499,-1.03464262934008,0.888441261726679,0.308838574173431,0.4743032089731,0.863700696806648,0.0572624185165256,unstable,5
2.64620907647198,3.21448415005759,9.36256907621714,8.32163544467908,2.21474217431123,-0.761455585505778,-0.805578404294269,-0.647708184511179,0.99296954766767,0.654467985691389,0.692678024325445,0.592931034358336,0.0287104355282475,unstable,5
1.82455460461902,3.8174383604111,5.57367769053522,3.12905519949542,3.13973375983138,-1.21850418854682,-1.13095109296412,-0.790278478320444,0.905750695485357,0.410336331901714,0.842904116926091,0.388821696378699,0.0288263330416962,unstable,5
0.616089609393477,4.30911873112951,4.07090173601246,5.04800566415697,2.43819549705007,-0.839409597728099,-1.0776201686878,-0.521165730634169,0.336747008467974,0.821182620530121,0.285073387347705,0.21984778390739,-0.0206630121338737,stable,5
4.40566423499393,2.72517002540408,8.95541380932782,4.41662672287438,2.6439890634005,-0.599975401741196,-0.767512460842833,-1.27650120081647,0.747965646097398,0.569809416378083,0.717237904018981,0.368202425430957,0.0325065685058623,unstable,5
6.42167657977089,1.19979255526117,0.982109863718331,5.78304826687678,2.91126838097228,-0.643997519698809,-1.24580782701814,-1.02146303425533,0.701762679027504,0.89828255601825,0.518669880486763,0.921790350667855,0.0121789394239468,unstable,5
7.1355330789972,3.02571475798972,1.48816711419187,9.92271585634517,3.06676876226255,-0.78219368712795,-1.05777431319468,-1.22680076193992,0.161894838405781,0.119740091892671,0.185648623248646,0.712281667550126,-0.0083772910062322,stable,5
3.76689933802499,6.40721240589173,1.6866423660817,6.46432886975451,3.2058751536171,-1.14305539382126,-1.07692126338397,-0.985898496411869,0.721218449777071,0.283221938669085,0.519633660127069,0.810315397183849,0.0320691526613402,unstable,5
9.76870786748697,4.86544860479587,9.20909515304278,2.36643675137251,2.10362884354518,-0.820630664048542,-0.512386907410296,-0.770611272086343,0.172928056046625,0.222081531985952,0.873002693133173,0.243306428134091,0.0154966228112503,unstable,5
5.6534352931813,8.74859305980136,1.31349502969179,3.0234039325258,1.81415348809955,-0.627622942667547,-0.637646637464431,-0.548883907967573,0.987664191255105,0.78397031868069,0.0604304610513896,0.234958576384329,0.041187584862127,unstable,5
6.83584568572454,8.36610373758224,4.97920513495373,6.92423162909318,2.68378864505677,-0.716963500062691,-1.17921735981893,-0.787607785175147,0.33751587483687,0.214562825434601,0.898658323235959,0.579976755366784,0.0514014692942645,unstable,5
1.305079222473,3.98244428995101,7.33589164916079,8.43574366397541,2.57473851867485,-0.840412859449687,-1.1791864352537,-0.555139223971462,0.656297509805524,0.920771204327665,0.836419499581961,0.533311690968664,0.0406601727563477,unstable,5
6.63965789356371,1.35370307090031,2.21748906425431,7.28231183010706,2.89693333742619,-1.2460521311606,-0.56730338423613,-1.08357782202946,0.808478404976983,0.0870717869634239,0.213632976232971,0.726449394948374,0.032119583161962,unstable,5
3.92233491873761,6.34251393042211,5.28213030925314,8.29675843199068,2.67466034950786,-0.866474673190969,-0.896071515387832,-0.912114160929062,0.78547949052069,0.318048749247185,0.96938449669275,0.452027358500278,0.065202727087338,unstable,5
3.51053780920481,1.23116693821783,8.29730109161314,4.43060327688797,2.86309376893012,-0.919544336097268,-1.17422594048312,-0.769323492349731,0.861447280689374,0.567566959452001,0.825111934480944,0.444502706819363,0.0194309299915667,unstable,5
0.599524482973199,4.09763779502814,1.75362270824178,7.10924779890322,2.62856282841777,-0.901051485647506,-0.979825078353216,-0.747686264417053,0.782959664889047,0.14305890161514,0.325270243377244,0.33635254265317,-0.0387184575592475,stable,5
7.46547272802342,4.24312001920303,1.88567922671719,2.35719211935961,2.7220192377506,-1.34055322227132,-0.601489460367185,-0.779976555112097,0.445035274573732,0.676999171195176,0.752064801509869,0.356840789652176,-0.0079729707412809,stable,5
6.56188890605315,3.36170250597511,4.78500788193748,3.37040901146629,2.37533626865378,-0.524902406212746,-1.18720095721193,-0.6632329052291,0.328465760241657,0.549045479335393,0.18291491912681,0.0754487218204897,-0.0397330647285382,stable,5
6.02267876560593,5.939416926036,5.1515437890838,6.43284317494241,2.77478802380384,-0.649355568226532,-1.40533843406636,-0.72009402151095,0.312027200021113,0.119228189434864,0.124504846112153,0.239317827777935,-0.0419425320052403,stable,5
7.24924120279569,9.90211305486566,7.10626042557388,9.69979064246989,2.16414800703224,-0.584580511083826,-0.577831261118071,-1.00173623483034,0.912680265485349,0.631082169755545,0.515547316335842,0.934014143101847,0.0888959729796667,unstable,5
4.62419037147461,5.43635054383879,6.30513033519861,2.99033149866652,2.61064602094309,-0.806853963120363,-0.599730358612083,-1.20406169921064,0.886400923019613,0.502993072114682,0.385810011595661,0.851985953358942,0.0663806458870015,unstable,5
8.37008988239445,8.48406823486318,0.720159526221885,6.59615605894707,2.43989616146651,-0.647866987745801,-0.842304655167263,-0.949724518553447,0.433648615450156,0.435251317454292,0.873445760666809,0.555568926073054,-0.0001074288963441,stable,5
3.39036592360258,0.825087159886421,8.84449331604437,9.20249215098667,2.92512508698231,-1.33258867035304,-0.720396457020124,-0.872139959609147,0.449768614743255,0.195688933206829,0.78564091686898,0.964838915937071,0.0459971736562892,unstable,5
3.3436882516593,8.46165176494576,8.67521605049258,2.19749815259115,3.36028858902524,-1.18921086927441,-1.06419209013305,-1.10688562961778,0.96183583313983,0.68639210691642,0.444108535012067,0.696517128961134,0.0249797526403291,unstable,5
6.23078220030249,8.51619804835587,5.92988280223889,4.02613751814816,2.75698498895554,-1.22278368243537,-0.706383199311956,-0.827818107208214,0.104826650452707,0.194890078480066,0.91022767257267,0.295377905973337,0.0166468030046712,unstable,5
1.62945669682055,7.74213242823447,0.918906652231631,7.90514731750508,2.80899676752942,-0.655229760216631,-0.631572669799253,-1.52219433751354,0.683901611864405,0.44800205973024,0.890158134732246,0.45056733309543,-0.0510007979856779,stable,5
7.99917786089465,6.22436250801493,7.98881139205926,9.90282937984229,2.42889381007604,-0.690988711976365,-1.16704540203696,-0.570859696062712,0.513936335921978,0.941155578099298,0.836844859650101,0.648421583882187,0.08826536512612,unstable,5
8.11056879418385,3.18602205546345,6.37666060458466,0.956030305228988,3.17561259980538,-0.957462103116151,-1.16975024204268,-1.04840025464655,0.976780926684911,0.0574717431163206,0.546325122350849,0.189127102837388,0.0286569545314479,unstable,5
3.34601535577719,9.05971124216414,3.94089505846936,7.0844923249229,2.66871314467956,-1.25769664951063,-0.678874819957663,-0.732141675211268,0.146175269947725,0.207042066597444,0.0673337364709622,0.840102973685215,0.0051803507389449,unstable,5
6.59309205119332,7.78607775016382,6.25476241488745,3.20261317169412,2.30290450678356,-0.812028066998732,-0.610432132913661,-0.880444306871167,0.115436456986817,0.813396470914151,0.470498800674551,0.720394787464476,0.0404026718380893,unstable,5
4.75540843658974,9.15835945886872,1.64594798718714,4.80834303892659,2.65338320480024,-1.43675092958271,-0.538992616089003,-0.677639659128524,0.898278658570109,0.960216562775784,0.984654948851835,0.065947836452279,0.0211309008101686,unstable,5
3.3466248576536,3.72512141550079,5.5705741123153,2.48562393866568,3.11304448940068,-1.42775209246613,-1.12503653572596,-0.560255861208588,0.822482610400919,0.6682958336595,0.378989274633416,0.656712757015075,0.0494167256002027,unstable,5
5.03167767776402,2.95335303736294,7.71636345999226,8.21564487588628,2.47407718615589,-0.68072326690586,-0.907053332353057,-0.886300586896972,0.230727059093141,0.457904595396378,0.535558023852352,0.799447745561685,0.0395169471799173,unstable,5
8.28241676205504,8.40406915179805,8.29897464630121,0.974022273942444,2.67736625812242,-0.784767130485922,-0.891610976777831,-1.00098815085867,0.613406267499221,0.211452915560791,0.900683944336557,0.328101961035451,0.0387885534636393,unstable,5
7.0509801752115,9.08949213082013,9.20346225579467,7.93394900205992,2.76804462893884,-0.680358174895577,-1.03144870283371,-1.05623775120955,0.876025827318942,0.823984770138854,0.565963412473917,0.849655620122618,0.0953044009362048,unstable,5
1.83848016508061,9.50614998296712,5.62191404776054,1.77486575347346,2.13921667825465,-0.519870435789903,-0.524818565450632,-1.09452767701412,0.67318105928123,0.380430975219756,0.728950144399816,0.544158995329967,-0.0239836004352854,stable,5
5.9654864384656,6.06616481401209,3.68775191783254,9.69277345984393,3.04786055655921,-0.812915705956623,-1.36423599759861,-0.870708853003976,0.528978701739969,0.838760921999529,0.196626000974568,0.927652852588987,0.0650322812975479,unstable,5
5.45866152779746,4.30007371506391,3.52249578026396,4.86922080418852,3.01974835866045,-1.10553972126299,-0.54318767696867,-1.37102096042879,0.192067817923942,0.511808810426136,0.820327542766887,0.554115935430809,0.0411260994478007,unstable,5
1.70106581314676,2.96264575799926,1.84444068812437,5.37303154585221,2.12851277703939,-0.873343109768641,-0.713205517182744,-0.541964150088001,0.417858124379412,0.0712388800053625,0.288709119197433,0.0959445403299469,-0.0473076780620048,stable,5
8.10995223290721,6.09273786208701,7.86486665175558,3.98769099420225,2.47367822675557,-0.979487581658759,-0.700802626424318,-0.793388018672494,0.0836101581138128,0.492023768432268,0.276763494311969,0.261526893187013,-0.0112139119631954,stable,5
5.85221049791031,4.00514769228406,2.45383573173472,3.85051415665963,2.69391748331795,-0.946882818638068,-0.899172725520784,-0.847861939159094,0.0957768288483296,0.360589119412057,0.67993500454806,0.958618130348349,0.0223379805380553,unstable,5
1.0209086383605,0.505833674738614,3.98198082133081,4.0759587701339,2.72571936803962,-1.53944184969291,-0.667344729468029,-0.518932788878679,0.149695880278903,0.840466263362793,0.47827606499454,0.722203254364295,-0.0359431724213214,stable,5
6.62175093866915,4.79605874043661,6.00136436327629,8.10700333136698,2.94428247619477,-0.968934329956537,-0.838441602132225,-1.13690654410601,0.845800088042157,0.516659731791253,0.794151367246231,0.801902650963856,0.0916831127630735,unstable,5
0.769167792018619,1.20892200656096,1.83663075511842,7.98158244223434,2.91029694008745,-0.819976742640883,-1.09699084010199,-0.993329357344576,0.433255765419754,0.515868162991774,0.936142117525431,0.312910111643394,-0.043870640219407,stable,5
2.87623702322459,1.02614885873606,6.504444331302,1.83102880399342,1.81668818956437,-0.569181528545229,-0.621416552514269,-0.626090108504868,0.836694453077982,0.186774228889802,0.423736831424624,0.896419989599863,-0.0265350143285944,stable,5
5.65516976370279,5.96940820814244,5.55576810601024,3.52950378311335,2.74612126327552,-1.31319298024371,-0.87355243919259,-0.559375843839219,0.61574878990809,0.58559753015088,0.659760520450256,0.720912099607973,0.0738781629117722,unstable,5
0.838647201201308,3.2346956999499,2.29126821703919,1.92362287985076,2.43107738845168,-0.598474112276163,-0.932887543177849,-0.899715732997667,0.427178275730989,0.378465981771646,0.53835161768344,0.880465505024478,-0.0265164187869037,stable,5
0.945334176561458,3.31336607925519,2.93884934204484,6.30589196064643,2.71679960793166,-0.546562655717262,-1.02330786039175,-1.14692909182265,0.689886748608756,0.925811041083746,0.955897483131199,0.843062187068122,0.0488944169354831,unstable,5
6.65274241276701,1.67353974378762,1.79791267486684,3.04859725398509,2.93209180441353,-1.36531777556287,-0.645380670742655,-0.921393358108006,0.197466564210454,0.674898674008274,0.549708138616949,0.79900122291188,-0.0369411341974461,stable,5
3.72768916668431,8.31632333586973,2.5919244858326,7.66023156770337,2.50185117550084,-0.683060339845927,-1.29684693233686,-0.521943903318048,0.148919915369207,0.993058038570613,0.749688874807983,0.937088555248381,0.0611416507515521,unstable,5
8.23051348107152,3.61241176024566,1.39809168730483,6.40457435343767,2.9058261506345,-1.21891494094662,-0.60847247926906,-1.07843873041882,0.119234572681466,0.57513568907607,0.107614789225183,0.128912403735226,-0.0490788398239488,stable,5
5.66971825464519,8.07839959921516,5.88096676973606,1.38871206051307,2.86415627754793,-1.41066297359767,-0.640600863771455,-0.812892440178804,0.153413217082042,0.929105575694863,0.123651872057257,0.425535139541995,0.00351971260271,unstable,5
7.59860119725922,4.9884117557167,9.52929166454094,1.01984891524651,2.8072690418477,-0.522182334954385,-0.977755215253716,-1.3073314916396,0.91838280230172,0.148515008773643,0.284844977439964,0.694740842324137,0.0021153113816154,unstable,5
7.63439272384718,6.66726126749609,7.04975369771773,1.2746947340657,2.17209431124899,-0.898650419570075,-0.60599087231959,-0.667453019359324,0.176440649646628,0.448486583966913,0.739171102557128,0.340315203891776,0.0162770122345493,unstable,5
2.94168979496229,2.29880963722488,8.01287255755468,8.34568771305528,2.55682531214623,-0.939621087093034,-0.905680556351633,-0.711523668701562,0.380453512203473,0.58286085615275,0.802038268679738,0.532844001483573,0.0274633211250003,unstable,5
6.32136176454753,8.10257971779293,0.817442495078011,5.59031047478081,3.22123811419797,-1.2838736250599,-1.09109154391434,-0.846272945223725,0.949279129749542,0.15501391077792,0.852879881952627,0.685215454764728,0.023441832105806,unstable,5
9.29062777198823,6.6564528370981,9.95192726550727,1.09108605420894,2.56659308857009,-0.624292148625071,-0.832869979970809,-1.10943095997421,0.840828317677596,0.634483236073398,0.0776778075988044,0.994882776840208,0.0061039854217723,unstable,5
3.33932195547752,6.8102103189118,3.53287837992423,4.98425556157624,1.98803609045368,-0.753177381660428,-0.530500249018823,-0.704358459774428,0.797058297627609,0.227776116926493,0.355884613554132,0.142584228348463,-0.0171474130367427,stable,5
0.503283797760261,4.68836483644794,4.91988336880594,5.60560938518541,2.82260454656806,-1.12674228793867,-1.13586913997192,-0.559993118657474,0.41001973955849,0.159208956285502,0.59610476779041,0.390351115370319,-0.0286196499255386,stable,5
3.26652362022348,1.86777518693785,8.43766667961022,8.12817988303188,2.77104780082789,-1.19659624483023,-0.814634181123332,-0.759817374874326,0.948411083516436,0.844204630034507,0.556118063080008,0.63290864780672,0.0227792231956294,unstable,5
6.82626317078101,1.97423063656414,4.01913439660006,8.47591820111712,2.61966646471897,-1.18445929718667,-0.522941973152955,-0.912265194379341,0.840013963070872,0.374546528747823,0.218385900382443,0.686972476906666,0.0375640229014313,unstable,5
6.69811092192729,7.86115731054312,9.33348009936602,2.43393629532871,1.58258966481528,-0.50386532007585,-0.571521934330638,-0.507202410408796,0.641752944783326,0.868178291083844,0.494277403296748,0.410665745223612,0.0569231933451447,unstable,5
9.57881093854436,7.99527345246131,8.61978880523222,3.9582036425858,2.43454949493518,-0.750123492714588,-0.680006854167592,-1.004419148053,0.907080017043188,0.699412181025272,0.896973149722643,0.164292759216486,0.0788023173347794,unstable,5
1.26690072342275,6.36803301408602,7.99317814070195,5.86714301616973,2.3508659745957,-0.868270697970572,-0.741176983843185,-0.741418292781943,0.253481826855364,0.860223661941219,0.783526515214007,0.309358305217052,0.0491688633781391,unstable,5
9.11949437988241,1.28931835829788,2.74876964280087,8.46951954602244,2.55631085418404,-0.698876951665164,-0.817958374835074,-1.0394755276838,0.301849745696903,0.74991841335117,0.795404063795714,0.609318553800593,-0.0232044190975573,stable,5
5.91913032138842,0.858514740355324,9.73802266162202,7.09490784336434,3.01825602662657,-1.03693170177887,-1.37001855126927,-0.611305773578433,0.901689883334689,0.44661102926272,0.715192684886047,0.946411812701296,0.0624864179594736,unstable,5
3.17247133466002,1.6110360310341,5.10468648010746,1.66769911904094,2.64639427005288,-0.708377597578697,-0.945765768925264,-0.992250903548917,0.69983656666429,0.760697174813693,0.452349265762555,0.757461984935079,0.0046889052325717,unstable,5
9.79216279192255,8.82458211326039,9.77342803899329,8.72256617723946,2.24216147896692,-0.677670853610314,-0.656519178745092,-0.907971446611511,0.179687170836367,0.29628940693459,0.730664209764024,0.597613631137138,0.0515928955164853,unstable,5
6.98801420249272,5.20530603204324,4.8391504279989,6.7269260392471,2.66455047658189,-1.13189447463201,-0.718937089870428,-0.813718912079453,0.62062891200578,0.138737619160558,0.892455566495912,0.714309184560651,0.0685064216978102,unstable,5
2.90686059207587,2.36880805206978,9.18990957580847,9.53151474361303,2.87231678762933,-0.849026455006702,-0.984077881976217,-1.03921245064641,0.75078181063746,0.25168747016163,0.101142034600435,0.798177275509612,-0.0032135765849711,stable,5
2.20025933104461,4.01117500904667,3.56541432162726,5.47750693274783,2.22566674396188,-0.735150329292857,-0.900138995695044,-0.590377418973984,0.68562194155844,0.304966273607102,0.356730389773449,0.287079953606746,-0.0271001821700873,stable,5
6.0498899842936,6.99817520777109,3.93196895800937,9.1034496449334,2.75282137033405,-1.22325097492746,-0.556779179070972,-0.97279121633562,0.760016165307073,0.701609448586509,0.663869517491066,0.355362176717801,0.0652569047635698,unstable,5
2.30304661177815,2.63522883815339,6.96055296880258,5.86805275259553,1.93456774349555,-0.720794823696185,-0.58011954598258,-0.633653373816784,0.0563898879626149,0.733035808203756,0.415114301779125,0.438579455950811,-0.0072200583200917,stable,5
7.29366099299018,4.12460153309995,0.892717333982349,3.67321262093761,2.39256774105703,-0.776193136360112,-0.740862270899885,-0.875512333797035,0.594784949063013,0.524116302688757,0.953527381846353,0.793267522079159,0.004432167336649,unstable,5
9.40827036694593,1.33553288641748,0.523841002518067,8.75316572410519,1.84143046812579,-0.503202834178496,-0.718773759095382,-0.619453874851915,0.076370738146099,0.677065299212949,0.230506465271641,0.361976181931345,-0.0379010173539775,stable,5
7.17710510375689,6.02596377181432,5.67743174947879,4.81525443938309,2.80754360434728,-0.748247788405826,-1.27883125132007,-0.780464564621379,0.0830240961645823,0.60763749980818,0.0512989617405867,0.1136098595123,-0.0365214245430681,stable,5
3.76335240539008,9.68754325509449,1.85668969186464,4.7369593848373,2.58325855270761,-0.579925509618793,-0.586533806232538,-1.41679923685628,0.210186793550642,0.13193472363226,0.710341694470423,0.41055447196154,-0.0354963718186075,stable,5
8.0183389720001,8.07616323213066,6.14226860975667,7.15073138967155,2.2857784039257,-0.80636459080457,-0.648099012868037,-0.831314800253091,0.151465408776891,0.555146089176572,0.374852233695764,0.258430108006577,0.0211236518026703,unstable,5
1.16331859456297,0.641439630275033,0.604949249436369,8.5018524462109,2.54711137679836,-0.83077018201648,-0.620707418243983,-1.0956337765379,0.639957862893861,0.42093282170801,0.543405716763417,0.487780076988381,-0.0311985641687392,stable,5
6.92227941127825,4.15800960033047,3.03989070270909,2.53187240327945,2.96882341124983,-1.60811053074073,-0.644629373934516,-0.716083506574587,0.568043781425619,0.381740611531468,0.687085695956876,0.269862770941111,0.0060671750154111,unstable,5
1.41949906925206,9.91003561500266,2.74781669125094,8.89305134670886,2.71315709650519,-1.01113223523689,-1.11706749221005,-0.584957369058253,0.789967635111626,0.796692592696165,0.88219030291211,0.572793254370188,0.0030993120048048,unstable,5
3.49089448058805,1.08084883249319,9.24881810231804,7.89790919977194,2.94180255649921,-1.12575761432205,-0.612160191161465,-1.2038847510157,0.124341906691234,0.358486309751654,0.23169764907835,0.26530252987975,-0.0406442208109075,stable,5
3.71481929931954,6.2025854939652,1.12463662982311,6.36344512349645,2.54025658753722,-1.0107472627538,-0.792343451458076,-0.737165873325348,0.257911777583924,0.290007567075435,0.109786174809693,0.116326505600021,-0.0465508815119823,stable,5
5.89255502779324,9.59052378007329,5.04124781013521,2.57492500936365,2.43776770313949,-1.20508972811594,-0.590939914934116,-0.641738060089434,0.610462517183151,0.319104713175273,0.868792558841563,0.464747591223464,0.0395673190008368,unstable,5
9.51879247004385,3.92980654041407,7.61024556989158,8.788090672948,2.60733082070873,-0.643119191498135,-1.45802688000918,-0.506184749201418,0.791925848991263,0.979056319248853,0.661914474923697,0.283203008203714,0.0636835076637895,unstable,5
9.77328953771804,7.71597147499106,8.93214472199345,9.52112052353859,2.86471307426377,-0.783312204811373,-1.08667928872063,-0.994721580731764,0.925479571213572,0.0693731744348526,0.276518942989226,0.564048099684288,0.0529534443915184,unstable,5
3.3206247599595,7.38042061118704,7.91402196749431,3.62652156852157,2.69093811928733,-0.733529991244094,-1.077807613534,-0.879600514509238,0.825592060467225,0.449194851072457,0.816617400727784,0.162194202648157,0.0407790128468773,unstable,5
0.595634285734571,9.4879872626407,7.8268297201151,6.91993794386031,2.58156518627945,-0.588526298433263,-0.805493598247389,-1.1875452895988,0.567489922137682,0.631928984255241,0.742103716450228,0.0913593434106908,0.0124640840583064,unstable,5
7.19842759604421,6.39246286398304,2.82030056291157,7.13595734427295,2.48587485105448,-0.666358084381511,-1.26328076251285,-0.556236004160124,0.886583499998433,0.169657332381557,0.373030689511448,0.545247641886206,0.0428800092244827,unstable,5
6.03130277611146,1.76407972766164,3.85486925884248,5.84836710069379,2.40356926588384,-0.538393292958243,-0.788206075314956,-1.07696989761064,0.663913529844616,0.622435531961676,0.445324231036653,0.236730971767742,0.0059039799948778,unstable,5
1.6417543561417,7.44688457582872,7.52694638754214,7.04875292554152,2.92444044527204,-0.862600611505192,-1.30738446093228,-0.754455372834566,0.814666928183661,0.945503735257599,0.649878583392651,0.0876997597300308,0.0333483260958142,unstable,5
2.6951337177039,2.02052177566078,3.16511471690242,2.1324883798914,3.04006934708191,-0.938123785182997,-0.877568157479109,-1.2243774044198,0.694296765931413,0.200003146973908,0.224240773808504,0.231017116102681,-0.0394626732774105,stable,5
6.99816689329584,4.80780000224769,2.1114726551024,5.39415454067859,2.70215641759095,-0.923143286974716,-0.9505993207408,-0.828413809875434,0.711180055355833,0.196502077742979,0.443367966223354,0.940146322226976,0.0468684062125752,unstable,5
0.830602609995462,1.63103207584381,2.45815597818799,6.44775756154315,2.80682731484596,-1.30982602523394,-0.807034056940954,-0.689967232671066,0.450128279196083,0.128073068068562,0.274911900376558,0.41912977119881,-0.0339381333729284,stable,5
3.79460360641724,1.77368230868451,4.98604808397322,5.78651547913377,2.88111227278241,-1.03392418291064,-0.865591401240672,-0.981596688631095,0.257088554927643,0.773474907576016,0.428019394823938,0.549206037679636,0.0019567393681136,unstable,5
5.38049552800801,1.76646044441058,5.86988604949653,3.2054679043236,2.20903867589476,-0.663718205994845,-0.888813537596655,-0.656506932303263,0.53804337235993,0.704350817857703,0.570248102712089,0.46505128786277,0.0202188373464713,unstable,5
2.80783244853432,2.63449989358259,4.12574387317254,6.5417784862057,3.06884660494578,-1.31625977091421,-1.21731151220227,-0.535275321829296,0.610635697582138,0.25156653172981,0.564325951440082,0.930550163682869,0.0405160880794455,unstable,5
5.30293154004947,8.37933694591337,4.98006204696475,4.12285156294479,2.99549783756384,-0.949309506421699,-1.16389693825719,-0.882291392884951,0.0911128860066389,0.836376591423987,0.646018472133417,0.296132267680626,0.0359370963528392,unstable,5
5.93812664836561,1.65499308785647,6.82213480522037,8.88075608497194,3.28680077865604,-1.07626722359611,-0.99405588514891,-1.21647766991102,0.0525049975761608,0.338843151723881,0.857560571321615,0.769313988706341,0.0363019538294223,unstable,5
3.80798533966518,9.44781129463635,6.5302738845316,9.3358510224791,3.05688486828587,-1.17055747355495,-1.19758388338084,-0.68874351135008,0.0856156436327682,0.480722121620778,0.368144090204054,0.381724340917428,0.0191967409778349,unstable,5
6.5415352561487,3.97819754453199,4.24790406953217,5.69066248634099,2.37096248079382,-0.829532470836211,-0.734158306895057,-0.807271703062556,0.548362281140772,0.913153918072947,0.93507462392088,0.466014065900363,0.0844277885365729,unstable,5
1.51555109430813,1.02463182925619,4.49538050082104,7.66459298174003,3.00055285150451,-1.26166042487145,-0.848006363925268,-0.890886062707787,0.540885006110653,0.558628581444598,0.350350857951014,0.781574438434849,-0.0273006952466206,stable,5
1.25363795992907,7.30135019429718,8.94357469575176,5.4196549519512,2.99109737658415,-1.28295014380843,-1.08002229258928,-0.628124940186436,0.431750995206487,0.624248744465365,0.906103255743592,0.757520560745508,0.0550844595793634,unstable,5
2.5142156713613,8.92596408469256,7.53269179936944,7.91590578025094,2.8226837129269,-0.695947117375163,-1.24991671752509,-0.876819878026645,0.468229280926795,0.0530979542587628,0.399884117077566,0.780977124515491,0.0187736761907126,unstable,5
1.94959586227139,7.1630533222274,7.41433203213792,6.65285255445176,2.55697166041847,-0.86911325444791,-0.672168073342065,-1.0156903326285,0.239562375194854,0.211399302163799,0.621259452461537,0.810558491613542,0.0387243381263882,unstable,5
4.83758341605896,2.60093243032465,6.44694173851929,2.32131265239896,2.66764800284249,-0.628117403563764,-0.903633203142555,-1.13589739613617,0.640679262808673,0.0758853809961246,0.776581822194514,0.506318590654554,0.0250918562326713,unstable,5
6.70435538444605,0.993160281022161,4.52162861461434,4.45959217232416,2.45934419883289,-1.03880193009798,-0.86652581174653,-0.554016456988384,0.927726454150232,0.404341190395552,0.48740766837221,0.152535658161961,0.0146521725105803,unstable,5
3.24803680125264,9.72155732682664,2.86897829064812,8.55265510832563,2.97194180603904,-0.697635130902659,-1.1043638071917,-1.16994286794468,0.917741443601715,0.711233296996081,0.841438895476076,0.658263450327149,0.0372570573271735,unstable,5
6.57221477608167,2.35884418441358,3.62416553438768,3.57497713850125,2.82704704940737,-1.32515358574874,-0.546484085312125,-0.95540937834651,0.526391587796397,0.161025139183777,0.661706700493749,0.448209226565399,0.0073487579493206,unstable,5
5.55015021279306,2.82824415053368,4.76523955439765,8.55173071126079,2.94512740308361,-0.692940615614702,-1.23032270227917,-1.02186408518974,0.520402471890787,0.803295491724507,0.518033367148887,0.247306431198763,0.0237496116861644,unstable,5
2.2518320278416,7.99227372421115,2.47726087024269,9.94976027556211,2.80638137852865,-0.551316259581223,-1.12345295870323,-1.1316121602442,0.670664548494344,0.157635770611805,0.731395675972516,0.9547053139527,-0.0030734190105858,stable,5
1.05915004924013,4.57140126896832,3.40692478735088,2.7257881617686,2.7558112090874,-0.875618638288474,-1.19787137181854,-0.682321198980382,0.494020123851473,0.586178997174731,0.463815513973363,0.740825464691735,0.0051666418526114,unstable,5
9.50219179100054,1.09913895575359,3.67135744055053,9.65157602579914,2.30635980776501,-0.911854808214819,-0.507050582833996,-0.887454416716192,0.343519764412293,0.551475716869904,0.176557850877616,0.0824025139214995,-0.059050681022305,stable,5
4.91766126800484,7.69158549780765,8.91291002317041,6.80269726554175,2.80589741852216,-1.01023116555957,-1.15819260315772,-0.637473649804865,0.729589049685214,0.256740937723778,0.127864262901779,0.650910232997575,0.0366335013712981,unstable,5
6.63864727813761,9.04940765626883,6.41042629075127,5.67636770563435,2.95222216305689,-0.884373540493462,-0.926838842803962,-1.14100977975947,0.213379814136255,0.963512761999022,0.409057385769332,0.56631637779389,0.0590250294200297,unstable,5
8.86551296111729,8.75676999614976,1.29377658319838,6.45286681650739,2.56063623821306,-0.67854753875453,-1.21719807438772,-0.664890625070815,0.807975992102461,0.892161577321052,0.278026659149223,0.270207634307315,0.0509551466298886,unstable,5
6.44985516236275,9.34028990160349,6.62020477181049,5.57522625428448,2.69055644807895,-0.917334279419284,-1.26486884105887,-0.508353327600798,0.427884593470374,0.673763341934421,0.774797925658855,0.0645796979536861,0.0510945632630691,unstable,5
8.07847586458753,4.28126447680908,5.85852669920853,8.60518551812872,2.83455814495888,-0.812670391465246,-1.26278915688366,-0.759098596609978,0.792104768058691,0.840332127180472,0.407726964477155,0.675320314279383,0.0731171200968199,unstable,5
6.62331369708386,4.81682011673916,9.81686699506156,3.91947971780699,2.41611477952871,-1.1777562305726,-0.731472222741123,-0.506886326214985,0.311971161042759,0.464982572421354,0.298741611350912,0.723498024232711,0.0165721020983931,unstable,5
0.569287218437076,5.16383941964759,4.06432305775466,1.4652030087198,2.01015878035353,-0.575247290669184,-0.585276526536897,-0.849634963147447,0.552985759131637,0.355948090193199,0.969734726870409,0.839557182746759,-0.0092880520376795,stable,5
6.11067450670297,1.6215058180106,2.62068265226608,5.66195316718592,2.95771166915162,-1.30746618992921,-0.886370141279919,-0.763875337942492,0.887997809573247,0.614502313614513,0.219147787398621,0.588249443365065,0.0280406210191274,unstable,5
4.51346087339791,8.00946564354791,5.32787575993062,6.59835068574068,2.88437892723597,-1.01554870872207,-0.775170871865994,-1.09365934664791,0.245388458191491,0.133887014122767,0.148939150730984,0.30882115367778,-0.0371773544856573,stable,5
4.58211742467619,2.01619614533647,2.81779186373577,5.18811987561183,2.58338284643925,-0.734354815421836,-0.536190068494389,-1.31283796252303,0.892047260048744,0.309899472989941,0.920477386358752,0.553294233871498,0.0578733484117955,unstable,5
6.64152048336975,4.36214335988042,3.26561544276861,8.43632483424593,2.90844095309337,-1.58305043810251,-0.708007791686337,-0.617382723304524,0.217525862998769,0.489801076953043,0.137887618691254,0.282364370304401,-0.0233095056420238,stable,5
6.41477605928804,7.67457025862358,7.41963947645157,0.56167010838167,2.4673019807082,-0.617618776710751,-0.96627906405509,-0.883404139942362,0.429061089105576,0.655385838542656,0.132119538792511,0.141670238107033,0.0072335007790088,unstable,5
8.06362041423938,9.52778124248193,7.16699735350029,4.14713856680392,2.82912218445054,-0.946355833280401,-1.25946775161178,-0.623298599558359,0.826967323362365,0.662977103774823,0.574655168401089,0.862406216352704,0.0777566463097223,unstable,5
7.05541759893631,9.29325038965817,3.18160915156823,1.91499494658575,2.89909701661337,-0.890293942233489,-0.747120202093501,-1.26168287228638,0.561132212107971,0.508757938265097,0.683634539650139,0.436099394664852,0.0099509179259237,unstable,5
2.61286981118823,7.56222120231732,6.00426797620549,2.24908756523301,2.86715244595566,-0.608592026307492,-1.1860319796927,-1.07252843995547,0.361242725132661,0.173963800259612,0.863402398847658,0.817194875681757,0.0122568829939181,unstable,5
5.32541899099934,5.03337494761139,0.596212031245604,1.31419601777929,2.66490208686929,-0.712387010155828,-1.40770150564314,-0.544813571070321,0.80525933058815,0.0924636116839363,0.606938703779492,0.808780090952079,-0.0485265218717272,stable,5
9.2391886605699,3.17413219301213,8.13562926739843,3.2106005633389,2.37570153089517,-0.611217606539885,-0.849249855943152,-0.915234068412136,0.216508846274975,0.368540078938892,0.899721771498052,0.861976705905945,0.0303375664700992,unstable,5
5.59382600311816,8.07169583833721,5.34726600817747,6.07206315244053,2.84326262582531,-0.999536876616627,-0.933490316758514,-0.910235432450171,0.626694163237038,0.112952739832656,0.0510265780219634,0.886235647083861,0.0344664621688583,unstable,5
4.74568808941847,4.15705431482975,7.85599424813244,7.47855069926459,2.84805887236433,-1.58264073012923,-0.669416810168524,-0.596001332066581,0.648436003307353,0.594929760554346,0.375026901427846,0.766276644219824,0.0608643474013385,unstable,5
8.55919206518497,8.38652035860471,4.13077177008352,4.22138726394366,2.41637042057449,-1.14350679357157,-0.711985019768204,-0.56087860723472,0.927805675774998,0.805274931996457,0.837993898557408,0.59411716772606,0.0804422955454049,unstable,5
4.95696762500441,5.25128773968657,9.7029069630039,9.99047194596102,2.64082476428017,-0.580670310252765,-1.5515235380505,-0.508630915976909,0.399038250452619,0.586440432355582,0.450761847869994,0.11824095239192,0.0162718851014305,unstable,5
5.84330490299216,2.59907699824249,1.14086555697308,1.16839944353388,2.51160738321938,-0.809409408804716,-0.561389239761827,-1.14080873465284,0.446587845702642,0.0780542963370099,0.298055442409507,0.91868502985882,-0.0294604014551635,stable,5
5.5357007479761,2.30128803473705,1.43509078984977,6.01281527585229,2.58236458876129,-1.17665315359635,-0.884163211228186,-0.521548223936756,0.489732385917014,0.816764925287178,0.47178290916323,0.673298619521611,0.0148929226612493,unstable,5
5.21724357329791,6.99263374698489,0.998386059467157,3.71230596296753,3.19021182719419,-1.21747565671357,-0.873119423368387,-1.09961674711223,0.850873148829517,0.894827010131424,0.992187158830713,0.15489053670477,0.027134428634817,unstable,5
3.7383855943137,0.986908328242914,1.76019629272425,2.98844404630831,2.65132541056947,-0.600538990501629,-1.08981646243341,-0.960969957634434,0.316031103235772,0.674440188199655,0.153791649862231,0.992052366452295,-0.0344154321995848,stable,5
9.55316439760785,6.10437205962453,0.81640337287708,7.26079524934145,2.8399302818649,-0.986598047894181,-1.07010041163353,-0.783231822337187,0.895479146760354,0.412982828557995,0.510176296108435,0.474557392762583,0.0285532564912023,unstable,5
2.0877990440841,6.46227253020825,4.45333624832976,9.88105088750588,2.29471996196708,-0.742418822335161,-0.975992656686145,-0.576308482945769,0.085339327104988,0.311739524998043,0.184810300853791,0.320517145604517,-0.0309836357881805,stable,5
8.62544610350239,9.36491442703616,6.76118494406408,8.0576380154151,2.1596639517626,-0.886339559964137,-0.508879966289306,-0.76444442550916,0.551620540426772,0.614144149418838,0.303329650564849,0.177048986678639,0.0423878297210455,unstable,5
4.48210835122801,6.50086770946571,8.14837949717266,2.64826251468088,2.76764239582373,-1.12668778973265,-0.766632400068408,-0.874322206022672,0.191506994004154,0.572440963697862,0.470417705466488,0.648559229911799,0.0166073500628514,unstable,5
5.37084765054955,2.33285929737289,4.39531690988503,5.11753518197839,2.73929023817587,-0.759839764532912,-0.951863937038754,-1.0275865366042,0.583743953656852,0.169850408823603,0.724734102766965,0.184575917105564,0.0146841045472099,unstable,5
4.29124580119724,7.75478324341303,0.765019503879279,3.7963160356444,3.20243966586788,-1.29478123697394,-1.14523201629106,-0.762426412602875,0.735480020354674,0.880166846069441,0.182284996648988,0.0880064377151499,0.0188849473435105,unstable,5
8.29203892553831,9.37532907623736,2.72718260988721,1.95663185715117,2.99464067756272,-0.686615861745155,-1.29864212159725,-1.00938269422032,0.274835723808297,0.510576390929436,0.200139815473569,0.810721755728929,-0.0259961421808694,stable,5
1.21771896838594,2.41121708585472,6.3101598749081,2.69263392710845,1.82275492609155,-0.821467821286211,-0.50007225154374,-0.501214853261597,0.0617085638999532,0.441726057553858,0.877281597474539,0.657562520930609,0.0052399626425728,unstable,5
5.33030450334724,8.424938530404,6.13349696272535,7.04736471235953,2.23973059678506,-0.545226227622863,-0.540199952709721,-1.15430441645248,0.422561397091098,0.826335736463664,0.6377303491412,0.668559327390213,0.0773711911651309,unstable,5
4.74536184580924,3.06026862255451,5.64222775986719,4.58532663679986,2.24700801332825,-1.16858254288735,-0.553857439543749,-0.524568030897155,0.174238405029145,0.173783459724982,0.233524912728552,0.64636932351917,-0.0224544573780933,stable,5
7.76776380457091,1.27890498063237,2.4700288316065,1.98127362916048,2.5201064914053,-0.690731252044113,-0.701499441618344,-1.12787579774284,0.106450862263188,0.679400039989364,0.0502704272449052,0.22769439532584,-0.0425790724302892,stable,5
5.17139241994723,5.62070401852877,8.69308052066484,5.39507310329933,2.99782034586203,-0.901618396594538,-1.12038342346259,-0.975818525804905,0.613055270786957,0.175252555090075,0.998126287528865,0.0530479550065403,0.0410311267060688,unstable,5
1.49171390207134,5.87354583248654,8.7552138298766,0.582462473120366,2.55592829310713,-1.12761296156559,-0.676129184296122,-0.752186147245415,0.658159346559586,0.898213076555203,0.286687822865484,0.255486280667658,-0.0195871281629711,stable,5
7.46463458719251,4.6524777437414,5.38669236808905,5.32939454726472,2.47989565213948,-0.799435180427635,-0.997311426684563,-0.68314904502728,0.22573388835181,0.662657282337945,0.273979538766951,0.278267030133679,0.0086176562968204,unstable,5
7.91285821800274,1.42061903217522,2.47876671261145,3.99355443724059,2.99290851773227,-1.15934847672521,-0.678643651354173,-1.15491638965289,0.203480672785579,0.384153250113671,0.64501307175205,0.386013405603147,-0.0292599379457868,stable,5
5.18643996219003,4.94043773385941,6.99303899329809,9.06794404505376,3.15876515954122,-1.30638699466911,-0.865894157216756,-0.986484007655352,0.539488456995925,0.832433023968366,0.707783675887387,0.536300848429747,0.0730910769308965,unstable,5
3.86425699913972,1.2931988669051,2.94194961818184,4.94083200848597,2.55280864454851,-0.85420204550951,-1.09261513104137,-0.60599146799763,0.198409443054217,0.136356221405544,0.180401005591399,0.365002181511393,-0.0430999907068026,stable,5
4.22484235969934,6.22769002255623,3.4102252805542,7.38378463270917,2.9050565788922,-0.840588955962693,-0.686367426831357,-1.37810019609815,0.403153375534068,0.137669445017407,0.843682943144813,0.864166495361686,0.042483954652276,unstable,5
1.89059361880589,3.66416074191912,1.55673981395869,9.88321095456608,2.7946735448727,-0.786560774981708,-1.47068031691685,-0.537432452974143,0.982565112788578,0.57022010033899,0.184027925245271,0.519645794524144,-0.061937904974703,stable,5
2.96736449349433,4.47693718531447,9.3611953353164,7.41136714704981,2.67381868335552,-0.67124043018485,-1.02573256854385,-0.976845684626815,0.43184620265522,0.0832283663947508,0.795313233969631,0.976652162437913,0.0515804101063164,unstable,5
0.652682583831821,6.10564644847524,1.47448105271007,6.84130504740783,2.46672542549532,-0.965821219234797,-0.960130181541631,-0.540774024718895,0.123950942801146,0.217829314155808,0.738569462475564,0.727755346436637,-0.023197848940494,stable,5
8.24391139374469,1.22228057798821,7.27678931925163,2.66214702615051,2.65773834631644,-0.972525221116713,-1.02637111216061,-0.658842013039114,0.595245954983026,0.633068182657098,0.51197639140996,0.917350647139,-0.0009746868176221,stable,5
3.46497772473064,7.25236031401964,6.45925544488266,5.31212763013,2.77934732028457,-1.09909910815806,-0.647287668271747,-1.03296054385476,0.575345667367636,0.807408068327433,0.458703626758683,0.536131103584542,0.060884591774268,unstable,5
1.39265547369554,6.70604844338758,4.3557019311272,7.12050699293077,2.97394009961283,-1.04961169717278,-0.991060180465074,-0.933268221974978,0.757330608229038,0.875898649963674,0.652166601107499,0.9243706345718,0.0629136965443435,unstable,5
3.73901372771449,5.97208211925081,9.76835546655951,0.715334387991182,2.10956719014044,-0.704814562324469,-0.813279273272248,-0.591473354543722,0.656115998349089,0.0922970746513386,0.681501611151813,0.764321184633585,-0.0351237128769574,stable,5
4.6567361480918,2.0932785758401,9.50785615694807,4.64757422882367,2.49306467276715,-0.837210611540475,-0.86492246008506,-0.790931601141614,0.885397202586799,0.230756689739687,0.596468817677734,0.71352008334493,0.0409393923750755,unstable,5
5.11897373342924,2.56413070467011,1.51344194355163,3.51263898934001,2.42469457723821,-0.684205473300733,-0.501748467505153,-1.23874063643232,0.831753863478322,0.29717357498061,0.208667803736244,0.651960994616355,0.0141169340610999,unstable,5
3.64307334811946,6.05915281517415,4.87080168327368,6.01347409574353,2.80885045386096,-1.67426224610895,-0.633995844713156,-0.500592363038857,0.258394849022665,0.636879743931354,0.284253170687193,0.781225869935523,0.0468551090167396,unstable,5
3.68353519597366,8.3680883992882,3.81298352262481,0.736501451138884,2.49260020483159,-0.851655904738023,-0.706788375069981,-0.934155925023591,0.056554907958234,0.873918336364827,0.798007267068808,0.80762736464739,-0.0108162169667749,stable,5
6.98752358279539,8.37481727611964,9.09862951385594,0.681481818952376,2.53105962155991,-0.570890122514241,-1.23933637771403,-0.720833121331641,0.682979687532143,0.506988848379256,0.29954750114136,0.258606907726158,0.0241664785245736,unstable,5
8.57221537936622,4.53540816599261,2.2904401465829,6.49166573277318,2.63927507407746,-0.511642652881797,-0.911326822023653,-1.21630559917201,0.166573113513179,0.793074152460457,0.571998507707637,0.617072132059011,0.0279670045470614,unstable,5
6.37694484611375,6.38214638445618,8.28737184034818,4.43513836582133,2.62763844793627,-0.814492861681466,-0.941218955120561,-0.871926631134248,0.17985543347699,0.173984396804472,0.262433459059248,0.575187085384666,-0.0105142328438586,stable,5
5.40590442223354,3.86452771843881,3.39175006994316,3.67636546590694,3.01555163121812,-0.799098754029744,-0.891995521611953,-1.32445735557642,0.592650796528807,0.617505610701579,0.942374884203905,0.407546353642707,0.0647778478704413,unstable,5
2.44269580872586,9.5792348668155,8.16376711394819,9.12036834681324,2.08468303049851,-0.53629522889785,-0.870465156783909,-0.677922644816746,0.753094644943412,0.730897901625389,0.992903107193734,0.604473704914318,0.065998307751749,unstable,5
4.33702655528707,5.28222380047076,6.24732059275677,5.52922211374586,2.01195531055169,-0.61084725994094,-0.734049246006936,-0.667058804603818,0.693615424237876,0.0789083031852695,0.679140762050102,0.630322111718198,0.0526702600938891,unstable,5
2.82429293858522,8.24952068014295,7.49259339229872,0.875490498987481,2.07639757439472,-0.791830635787593,-0.51991219826109,-0.764654740346037,0.504770935945571,0.650745655469805,0.203118681369063,0.783256389688413,-0.0334893459152369,stable,5
5.16482726621891,1.42956629934205,5.79417412205443,2.31243726224836,3.10464785130619,-1.34769298898942,-0.598767252521019,-1.15818760979575,0.986293942883611,0.364905963260626,0.43860908095239,0.719366350060618,0.0323799842142991,unstable,5
4.95003819385321,8.14692598268983,1.38985306537715,8.40575402981101,3.15580177980683,-1.27499906239019,-1.09481376882695,-0.785988948589691,0.523808567553505,0.26424280170617,0.0999340913956345,0.831790577505655,0.0296992089537225,unstable,5
3.24964822430859,1.39927941227738,8.79524299876696,5.71028496843564,2.68634314216212,-1.23572716369386,-0.711255772671849,-0.739360205796407,0.379785059947612,0.398112479808065,0.491861943360412,0.63108763630106,-0.000185128634758,stable,5
4.29983094683142,4.78216398855257,7.9415137586345,5.46581206344336,2.57769852578872,-1.25635971304707,-0.759252026054484,-0.562086786687165,0.337133458931514,0.670411678598354,0.569131348845239,0.0795802935561456,0.0215122862694746,unstable,5
6.5262039086553,8.17907849881838,8.03436693838935,1.26571852324414,2.66710321234233,-0.611327817536215,-1.48778022358642,-0.567995171219692,0.0920907747528784,0.773818888642123,0.719945719021052,0.871705255509275,0.0211084175741353,unstable,5
2.68680401137284,3.69801047557717,8.1831487005365,5.82742647851099,2.50175579110316,-0.956870978396304,-0.88374837115641,-0.66113644155045,0.146397207068946,0.897037409008659,0.657480006747813,0.311665370299654,0.0258459728316662,unstable,5
8.19139547860121,8.33714223063894,7.91845796149053,2.91216458855314,2.94152194739487,-1.07200306182533,-0.670066597406263,-1.19945228816328,0.708795840543925,0.151781503892966,0.98213439889013,0.467868361407731,0.0556641515300025,unstable,5
3.39706012923301,3.27735604363278,1.62027359127057,5.63955373857921,2.0881520097511,-0.555588897000789,-0.885960772269231,-0.646602340481081,0.798367639127524,0.921726219005546,0.61513667849015,0.132505607723303,0.0283841642353089,unstable,5
3.16263742552095,6.11894029142726,2.70878291751906,4.72516287766808,1.99612158550022,-0.532842676879559,-0.62887713037522,-0.834401778245438,0.150240323912035,0.322407216798714,0.514084938891362,0.940742822264055,0.0220825569323322,unstable,5
2.72470909462922,2.01215900784795,0.675207397739612,5.75051288341437,2.45530717651925,-1.11727942963701,-0.738364981777337,-0.599662765104906,0.991667525011473,0.924665539861153,0.627904995673425,0.705323388016446,0.0138277586253845,unstable,5
6.77898304804264,9.0423451857255,1.03967075211587,6.05856981763074,3.04447622930249,-1.3388018851765,-0.630718297492713,-1.07495604663328,0.597366406570991,0.79836139388572,0.384464339007703,0.410939306869011,0.0360278390283082,unstable,5
5.78730915158149,6.83426790102285,7.69742511177672,3.68560496121966,2.91938849750789,-1.23433870899128,-1.02507331074584,-0.659976477770775,0.76802613762997,0.571817641216111,0.567398238487189,0.130804705147737,0.0545243980155415,unstable,5
2.30312462583934,4.00157311538158,6.93303210500266,6.24733700456659,2.24164611528609,-0.589706597182143,-0.998173282899498,-0.653766235204448,0.725492960338653,0.797003781207446,0.50530378241804,0.691784577415487,0.0547235501786432,unstable,5
5.01459178030046,5.33411074546654,8.84733150738411,1.83244910539788,2.82457197369541,-1.01232044586051,-0.871394497479708,-0.940857030355197,0.58925957836415,0.529772027360332,0.226093287287371,0.798407738069007,0.0059160066808727,unstable,5
1.55303204787193,9.47104428638836,5.87421656763107,3.51761150826387,3.05502055774773,-0.845224101549492,-1.1402844251154,-1.06951203108284,0.66973378357123,0.656895950560622,0.548949809654834,0.736827784048876,0.0098159260949433,unstable,5
5.65829446888409,3.93411285174629,3.86098029552585,9.36731952733344,2.89892644296291,-1.08904914213743,-0.920111956596014,-0.889765344229469,0.255936834715871,0.290878592199886,0.301984647395827,0.338461449937215,-0.0234859364186587,stable,5
2.87088598929329,9.88354408453465,3.23064271777292,5.31815117057648,1.76491078266139,-0.578272937370045,-0.588001058377302,-0.598636786914046,0.721472245803152,0.544969719799442,0.489826811554562,0.939926360053607,0.0348582661289634,unstable,5
5.33391607257233,3.79228588023835,0.876098448804219,3.82703943618876,2.55932051570919,-1.03140626587468,-0.844692305621982,-0.683221944212529,0.208861914158621,0.195008096654103,0.460842253833043,0.806617290212029,-0.039160915815824,stable,5
8.52292017557393,3.96560790345545,9.37463390818681,5.34912752704998,2.7059175153132,-1.05873736674273,-0.516675551647285,-1.13050459692319,0.512163307172856,0.8648690638117,0.0609391037992085,0.536102516010725,0.030400578020045,unstable,5
7.72569964342745,7.74894828104146,4.22990422331516,9.25397451153476,2.70446344986783,-0.538219827737683,-1.02632512185666,-1.13991850027349,0.692406623198884,0.219832308177077,0.875499504443539,0.541093913772666,0.055272758053411,unstable,5
4.51375066404555,3.3207766892415,3.2410833022322,9.93139721325614,2.663324272425,-0.910609689715132,-0.940831120452168,-0.811883462257695,0.141747409252598,0.516628601410623,0.10609007074142,0.791387031535364,0.000236612678458,unstable,5
4.09196769070005,8.49119578886418,6.68838069166687,5.55245690452557,2.71167562719552,-0.554849512504716,-0.919886445621785,-1.23693966906902,0.989597166556884,0.64845296574265,0.743016043426823,0.776523616320706,0.0904176548190168,unstable,5
5.49952127369142,2.94523882350161,0.77841485967621,6.97404039191909,2.13171929102998,-0.885500793295726,-0.701702626319789,-0.544515871414461,0.926960048396865,0.345986830807717,0.408946471239481,0.600285202044866,0.0253084274950611,unstable,5
5.67619484633644,4.37400739186332,1.58912354428552,9.74616344899124,2.4903229005607,-0.835474503041222,-1.12410202053684,-0.530746376982634,0.47282776123569,0.11629359556469,0.658319154114771,0.324218644875637,-0.0293567218813192,stable,5
5.06331845341455,6.6193665039593,5.66535453653089,5.58664839021811,2.6516484925448,-0.775171463222883,-0.96967853496091,-0.906798494361003,0.846400107547235,0.536048306287602,0.200276517474158,0.360239942540397,0.048438192123555,unstable,5
5.07209247695456,9.3483587464323,6.0067570785122,9.55455575551992,2.42628483052351,-1.11675700267355,-0.648715293075028,-0.660812534774933,0.873940824407135,0.735945846955098,0.0768591112864495,0.0579422482334485,0.0305448329434756,unstable,5
2.58542150033236,9.11158658448003,4.87583440628842,8.31038572433335,3.04980419728572,-1.36955335010424,-1.17721867535211,-0.503032171829371,0.508494352487089,0.764441865558744,0.931123923909885,0.337830779591447,0.0468234052807674,unstable,5
9.31302358265441,2.92775079508701,9.41390664733812,4.25744928993578,2.26656335932809,-0.672002481147216,-0.582703803931514,-1.01185707424936,0.820980847425199,0.390134810102176,0.974926165522285,0.846232878751021,0.0652692067251231,unstable,5
6.83869721092853,9.01223249819665,7.2087842067512,6.24514317202768,2.52950924743821,-1.07670458420793,-0.641036889154452,-0.811767774075828,0.432146312170573,0.531157683812777,0.659403157426736,0.536442163783046,0.063118547139238,unstable,5
5.3052355940129,8.30863457435369,8.59289476026329,4.02404113409229,2.86359014702394,-0.808085956382647,-1.00041372987804,-1.05509046076325,0.346929481985309,0.471899360667509,0.238433613823252,0.922791770771334,0.0320615437802843,unstable,5
9.58113650428933,4.02580159571726,9.28318752133607,1.38289267365742,2.75114690412883,-1.01918780501225,-0.68871950063135,-1.04323959848523,0.459241991054584,0.337065613723841,0.137081251538827,0.376309433913404,-0.0318075666665765,stable,5
1.57474997372784,6.53582828129667,5.47787675959849,9.43372612272418,2.88263745953932,-1.01460619456872,-0.904401603001298,-0.963629661969305,0.492401399328891,0.937157081358731,0.264932796076275,0.699269111842428,0.0390958021986071,unstable,5
5.84466289698618,8.11856244979699,3.06216079433012,2.84539414483733,2.54937311243364,-1.00373955569172,-0.72023343651921,-0.825400120222708,0.0531838192253443,0.251213671822904,0.635798266725009,0.40503358594318,-0.0518102237742981,stable,5
0.801997524204094,1.17234842464129,7.61265847346621,6.46372998299218,2.24493838067343,-0.858094709208037,-0.823971256594814,-0.562872414870583,0.845535945672849,0.668840581686739,0.138435854758505,0.395612000013667,-0.0416201039002504,stable,5
8.7038891127242,8.6307271050548,7.50366426351222,8.82302178533843,2.84226672834586,-0.990275558021327,-1.33108189901717,-0.520909271307359,0.689220227190021,0.137136664426536,0.763538604771253,0.403327587782296,0.0587404373373508,unstable,5
5.52723767892109,4.6056655529866,5.35654820321008,5.4939992178545,3.13275964053244,-0.694729782212619,-1.18942464516377,-1.24860521315605,0.690851392876303,0.120929151552636,0.432076475207661,0.613884086778821,0.0435381782498098,unstable,5
1.97598144081791,0.834370655942988,8.01883319659001,3.32540094865607,2.23135974162453,-0.621977873023192,-0.932918074030836,-0.676463794570498,0.417101197506917,0.961408864647179,0.211177238185402,0.701044567469633,-0.0544932396511012,stable,5
0.684170474449056,1.63528987569609,5.69880965213398,2.06302699929614,2.79029607477332,-1.384339103832,-0.587605229328852,-0.81835174161247,0.733594748942187,0.678311504528873,0.203339912137456,0.213285520336176,-0.0490397669491418,stable,5
3.83322736907983,7.0038705606947,4.93333184299236,4.65554092355401,2.54522656676271,-1.06109839957011,-0.703456020938093,-0.78067214625451,0.372031250576766,0.898826176652284,0.310388030600904,0.261327425845908,0.0351678964006506,unstable,5
3.19044506969906,5.1376123887112,4.45543472649885,6.07661028593123,2.7545742968538,-0.945250533010624,-1.16411774746053,-0.645206016382645,0.184035470735588,0.413668877396013,0.918699466365426,0.875200891862812,0.065743968344372,unstable,5
4.50610173988424,1.40242972122307,1.56939872031811,3.26158067350236,2.79415315701468,-1.49193193633066,-0.646641937948309,-0.655579282735707,0.778772617259166,0.217359039522468,0.596714828008139,0.105785079939509,-0.0177536802582884,stable,5
2.74699135394002,3.96496372858486,0.519817554652586,3.70837316972703,2.93477991222987,-1.29234338405656,-0.751960995790537,-0.890475532382773,0.321706944993089,0.705384887128596,0.659116273752725,0.864578877551143,0.0112424466420734,unstable,5
4.14596435445247,1.87178991432484,6.62625444505042,0.902086022448994,2.79073265282385,-1.02273707989228,-1.03982129266012,-0.728174280271446,0.330736011462602,0.442696271988468,0.658597214323718,0.81293558983659,-0.0247601414238858,stable,5
5.2296587339749,0.886573914930818,1.6786542056037,8.21926387696974,2.22597894349205,-0.548026965957799,-0.601865778580576,-1.07608619895368,0.555814893348357,0.454557929249919,0.593222042443387,0.725230008353293,-0.0117556581237595,stable,5
6.24887203364949,5.53327796347024,5.93771207754053,7.3552932907411,2.88727263080509,-0.866224145766266,-1.03332335998198,-0.987725125056843,0.313240549464748,0.914950034539843,0.681599568613581,0.369313446707488,0.0678619228857281,unstable,5
3.8989228026751,6.90803489622232,2.66806184430002,9.71607632170187,2.3227584488473,-0.536507788606559,-0.638910185169405,-1.14734047507134,0.411027901015953,0.324234167626176,0.524948035200373,0.484173468504451,-0.0028361784783648,stable,5
2.24423711827543,7.80953917622395,7.19447943393992,8.29334283698325,2.43039957301312,-1.250221968257,-0.517186098193668,-0.662991506562452,0.363491052281908,0.773569316649066,0.136524574366882,0.082320326716064,-0.0023357938174564,stable,5
0.975725465303683,2.57205236378508,7.68758388742667,8.08128144471841,2.77272772945832,-0.684099378138385,-1.24679435164924,-0.841833999670693,0.346716200383246,0.595529341257474,0.761043071484473,0.0785179413363978,-0.021532822275698,stable,5
4.72878224914731,9.71621931262858,1.94717774706678,1.10017102985594,2.47959410905824,-0.547543483150506,-1.08498573011558,-0.847064895792154,0.935677524671068,0.714362291917455,0.445499831697228,0.68535282561029,-0.012250284083709,stable,5
1.97284940506804,6.77821667717067,2.35964996479573,8.92239564888213,2.3259233981777,-0.689618829082034,-0.739771660769253,-0.896532908326411,0.595459527546227,0.883280752770687,0.506130581848128,0.689098471313583,0.0294863495686577,unstable,5
5.44205294695828,1.57980139824923,5.1267941577433,4.94352771789077,3.14044597225219,-1.11850137182721,-1.14244802891287,-0.879496571512113,0.722228151054413,0.844302082055599,0.811105197710268,0.076689853974008,0.0311423213073438,unstable,5
6.83497294737337,2.00923856223405,1.74505339803885,3.23299506117803,2.72705150295911,-0.577740034832386,-1.24704208074291,-0.902269387383817,0.0860405478755815,0.202659930591196,0.357410703678268,0.848713732255577,-0.0447159884584776,stable,5
1.19971500313618,5.15850839152557,4.98290013729118,6.59387828151131,2.79398567027579,-0.897299067785381,-1.04259625645913,-0.854090346031275,0.513041225811196,0.162821466767275,0.691769219323032,0.793017137853915,0.0237938868645381,unstable,5
4.33032232336501,3.54096038735321,4.7433269275377,6.10571340636153,3.25425372792428,-1.42218693310511,-1.18490503987367,-0.647161754945503,0.80578056266919,0.0898843720345118,0.875022269886224,0.641207692436376,0.0671677283572554,unstable,5
6.40984023660946,8.0404492111932,4.2637667223622,9.29284630669906,2.13100651682936,-0.513952357925894,-1.01287421145281,-0.604179947450652,0.291984039054826,0.112488731448246,0.654071281793538,0.410343592372476,0.0082396290019532,unstable,5
3.25597832303945,3.60194664854275,6.06937199209572,2.50075632459291,2.84817815449684,-0.817032751383865,-1.18333083800831,-0.847814565104665,0.0969179169410502,0.851735906014514,0.0623128581476479,0.440390085694297,-0.0371428249618568,stable,5
7.97153902495578,6.72089418687479,3.74148391477532,2.6367139601944,2.93589807191959,-0.896718928196724,-0.889143379923794,-1.15003576379907,0.111749389589297,0.255316680834101,0.874056592241529,0.177465027720737,-0.0231768792275562,stable,5
2.23037940367289,7.78138509164358,9.88725121765382,1.24600643972687,2.60841004915209,-0.641793563616311,-0.633452917212481,-1.3331635683233,0.786044851899113,0.180495899888683,0.835492400010753,0.821882249636831,-0.0166733116972274,stable,5
7.42279663084238,7.56821216268244,5.93535984603433,0.599771403242496,3.06499121234833,-1.15530140146686,-0.869672259519854,-1.04001755136162,0.347179513625399,0.982046282453915,0.378197597735013,0.120649481687221,0.03885268875174,unstable,5
6.42771913595255,7.15031307341033,7.43067300681212,3.80497613065337,2.67828197832761,-1.20917051701465,-0.717928975831636,-0.751182485481328,0.997399519497361,0.950922374317552,0.98608792666837,0.335185378121908,0.101812956695502,unstable,5
1.4333142151207,5.69377694057109,9.4970857906275,9.22025624806038,2.73797941481603,-0.565053948124405,-0.901840209070023,-1.2710852576216,0.144942924208436,0.376005165379564,0.0570280974853213,0.0553410260172293,-0.0453901873977168,stable,5
7.07400617712133,1.33751113476815,6.100756225596,7.75915630530479,2.5269222303389,-0.922539755897573,-0.632600273266039,-0.971782201175287,0.984579523917044,0.716081968494545,0.836928479543751,0.165162294214489,0.0464774376563916,unstable,5
3.31275966168754,4.87667292969842,2.06537460951328,1.83525379045937,2.29097364525131,-0.583010579870595,-1.12194311538381,-0.586019949996902,0.527051935116063,0.610671913591216,0.660785761292601,0.506207165167769,0.0081472816454201,unstable,5
4.29412253708559,3.47664380193098,1.90697651115734,6.5289197270103,2.6937581810954,-0.542387912462617,-1.05703483600667,-1.09433543262611,0.378184544926308,0.285221443588015,0.164783849685133,0.764771169823217,0.0044560231183217,unstable,5
1.15611129888067,5.72267900328994,5.21457957891139,7.21878967845176,2.53074383124299,-0.768708947177802,-0.766974574096873,-0.995060309968318,0.503723564488278,0.541621415475882,0.741294597467453,0.537798447203324,0.0346409819521744,unstable,5
9.65804028439407,0.568450309726398,5.09139959072951,3.51494250521581,2.12526694098297,-0.659096496888914,-0.794526407707005,-0.671644036387047,0.423190070791024,0.516197359024013,0.270608875800606,0.913456409876959,-0.0411728002993923,stable,5
3.2691773796667,7.8900039250577,7.55380550496117,6.59198110973394,3.07401661646686,-1.23348894232064,-1.10644736704427,-0.734080307101947,0.500363856321679,0.623965173800043,0.285691338023506,0.845596007153761,0.0550353137800709,unstable,5
2.59268120423228,4.93735564079583,7.26633191423699,3.66309907469528,2.60276615219952,-0.675666744938365,-0.908687409649358,-1.0184119976118,0.281851184406308,0.400089189344672,0.631103269564271,0.662460023736098,0.0242959656195985,unstable,5
3.38665956018148,6.73909353012983,3.11718657182101,3.77720944463436,2.66281987570143,-0.927193807377259,-0.614476838690264,-1.12114922963391,0.284273104300151,0.381215554684454,0.651483981238906,0.917519664155771,0.0340193220170122,unstable,5
1.8433213983279,3.70178395612192,2.83767966946134,6.7556033999153,2.4323411750564,-1.21144450707674,-0.676313400041335,-0.544583267938322,0.357549163629707,0.313734750132615,0.391488659025312,0.232412121812897,-0.0453534721581533,stable,5
3.40864483735315,7.11029995912818,6.00287534971414,9.57893691111559,2.43464614426028,-0.546072747487167,-1.12709955513239,-0.761473841640726,0.362036177939218,0.392137073777923,0.0988227283906413,0.587104781149468,0.0108598305744124,unstable,5
6.80834851961883,3.67489702308454,8.26028974479944,2.918659050717,3.24896225760213,-1.17168561801115,-0.947988194388803,-1.12928844520218,0.727135783494469,0.167870301814745,0.708937582236052,0.91418535731026,0.0457247020827785,unstable,5
7.40371102352577,7.80043131248134,8.24897590258033,6.06278322877237,2.66586305503689,-0.630505589367845,-1.40867896482738,-0.626678500841663,0.798140572944232,0.438352011918189,0.246528669447309,0.385545243812504,0.0515515512455329,unstable,5
1.81417117937061,8.79870886997007,7.71821754830168,2.38281793628425,2.8446619666768,-0.905896462507488,-1.10497939476868,-0.833786109400634,0.0936565677797259,0.853970118135179,0.953805334271682,0.775153999084339,0.0473385461230383,unstable,5
2.50423104943433,8.87469040669339,8.89076806642598,0.894187716032285,2.80257012184043,-0.501947061463341,-1.07737076843423,-1.22325229194286,0.259721246107336,0.232567894625427,0.617429776847864,0.118603398873735,-0.0119911420459782,stable,5
3.51817836568227,0.768056706662895,4.28895331686074,2.60114360014844,2.56258409730464,-0.643368771854602,-0.730371459565149,-1.18884386588489,0.946822849126455,0.830259554610695,0.766799008606789,0.565363081900351,0.0422707352598198,unstable,5
1.98692506427576,0.522052138619067,3.95309129879172,4.78714973968281,2.55125449000457,-1.43302329905778,-0.544715511362604,-0.573515679584187,0.588196138792068,0.891932863662975,0.714882181763998,0.407993979393687,-0.0259500335366362,stable,5
9.79603828748515,7.18724414274505,1.26277869800025,2.30672754258479,2.08220481275869,-0.515706007492251,-0.708272640194814,-0.85822616507163,0.800351203594832,0.778357019324242,0.259489676400751,0.230158128773151,0.0279696254461515,unstable,5
8.19876636117086,1.92521690957971,1.63649193824218,5.4575003335367,2.79218096104197,-1.60700537137595,-0.504414558126358,-0.680761031539657,0.553406743806227,0.189060753367642,0.165009782289999,0.383735917615792,-0.0198489668188585,stable,5
6.83214758725556,5.01323560180522,5.279009142661,6.71039773991408,3.06303556547235,-1.25404809438559,-0.74930397633299,-1.05968349475377,0.137511445023976,0.791879783757085,0.936725945430971,0.0812602653789509,0.046312345673729,unstable,5
4.43969542045124,8.45752041288553,8.42503394960723,0.509225951684895,2.17240156220928,-0.625723245415138,-0.786436920177715,-0.760241396616423,0.625770129784317,0.777144277263142,0.910854843637949,0.372756263560439,0.0485656784400572,unstable,5
0.920643436652678,8.92786775565853,1.64688735249517,8.52825319499316,2.53082830318065,-1.1926516509781,-0.745924537991662,-0.592252114210883,0.972389149192981,0.686966591218225,0.850863496464981,0.889382381292944,-0.0079040625602723,stable,5
5.83004487674271,8.64201546880805,6.00908313937396,8.29120831069169,2.74580367299379,-0.64677682327464,-1.1371937411466,-0.961833108572546,0.0906022712329635,0.870737122210545,0.510433097998146,0.578790990163271,0.0580965906624983,unstable,5
4.78179208749062,5.61061588660037,4.51509166098657,5.18331587564438,2.242505623208,-0.780330585354229,-0.575403734703758,-0.886771303150011,0.788743268592848,0.998578375044913,0.440688719288299,0.981117936162667,0.107380067802589,unstable,5
2.86693733873421,4.08141263541951,5.54214189308946,9.78533316434377,2.25570365723072,-0.542789902911743,-1.16356570690236,-0.549348047416622,0.695018930531865,0.353899201824013,0.883654038972795,0.540929088352773,0.0355015976309529,unstable,5
4.85501819453671,1.15622706924613,3.34689169253989,5.67842341611856,3.14007960138927,-1.29182761334088,-0.798160564516124,-1.05009142353227,0.45452698638979,0.48993147292687,0.490014146430723,0.512587230915393,-0.003059256227111,stable,5
3.96891557280638,7.85689063996633,5.64317822298476,1.84670824713811,3.07512888812032,-1.13915930241069,-1.13432452782569,-0.80164505788394,0.795441783452043,0.52518150990935,0.219038717515534,0.685479543442945,0.0093621668350104,unstable,5
6.55591567622093,5.44986719066508,1.74752465933313,5.53398561072933,2.80176886579578,-0.527349689255981,-0.976657416624075,-1.29776175991572,0.74962315600305,0.132581783901098,0.930746305128166,0.552640383929029,0.0218670571293531,unstable,5
6.07260824991848,5.56393516672422,1.14269967884974,3.09547284689753,2.15518335687179,-0.7238466732434,-0.852865245733131,-0.578471437895263,0.340352375094596,0.518745250565615,0.160526773718548,0.871538995521414,0.0066473094337309,unstable,5
6.52305593882472,0.794212183667789,5.83081832311816,4.34731743469893,2.96391828940667,-1.05243885863964,-0.889020843195345,-1.02245858757168,0.430478445117557,0.106621379857505,0.894081747750508,0.466275108938401,0.0349736898058579,unstable,5
6.17752467065869,6.64579663962367,6.52386258202423,4.01686722081216,2.55042962768348,-1.18152414411898,-0.59247020208285,-0.776435281481652,0.192775543493711,0.594597157864602,0.0753269183001609,0.871882625195506,0.0242681185566926,unstable,5
0.516545920878288,2.0238704796549,4.9173959261455,1.00318442689171,2.92876203295035,-1.11529917968657,-0.843896340553078,-0.969566512710706,0.628067081798443,0.204540203818259,0.176810856299559,0.294152887418388,-0.0430395449126161,stable,5
0.831930593194603,5.33087045508869,3.77917158012092,5.01440062820052,1.71891909083688,-0.593905338670569,-0.609598616543074,-0.515415135623235,0.404075599796642,0.852194540825695,0.114084479154067,0.0740424074195616,-0.0377711415734524,stable,5
9.76807038826957,4.47949827866858,3.77162249600126,5.32086225912969,2.32608926407651,-1.10264846439138,-0.600460127508244,-0.622980672176881,0.117810697272115,0.106784318503819,0.592583934512353,0.0588196759610472,-0.047138689012223,stable,5
7.94284350827289,1.86444074442356,4.59477652325272,8.05290462416308,2.67453088799914,-1.07961017743291,-0.52715491308932,-1.06776579747691,0.251921379350432,0.808502008272398,0.234463883529194,0.318268786918679,-0.0367280561111775,stable,5
8.61508803535314,5.99674810126482,3.29654957084437,9.04117232603128,2.82617390548495,-1.23660616794521,-0.732141887937754,-0.857425849601987,0.486827862499998,0.886200541573142,0.797104714880233,0.622755379484846,0.0645438479370574,unstable,5
7.62709361726829,5.36892685345657,5.20720812739756,9.73504334792313,2.03925749593122,-0.534809414102696,-0.934978936263011,-0.569469145565515,0.157797599477873,0.64651444407566,0.597256211459809,0.381161038847899,0.0317058416674571,unstable,5
7.15654279824193,7.70659137009218,8.03338005298558,4.40030581860332,2.3553910447535,-0.502159976815223,-1.27157147493169,-0.581659593006584,0.828441673574534,0.516025851819924,0.248617214664581,0.53177641514155,0.056414348665313,unstable,5
2.36739703418622,9.09308790001993,4.2322892645375,8.87271001337348,2.89430050309558,-0.77701955945011,-1.04131417165768,-1.07596677198779,0.180869278519042,0.686713523931921,0.951358082502037,0.433712526704416,0.0385111589989629,unstable,5
5.44023411219812,8.97243236603049,7.42870834189027,1.69499721191139,2.84772285086014,-0.53372041919739,-1.30826272806105,-1.0057397036017,0.364652865784309,0.224243520889059,0.439619184073125,0.280117438451902,-0.0112040696233361,stable,5
3.98665688710831,7.76427803936807,5.98772581620567,4.85591695918852,2.81883596782285,-0.553215401279973,-1.0347474090155,-1.23087315752738,0.48678556433636,0.328540405787063,0.641854298691205,0.916849859736521,0.0629978644843819,unstable,5
5.52090504706529,7.00001647892996,4.7733174447335,3.25226370710259,1.88337104804793,-0.544990981696954,-0.623287257513439,-0.715092808837537,0.613186550464613,0.523925618962889,0.501942679161262,0.620122972756917,0.0513207709865995,unstable,5
5.46359299978266,9.07225420568876,4.76255349173658,4.67264850159361,2.29589221781627,-0.762796273751603,-0.85873065579558,-0.674365288269089,0.518080798780881,0.453614025515593,0.391416576609907,0.114020727751208,0.012137313979996,unstable,5
0.610645179009275,8.34407020941289,7.89838560517282,4.68648574136707,2.30686840832488,-0.631573644764977,-0.928528266548878,-0.746766497011029,0.50043628058459,0.776434369477786,0.966699955201843,0.253564980017383,0.039098452573197,unstable,5
8.93094405112745,8.78511623150045,2.10654506766117,3.48814130627112,2.45294022327497,-0.571286548268038,-0.993260716886597,-0.888392958120338,0.85007639800534,0.596405974378983,0.0611341264748457,0.159282533184006,0.0353459121089902,unstable,5
4.32213493416797,0.93355044305214,9.1469493273342,2.43616706677593,2.53333561686905,-0.852728246577747,-0.581898083809379,-1.09870928648192,0.874210974975849,0.160578778631683,0.539434095395001,0.926456819653388,-0.0010350847589555,stable,5
6.05567461242968,4.32770441411805,4.32304931597498,2.34641249553086,2.49869757984057,-0.84817693171039,-0.997756961505045,-0.652763686625136,0.687884018356365,0.635808547328422,0.772779386588507,0.814059643613215,0.0711753385256793,unstable,5
6.21849433464992,7.94336024546159,2.05478680370393,5.22686928369567,2.11209825489713,-0.691982794278033,-0.794709553568531,-0.625405907050567,0.44373670133481,0.580249104400522,0.366940380336839,0.368289916974377,0.0184128912751992,unstable,5
1.67392940551261,5.10340186520171,6.60046625232116,9.002469822402,2.62233706619348,-1.03096172967065,-0.695412021669967,-0.895963314852864,0.917936180752424,0.914218189356654,0.22358168116932,0.861659460783354,0.0326725867187007,unstable,5
4.3640996132783,2.81527297692657,9.7878936150807,5.32594728605767,2.82176873515831,-0.725110011369991,-1.35696459373877,-0.739694130049553,0.748670247871275,0.492910565074582,0.688810104919907,0.461418694991355,0.0320526524822577,unstable,5
2.55100827673781,2.15629966363289,3.4677700965471,1.37246270821686,2.67193583267473,-0.830284594312031,-0.836505819059396,-1.0051454193033,0.306911533874759,0.908519093298778,0.802615117453308,0.271458909856128,0.0029256977079387,unstable,5
7.64025655620511,5.95970164483361,1.24715007394223,5.24918866836792,2.2249075909575,-0.844667710198765,-0.607559236881114,-0.77268064387762,0.174434626622206,0.763597461874909,0.162955352197984,0.639313672490352,0.0244323013471534,unstable,5
5.00781334417955,1.50751220593378,2.69480079856792,0.980562104164914,3.14947315807532,-1.07326030148928,-0.784257121826697,-1.29195573475934,0.856172758060138,0.147845659322634,0.912070831594671,0.460210653655209,0.0001386395272049,unstable,5
0.943140703910287,5.97560708977199,5.38273354550059,1.80831053099498,2.62002754450705,-0.652485157758207,-1.35669269269973,-0.610849694049114,0.630120899673525,0.949729412881018,0.95394169716554,0.179758173756141,0.0383427847979924,unstable,5
9.45935532147993,9.66693436476491,4.1561406864789,2.74119174702241,2.77083033389663,-0.688053949841997,-0.875961769103364,-1.20681461495127,0.703482453529327,0.214710419971573,0.475413325157589,0.255188675042266,0.0116439270595448,unstable,5
6.36016770686068,4.72003823851652,8.78742936577945,8.5497993836245,2.90792000999017,-1.33344236327221,-0.659651102241804,-0.914826544476161,0.586631614861437,0.256228371700849,0.221423993150375,0.144646351339491,0.0026077724452838,unstable,5
4.31442815766432,0.583092986239959,1.33033263234658,5.26310712720383,2.51796350858537,-1.25554509062138,-0.661256668897218,-0.601161749066773,0.421411871022559,0.476305930019711,0.230662862110856,0.480253779715089,-0.0465589875958274,stable,5
6.58000170575712,5.1897253896303,3.04108553025025,2.92798741620159,2.76792628955614,-0.775578971791617,-1.16188997006894,-0.830457347695588,0.530512826589568,0.249452062550357,0.852667320417627,0.20339506651351,0.0061854611080409,unstable,5
9.40325274768921,9.76506086133315,3.01710092258654,7.97963069936242,2.19636266867244,-0.547716774225049,-0.659426917064632,-0.989218977382756,0.68016332811545,0.502140334050232,0.777602845930395,0.643835609976854,0.0529388463037429,unstable,5
9.26359522234416,3.42508274418002,1.14627263873728,1.80417295529072,2.19036940539986,-0.588103220578679,-0.788118958618038,-0.81414722620314,0.995619930899098,0.37202534743657,0.142269910584377,0.371522146824256,-0.0018822976414847,stable,5
0.998089125560294,8.9153972970923,4.94920907697999,6.72166295850419,2.85627660527114,-0.662100094734831,-0.960927517983527,-1.23324899255278,0.904488498902511,0.824285058057625,0.392872950367461,0.0610743729959894,-0.0141305352690872,stable,5
1.98608547133812,7.92974403030125,5.86928380352743,2.53565164412394,2.50323105958299,-0.97323113253566,-0.62751392573769,-0.902486001309636,0.1390486096472,0.477090375709323,0.0590691578003648,0.401618744855783,-0.0403343847063886,stable,5
4.28951699258636,7.12980027423503,4.21786232908347,2.21089418557093,2.78823751082477,-0.758207305003574,-0.765897960061766,-1.26413224575943,0.227018086987726,0.383621521795558,0.261251901328638,0.135224903264742,-0.0354510615820824,stable,5
3.32460830144045,8.47502155031591,8.4499446222094,1.33324103578071,2.61674274915021,-1.10232018608567,-0.669087281456194,-0.845335281608347,0.158537800696577,0.367921703415057,0.619441257575037,0.913212313659152,-0.0172915313860723,stable,5
5.25770886693805,1.32981609964389,7.74313186180292,5.93679833753806,2.69316857690782,-0.642217132771783,-1.1656119238692,-0.885339520266838,0.766948309662811,0.545731456944713,0.580756352175414,0.148223276310576,0.0141413078499917,unstable,5
5.58801611313955,5.46142900350626,9.12045040159937,6.87891295088242,2.87701497954793,-1.12360398404126,-0.911170570937276,-0.842240424569394,0.385715686743108,0.332537815276424,0.261890943024569,0.632748174817607,0.0308129917967538,unstable,5
3.88749086308529,8.29937269636247,4.70395673655299,6.32221290443669,2.73650352935234,-0.6393764615166,-1.06725343393589,-1.02987363389985,0.309509012099641,0.284116566953495,0.404045323114188,0.738713629466462,0.0289177001978407,unstable,5
7.84894484451547,0.684888859477779,0.728223343143717,6.70294796117974,2.59968494074837,-0.563497335239826,-1.21006892515682,-0.826118680351728,0.185121614447825,0.559798839557982,0.682418157910906,0.886902147842869,-0.014930708736293,stable,5
2.61680770233433,0.88345670998143,3.83275606400921,2.38530117139361,3.03570047983776,-1.38986043497623,-1.13732729528118,-0.508512749580352,0.831651132679284,0.352858283758095,0.738673215318772,0.185584201580538,-0.0119074879730102,stable,5
0.800382945655438,6.7519861421942,9.12378415961033,9.73812935716426,2.75407376810083,-0.514104056915664,-1.12566365013712,-1.11430606104805,0.349253178410956,0.820216166587225,0.547272458101193,0.312000379444427,0.0294714205492732,unstable,5
3.93418690755578,0.606014977996645,3.44010250005517,7.63443024075117,2.88533368254241,-0.824534876911645,-0.791239751780149,-1.26955905385062,0.623700387761595,0.931536139350601,0.542273783846768,0.687145644039837,-0.012700734312133,stable,5
5.756189787566,5.21399250386526,7.61189359553558,2.82705703864691,2.37222044033525,-0.546931408460019,-0.591714024818654,-1.23357500705658,0.928249742297158,0.773133925531872,0.65527675733347,0.9388979159279,0.0877820932239198,unstable,5
4.30863290916114,5.22594768980955,6.13221617713972,3.64194028208893,3.12056676380719,-1.22363507960364,-0.982616779818665,-0.914314904384885,0.984639256644889,0.125095377186452,0.173923370954606,0.876355030802799,0.044784256831654,unstable,5
4.18974621620022,0.612039444556623,2.36983718970397,9.01525167514421,2.84270963106444,-0.921580664112524,-1.39832068254743,-0.52280828440449,0.992675230398754,0.173616784001392,0.0543131673757161,0.815890660702714,0.0146893999439179,unstable,5
4.84196426378334,5.28913140394079,6.51737578350017,6.14794519868417,3.08305252559079,-1.35535443570545,-0.521316103362839,-1.2063819865225,0.819230981236107,0.494775340596393,0.217370554357539,0.345805062026107,0.0425566581698377,unstable,5
9.37910292495714,6.46621890542082,4.32845668573139,8.66551460507886,2.21684407885516,-0.674689815316512,-0.813671818931377,-0.728482444607269,0.0636409911900701,0.522227046580483,0.821584926837152,0.689941551527102,0.0461163315606438,unstable,5
0.724807464892569,9.40568453551317,7.74834858903995,1.65480417331443,2.65577734738472,-0.766608044399298,-1.17987177424021,-0.709297528745211,0.69910883298485,0.714152549042614,0.183319623802484,0.706338317920686,-0.0312158400074441,stable,5
1.81838342262665,7.90736792214299,4.40037959049247,2.18872274831107,2.04881614700609,-0.6063660492645,-0.726471568334801,-0.715978529406793,0.353106057098829,0.112007380671388,0.256999664459575,0.492245328640277,-0.0277778918186765,stable,5
3.54645928103103,4.29923723789407,5.09236074488676,7.77513653071686,2.06896285903465,-0.700908773595502,-0.766027370389225,-0.602026715049928,0.596276246051129,0.871142791900956,0.172522912295724,0.580701046252281,0.041613414915411,unstable,5
2.32343264623345,9.98823212826512,2.75557824175896,6.88089188668996,2.56941257674147,-0.741135000627139,-1.26544806372501,-0.562829512389319,0.561939951007341,0.248240646587101,0.990207599151502,0.546739381263052,-0.0101683419563775,stable,5
4.60629302336153,5.36373784372371,5.24290009017257,4.40216420735726,2.2060371807739,-0.750001829671895,-0.638466101925378,-0.81756924917663,0.78787091369753,0.501285188540952,0.944688661029065,0.127477745009225,0.0687307280911335,unstable,5
7.78728955882527,0.924761444020353,4.57436296365809,3.79802211301503,2.69433443859676,-0.699558709504991,-1.14456182651379,-0.850213902577979,0.428831042554901,0.724832174819027,0.995701607536207,0.608796412297336,0.0227940483648955,unstable,5
3.03857268659545,1.61556870002432,1.48189490642054,8.28136167146431,2.92618193900477,-0.783682599571755,-1.05027343119798,-1.09222590823503,0.0558071281983831,0.352426751366636,0.78133592298948,0.129501162161831,-0.053141302751814,stable,5
5.30690457686735,2.45279248692597,5.41482459172361,4.96497308715638,2.85370593514005,-0.952709267286677,-1.39163028416558,-0.509366383687791,0.160439827083307,0.958669082645705,0.867021409546342,0.183519881519038,0.026496290579386,unstable,5
5.27909591244982,5.45802967425106,4.12303948399669,9.86076793644081,2.44107484524791,-1.0282130418077,-0.790345859525155,-0.622515943915059,0.462567096950221,0.287155756330991,0.252945554377892,0.663103927683008,0.0214226453277466,unstable,5
5.94399291758699,1.80527184935092,9.31768494087667,6.15960529838945,2.85768169675714,-1.17260358007049,-1.12021347963961,-0.564864637047041,0.455304743978775,0.667490632277804,0.961225403492911,0.833594866385448,0.0546740663024091,unstable,5
2.20521341325019,7.49948676491608,9.75631030512399,8.05524157141939,2.23084378987056,-0.958210572343844,-0.505135179145727,-0.767498038380989,0.46600711641917,0.0899243009733618,0.14007216183543,0.0804659260109335,-0.0344298702766637,stable,5
8.31128013274988,0.848435792979412,1.94143575171367,3.39267615745729,3.07935184880191,-0.960513301307696,-1.03687998197534,-1.08195856551887,0.204145299467861,0.805099407103526,0.940855258816243,0.733829589678377,-0.0414084155280722,stable,5
7.71100357942329,9.51859853226281,9.55189198543066,7.57159630038147,2.47407260715927,-0.57651028358168,-1.19301161276628,-0.704550710811314,0.887499760373322,0.170090454820738,0.161570353952379,0.183719924155946,0.0287866379051661,unstable,5
5.14350127373246,5.2096854539335,7.68265214191438,8.22086421554544,2.92041387171219,-1.31180290382493,-0.646107652744651,-0.962503315142612,0.724989575209852,0.219112333410032,0.146671550969324,0.94477738760518,0.0510009847216162,unstable,5
5.36147345975603,6.23534956252482,2.51407235088382,3.22084579209363,2.14166245505417,-0.679741282316798,-0.621567503207503,-0.840353669529874,0.674413829495783,0.996035674128062,0.189618651894522,0.604025162243871,0.059566309206251,unstable,5
8.94839506261415,9.57441198482588,7.1289221919379,1.82285186352626,2.65003438033702,-0.64500989888988,-1.41995106091093,-0.585073420536215,0.09643864980057,0.37216371076358,0.181233735586677,0.575530945589062,-0.0398588437795297,stable,5
3.01961840534365,5.60351974113536,2.86986391325442,9.64637931050253,2.9175721203108,-0.567669493566838,-1.15498187070233,-1.19492075604163,0.297906404935392,0.305799737032229,0.203998961730031,0.568211279999799,-0.0118254844159942,stable,5
1.70060145965863,2.71926240070845,6.8329408350923,6.85264402244455,1.8590552791093,-0.597055036163773,-0.594065573758748,-0.66793466918678,0.864571126735752,0.723300020217078,0.253445150193508,0.796577216816352,0.0095253463369826,unstable,5
9.54067143669296,7.98722887905898,4.72942255412793,5.68862223339684,2.36451066194074,-0.948779878836102,-0.618967318130413,-0.796763464974228,0.894230987909806,0.916113326744429,0.487591931752555,0.765874518268382,0.0865499581686876,unstable,5
9.88723039162422,8.74185204755672,7.84725001570029,2.82123399996876,2.8454996573975,-0.84214501330154,-0.983769400055846,-1.01958524404011,0.44634920579604,0.357273196264909,0.533998946427834,0.830012956363945,0.0277084048964429,unstable,5
3.55972309325396,4.14916295898315,1.89234410396274,1.0311231769369,2.61252793615329,-1.19830729983372,-0.868458959220781,-0.545761677098787,0.987133192472962,0.514078484647524,0.71541307063172,0.568721829652591,0.0271365164095819,unstable,5
8.63772310137943,3.77812215796855,9.13291917446988,4.51295989637887,2.98496772558392,-0.95950389527526,-1.30971590745632,-0.715747922852344,0.958655896413715,0.296181114917425,0.935659452440838,0.210540699632454,0.0633447989413261,unstable,5
7.29305753617393,9.49078905632653,7.82985207000189,9.57701346781362,2.6187667145529,-1.08363661230097,-0.585058333563548,-0.950071768688387,0.899392283628877,0.402066489582927,0.787202192091747,0.639002116382939,0.0834030254088579,unstable,5
7.43877969082852,1.37490317827128,5.50245221082511,3.07599039705715,2.60468844812368,-0.537858756146475,-0.722985677921621,-1.34384401405558,0.14666094451071,0.742179706149765,0.953201566446087,0.376714417789634,0.0017063101622948,unstable,5
2.9775549805164,6.50679746661324,1.37325205585851,4.5905928962172,2.37443892010826,-0.88360540224181,-0.733811606054695,-0.757021911811759,0.833499483936402,0.41584575480875,0.750892566050345,0.755623727511499,0.0293049944376373,unstable,5
2.04112354211748,7.31851039120319,3.11465482092052,3.02151184337008,2.77699063326531,-0.813284862958116,-1.0330034395142,-0.930702330792998,0.19048151660638,0.825965191181683,0.50078981741518,0.881536147349859,0.0230025516165804,unstable,5
6.09984247617198,1.05962782892569,5.04721168984318,3.94273803025287,2.941397767436,-1.42652339599817,-1.00095296446511,-0.513921406972722,0.111826600109488,0.171686884292957,0.3458003233407,0.672460044648454,-0.0364788692327295,stable,5
7.21619395165539,8.97477483979142,6.27724166442775,3.01997092026446,2.70654723350757,-0.893640314472967,-0.554338461268507,-1.2585684577661,0.949530745623177,0.23617001189557,0.05302366818676,0.457908707309193,0.0222928036107823,unstable,5
1.94975707754298,8.57730197686872,5.41877139191434,1.70076196664642,2.01683926895752,-0.607192353377957,-0.534002881487098,-0.875644034092466,0.214964510009232,0.2023228242339,0.71745181060864,0.454845928290463,-0.0320662418959887,stable,5
5.07709165964274,2.20447121122337,8.83827320915391,8.94457271241794,3.03643498950098,-0.775922454691911,-1.02879831776253,-1.23171421704654,0.101294272903046,0.662897145220665,0.691109970545813,0.10537161840255,-0.0126606126310873,stable,5
7.83018424053526,1.27541804284942,0.570138536422397,7.70854692423564,3.1494065728632,-1.09851939879538,-0.999597932755062,-1.05128924131276,0.659529519148041,0.622724631044704,0.675076887093652,0.269092922743853,-0.0203424903788714,stable,5
6.56557096092118,5.68912563450874,2.57412029342689,8.00969107300439,2.23866085993376,-0.632877081839368,-0.630833288020943,-0.974950490073452,0.392707142719141,0.897610863782359,0.711855005389685,0.506562728464828,0.0524841675218383,unstable,5
4.50848528072863,5.8905927173242,8.45269680654314,5.93767443127276,2.78547741172234,-1.3341425102833,-0.944817772533943,-0.506517128905095,0.589454988876116,0.359248737104122,0.470678171058211,0.445447624330164,0.0384921256777946,unstable,5
2.3923972623448,7.31659222974458,9.9139895070069,1.88702604129924,2.71693569344814,-1.32023899002253,-0.644892088308779,-0.751804615116829,0.315974749426768,0.533752977070943,0.164249375750517,0.804234544923644,-0.0405536116585266,stable,5
9.27058262574387,5.61530043296792,8.34010193490651,1.24328833240608,1.91559389729627,-0.513310236181121,-0.636553019102244,-0.765730642012903,0.283374493681502,0.506292867575329,0.424343434277222,0.659806138650314,-0.0084370233590455,stable,5
3.82445072656873,5.76887702264036,3.78704148617202,5.2185777290276,2.9425569500851,-1.47444696668814,-0.886684080716537,-0.581425902680424,0.587161804359381,0.41932944095675,0.145820690036531,0.757728310155937,0.0361434147835708,unstable,5
1.2679026798908,4.10943455055447,7.22821244302313,2.62427310481376,2.54461590314404,-0.647525603201636,-0.875244047893817,-1.02184625204859,0.171947506704509,0.569363969793377,0.366065605510324,0.880163024167402,-0.0100629538203998,stable,5
2.85131999922663,7.50219581223486,5.14581029370044,3.3766413673824,3.01224461425277,-1.0996198026128,-0.729403708367376,-1.18322110327259,0.341207588932841,0.486116631347841,0.419202261237899,0.479883297254886,0.0056256021006999,unstable,5
9.74843738401115,4.60140612029949,8.23179091580424,5.36281956161766,2.71551522971733,-0.603406990909215,-1.27687728720946,-0.835230951598659,0.519353302004593,0.48053028960701,0.820660198551727,0.680829174601844,0.0651661154512979,unstable,5
2.85404923780208,4.52858471115407,7.02049676962281,0.692508697157237,2.76338147058282,-0.846448489965999,-0.553844216685393,-1.36308876393143,0.715558060679224,0.144206868731586,0.133741678981917,0.71018644567142,-0.0409432915958056,stable,5
1.74996719571677,2.52380578593514,9.36412780333334,7.55456186684006,2.66791852949671,-0.935614139143948,-0.820842553957726,-0.91146183639504,0.818820612253915,0.778894170431222,0.206524956855387,0.741364654394222,-0.0147080757250024,stable,5
5.33309695341775,5.38080950077813,5.38380262928712,8.77477997191412,2.83363627252662,-0.685586394755717,-1.19536270629271,-0.952687171478197,0.594317563685766,0.420046273553282,0.648228733702822,0.0833665086538391,0.0345726217641807,unstable,5
2.09866143816966,9.68874356949986,9.2799554696083,9.86928822148505,2.05071379538966,-0.940526522566099,-0.57072183940633,-0.539465433417226,0.82509098487502,0.61118170155767,0.0625829543946823,0.420144123942445,0.0010715245253539,unstable,5
3.10408539186552,7.39880925770053,3.18921072079726,4.46084989137825,2.08615891022523,-0.64196278978273,-0.727506624860701,-0.716689495581796,0.716884813396437,0.544665046912906,0.061387513431306,0.991834743577203,0.0413402226277741,unstable,5
0.972821589970321,7.32339817042118,4.90046784339744,8.51006971484899,1.99896079451849,-0.560041484773287,-0.53562677428975,-0.903292535455455,0.0824361043671623,0.74717796420726,0.970265302202588,0.342151588022502,0.0485428199249641,unstable,5
3.58904890957865,6.64040759294255,5.95405286246898,9.92707345665885,2.11613074316488,-0.554224196266744,-0.531527479263942,-1.03037906763419,0.317451125354004,0.476229485600638,0.466230861772437,0.99557394136749,0.0527017131517473,unstable,5
4.99688209055532,0.835165873944538,1.59011173013616,7.8576837826376,2.84214557587803,-1.24404959699208,-1.09094891273802,-0.507147066147928,0.198910835909444,0.238711151153437,0.196366868245162,0.380828064660934,-0.0568494807633685,stable,5
7.19140334709281,5.16547592900242,4.46567440283267,8.38307643402301,2.83492640704487,-1.01865285900575,-0.747555784082937,-1.06871776395618,0.868652981082151,0.490146032835442,0.588228830169244,0.536317004184616,0.0688546723519266,unstable,5
2.40677129442705,4.7228285594286,1.07078417007634,2.29458351132313,1.96089434119351,-0.89930744655598,-0.556905786350975,-0.504681108286558,0.693123403181006,0.568233002603031,0.600633535193889,0.953386561700327,0.0152480336635797,unstable,5
3.1027965743306,2.26629418711109,1.52562785206269,3.73776141467711,2.43685373669572,-0.927326963284053,-0.716043435818516,-0.793483337593148,0.314910022981943,0.917340716952159,0.37296687408246,0.675569271749368,0.0063061535916058,unstable,5
7.41217755919765,8.98451732923273,7.4253232952805,9.54327313312842,2.69312499522484,-0.73308956594622,-0.879875378648285,-1.08016005063034,0.728868647492286,0.944616131925966,0.131293589172671,0.954935777091633,0.0840296743734577,unstable,5
3.76201475564571,6.00352341934653,1.54179388130228,7.82935810026054,1.95421476718228,-0.525403372088529,-0.567588467562781,-0.861222927530971,0.318955270734817,0.729624912176826,0.142342143444874,0.443286410143557,0.0145724954543907,unstable,5
0.791666980624606,4.58310246273195,7.68917980057295,6.39266833185988,2.83792582258569,-0.63301145712724,-0.887054558194464,-1.31785980726399,0.975206249402754,0.494104710014157,0.0708156032183266,0.431681467192054,-0.0271250798348751,stable,5
6.0209545437127,8.61019679536917,5.43937046282582,2.84417227825508,2.79530576150313,-1.07103503186714,-0.996297277156019,-0.727973452479974,0.17767433925102,0.97383987115863,0.868906557474654,0.908206747979149,0.0622739378502183,unstable,5
9.636965024352,9.36821177013604,2.4471592296656,3.29865080476414,2.74598653394542,-0.525673602276901,-1.48534182419648,-0.734971107472037,0.956959340787842,0.338724244424426,0.702420135385244,0.736948232665084,0.022987034717735,unstable,5
9.49091358933509,9.16304248359961,2.82742390190942,4.18682566941442,2.44111155120354,-0.627187924568763,-1.18288146053487,-0.631042166099907,0.0920588389257016,0.345497152257959,0.563733378975552,0.338760230244915,-0.0341065690353552,stable,5
4.93597341724046,3.00027062446305,2.34064336023042,3.64129933695074,3.17055023889835,-1.16714914658428,-0.751214144851267,-1.2521869474628,0.559504149193113,0.129500262359327,0.677688964833065,0.587877863111716,0.0070292383925172,unstable,5
2.06283073383856,6.21370621061677,7.05878163031087,2.2894220678982,2.31325918698722,-0.757053836593055,-0.525209172966448,-1.03099617742772,0.258542403798262,0.424001969230887,0.973737539937877,0.64916995026644,0.0291937801596707,unstable,5
9.91487598299021,1.83268289102952,9.8158922760107,0.553705198249104,2.35087146630697,-0.636359265855222,-0.956729637980962,-0.757782562470785,0.794888369312457,0.670245250082196,0.270719979667518,0.101965326929097,-0.004465844720361,stable,5
1.84161031365516,2.73203205426002,9.98743274569175,2.23296683611115,2.57622959573309,-0.839852561311424,-0.554009822364559,-1.18236721205711,0.723811987925274,0.705968552299953,0.796856442530227,0.685056413496459,-0.0209005770445395,stable,5
7.00211354475702,3.90369702417167,9.75195211756383,0.963229431568168,2.52332912760226,-1.0460080234683,-0.888346589470515,-0.588974514663441,0.627963471852227,0.953899688994519,0.816811346722245,0.41240312339991,0.0355363665658748,unstable,5
5.22827057880772,1.06613790360574,8.95196139340054,9.40637067512739,2.63356807303301,-0.817763524247904,-0.610124371433794,-1.20568017735131,0.770848422900481,0.87808046770823,0.720534102536227,0.324621444598309,0.0147419122853548,unstable,5
8.00720091833054,6.96872699455288,1.22184884421831,0.77193533318413,2.50237918193706,-1.17202924652309,-0.689654580936872,-0.640695354477095,0.84946161338642,0.877126009575663,0.651168518736055,0.44267767090288,0.0179238727392967,unstable,5
6.26146625386418,7.57499394765804,6.72043383370057,6.23208734452393,2.26944090737117,-0.602383114525979,-0.944006097486115,-0.723051695359079,0.239961661885047,0.695903218694212,0.497009274103538,0.8504755084862,0.0699979085365716,unstable,5
3.17722209090736,5.49077997300725,4.10399815984348,9.95839142165957,2.41288554366123,-0.865845972515223,-1.03550108077538,-0.511538490370626,0.833098512479604,0.425983850714484,0.874126602646587,0.713600990709247,0.0422048458534784,unstable,5
8.66916262807774,6.31659196055363,8.18845487784795,4.49463485724449,2.8386341772531,-1.09690847495419,-0.727330009208969,-1.01439569308994,0.341834456355061,0.144962560820776,0.740687143286277,0.919777686929123,0.0496001432560376,unstable,5
7.89453967065553,9.15949559247814,9.46402824604579,7.43613407515144,2.49402349558024,-0.55080063508763,-1.06128705605502,-0.88193580443759,0.83746435398372,0.457474105809678,0.659538855956161,0.526699699753955,0.0761353650693369,unstable,5
4.26526595264124,3.71289018615609,2.4290253332565,3.2853733562086,2.78456278647442,-0.955168096026092,-0.921983215360495,-0.90741147508783,0.18194278948965,0.250956894458996,0.707931334923921,0.303787978519204,-0.027150513268902,stable,5
2.76158521050198,8.08348953939409,4.4622247348784,3.23377926834159,2.38021842432953,-0.72111301755649,-0.662311382945394,-0.99679402382765,0.554623042504564,0.265913587467782,0.800701193011306,0.762960129258779,0.0336802513225644,unstable,5
3.53688721226662,1.57318713806969,2.30080584612853,3.70156904409953,2.13664795490907,-0.702651052787364,-0.612203618203883,-0.821793283917825,0.693649071076677,0.826539330029979,0.272300057971565,0.956535783708526,0.0429398815233124,unstable,5
2.78282242144882,9.73915566350461,2.32958742015564,6.05247801810259,2.15644888609643,-0.686532800786837,-0.686930358946021,-0.782985726363573,0.802221513274029,0.618096185434915,0.054476331170405,0.96981696593319,0.0337432113638313,unstable,5
3.77379758732278,2.7136382323334,8.99561186965947,4.38115337237095,2.90300275955668,-0.616619415596197,-0.917620570923202,-1.36876277303728,0.124016423816681,0.76434729272254,0.831821481254395,0.812272025387257,0.0301724953594985,unstable,5
4.2138158099654,2.59537419478029,1.25427874319686,2.66592991778322,2.8765628491921,-1.21359684937677,-0.780404394082318,-0.882561605733016,0.287653624116605,0.866714993570497,0.317022694642557,0.997743362060664,0.0189065803469179,unstable,5
3.32679581943058,5.32326726817274,8.17236850776025,3.58394431813091,2.71687714637682,-0.750921344264352,-1.00572921696901,-0.960226585143455,0.752598527197266,0.900039673864779,0.273778197188183,0.367486006461139,0.0431907891155888,unstable,5
4.2168668334401,1.55821711056848,2.02302240032918,7.14303613880873,2.28699484230528,-1.10888430060088,-0.644185841249442,-0.53392470045496,0.138279463155478,0.590585852996074,0.869202550555291,0.445517705179,-0.0335094525682921,stable,5
4.99991542027004,3.42347642909089,3.49281145030737,6.80931736861017,3.23855093403688,-1.264710836658,-0.762509808188281,-1.2113302891906,0.732541649101702,0.728357240377431,0.106699561203911,0.789894423115015,0.0548682012074371,unstable,5
1.88272267123477,6.98573217105396,6.03684885528407,8.93494172959637,3.02736991213445,-0.777122966143279,-0.985337194859667,-1.2649097511315,0.439903651932467,0.323364324554409,0.633043100957794,0.965922004440466,0.0462998821034013,unstable,5
5.85965759449929,9.51621510764688,4.81133350380198,0.672124047127902,2.73452522546049,-0.944840775165299,-1.22931831240081,-0.560366137894383,0.370916754214981,0.0579229144419194,0.893596366791318,0.241428597803914,-0.0101515331202123,stable,5
6.35404863814241,3.10894314263355,8.76379921409818,8.75536808682585,2.71385044360324,-0.656664980771009,-1.04056998564411,-1.01661547718812,0.678472694370352,0.240838134115874,0.36926412078529,0.79890247591372,0.0514035559367968,unstable,5
0.513173010095116,8.95246403631731,8.11821114685161,4.68229138719714,2.86239030696346,-0.758013992881554,-1.31512697311779,-0.78924934096412,0.82518711327198,0.316378443907837,0.769319474863257,0.697997304429052,0.0045270475822921,unstable,5
3.07319530200835,6.6469045357173,1.92254391565677,4.81462696937135,2.61173705154194,-1.22991860362225,-0.548126515641599,-0.833691932278092,0.341482656650941,0.204346302874335,0.624143708426639,0.400924774380455,-0.0319553158298929,stable,5
6.60952176147478,0.71358114716151,3.47489014676478,4.45733761592782,2.80623180806798,-0.991675939990999,-0.916346271939867,-0.898209596137109,0.819870611821505,0.764273334521104,0.179410292091297,0.548811541784108,-0.0039633665834055,stable,5
8.79194616689727,3.85333116333397,2.08981606982937,9.70316524929998,2.66103292429192,-0.569083495090611,-1.37408276764966,-0.717866661551653,0.615923173031741,0.177685184833688,0.922174262242592,0.664675400273204,0.0151114817279691,unstable,5
7.01870855465926,6.28150810276017,1.1504594973247,4.7015629931872,2.60958592259704,-0.714206124795228,-1.18072347896486,-0.71465631883695,0.275171303995163,0.646603881887199,0.941224483230396,0.821133806748507,0.0233240930709635,unstable,5
4.69476209028704,3.04246899278116,6.67842038542986,3.70911708626231,3.09012003793165,-0.896348101051955,-1.18877900870766,-1.00499292817203,0.583486007791146,0.856594977293105,0.494477253469888,0.0568040215252899,0.0229892905229741,unstable,5
1.12515671135335,3.56030527995768,6.20239621334147,0.964501090202492,2.26065860605555,-0.781281508067856,-0.839875336971006,-0.639501761016692,0.741151669228921,0.677249441767946,0.482024823151126,0.85661960983286,-0.0230207897758594,stable,5
5.08839826772488,7.52875410790403,6.39859206350922,0.711972139925964,2.95455284970693,-0.62151297678391,-1.15963050403756,-1.17340936888546,0.871262335401565,0.438225911449139,0.937761104532136,0.570365600825823,0.0507796353965715,unstable,5
5.62461483312321,8.56107398380059,6.55903218344629,7.44874997552214,2.26655288873543,-0.65730253451399,-0.513478278895281,-1.09577207532616,0.136586082167031,0.666884967423596,0.866310553001723,0.687028709080525,0.0717025522782931,unstable,5
7.06550539287956,7.92891940193351,1.01945666646779,5.09196064737301,2.61357001419039,-0.612988664333173,-1.47643782061068,-0.524143529246538,0.774667072431262,0.266058797271424,0.437560825521704,0.260367308481343,0.0040280716565949,unstable,5
3.38513273484989,8.53759775572552,7.90226273825526,6.50168032530806,2.19259217469004,-0.872010719314951,-0.626958615591808,-0.693622839783284,0.806716838601808,0.615653949028749,0.686799034361997,0.307968944924889,0.0527404280033295,unstable,5
3.54864751316338,6.78346523153323,8.4932203790687,7.27766047733135,3.01135687058367,-1.02701549936526,-0.901916938813101,-1.08242443240531,0.283507222499263,0.801167379997538,0.971288071734889,0.564847023569101,0.0762185490263781,unstable,5
3.66794359556437,1.36876469253808,1.19596782420328,2.35897005024933,2.64445366530251,-1.26894610447801,-0.795371386106662,-0.580136174717837,0.761738325211633,0.922390640435038,0.576413894310972,0.441459703906196,-0.0102064456151879,stable,5
7.1996393037523,4.76166460009323,4.46723408928763,6.7184728490437,2.35114135747795,-0.759352837407496,-0.77245028659004,-0.819338233480416,0.964451956209757,0.746342907320113,0.732045269985984,0.10418297154643,0.071391982392461,unstable,5
1.52368024052649,3.10176943944658,4.46474861016805,7.59764483150273,2.27493941925868,-0.985213061980589,-0.75428004095041,-0.535446316327679,0.360496470604889,0.309413035675902,0.691683080379164,0.326867503141563,-0.0190395441359567,stable,5
2.09699486527542,4.12520948987087,2.81475739703447,5.59637928477424,2.08658463728931,-0.533245426713256,-1.02020274324286,-0.533136467333196,0.642857918279854,0.33843311894843,0.7963313575843,0.564342197389721,0.0216468519855685,unstable,5
5.21041717472604,0.561846501070354,5.76351375773686,8.18822982448992,2.68085496702252,-0.876473829047172,-0.874896453454846,-0.929484684520506,0.803006135164347,0.449098621119923,0.176644566999805,0.965826923203014,0.0328209479934111,unstable,5
1.44841939770116,4.01475428788377,7.66703433224678,4.22268790492356,2.57941411391753,-0.638876318008686,-0.78534579067129,-1.15519200523755,0.740791712098594,0.6046439306214,0.171356779573003,0.374101370817296,-0.0328094778106012,stable,5
3.65001498935642,0.795519537700724,6.66126112094722,1.11253482433943,2.63752332837955,-0.941337626614375,-0.600047112400969,-1.09613858936421,0.410355142370246,0.390466856675291,0.271097306317036,0.379804259913425,-0.039215258946192,stable,5
2.43786877911193,0.785748911313445,9.15121330784839,1.95445720235609,2.32625162369631,-0.859707998770289,-0.758849323417642,-0.707694301508379,0.949842899004362,0.0766815838723641,0.648968270140904,0.748799135335627,-0.0142615859518272,stable,5
2.3518249495351,5.54932994724761,8.30858291757676,1.11688819581347,2.73664998630665,-0.988998980655661,-1.2472253629164,-0.500425642734591,0.0863427931008919,0.887798634809353,0.845414263397796,0.179911047258095,0.0338642047797476,unstable,5
5.41435113630686,9.50555622275526,6.52906280564425,2.41602504067022,2.81671193529909,-1.52130821293453,-0.705232584424852,-0.590171137939708,0.0820128090587677,0.201104360078125,0.569323354550633,0.356875841267911,-0.0223568447604923,stable,5
1.38429917102832,7.64854884605757,6.04057925908435,4.55358899401365,3.025460109756,-1.18401157930227,-0.872175055028533,-0.969273475425201,0.991112493545111,0.25511696148899,0.214428161747503,0.907811088380743,-0.0058999561445043,stable,5
4.06486454705293,9.19683183335065,8.19817131641186,3.27900146169693,2.77910146234007,-0.82127959949238,-0.694708659013745,-1.26311320383394,0.922166332512327,0.716005383049564,0.944301645397309,0.177567860111293,0.0645556351523439,unstable,5
2.07675669823991,6.27070764801399,7.88527668743827,5.46396664933966,2.14435354792834,-0.614623456982826,-1.01775439598433,-0.511975694961182,0.117914319500012,0.612330323715516,0.853906827403104,0.599676419369194,0.0571224508037819,unstable,5
8.3999629032565,7.80791331729338,6.48535425550969,2.87471666317132,2.91320502800457,-0.904047905676137,-1.1665159127302,-0.842641209598235,0.249028617552939,0.385831864761981,0.163710768776694,0.695246110920138,-0.0092202026407377,stable,5
1.18700300236328,1.19115501575216,9.11660292985844,5.19844531994819,2.68161455656034,-0.898265854132397,-1.17124741153234,-0.612101290895604,0.819500521946162,0.842635992641476,0.240692728929542,0.966475900825489,-0.016578555186659,stable,5
2.91173022872414,8.84144119560152,7.91724162848366,8.64160339866788,2.37867177115971,-0.816832754651073,-0.97439571757986,-0.587443298928777,0.908535306406126,0.486453536740054,0.878447852497342,0.916685340534218,0.073017414359496,unstable,5
6.86479979259855,8.74666996056458,3.15621157013323,0.663542091488175,2.68557430041757,-0.78631334167195,-0.639376851239789,-1.25988410750583,0.668941399547163,0.836118477419852,0.819356043191666,0.90666830186958,0.0121896048465799,unstable,5
8.89048602410834,5.64556053231366,3.15565967986292,0.642750976210053,2.42744308271766,-0.629513968443719,-0.942476092442067,-0.855453021831869,0.973431328947648,0.889784602931481,0.057962733319744,0.50450405098326,0.0271159178821248,unstable,5
2.28342647877402,3.94218589640114,9.17565720940658,2.73939063758325,2.57789268667832,-0.973335396422457,-0.749892325997376,-0.854664964258485,0.142318725697352,0.998023798375658,0.491596740610747,0.846643799000735,0.0092963003082677,unstable,5
8.63366433413484,2.67061457565043,7.67819363547044,3.82182638747573,2.32739060743219,-0.733194985930307,-0.547282623958553,-1.04691299754333,0.894086004340533,0.62747702742207,0.367716173717852,0.831348578651611,0.044368060940854,unstable,5
2.84983681774073,5.1507028269349,3.75943084645581,1.67899131297939,2.69945897134517,-0.520762265105243,-0.725106232691044,-1.45359047354888,0.648091070986351,0.58218168823042,0.215977711521869,0.938129198233014,0.006475714602171,unstable,5
3.78576186317118,1.88318426674639,2.14281006188879,1.89158281236693,2.03218438934132,-0.66031348731115,-0.627461529155728,-0.744409372874443,0.914476095478437,0.373469913753174,0.634806825989659,0.17168311363172,-0.0073024690529882,stable,5
3.81112135870624,3.79018397953494,7.46954260104346,4.50254427837866,2.27215646362372,-0.985788030241174,-0.590207819636678,-0.69616061374587,0.414006510143381,0.333379411129032,0.97258374057489,0.0585001272164122,0.0252378164271074,unstable,5
5.0887972661495,9.56118986633441,1.26913660435216,0.752143875924125,3.15353959664233,-1.26372187793965,-1.16098202830027,-0.728835690402414,0.407536188784835,0.250921341180339,0.785523105393115,0.326074048844191,-0.0503146181388896,stable,5
0.836740043307771,4.26848993674146,1.12011374903501,3.3264304292984,2.4117443260147,-0.51827657887286,-1.0897630827895,-0.803704664352338,0.236425695243579,0.548451140807836,0.599908091531659,0.527154184598658,-0.0414916948220082,stable,5
1.81260748219258,6.18340700874259,5.72997940683042,4.51468094770911,2.15075414409489,-0.545873782350752,-0.602195925563388,-1.00268443618075,0.380908597233196,0.995775190841011,0.890463364765134,0.235245794084688,0.0609598602680876,unstable,5
6.38612433459911,6.91910961285651,7.95968740571829,7.01388664590969,2.40412016954912,-1.22906944163664,-0.673125514393218,-0.501925213519263,0.0784716064996331,0.386167462625772,0.251550239212762,0.863837657343665,0.0361879111353216,unstable,5
9.99899457382617,8.54316934888518,9.56231317990853,3.20102254384353,2.92253842144587,-0.856764357912133,-1.02693580218242,-1.03883826135132,0.192506154490964,0.0699959596036817,0.628624379979057,0.44647123262195,0.0020604849940864,unstable,5
1.27543461133037,1.85245000162955,7.38408661115798,5.54673738305342,2.81932958062406,-0.506514233044651,-0.881082900342613,-1.4317324472368,0.460151147491614,0.207582103255622,0.497327038492032,0.8558301387747,0.0059061826192859,unstable,5
6.89471560556056,3.27062553653872,5.7047920780756,0.840272646697133,2.33540032621661,-0.668865950657532,-0.745309497349197,-0.921224878209876,0.817205577545273,0.54726253199883,0.16812337203406,0.614938878542529,-0.0078552497036969,stable,5
3.07436853142768,5.17264344705659,7.69595962529012,3.41337963810115,2.96281483118782,-0.859978340053069,-1.13974662889316,-0.963089862241596,0.516064117070605,0.857359653683453,0.50786708481928,0.819331124690842,0.0597042524593184,unstable,5
9.05176535851213,1.38090772298248,3.5831188238224,2.75783050740738,2.75808797386653,-0.750799738054909,-1.40840239534295,-0.598885840468667,0.585802355287949,0.703453845193241,0.706350458272769,0.894998053797277,-0.0190810276941623,stable,5
4.20135311770411,2.56582709024256,8.6629051469131,0.608067333725502,2.64072504811337,-1.40711623238113,-0.685840787991555,-0.547768027740682,0.0850966531787987,0.898600611195265,0.587521114953824,0.9530290300768,-0.0163033224304629,stable,5
7.41023079514045,3.66622912199287,7.78802294919679,8.84492678081703,2.8805102546313,-0.860545177581161,-1.06320830549595,-0.956756771554192,0.59138585284864,0.492615471948163,0.1335822954826,0.457446838286882,0.0257781947044965,unstable,5
5.61114307328471,1.51431284036941,3.57414209980163,2.75987852339636,2.98875730940349,-1.34022857842505,-0.811864825113385,-0.836663905865059,0.169237876302073,0.547483228189327,0.921190844577123,0.920027401222581,0.0298647982676197,unstable,5
2.45662276723867,6.03514189339986,2.82260532617938,4.64084487892115,2.48396335252142,-1.32631135596137,-0.642359849698609,-0.515292146861437,0.395814645429299,0.49416778997599,0.857403858661774,0.903153835107313,0.0550388698199986,unstable,5
9.41236133523581,2.20898421994041,4.82453963523374,4.17546814865698,2.84220636859266,-1.26243570233998,-0.503932832517242,-1.07583783373544,0.902424104494198,0.720933759873766,0.200965047494796,0.830934477589049,0.0221348097530657,unstable,5
6.86570845383337,6.7559427024706,0.907430382580578,6.60548197236279,2.60377760010691,-0.843048391419463,-0.624260013400693,-1.13646919528675,0.305038567833133,0.30484365752997,0.322610672310885,0.664447184997946,0.0061145406072834,unstable,5
4.85764392185593,8.41361715515705,7.30208296192249,8.0387658489441,2.42152820093636,-0.712900349052576,-0.860022623448691,-0.848605228435097,0.710439045660048,0.270284622626232,0.0599228461548395,0.911177426162448,0.0467821937662769,unstable,5
1.3715332420103,8.73497955625518,2.49121167707928,8.62436788545978,2.79131764820946,-1.27188908686391,-0.795513460912439,-0.723915100433107,0.991556929873789,0.152734461652145,0.448809789644289,0.707660236866013,-0.0208050699043951,stable,5
9.985429982874,9.01585641047422,8.52880226886673,5.98016873976694,2.43477658716232,-0.676083583767572,-0.663299842694495,-1.09539316070025,0.696680535289131,0.214158203699581,0.469452600960979,0.542100513000411,0.0504421796931862,unstable,5
2.64974903937804,6.74917771808141,7.35477106644023,7.23257503325368,2.94442879731884,-0.894394104701444,-1.34781571594782,-0.702218976669572,0.935270355706181,0.139911213481653,0.272018681979178,0.86593022101684,0.0288607201146226,unstable,5
0.843797144738911,4.37863183809067,2.67370881748282,5.77721142254974,2.72876885435632,-0.953160893866583,-1.02612260764251,-0.749485352847225,0.15936355358339,0.569582080019724,0.454181861674119,0.688172310942508,0.0085503617065153,unstable,5
6.02892118224662,6.62460643891508,4.69527523876845,9.21982480923289,2.74559633541444,-1.19146703610593,-0.764246703611547,-0.789882595696964,0.315703047479941,0.982436421632682,0.202198038524165,0.673971316393225,0.0591007955842742,unstable,5
2.55746923036971,2.34300626070339,4.15798228947872,9.39312131027717,2.75525847353423,-0.721973372135835,-0.645868305523763,-1.38741679587463,0.687266211423847,0.61710193453957,0.061651374967969,0.187881815460369,-0.0279288679885486,stable,5
9.68949062574314,2.30015431388589,6.71581657084774,6.84239183215139,2.39467030046379,-0.616109658131923,-1.17464030260617,-0.603920339725702,0.500521812704514,0.0525348139536113,0.747754571822655,0.102504231187057,0.0201399854675381,unstable,5
6.63179798896736,3.06476630894197,5.43313938379663,3.16738124572854,2.50540204225201,-1.02424630299613,-0.800846867299778,-0.6803088719561,0.169195461916452,0.868736167151381,0.714345883196275,0.524640664055449,0.0377334499990282,unstable,5
3.7547527219361,6.89469326556426,6.5286991511264,9.32080872148261,2.6055152252593,-0.706047333652526,-1.02851070250821,-0.870957189098559,0.194922437971031,0.513326272327576,0.384996796869615,0.784851394695101,0.0444261661293458,unstable,5
3.98388449055027,1.36600957430219,5.76036625960865,1.58418586386171,2.77091142962307,-0.934987389874901,-0.558268056516384,-1.27765598323179,0.29123757147058,0.19718880451463,0.111865128420402,0.315920787544828,-0.0577411566685705,stable,5
9.85618161267617,0.572202583947126,8.2944958960704,8.74062760544205,2.15935994864028,-0.773167818324431,-0.555422254324611,-0.83076987599124,0.261239317712912,0.226377308660345,0.345206901665411,0.55302124253119,0.0083950477984732,unstable,5
8.71678165666963,2.16568884944964,3.96372446601826,1.64257152735235,2.66328400598201,-1.04434323964969,-0.576423150290409,-1.04251761604191,0.557791709940804,0.581955922968941,0.275618247203438,0.367909577412683,-0.0295167935604535,stable,5
1.23799054180074,6.07052922554408,4.03568685600079,8.09727848514969,2.76775019799342,-0.659505729056301,-0.799066480251669,-1.30917798868545,0.876475700155919,0.433057295177332,0.737627902048124,0.345030443026186,-0.0063237232204335,stable,5
9.37475747973474,7.67884324599953,7.98317038038707,2.30146209966625,2.42425175200469,-1.26426086982777,-0.611978132467601,-0.548012749709317,0.242268490098109,0.799688709290935,0.241350363875304,0.276263935282204,0.020199630622984,unstable,5
5.01869263219199,2.18606471172825,2.38926001252701,9.09776974069941,2.72482558941735,-1.12746183456122,-1.05819828537063,-0.539165469485498,0.913942184934762,0.52461779413056,0.39257390173275,0.506739364947354,0.0124601164596787,unstable,5
5.81884039912609,7.41269269038729,1.36120873037998,7.89463798395504,2.84541225066854,-1.49109142327195,-0.697874131120369,-0.656446696276218,0.226736039035581,0.185254990323454,0.945392571284493,0.53291735385542,-0.0281231153865945,stable,5
8.6026671888258,3.13285019838219,4.00247858420236,1.32480011826357,2.61059619298009,-1.05330998648454,-0.811488799998699,-0.745797406496853,0.423401058434199,0.875597887346881,0.0606619375426893,0.596136659679122,-0.0563240295808858,stable,5
8.02666834154929,8.57567006998308,3.70649398382259,9.61353448407725,2.85955688547314,-0.577459865425632,-1.40740883349548,-0.874688186552026,0.667501469569464,0.548218125888757,0.630331686473381,0.855756661103689,0.0687820836245158,unstable,5
8.97325423867874,0.790020721238258,9.10081517459365,7.42243227072861,2.72408476964689,-0.863479257983912,-0.750713463592436,-1.10989204807054,0.599192737257088,0.943302832901532,0.419480824145043,0.701277450574844,0.0169499556349567,unstable,5
2.86532662692313,1.2555703807682,7.45143986638567,9.31813312751153,2.83134050898368,-1.14976270253238,-0.705828785257181,-0.975749021194118,0.291155491700412,0.749989295729249,0.593354538254367,0.347648868947555,-0.0226231432918818,stable,5
0.93778246544596,2.73719782057332,8.57298205199035,8.34339791567279,2.72026933648704,-0.755423807744565,-1.25507814610425,-0.709767382638226,0.946723105348168,0.376399551814109,0.375896084997293,0.174570119606429,-0.0423203075351243,stable,5
6.64312515377693,4.66285090079228,3.77640829200464,5.61820532607754,2.52258362234415,-0.601012967317551,-0.818079544674989,-1.10349111035161,0.702192531591952,0.278811082349807,0.749802611137773,0.987685741454851,0.0794206198067428,unstable,5
0.896163867739111,7.43041817145172,6.422212220388,6.6027153795874,2.34382872389846,-0.995457304413465,-0.621663577763608,-0.726707841721387,0.508140444885376,0.273008209677994,0.991011090372999,0.147583047296113,0.0097490390789419,unstable,5
5.71548829411195,5.22979982296081,5.57396616771326,6.49450533197012,2.6779913255905,-0.946482326360396,-0.681777052671322,-1.04973194655878,0.593679580496255,0.383414312359244,0.804297135441795,0.832948103271552,0.0835208708949802,unstable,5
7.79506024781938,1.81371995033902,3.91445519616511,7.97666468425497,2.9144058316216,-0.626010350037564,-1.06871626534943,-1.21967921623461,0.686524483902995,0.442423267544187,0.810821552940378,0.334935835739282,0.0257150865013573,unstable,5
2.83722150114937,8.24419206656994,0.724832379310927,9.39878741742936,2.68692737146227,-0.836726337801048,-0.956175486147148,-0.894025547514076,0.799332055939761,0.0953600389701186,0.251985331363453,0.153553754411202,-0.0485286779409173,stable,5
1.62013696631844,9.63416426960337,6.70054450269425,0.651239102126111,2.53204209292867,-1.02325215893168,-0.822820236304425,-0.68596969769256,0.343393158707078,0.631824692330506,0.492454745728064,0.93751686182642,-0.027709017710419,stable,5
3.78791589996081,8.69613229016485,9.71597399422631,2.07851910376857,2.99611041413283,-1.05914860958526,-1.14492978827492,-0.792032016272645,0.0675902927931375,0.843497342206682,0.727949206221093,0.175552328325539,0.0392554960770177,unstable,5
3.56325252853708,1.53814467591577,6.40616440959802,3.82230906874562,2.07616721618576,-0.544816383995954,-0.985125580507366,-0.54622525168244,0.55478049332655,0.817335128348714,0.547767036857319,0.349462024714911,0.000603878156169,unstable,5
6.2593566269081,7.05938856899742,0.552296771881985,5.60257621511836,2.67900038988416,-1.09785792891996,-0.696376125796617,-0.884766335167585,0.350185887312749,0.102762294337361,0.0555582886632252,0.0800081729646376,-0.0466998924286637,stable,5
7.39437649285963,4.11563707859667,3.93431630485022,9.70048029801223,2.63400786511983,-0.781524141771474,-0.613596597756189,-1.23888712559217,0.700451027172306,0.811589966041402,0.135526811749316,0.661987365906892,0.0485586039143327,unstable,5
9.49203760559229,5.84099601263746,7.57803970783011,8.24608285767471,2.59927867536665,-1.1674157457798,-0.841136499584792,-0.590726430002053,0.0515442788076471,0.536431363531693,0.358340166505742,0.0930623806994245,-0.0078545468811253,stable,5
5.2343151510401,5.81502398291129,2.53309262935823,1.37990901220298,2.83985662839065,-0.76121281440747,-0.76478915659833,-1.31385465738485,0.535125504588756,0.894909853201216,0.336746298807616,0.989525689435613,0.0249118172191542,unstable,5
3.99551648493431,3.89900220026224,5.8732838708434,4.53074760417015,2.71438961140788,-0.939355988223571,-0.686771629568329,-1.08826199361598,0.963611257124827,0.587249683880822,0.731593884159059,0.0987220675503102,0.0605964062669487,unstable,5
3.43386414376419,6.96791574428743,5.44483438522222,0.860133353762096,2.51734038753739,-0.857643270671973,-0.608961252467334,-1.05073586439808,0.492143795534469,0.327263829928081,0.313935123033466,0.523807539978921,-0.0277113029376509,stable,5
3.1827764898308,8.09000464009194,6.22890078024846,0.548129128816607,2.27683792095976,-0.581826397603773,-0.93000581962869,-0.765005703727295,0.712776426568631,0.874467671990756,0.222527254653554,0.710260126486426,-0.0070649485229715,stable,5
3.01107320263864,8.56487854639668,1.9012436175904,7.18048612280005,2.51825413107465,-0.543654218280257,-0.61821446707662,-1.35638544571777,0.577695853386807,0.313563737319856,0.537068266365413,0.0787057882829802,-0.0355555366351822,stable,5
3.48600541246749,2.10500189647326,2.88796490653104,2.74213725402723,3.07622560147208,-0.700024490366108,-0.989675680033199,-1.38652543107277,0.394033973795782,0.306765702767514,0.928999426043457,0.246997169851629,-0.0127549545981524,stable,5
6.40612424582501,3.14291579730444,4.36591780165111,8.35193890888579,2.88976799804417,-1.17764303303872,-0.62682546677806,-1.08529949822739,0.604196912218537,0.120673167195576,0.389432276017384,0.975728522017716,0.0502863935309312,unstable,5
3.30824857795301,6.81665535310593,4.62261660313188,9.24564358443621,2.29987786467337,-0.767336604558176,-0.620595269046433,-0.911945991068764,0.233600792019509,0.676061880723224,0.159358862087574,0.108543093645532,-0.0114151677445702,stable,5
5.29564001222993,6.28365030656804,1.20227066650619,9.71468580277248,2.35171777838463,-0.850723161270365,-0.856827652738581,-0.644166964375682,0.981796957106336,0.727711199093297,0.246309186402822,0.182653562244317,0.0389836283259033,unstable,5
8.63586589522347,6.74194798441647,9.51116967283263,4.18239746873387,2.82091539174621,-1.05834736185645,-1.03525182687511,-0.727316203014646,0.773897817534867,0.540095289025658,0.937384858447255,0.185687285927765,0.0698367232012854,unstable,5
7.59363387010986,1.49627437321348,8.13084313817144,5.94212436804605,2.9617952813182,-1.0927379099258,-0.699378608525836,-1.16967876286656,0.119961623815259,0.0964874325216154,0.740857070625328,0.307311287079175,0.0073806645538763,unstable,5
7.35877381657995,9.92675600609009,9.1833394856008,5.27974237028003,2.97002616662595,-1.24689597934046,-0.708795913322223,-1.01433427396327,0.0882600312512694,0.272422916385036,0.734289416268679,0.433191426738062,0.0291003515272238,unstable,5
7.03724862506241,3.78784128526815,9.07072872338096,9.87387388231673,2.92706381712961,-1.05564184120282,-0.946494437063939,-0.924927538862848,0.555037784565673,0.81169929037686,0.401510453159033,0.4116421874444,0.0412820361374788,unstable,5
2.65250322920515,2.8583094837133,3.9581785463615,3.68641413930324,2.35767823014508,-0.966808243537717,-0.708897167639644,-0.681972818967723,0.85646346723321,0.848702027151376,0.270212525749572,0.829640483450422,0.0677642277486279,unstable,5
2.74601448508914,2.8059846384708,6.95648678423993,6.25747016531365,2.46194096086063,-0.765752839442214,-0.544973664305965,-1.15121445711245,0.131558801582283,0.180116081030997,0.571373899917459,0.584893352495844,0.0098227274373428,unstable,5
2.32203069794332,2.2864708440696,7.73978323287906,2.95970612075108,2.72350573852885,-1.1935480896191,-0.754760859593318,-0.775196789316437,0.481989836727077,0.523574431230404,0.979081103790119,0.0601445676079846,-0.0002411428016415,stable,5
4.64360856047424,0.527934783742647,8.9900332895733,4.83148213943582,2.81590073755084,-0.76850295547914,-0.878530594452203,-1.1688671876195,0.96931407114236,0.643585199009825,0.288490514136759,0.190849198874233,-0.0104224055985068,stable,5
7.09940024418782,3.45473090869962,3.44186234440901,4.45529739289596,3.1096601480133,-1.471529718933,-0.630352019594773,-1.00777840948553,0.646935361977371,0.201292500745268,0.638397532807677,0.860792709063349,0.0493249084006712,unstable,5
2.69652001738596,1.64443723918032,5.45271633077515,0.746488996118226,2.87453525528238,-1.05525341483975,-0.53983797725609,-1.27944386318654,0.11418706434126,0.401737051449937,0.746695795828519,0.585182890548328,-0.0551578418990083,stable,5
6.9741165273809,4.78584976414947,8.63612701014695,3.2828467736726,2.61115079836549,-1.26930109557105,-0.556296642845729,-0.785553059948713,0.504397585085417,0.270536815274165,0.4677404552216,0.471512413784314,0.0198753912190065,unstable,5
8.17866549510444,7.67996378429396,6.47976590397669,0.900220847802446,2.72952059956963,-1.05391228304876,-0.592837023041188,-1.08277129347968,0.367814854298076,0.196261392680734,0.826752132162396,0.0706475141703244,0.020753783061403,unstable,5
8.49111957378932,4.07241532712883,6.94568003764693,8.73602608373308,2.66335489108348,-0.580154236764333,-0.769838954497559,-1.31336169982159,0.648984981838148,0.220850017788658,0.645626490886555,0.55984155346613,0.0565012404551401,unstable,5
3.0434844471442,5.14623953617181,1.89059917620178,8.33197600431201,2.70344266854914,-1.18043182632177,-0.690837516744004,-0.832173325483361,0.2326303709046,0.409552539447561,0.361492031170872,0.477005043146857,-0.0214715881258302,stable,5
3.07839081390878,3.73342845588265,4.62371098823701,5.83496687310161,2.12056104944937,-0.983998835881206,-0.580782444951753,-0.555779768616415,0.295239332097915,0.802413354361461,0.554812258337649,0.396263446657762,0.0358047264518998,unstable,5
4.52201499946446,5.76118163274226,7.3526698643268,0.626183763325494,2.45618148802301,-0.922107375882042,-0.925111272501422,-0.608962839639548,0.64757466924903,0.575520705587786,0.228007509258742,0.96116549822734,-0.0136559298926775,stable,5
7.41861244501637,6.76046300418482,8.59627518517104,6.95798950817732,2.88410809829661,-0.931722632322088,-0.841597794826387,-1.11078767114814,0.0964589051073883,0.685784552782915,0.994088518544437,0.654859175093508,0.075012146865237,unstable,5
1.23651522970143,5.85464953791386,2.16989599765453,5.41355734451301,2.65909041685288,-1.26636785431845,-0.772166924861108,-0.620555637673323,0.828714899933382,0.43706276855625,0.44918949043105,0.994376097655373,0.0189371090503089,unstable,5
2.86957198897171,1.74895955389293,3.1933476822045,7.3991306502229,2.76866017972398,-0.640326559196843,-0.867188431120245,-1.26114518940689,0.349680021764364,0.0992786990759661,0.943483225909232,0.943215085475754,0.0260906520535917,unstable,5
4.37003753998019,2.55222231831617,9.69234554403167,5.41838000485212,2.74459717213197,-0.795996937872341,-1.38266291694493,-0.565937317314698,0.693839260660164,0.285761988226762,0.480527694921927,0.442171129582276,0.0140142462452238,unstable,5
2.48610010845592,1.96383762074453,6.53897007884975,2.22728095380856,2.82536512150392,-1.3098936556187,-0.831051834869641,-0.684419631015579,0.410957573997726,0.811480278168433,0.620676650384603,0.267882474900411,-0.0205460708905645,stable,5
0.743167060979584,2.46301434506479,6.45669153853656,7.52833248147011,2.10610180166775,-0.633149806070153,-0.63560477752625,-0.837347218071343,0.100245893159058,0.0822452776737651,0.99132299141835,0.799895326505591,0.0443841664189912,unstable,5
6.2805558107245,2.91835344278512,5.79112201319658,1.53895722427907,2.27486062093045,-0.558900089132367,-0.617079055329808,-1.09888147646828,0.959124382953128,0.718650597631092,0.0993619515697018,0.894914947971078,0.0154857813343653,unstable,5
3.22238404739534,6.90039429874502,3.50969181673509,8.02708944160908,2.93835308565977,-1.19714983039999,-1.11066361769915,-0.63053963756063,0.256874458875729,0.183842988040521,0.0698448196526093,0.473421674462416,-0.0279490795598577,stable,5
8.91600957205907,4.92770034185033,3.90118104236804,9.16229588949847,2.84027707038182,-0.654147974485485,-1.19501728192219,-0.991111813974148,0.157613271866045,0.829360372753072,0.33538265985496,0.182330686108259,0.00245151363727,unstable,5
4.38077536469126,1.04503375937298,7.4275842807423,6.50546822908559,2.39620717197578,-0.636207422415749,-1.25449629800915,-0.50550345155088,0.528676602608408,0.341911979609448,0.763293453193241,0.880641762353521,0.0526236410840503,unstable,5
5.92095094485738,9.57681755981291,7.49850781986719,8.1758125370365,2.76151348241317,-1.38924076899867,-0.763606803272385,-0.608665910142113,0.985685050943084,0.450012350048382,0.75594763695012,0.0774202013715892,0.0643933053098722,unstable,5
4.06671883814012,4.49789813770493,1.80045083870147,4.04758467332253,2.58828583378309,-0.617312672554283,-1.00153792319449,-0.969435238034313,0.230592016577575,0.50913000635477,0.797762196084588,0.680201525593124,0.0181821926624838,unstable,5
7.75047396349334,9.11864991706944,4.89176947073482,2.16111425014386,2.79270989893437,-0.727194408581324,-1.50360340048585,-0.561912089867191,0.439298792497732,0.237922441855404,0.954976054575905,0.507007487610941,0.0244151519076849,unstable,5
0.529679034007993,8.55940510175241,9.01196166113869,5.91241484403587,2.82364438569738,-1.01771590196218,-0.76014585644824,-1.04578262728696,0.846480679885008,0.179156392704032,0.235234166563519,0.58558791805714,-0.0373163873276523,stable,5
6.90183830259771,0.63462965614266,7.62270619795149,1.21859754216506,2.79738875918226,-1.03550342633667,-0.818784993941465,-0.943100338904129,0.930230975438331,0.820305753421721,0.600891465913494,0.848485359693517,-0.0107630430563957,stable,5
1.72581691440835,2.21832668173165,6.61767010472466,5.47151582064897,2.67930452628348,-0.793491938615194,-1.3195660094153,-0.566246578252991,0.39414465214826,0.135661469322968,0.380878841169305,0.601811877781685,-0.0185119896972698,stable,5
2.52029695439121,4.70139331786386,8.43357102331798,2.69691232351725,2.89422556283103,-0.956204758363671,-1.34226208043653,-0.595758724030829,0.0918727801252692,0.151470182240239,0.486871663781604,0.518406946135705,-0.0356377655050164,stable,5
1.32671542314708,4.0168073408894,0.935154667065851,2.02194240536672,2.53265158075446,-0.874124848723772,-0.861085623912036,-0.79744110811865,0.764481317487106,0.30307100200841,0.742022013213381,0.122064206892478,-0.0242762540844708,stable,5
4.76603666949839,4.48699395990708,3.75447108073098,5.55777883642099,2.34980642586714,-0.524796919577021,-1.00518786242687,-0.819821643863246,0.923570282118974,0.10836644659605,0.304512418649001,0.453463162284419,0.0301688866077739,unstable,5
6.96711987035974,7.94996617743998,5.17399768358155,5.24475776209618,2.48216965354881,-0.522022534740053,-0.929065485459822,-1.03108163334894,0.491059359840503,0.381529593344333,0.961275536869388,0.482012157512638,0.0651060968828698,unstable,5
7.74678207388744,9.33121381056593,3.49205340590773,9.99421933365442,2.21151314350068,-0.566131481849204,-1.02163348937806,-0.623748172273417,0.478649773137285,0.298372253193569,0.383082743814595,0.800041484328264,0.0427149883348335,unstable,5
0.542826853948412,6.83703382107721,5.98067286619754,2.8337067385185,1.98235956852586,-0.678236785811035,-0.592194613004068,-0.71192816971076,0.595975909204774,0.819537640909887,0.898792826365464,0.909624758839721,0.0433734869525862,unstable,5
5.96238640960696,0.738289055036765,6.86331793555501,8.95080760867065,2.57831126454376,-0.625231348074589,-1.42131865174017,-0.531761264728999,0.448918864920763,0.224048611791044,0.297791557753849,0.985196046262233,0.03526911562974,unstable,5
4.62321263684443,7.66729269620744,1.88200358197818,5.56181855377327,1.85975192643483,-0.629941845331644,-0.602563726256578,-0.62724635484661,0.87012015370502,0.655089970062005,0.761616685167996,0.317008595937554,0.0392560187359414,unstable,5
9.74179994236691,9.26868829138684,6.67535495101209,7.40279711595242,2.3919641968927,-1.02579481851986,-0.597542528642551,-0.768626849730289,0.176856998049421,0.752616599514778,0.285299821734846,0.487058357715974,0.0437643977386458,unstable,5
6.34165528953109,9.5760466061308,1.46399728914199,4.79699232598889,2.68083845501683,-0.648345244566037,-0.700549380170449,-1.33194383028034,0.0780693236660759,0.737973244366812,0.0997297301280533,0.860343498435671,0.0207125991060218,unstable,5
6.30526755994372,6.743056977175,0.885769799924619,9.27251161328407,2.39316542440855,-0.840664876770356,-0.912440893407655,-0.640059654230543,0.974464439535717,0.651258545502732,0.55368846853908,0.145735186662035,0.0306003018644777,unstable,5
9.96052747387199,5.0098837876553,6.81955574206205,7.56855386396708,2.54922463861343,-1.35069158031853,-0.602838558877993,-0.595694499416906,0.791496874703504,0.663744666924791,0.278406508654164,0.38193813387419,0.0511120186327762,unstable,5
9.19494064758898,2.95023766626085,6.25596010043569,5.44335234185804,2.85287132894543,-1.03412042177018,-0.63237887265915,-1.1863720345161,0.480854005894627,0.166489509393476,0.47625686377019,0.715316402693115,0.0338287167978964,unstable,5
5.57956735138304,2.45922621104554,7.85003050400765,1.07839540633037,2.6255673955541,-1.36318294989318,-0.591482387678232,-0.67090205798269,0.862868206184593,0.556241493905617,0.507206234604471,0.130548878709794,0.0194832393344816,unstable,5
4.34851555607708,4.54905845145016,8.98702680063989,4.14566403339844,2.88827486144572,-1.51586418556854,-0.790437243430223,-0.581973432446958,0.979039458285455,0.365685051147991,0.992847052367711,0.985905733366837,0.0819499777711258,unstable,5
8.76423014505645,9.25382567533983,0.913222153655603,7.54127798584239,1.90893300396603,-0.760427578234347,-0.615140786482615,-0.533364639249071,0.865411321463898,0.317861375041875,0.0573543787409994,0.660260280487153,0.0505571843127696,unstable,5
3.14912500622353,7.38809920493114,3.92767639554614,1.27000468981718,2.82172463739188,-1.44635083372814,-0.698574835823616,-0.676798967840127,0.600449979717461,0.975049175532181,0.333180172963823,0.170098754057367,0.0206679655743639,unstable,5
4.29745078857305,3.74099785078272,6.64510413598397,0.549443781868368,2.4395022167849,-0.607521347219218,-0.680959594360541,-1.15102127520514,0.881440059102814,0.427852271896442,0.312389549895464,0.558777139442785,-0.0034643939578127,stable,5
0.685425689123501,8.44560874299095,5.81809265769845,4.9265432194712,1.897480191597,-0.633948122880468,-0.614992705558461,-0.648539363158075,0.56383953581848,0.630964333299908,0.938678726563652,0.22206327933893,0.0219044563862656,unstable,5
6.44186651313512,4.70081202936333,7.25260979623615,3.77472537718373,2.43950050044515,-0.521618346607115,-1.15205373280119,-0.765828421036841,0.287063657728751,0.269473625972253,0.900228126998834,0.415433609885888,0.0381823335773195,unstable,5
3.01256017104669,9.43132404817407,2.14370015326918,8.32949595903762,2.35923898232742,-0.791184796599473,-1.05885581634267,-0.509198369385279,0.377461448544229,0.724973016120221,0.323548596753631,0.815130622425297,0.0361826297948849,unstable,5
5.47228174442145,5.53064187120714,0.779393690673797,7.29587658465491,2.70876539554327,-0.903528644939861,-1.10982300643687,-0.69541374416654,0.404410215528466,0.524787184651733,0.375960578094599,0.681321234171631,0.0216895754538322,unstable,5
1.13967349292842,8.55990512200578,9.02120814456019,2.67953395139053,2.60646491937545,-0.899470666781161,-0.7805038966703,-0.926490355923993,0.430255002922547,0.817410177933634,0.159984598391942,0.709870373214932,-0.0097458055278081,stable,5
5.09550516932596,1.33394997548494,0.98321878748975,3.21543442410382,2.44895776677268,-1.18680242163298,-0.72097463597937,-0.541180709160329,0.699568160641018,0.312429183935967,0.395915773325148,0.0671033610980772,-0.0600994491287399,stable,5
6.54011961553945,4.27501895734987,3.83606045635962,9.458677044556,3.13583643626904,-1.20667381272278,-1.04546321341725,-0.883699410129013,0.956212441090693,0.088654319161548,0.405672800187897,0.893647711625624,0.0574573591906544,unstable,5
0.560776451018744,8.15521895120799,2.37856554161967,3.88607488493549,2.20945765519001,-0.572566168430657,-0.957216893448716,-0.67967459331064,0.461211283486622,0.343394809628322,0.458124867351644,0.519102257412733,-0.0363190199101155,stable,5
2.92725031477113,2.42288504983401,3.53816111800869,4.13839429750242,2.5548728165166,-1.47652549645497,-0.560758521882945,-0.517588798178686,0.123158115150067,0.91976115194988,0.902983965877229,0.246253098355146,0.0208723395048651,unstable,5
3.80610672426409,8.57024542425068,8.34540010495381,5.57700345976482,2.54097689148135,-0.763155362965993,-0.568366701722436,-1.20945482679292,0.202931563741287,0.851550545709499,0.368230881856043,0.184020376519421,0.0319046882791449,unstable,5
6.41303741456814,3.62987050077666,1.13619800611174,0.53555126582646,2.47970651826515,-1.45157334250755,-0.502103358467983,-0.526029817289615,0.397678111517122,0.0677380331681413,0.482775824764404,0.513959111022896,-0.0470995003656779,stable,5
7.71982361540794,3.80720647918502,1.05391012039138,4.03763738969067,2.87184240825962,-0.857348943111987,-1.07496068481898,-0.939532780328649,0.637927808075639,0.694059750537889,0.608459642557795,0.0509227516204363,-0.0212242555860599,stable,5
9.24923908420312,0.766042922212905,1.24157124906473,3.19012812229261,1.94609419777264,-0.538517400729365,-0.525851770203246,-0.88172502684003,0.774275880407764,0.709764884546509,0.117150431296669,0.975578285172916,-0.0308435296900865,stable,5
2.35588085241343,1.26519610294827,4.06922418127968,9.56985432891394,2.43156849470259,-0.514751146267925,-1.13855394314904,-0.778263405285624,0.0553385000688967,0.321369726871236,0.93294766282604,0.414036091042992,-0.0289036774767102,stable,5
2.10738621835632,4.80270252603585,5.45440590037196,5.23259916901792,3.12425751736827,-1.15288569171397,-0.705724455469695,-1.26564737018461,0.794717997435936,0.955565842829683,0.719553435712301,0.388676588569449,0.0683884336383279,unstable,5
3.04555187392606,9.4301481281062,8.44778164464047,1.02445427740982,2.77071495807865,-1.20947039335197,-0.691189740457456,-0.870054824269225,0.238962031454409,0.34431150014209,0.689441461838601,0.0968330584154278,0.0057815327735502,unstable,5
7.97020843039688,1.1756731189075,6.3861927384369,9.22909697669916,1.88810478716476,-0.587613649593759,-0.721777781444217,-0.578713356126787,0.958777999564998,0.439428248631371,0.901468564352982,0.216866493541301,0.0503689879931814,unstable,5
7.98771983891442,2.13428920233658,3.58709450198244,7.14080815526557,2.46398422619125,-1.17866662665929,-0.63106988261526,-0.654247716916702,0.706657345929174,0.975456602021313,0.374427497056898,0.857152462924192,0.0449275202625346,unstable,5
7.64931196387717,9.592400766302,3.89720015739795,1.56678801604501,2.70626061332021,-0.92128226438188,-1.04671733928509,-0.738261009653239,0.352984735084214,0.157216600151011,0.891430706477669,0.500690889547034,-0.0193491013520254,stable,5
5.15354807961405,7.39495890486127,5.83950056898683,6.42512772819586,2.77409704445715,-0.671750835885433,-1.46669845367445,-0.63564775489727,0.825214281453547,0.220719536676533,0.253795621730625,0.69486213832282,0.0520813400898262,unstable,5
3.11008428042587,9.1027641737102,4.58738920017219,7.69075320506689,3.09962621699305,-1.04318487774737,-1.10258610669492,-0.953855232550763,0.559092504071578,0.218254132146392,0.63833183157759,0.740087721999317,0.0356605645173444,unstable,5
5.84009358906166,4.62114131928926,9.39238242329341,5.56511694024341,2.68159512996456,-0.780084587203956,-0.980767651249946,-0.920742891510657,0.39105168571073,0.0979377384364291,0.941741392013938,0.0561709619406366,0.0260485486839771,unstable,5
9.59179908816163,0.777076108040672,2.91248224233498,9.53234403861316,2.33339706179586,-0.719344251842156,-0.962058566282538,-0.651994243671163,0.708185504311582,0.713165266818808,0.415525900261232,0.548514042265477,-0.0020910490325404,stable,5
1.3451325044191,1.70591607219734,5.06030167017622,5.19871555433772,2.47190505855818,-0.879260214322037,-0.763428301597934,-0.82921654263821,0.399754048237326,0.0807179603812902,0.831506086993539,0.39636800036627,-0.0082681527371083,stable,5
9.71148863683388,6.56490908927867,3.23504305351526,3.4545296264142,2.95896569009505,-0.707052098998905,-1.21955886386962,-1.03235472722652,0.534852671979439,0.6396632494535,0.631006258092964,0.217232684311112,0.0223043567747459,unstable,5
1.63480134980475,8.69008030383071,5.94732628615692,9.66878748858916,2.63283451574718,-0.933053124833538,-0.658489828958444,-1.0412915619552,0.342908222501549,0.594785800841909,0.589170551237045,0.55292078937319,0.0353834766181378,unstable,5
6.7510966259013,5.88017536346634,4.89768957671573,9.0713947187819,2.50815571022742,-1.44814903145492,-0.519022184931627,-0.54098449384087,0.88302785135777,0.480177332578044,0.0649107314024365,0.0661379364666739,0.0258526183938817,unstable,5
3.92581598876604,4.07299990796292,1.70184853204935,0.632226133785944,2.73784250287634,-1.41572658663461,-0.578500768151297,-0.743615148090432,0.349066005174777,0.616986647793595,0.511720060586634,0.944478577954865,-0.0424643126713361,stable,5
7.52949783684706,1.48907647525157,8.33382466536304,9.640714395319,2.06634278231399,-0.568704039786023,-0.772024388339801,-0.72561435418817,0.571514266564184,0.902672759339787,0.265755883995453,0.468410929144701,0.0041523364625107,unstable,5
6.20276234932311,6.63567878656922,1.96943975941931,2.78789628450603,3.07867606997987,-1.02432077742091,-1.07266797023739,-0.981687322321569,0.370874475427554,0.86292331711654,0.128303810364676,0.47868814211637,0.0204614531669954,unstable,5
0.596509401703242,7.2122415318799,1.03714501281824,3.83927158218382,2.43481266520751,-1.02989666587067,-0.826995988797071,-0.577920010539773,0.911803492630074,0.246809833046921,0.830637343478436,0.859072404278016,-0.0635269314983994,stable,5
5.36602041440493,9.77083529175272,9.29442054013414,6.22245179296252,2.31942541578426,-0.737970733998285,-0.757815589312185,-0.823639092473791,0.893979610772326,0.197796852453225,0.660163133752445,0.308511074347765,0.0490829736066578,unstable,5
7.10509226045134,2.41397794050436,9.77121384677659,4.37285597046675,3.09238391460643,-1.16338575987596,-0.804093681879307,-1.12490447285116,0.477248064840016,0.472112408693052,0.0571567225229926,0.46671112100733,-0.018889751706491,stable,5
7.10363555334235,2.08193642479383,5.28733912927848,6.93664946482265,2.69589824037154,-1.18220897699532,-0.915489190545294,-0.598200072830927,0.657338759714632,0.866362522803564,0.273339560009034,0.438657278370815,0.0228033188166014,unstable,5
6.6842202380388,0.928134386267234,8.5479196577855,2.20311861694949,2.47492304567259,-0.997292917491507,-0.941681197438284,-0.535948930742801,0.506745290909931,0.518145050647483,0.104241153288506,0.819234029756589,-0.0217349770628866,stable,5
1.05108655771646,7.87822368056928,1.69377933852231,3.02228554525611,2.27074518509688,-0.591070137299062,-1.05277489802351,-0.626900149774307,0.893619625242335,0.821329472061857,0.61549912235543,0.614981423928197,-0.0274546381605048,stable,5
2.6257549777984,6.84247880547843,5.50642444237461,3.55632952309014,2.94249712634173,-0.807004579358199,-1.12205388922123,-1.0134386577623,0.716193115976699,0.222581766766325,0.397454755001815,0.982397500209416,0.0323011742242591,unstable,5
3.94201348580348,8.79202041549011,7.06069925215917,5.11797725520831,2.9587087011559,-1.2973120558233,-1.02811566827872,-0.633280977053882,0.654124461510015,0.244445098934954,0.995262476731153,0.362241279972695,0.0544299867803014,unstable,5
2.54801455760434,1.6449197081759,4.70308365060336,9.81423283469822,2.60348912887053,-0.73556206360939,-1.3078845085126,-0.560042556748539,0.447485203529277,0.466547461122115,0.0977178783363057,0.180620627297459,-0.0427950427845893,stable,5
7.95936481565065,4.46314759158271,8.95004814808847,5.81607737301252,2.43609904212771,-0.50598627841156,-0.739955157690798,-1.19015760602535,0.793695487362554,0.227504350149181,0.830032795967903,0.669313855778604,0.0724226233451741,unstable,5
8.60353575536475,8.47590089555399,0.714253831731493,3.28125128041958,2.68841903961656,-1.17507815427239,-0.690517265678104,-0.822823619666067,0.539999441846765,0.608464682198814,0.807308443137588,0.345864565020305,-0.0096149603444652,stable,5
5.34105935090858,5.81597437441447,8.15944142935735,4.41280489404501,2.83077698230612,-1.19387398170793,-0.934479774119461,-0.702423226478731,0.754246774954948,0.195993974704975,0.470843293028425,0.892056809435504,0.0585940523465208,unstable,5
2.81681770720995,0.868547734075994,2.8242948357939,6.0829639211079,2.45604297998864,-0.599760721356922,-0.762367228588182,-1.09391503004354,0.51823299568994,0.648560132071337,0.52156369293937,0.505228459037562,-0.0339446762786706,stable,5
4.96138661141064,3.16321753879307,2.21030829707345,8.41188484880269,2.69450428725157,-1.50401079821271,-0.562203675533808,-0.628289813505055,0.510133666136644,0.817654985538137,0.472236871328043,0.885828703575819,0.0349335969067825,unstable,5
4.62782787374015,6.96712689916289,8.37031717515796,7.76375617396135,2.81794818534711,-1.04989070904807,-0.537737588128645,-1.2303198881704,0.898612504760441,0.697573497836165,0.403834697384486,0.27106964033389,0.0595751095852095,unstable,5
1.46436611285866,1.30989004906503,6.84121110544285,9.16334099248421,2.95767712888333,-0.939869302686688,-0.832090030036029,-1.18571779616061,0.788550289333666,0.114504276212802,0.904757737248045,0.944965231264738,0.030604137319426,unstable,5
9.11831090411836,9.46473431958306,7.57691424460528,3.96726747136994,2.65313839899989,-1.3911627418203,-0.756365844979079,-0.505609812200512,0.464925782493713,0.926921423205009,0.774037555711218,0.112433186589889,0.0661204091216634,unstable,5
9.1864516784527,2.70696608907597,2.72415741425962,3.78857342415765,2.74234954433763,-0.593683594319283,-1.36767367393462,-0.780992276083725,0.21002694996605,0.254389563710409,0.409925072165201,0.463347765923832,-0.0389336687046074,stable,5
3.86853071280007,1.37175281200531,7.09969325200388,8.09320540823678,2.16383216276883,-0.551293343751913,-0.515581953780039,-1.09695686523688,0.529299306234057,0.666617389178543,0.143814131682016,0.782070527029088,-0.0012702318351161,stable,5
3.74867759779955,7.82272077510686,4.15690491660391,6.01468409628287,2.91012880667882,-0.792160081934091,-1.29094866679889,-0.827020057945838,0.663246362711538,0.971004447848193,0.25723010512408,0.66758643018961,0.0656215106834276,unstable,5
8.92774185691625,8.59598473651432,3.4006837216291,5.49308869033677,2.74284726853862,-1.21911069296267,-0.719091744548641,-0.804644831027312,0.879144259407449,0.125731268895223,0.228275378107624,0.0784875884198339,0.0126057062546251,unstable,5
7.43182903294462,7.09675828795364,1.80550752226295,2.09915294386253,2.8722185774646,-0.968565057664551,-0.999282346374984,-0.904371173425065,0.101345010813364,0.634729223251562,0.511160776874733,0.455966322908942,-0.0235299491255786,stable,5
2.23867901658278,9.56015310993395,2.09472003853979,3.81060866334577,2.68487094257351,-0.811598631825985,-0.861512777240935,-1.01175953350659,0.721930789935601,0.0927100543554442,0.240515174930715,0.957773982178924,-0.020188626849969,stable,5
3.85798633857936,2.64607558766935,5.91232175086619,9.30720204478066,2.55714223571221,-0.709996443334303,-0.675244278731372,-1.17190151364653,0.435256686243798,0.905199139598364,0.513950983380068,0.930928086235119,0.038672150251194,unstable,5
2.27417549401851,2.74572171326306,2.03877906421885,3.96804631116759,2.62589666135022,-0.532451010392001,-1.05308635373241,-1.04035929722581,0.509146924554766,0.956831841105028,0.200378871554231,0.0892409417744132,-0.0286472816613324,stable,5
1.82230100604652,2.99691408071594,8.07848908287249,4.96537066016338,2.35459653299554,-0.556481653068727,-1.18960098281079,-0.608513897116028,0.813912837452034,0.702077609311773,0.217680788980403,0.798580030877763,0.015696930068776,unstable,5
8.75290831653041,5.43948362634445,5.20844643747606,9.70868177045403,3.00203775881682,-0.886423116485612,-1.11808412685561,-0.997530515475594,0.453127730014276,0.302345233967149,0.456241232511532,0.729137260080199,0.0455011288735401,unstable,5
5.12413313348107,8.44464742636831,5.60716289842258,5.42879010643837,2.96815145510385,-1.08297341657146,-1.33729553063854,-0.547882507893851,0.790266429660609,0.617834693024765,0.515134207174859,0.803066893521284,0.0808104084818718,unstable,5
4.05966146773926,6.46490343237568,8.7968459990393,5.43656588800565,2.82088303842212,-0.644032418347918,-1.30935533803907,-0.867495282035135,0.132945750748146,0.831725261408301,0.752483357336886,0.657458493558225,0.0661734387459393,unstable,5
5.10973886920669,6.79759457539028,0.890130303948128,9.77674633588624,2.68169331781757,-0.554529710550792,-1.26444934030673,-0.862714266960043,0.901935328173807,0.768989286576532,0.77835179446895,0.951694193260534,0.0481193918512496,unstable,5
5.87721422090308,7.91075365354916,3.03783019318958,0.803601712431619,2.57795777136299,-0.595308212747623,-1.34985799086463,-0.632791567750741,0.0741257957222173,0.460914257652347,0.642100952812204,0.951830146373406,-0.0507222367663554,stable,5
5.66196516487815,7.80372404421204,2.98865959380724,4.9398937575351,2.57056359181346,-0.500314181856241,-0.723715899581614,-1.3465335103756,0.207250046415394,0.807170273555473,0.791218610203653,0.371173331114734,0.0343460184683296,unstable,5
6.5275836146216,3.78000877806091,6.81392143387049,2.68375737952921,2.80225456872938,-0.956739953752432,-1.22996494829927,-0.615549666677683,0.753677678149099,0.212265967707288,0.151315983672906,0.615864683949982,0.0067217406793866,unstable,5
6.38082851996945,2.6841177761429,4.0787044991769,6.79520806063506,2.16175797661159,-0.789297453209199,-0.747951393148967,-0.624509130253422,0.488717920674739,0.896150369277963,0.694673478941133,0.240787643188237,0.0342256459521461,unstable,5
7.1221542366759,7.32985939634263,6.10231480232195,9.72701245511954,3.21505080562213,-0.9642479739359,-1.27135330173562,-0.979449529950612,0.448598349365755,0.352647426391923,0.558832229001782,0.38213805688747,0.0417341827010572,unstable,5
1.88461560032341,0.972944222486648,8.82496515043874,5.40578319636628,2.47261392440395,-0.890788056344527,-0.876158678718843,-0.705667189340584,0.27625006468909,0.557452897086752,0.814124425052912,0.15840025884748,-0.0212145627379438,stable,5
4.3692931690236,4.16425721606879,0.938805218995491,3.77366797253132,2.43302680707931,-0.676988237514801,-1.13611802577242,-0.619920543792087,0.541686876520273,0.530873971941962,0.140021273081746,0.955180273151958,0.0369063071537264,unstable,5
1.34290811917067,8.09070349386864,5.30129094372548,5.26196591570134,2.45816024689711,-0.815826705468632,-1.00765230143336,-0.634681239995116,0.379599680208126,0.697886959278749,0.606060599165281,0.143090512699675,0.0123577922778879,unstable,5
8.74066062054909,5.06686899491836,0.991702481698373,7.60902186729948,2.7750399988568,-1.30429352593195,-0.655975435157178,-0.814771037767676,0.769198208447092,0.710905509914638,0.397804165348713,0.259455721329616,0.0245745364774675,unstable,5
4.88102923134314,2.92642827451926,6.62178465593549,6.47572465850781,2.31067753950928,-0.553366910836846,-0.578302417689178,-1.17900821098326,0.542112873143757,0.491459891253929,0.831691151897089,0.715153393226692,0.0691967432146278,unstable,5
0.955850745478959,6.92098005189726,8.92121318728365,4.18377190863002,2.5455138233027,-0.924335910748912,-0.903089555138827,-0.718088357414957,0.668502408929999,0.185033490001977,0.862387774385918,0.698272304854855,0.0058986383272358,unstable,5
4.70542078535482,1.96529711276687,0.911969348917261,1.69932163363982,2.21257553952571,-0.514610112531297,-0.664373928009963,-1.03359149898445,0.253267960852116,0.303485433350421,0.646268276219458,0.952343321918277,-0.0461215660103866,stable,5
8.46829076888962,3.22267922560854,9.7914108720375,2.16635000390569,2.93744616169086,-0.851481160224043,-1.11215676258632,-0.973808238880499,0.489477653637216,0.494835876258983,0.264064298715744,0.844291742899823,-0.0203158911703519,stable,5
5.13876427918926,8.01553028460724,5.31296159804098,9.058898886645,2.40746038231038,-1.0417347297988,-0.611644696165237,-0.754080956346344,0.291312681656407,0.82836293117604,0.429596005061415,0.920778232074215,0.0704106968424784,unstable,5
5.47899991387044,2.28775574949287,2.6365239033338,8.42005686716005,2.85599449838331,-1.11117499363782,-0.924336512877315,-0.820482991868176,0.596139140939601,0.0745264483322576,0.396474533614605,0.510863899093147,0.0007961946114656,unstable,5
0.550176196515886,5.72369468826917,2.93674968752327,5.7097282952297,2.40719502179412,-0.549429651912535,-0.834998327852634,-1.02276704202895,0.115044809397337,0.658222077553591,0.121433007492924,0.367545025823796,-0.0180366498557913,stable,5
7.23784672067172,7.63604599179279,2.64910946167097,5.98744059830338,2.60627928742245,-0.572312258749886,-1.19482168610999,-0.839145342562569,0.516832787349226,0.152965487947094,0.38235002407472,0.840638378966533,0.0336733942062642,unstable,5
3.96329841069198,0.846171204661077,2.58500855025722,6.97955115541263,2.89212818185896,-1.12106995366171,-0.739119462694018,-1.03193876550323,0.761918402622328,0.902327453284988,0.713145859066285,0.880789322480987,0.0180815064038357,unstable,5
9.46543114549024,6.24857757354045,6.26086881232607,5.57448669623507,1.92620773019122,-0.52439340490601,-0.507936682997015,-0.893877642288199,0.727350698947993,0.114002479035159,0.255841918846167,0.566061863162365,0.0327577475179738,unstable,5
0.590122267936636,8.05485490556245,9.14619245527113,5.49004349900669,2.57461248287716,-1.38879039323761,-0.610348236445873,-0.575473853193677,0.0661605733634147,0.557232899490014,0.78423038363043,0.40023357902921,0.0404627189560263,unstable,5
7.31854333487543,4.53199142440431,0.593534975671244,8.08835864999206,2.51456939508689,-0.928533928710269,-0.824887054771825,-0.761148411604797,0.497701136304763,0.579783751126504,0.365291074589279,0.679436294588023,0.0241499392870241,unstable,5
7.63835801520189,5.94933474124372,8.71928851845713,6.46560614398776,2.08789987418745,-0.800268639541755,-0.644067030156392,-0.6435642044893,0.382020403691878,0.0523049617622956,0.613943209525092,0.66551195593182,0.0425909385222557,unstable,5
9.71412467437391,1.01852492382161,4.07387130807927,4.58172351323596,2.07232335827951,-0.702362271486397,-0.771650199013518,-0.598310887779598,0.477842888093159,0.728664093286862,0.534743595753665,0.155437429835956,-0.0397890784496409,stable,5
2.66317611886407,5.54039403438034,4.12098124222429,7.39397822702419,2.30605235567117,-1.041604941304,-0.742627804357721,-0.521819610009447,0.188369308460379,0.396286374808606,0.429808741826942,0.328614144782835,-0.0104795410332135,stable,5
5.82186735773464,9.49809365078246,4.57196481573649,8.43890075804994,2.59128556200355,-0.52516549531623,-0.945163476770907,-1.12095658991641,0.286352484160503,0.520519893159907,0.524489960971872,0.501880733336866,0.0373215218249228,unstable,5
4.33600692185327,4.20711953989139,3.87170856744085,5.28962440831376,2.52663122223934,-0.788342769458611,-0.995422004784027,-0.742866447996697,0.583814254377485,0.55931280819409,0.874950440280729,0.393626236688613,0.0645055858579543,unstable,5
9.95846234259649,4.26189243907505,4.17044470603043,8.30243622295912,2.58412775593806,-0.500274063380214,-1.12397119304274,-0.959882499515102,0.383872104051458,0.437694975579837,0.538645688284161,0.880508405031699,0.046723145424443,unstable,5
8.26492657723726,5.20686055496734,8.0393726163522,2.37285122932539,2.18247040228994,-0.554690875984682,-0.653890640851541,-0.973888885453716,0.710696390963385,0.757849757014707,0.883023731294534,0.691493210684014,0.0681903350384789,unstable,5
8.40777969872166,6.14394923250453,8.80041318073644,6.76696842778053,2.31351886087057,-0.773018985286623,-0.674511724961468,-0.865988150622474,0.239158420933898,0.772579348471533,0.550442264893473,0.40480807633754,0.0532913599758661,unstable,5
6.39457068786742,2.10635112750257,1.97192129452513,4.26146794475575,1.98382384569232,-0.652042765799235,-0.774519621367951,-0.557261458525131,0.620338005365244,0.815871139546114,0.379629789117444,0.649958572141092,0.017794924855889,unstable,5
3.61364648142024,6.29299641227648,9.24777247860071,0.897855734502291,2.65973131018428,-1.40379014061791,-0.755003924784565,-0.500937244781805,0.945953281324713,0.908674601309566,0.195912013064325,0.919316547488457,0.0138769628428464,unstable,5
2.36556427926423,3.67720702512333,6.61607106771085,2.63858355629207,2.16094276826346,-0.522240207329264,-0.830551537939685,-0.808151022994507,0.453272071403234,0.383460125185392,0.492870240939602,0.399214577586689,-0.0184841062767778,stable,5
6.85039807609406,3.49870834476264,2.88891658744508,5.91596381365992,2.14749047393182,-0.719718334104889,-0.633760795565101,-0.794011344261828,0.865050101629853,0.582197666684875,0.703055411614499,0.692305083652845,0.0683760757377392,unstable,5
8.51728432819083,6.49260195133344,4.33087220896236,6.34837543957728,3.03569212485765,-0.744667450381163,-1.4900776090547,-0.800947065421788,0.744183501279885,0.170534581755019,0.318564174576781,0.671524958178288,0.0453387354421719,unstable,5
4.79428247489232,6.63337430253054,2.81670530222112,2.41078719285533,3.18210159218075,-1.41191172312468,-1.09361874034159,-0.67657112871448,0.3857851527462,0.10544003333686,0.407394024443891,0.97121306810444,-0.0104431595994746,stable,5
7.07839963047355,4.66062676707812,3.53598404077302,2.15380499588166,3.05556455157514,-0.988580598696496,-0.89932129498343,-1.16766265789521,0.382762923088352,0.572060576494798,0.584666524654592,0.180707897430866,0.0050944461572101,unstable,5
3.74950125638066,3.6138269246593,1.86888299539768,2.43581656659838,2.41041884765929,-0.605413392672024,-0.83732344276706,-0.967682012220204,0.842505967194005,0.645515965216673,0.738203058004822,0.311905730563628,0.0379746213558424,unstable,5
7.51281394463764,9.6162508049248,8.04588944311831,2.20080931569288,2.37732455860376,-0.688485443931748,-0.703105686314474,-0.985733428357542,0.118933009368362,0.280215934447887,0.932763580177105,0.967001436631556,0.0189944153882131,unstable,5
6.75652771719965,7.1076475088688,6.03863314739037,8.23608827420834,1.98038433238839,-0.799625064872194,-0.642624346614745,-0.538134920901456,0.66731107546342,0.545361873731143,0.740025875568393,0.420316394638217,0.0729940452638671,unstable,5
6.03832612154362,5.62190790660102,5.09913720149342,2.27933953499569,3.0131390314543,-1.34718538124383,-0.585465421508683,-1.08048822870179,0.725118950919041,0.409758950170791,0.29496129847705,0.21476066220866,0.0204121401092496,unstable,5
3.1763321182363,5.10149061847129,8.13425770926395,4.98549558636582,3.03108427509893,-0.957563529267791,-1.10289288111076,-0.970627864720381,0.527206109789509,0.774756353849602,0.180753555959162,0.209837025842299,0.0106102334947701,unstable,5
3.11444157316459,4.7810719488806,2.42791805937691,7.98950897578422,2.67315578994365,-0.918191453302326,-0.652736046215123,-1.1022282904262,0.867949883663463,0.888858481934323,0.460586643612012,0.965025952011073,0.0646453799613352,unstable,5
9.63151069336113,3.9943975987947,2.7570709335974,7.82134717966738,2.51475475557136,-0.96632962461469,-0.649914753816975,-0.898510377139691,0.365246003513273,0.587557552268978,0.889118346250321,0.818391325721737,0.0377888090789165,unstable,5
