tau1,tau2,tau3,tau4,p1,p2,p3,p4,g1,g2,g3,g4,stab,stabf,cluster_id
9.84149648830214,1.41382159178999,9.76985554870019,7.64161626330592,4.72759504201898,-1.99136336778711,-0.857637206946418,-1.87859446728545,0.376355980566834,0.544415315810004,0.792039424640656,0.116262822352385,0.0123834141734175,unstable,6
5.38129925652915,8.01452101703768,8.0951741572488,6.76924769920496,5.50755100504513,-1.97271385420545,-1.84933257978301,-1.68550457105667,0.359974025112588,0.173568816600156,0.349143850920014,0.628860423786381,0.0281301999792468,unstable,6
8.55159820963844,8.31495222344878,2.54996382964303,9.92680728110744,4.89171373543719,-1.80862626682759,-1.16706123460778,-1.91602623400182,0.612403529208615,0.280982857520184,0.354342487890125,0.472192077743488,0.0277556924227216,unstable,6
1.13210759360397,2.92032402330491,8.95107854465566,7.24858347796639,5.03368055334748,-1.84607954217829,-1.36277740864708,-1.82482360252211,0.352291990740888,0.524172882249252,0.599003855980165,0.674389868319682,0.0148804322017331,unstable,6
4.95224090481821,8.08867235232354,8.88331865624976,5.6945572196255,5.06729577625163,-1.68141419491175,-1.87706128759659,-1.50882029374329,0.305662026508872,0.307903841937671,0.889893892795722,0.879427907898293,0.065617204379854,unstable,6
3.9319535918755,9.1808897082158,6.06448032596261,6.29214742613888,5.36399630302728,-1.69508490733105,-1.88027317816616,-1.78863821753007,0.837263668885188,0.611780635329584,0.210692284364991,0.697465329147656,0.0527814508232104,unstable,6
4.54182914149442,1.96986157473015,8.51319290713967,7.56203555861037,4.3628346880455,-1.62641373668818,-1.76173122208565,-0.974689729271666,0.409785101066099,0.121397365936366,0.165887906577854,0.45798213237628,-0.0162274498868421,stable,6
5.89569345231323,1.09630195942208,1.31173185300278,8.77786837292996,4.06916962466488,-1.06313921400319,-1.374426713503,-1.63160369715869,0.867790601577518,0.141838850859673,0.343262439409361,0.711898597795268,0.0200877563682336,unstable,6
3.43254862102449,0.944068374361633,3.32477130123085,7.73535636691332,4.13462445340227,-1.49594916077453,-1.39869003307117,-1.23998525955657,0.408973718162426,0.392226079445173,0.330908729781676,0.655999006059108,-0.0229132907351178,stable,6
4.61453704872731,1.45148563498077,1.44263751473451,5.04185482899795,4.48207507240365,-1.69426017939062,-1.31165762718103,-1.476157265832,0.629163288897295,0.198149574877385,0.148454104513754,0.386783996372773,-0.0210290238771075,stable,6
9.85505319049754,5.02948079636591,4.65997948461133,8.81389322046684,4.77839383969292,-1.96336325122091,-1.50983210712265,-1.30519848134936,0.189802070701626,0.912171111792761,0.994393400622145,0.674176650339658,0.0707315534448944,unstable,6
5.95226605967979,3.264561073361,7.97357751207028,9.43979756154534,3.96362544630552,-1.28940554815296,-1.42742495234999,-1.24679494580257,0.120052100358248,0.0991265443492855,0.145885009530687,0.138765298970612,-0.047818061745043,stable,6
8.89223408780115,2.770427070894,4.12792547868637,8.72957468059645,4.85312308676412,-1.83071609827222,-1.67777465994146,-1.34463232855044,0.196656892497656,0.213010072691316,0.722704467285586,0.799246778997863,0.0261186227276191,unstable,6
9.20591116897103,8.75065279631314,1.22716366606805,9.28468002970167,4.462871152584,-1.74876040404412,-0.738003567265219,-1.97610718127466,0.104626291134084,0.584213163733343,0.213716215511055,0.738963692016469,0.028232259145282,unstable,6
9.2806782117252,8.86156308336607,4.59996343160894,8.22810544441713,4.72782859096628,-1.2708102384742,-1.46110466002421,-1.99591369246787,0.902333802968486,0.227855514154423,0.951989508836444,0.823738781339772,0.078189335512503,unstable,6
0.630115536512597,1.49136670068719,3.45679582751193,5.00620829651686,4.5588079314613,-1.97331706514537,-1.98816260456503,-0.597328261750902,0.30436077473829,0.296415150947323,0.222007388681478,0.177922477075423,-0.0527711399835311,stable,6
1.22815038600069,2.09597394776229,3.77728345610052,8.22870202394986,3.9779447979375,-1.40504245667947,-1.44871669001376,-1.12418565124427,0.934311197127447,0.281120871509849,0.380577327890682,0.158625944190855,-0.0106058716855317,stable,6
2.57063314787924,5.44008184262065,4.47663072592374,9.52587175328126,4.72769067549695,-1.75224135633634,-1.1289169165627,-1.84653240259791,0.712695699862976,0.722592222482968,0.14030250028661,0.735466690958164,0.0251059802782912,unstable,6
6.84363956742375,6.25808062323177,9.24468952686087,7.94634701805612,4.24407629472715,-1.03600467764011,-1.99903407510141,-1.20903754198563,0.39420922258602,0.697320960814769,0.876444469803075,0.345546593734967,0.0677263752183439,unstable,6
1.99984460233124,1.87504120117754,0.84464604422457,9.99744826556684,4.74372310913347,-1.81112939731253,-1.24322449000372,-1.68936922181722,0.934755876283703,0.502539526991786,0.630882563541056,0.651629028408565,-0.0344140020867504,stable,6
8.94590746285747,3.84907046045976,4.84439953917321,6.18311620992626,4.75773578320176,-1.44421847044325,-1.48319394453601,-1.8303233682225,0.499327435751783,0.690547262229035,0.994568352796148,0.394152438832829,0.0621298705517851,unstable,6
8.58777521256413,6.4473237194619,1.01406825925325,7.62513479239702,4.26467344166235,-1.40322822232429,-1.66019164571811,-1.20125357361995,0.0878467668880802,0.484453854230399,0.134388477957536,0.364203730706272,-0.0164045335700192,stable,6
5.65268633209964,5.86477865912731,5.2745892499074,7.23380364285477,5.02769750392595,-1.87729609742255,-1.24499803678335,-1.90540336972005,0.693476943255379,0.755781274265504,0.487917527291928,0.590666081154875,0.0786483327785406,unstable,6
0.743880756092886,7.43495232147358,4.13099168120788,7.11028214588825,4.23073713934697,-1.30385894181654,-1.23288192760957,-1.69399626992086,0.947078824783948,0.460025181828723,0.610533696538445,0.320976040974834,-0.0240213954704807,stable,6
3.37770557162301,2.74721039982854,6.47413397200737,5.18145656031398,4.6844539334733,-1.45033175899636,-1.87043530857429,-1.36368686590265,0.0695014871905476,0.738413904571524,0.357468777967514,0.69536698917151,0.0137499396246995,unstable,6
3.54844972652148,7.85512369748403,9.38911264082751,9.00967410195112,4.27029585891799,-0.661557211101404,-1.89338844141988,-1.71535020639671,0.753562777120129,0.308921438294499,0.705997831214361,0.231750500348042,0.0317904860019639,unstable,6
5.36231875922676,4.29036434086969,6.19520088678703,5.46101497963076,4.87325921120419,-1.62798663384316,-1.72211754389602,-1.52315503346501,0.414145013265626,0.44006589744156,0.268720940112208,0.547135608053734,0.0274567918982944,unstable,6
7.51161128195196,7.64027667686198,6.2965559814117,6.67056727625494,4.7630700682505,-1.97995822146334,-1.79551031577833,-0.987601531008829,0.130656324497542,0.36390659167701,0.733239447142549,0.0813966149056656,0.0158938072111197,unstable,6
9.64643692472064,3.68521482893319,2.97579115034561,7.5564548570271,4.71295319770504,-1.66963573811423,-1.83711656695092,-1.20620089263989,0.814054069736591,0.994185980988269,0.941641921610154,0.662535001882133,0.0577013301286827,unstable,6
3.00055927676646,8.77139186778205,5.12433832304118,5.56784590177641,4.41970302329782,-1.36737316637905,-1.88673372478586,-1.16559613213291,0.681492936940405,0.388941629441796,0.900852257372464,0.788274685124407,0.0674806613375234,unstable,6
7.77964997266153,5.67862489897539,8.62904484370106,8.65381066468019,4.34704820124167,-1.59824268334568,-1.04948599920064,-1.69931951869535,0.553115236379435,0.2715004487919,0.61019357227981,0.179195356111889,0.0384180734905087,unstable,6
5.03803567609454,2.13299072914468,0.649277233196539,8.08046100796042,4.56922049487114,-1.92648573930934,-1.34952751453931,-1.29320724102249,0.374392221204442,0.805203826262166,0.663108336818736,0.54492875006454,-0.0300613599573528,stable,6
3.57911497521575,4.68069298612503,2.31634274648471,6.61634945259575,4.7970992842343,-1.6392617047606,-1.74502798269746,-1.41280959677624,0.253091706643476,0.137574372574567,0.889214741450454,0.380097054005196,-0.0107883345030884,stable,6
5.90564377188331,1.47481234146244,8.05633643407204,7.23351391046348,5.68542404394276,-1.90758528623992,-1.82650543757873,-1.95133332012411,0.418732776000672,0.450462185184095,0.964506019534045,0.875102445106464,0.0622375180028247,unstable,6
2.16286590712921,7.0401396326732,8.20073461136825,7.22431110631089,4.73495047127546,-1.50411401433465,-1.28771991026797,-1.94311654667284,0.828352997184437,0.816299555414378,0.623383380514777,0.95743907344558,0.0729885324545719,unstable,6
2.34279682716059,2.53587704875106,9.30538628486721,8.7641183649492,3.93945615876447,-1.06032959125204,-1.32377374215614,-1.55535282535629,0.480569999930527,0.210123849833737,0.779694810357388,0.422024155866144,0.0147751704528931,unstable,6
1.68323320752258,6.96557507730798,9.50465438927795,8.53337328750853,4.71720789468311,-1.82692541771645,-1.73821370269962,-1.15206877426704,0.836344809153547,0.647428429902819,0.368506809235777,0.240065005360405,0.0022593473880889,unstable,6
1.96232266110193,4.61998959215272,5.67285162984178,8.0570319054996,4.58386044523028,-0.860095359671198,-1.81445099742336,-1.90931408813572,0.396929494557745,0.846302681180076,0.225497814269293,0.390071050984662,0.0103767852668889,unstable,6
2.28030762646785,3.58420260467384,8.99083354729288,5.49667113270769,4.61597793291916,-1.73992469219795,-1.55603553575663,-1.32001770496458,0.52838682878043,0.730472827856339,0.069521140850021,0.773406315787452,0.0194629482918292,unstable,6
2.21312116956603,8.89854781885385,6.51099236454099,7.72335745191466,4.38421571420432,-1.57130635944207,-1.43631438399174,-1.37659497077051,0.265682058630553,0.583063527219351,0.430144345249946,0.203133274756302,0.0129609831361477,unstable,6
2.49936569132843,1.63634688858476,7.87850883768327,4.6735759220119,5.10671417209922,-1.44877583819375,-1.69080361562017,-1.9671347182853,0.55433293938039,0.439801061233639,0.923397273075169,0.40386469228066,0.0122011222773531,unstable,6
5.99135370695627,5.53672431064691,8.07466588331695,7.16119301306513,4.95390143547447,-1.35302663649366,-1.62765327095443,-1.97322152802638,0.987013645287564,0.174115091254934,0.556340744513185,0.426281804714032,0.0615778136737697,unstable,6
3.25379236137661,7.74573643202397,0.742699897087377,5.73811481484219,4.6906107107502,-1.15301340894334,-1.77517803126116,-1.7624192705457,0.782777797513982,0.385400410208342,0.430654554795857,0.197477643628013,-0.0334155390577942,stable,6
6.41774853104434,2.17927367317324,8.24342335552977,6.90504675521746,4.0993501799654,-1.28495625072361,-1.38370534344947,-1.43068858579232,0.657294013157138,0.224796262559488,0.83314161375423,0.979523351858687,0.0765696426309478,unstable,6
5.23864105255421,3.81041945422518,9.51021573936185,4.58435974678537,4.60388004377479,-1.06390571688833,-1.96092437923538,-1.57904994765108,0.39255286369668,0.591849304440357,0.470074085131,0.536810701668555,0.0252788863029222,unstable,6
2.07445378503742,3.83537273747106,8.12427536195379,4.5486744799741,5.21839503113744,-1.35367364822464,-1.94081807898987,-1.92390330392293,0.993821033027123,0.779099332922805,0.354162199826994,0.0967235473294498,-0.0133709461923197,stable,6
5.38913140762788,2.41732344619086,5.75311380549175,7.50684270665185,4.54941093410547,-1.65230064071104,-1.82221088595638,-1.07489940743805,0.692629748084311,0.231838239561577,0.372094131261277,0.980695977485098,0.0574723688967852,unstable,6
6.00506945948617,9.1733042945353,0.635291969994619,8.56668427920585,4.00975105209964,-1.43792095834987,-1.12319583239454,-1.44863426135523,0.490461013679671,0.625650159351961,0.852326903194212,0.712170191130081,0.0198756039987899,unstable,6
5.07935244458976,4.18709363673433,9.10476372400207,6.85625283611715,4.82394014785752,-1.11339479666244,-1.80777181735787,-1.90277353383721,0.321493921673596,0.637635648182973,0.435183211672818,0.143305116741557,0.0081896978863506,unstable,6
2.99950446726506,4.27889951625859,5.55001798937088,9.41811047524783,4.39160230199941,-1.85882762819106,-0.899965498584381,-1.63280917522397,0.159529126994985,0.855998091020843,0.919091846187414,0.525140456177684,0.0534610470292057,unstable,6
6.15674605173104,1.71346667309258,2.19696678442841,6.58051730199067,4.53397948052319,-1.74012092488171,-1.60213839977341,-1.19172015586807,0.715769417503482,0.200452482140101,0.148236177756984,0.147493759248846,-0.0275836139122923,stable,6
3.84674671844114,9.9549119849037,5.68068911841006,9.82248967695797,4.62562634937503,-1.78067562239461,-1.27078935793397,-1.57416136904645,0.64750426493295,0.352701056161177,0.85416914070913,0.969031202640988,0.0648286689200498,unstable,6
6.0453197872196,4.22228244731482,5.84914276278869,8.79789227473896,5.16641434014151,-1.82155153118444,-1.8169529676246,-1.52790984133247,0.387446698171522,0.327032894117241,0.534089689464464,0.593898590253618,0.0383924485684769,unstable,6
2.30587230231179,5.87674814742542,1.93553028401954,6.99034072330639,4.48372521464772,-1.50173648122664,-1.18587723089274,-1.79611150252834,0.903095090060848,0.170061597322616,0.38900276374639,0.18393319915954,-0.0126452101909702,stable,6
8.27706486883634,6.73549045248501,8.7182027832194,8.26246001160224,5.17929938668261,-1.34482563214618,-1.97496776601811,-1.85950598851832,0.467703306192834,0.705793305512649,0.604072892862208,0.499686799701862,0.0692805380022163,unstable,6
7.84250832337796,5.8165887336042,9.02691963197135,8.39773109895213,4.25721547254421,-1.18764102944288,-1.5233113279483,-1.54626311515303,0.151824496369888,0.456089520534273,0.268977912152484,0.762409588934805,0.0382051059775132,unstable,6
0.707228593838704,7.08945995245791,3.00319511854793,8.25380243351965,3.97506779876735,-1.38253597725629,-1.51172451891692,-1.08080730259414,0.779183367736085,0.405136225259729,0.363471317694426,0.499314197996024,-0.0326055078391838,stable,6
7.01366748939034,6.66184578961462,5.83186434573589,7.99799638271733,4.49100139512975,-0.836838227990107,-1.94302122994066,-1.71114193719898,0.259772721825831,0.523055832761562,0.647996414631616,0.143678443662259,0.031655592011661,unstable,6
1.17853941635039,1.70684623190166,8.62924935908362,9.24996560477174,5.22472748743645,-1.53794205906974,-1.94824490003695,-1.73854052832976,0.217607450387598,0.709992568402164,0.644036730915701,0.616178683862196,0.0037878055445268,unstable,6
6.94400450251804,5.51489354186055,8.08757273496278,9.87354277029313,4.01998834150475,-0.869345237367228,-1.80920891652673,-1.34143418761079,0.327709003075402,0.790868377506207,0.132620051679374,0.329756322408151,0.0260037731025318,unstable,6
0.679349684024777,2.12666471473026,2.64284508676524,5.8120923058007,5.28282515846731,-1.79982625387586,-1.88374692069668,-1.59925198389477,0.257965438635844,0.628139847862256,0.249672421680765,0.0821926750425773,-0.0290397856249022,stable,6
4.43835426467719,6.91670513046938,1.59651433901939,8.07247401367768,4.41250048715821,-1.89763184056282,-1.57025524826689,-0.944613398328505,0.574070801824416,0.267632160423592,0.456474035201981,0.156353924170089,-0.029801140783869,stable,6
2.0459674844253,2.76609879148746,5.35965605550901,5.07607206098938,4.86491513607348,-1.91731451341591,-0.959985992533388,-1.98761463012418,0.874373600714664,0.796851822779046,0.133126646148292,0.30860906218028,-0.0105991923807019,stable,6
3.51791508717096,2.17002662263723,1.9247258374708,6.14093682453303,5.08440318216666,-1.80287979582404,-1.79893179526083,-1.48259159108179,0.394707663336104,0.928815846501101,0.828127572102764,0.126237802147357,-0.0147537744885057,stable,6
4.86260251630456,4.9761739212546,9.13776492225572,5.09380915390309,4.51765350719212,-1.12170611483171,-1.80587984688886,-1.59006754547155,0.0978753035298618,0.42837163336637,0.655701762450683,0.201075214679724,0.0102583280893131,unstable,6
3.25429459586216,6.09640652422485,3.19302397805995,8.70932131879355,4.81929262652226,-1.91634723045888,-1.74388455061495,-1.15906084544843,0.458575569210498,0.386907442187926,0.068350887718501,0.713218969358949,0.0134506631282861,unstable,6
4.0550620152958,0.593714521966118,9.24060044075563,9.5474991710199,4.16282290450713,-1.7750467807931,-1.03119278651288,-1.35658333720115,0.505578007941257,0.469616943800268,0.621539204090702,0.104891162738765,-0.0232054770838805,stable,6
3.4402514024677,9.03670688099087,0.836062413440295,5.53553308095456,5.56159593900446,-1.76006251833385,-1.9761245735035,-1.82540884716711,0.162930045561519,0.691472377437542,0.64947805344708,0.482587636615877,-0.013775075747925,stable,6
4.56215907650698,1.39660250544783,4.5451862353685,5.39147328092651,4.76300920294505,-1.495243010221,-1.57412657799755,-1.6936396147265,0.456907270947805,0.124259043824176,0.581714299192227,0.347542250372114,-0.000305961638686,stable,6
7.52263576335293,2.98307480595044,6.5821711532416,5.67082957692808,4.79337499509148,-1.62501756866435,-1.24032779059767,-1.92802963582946,0.735782509866349,0.61729492949579,0.425049815297241,0.368090871150796,0.0428320285075632,unstable,6
3.76797445277043,2.90190591358006,2.12430308049882,5.47973794317595,5.79827313676333,-1.91900077100762,-1.97752202231023,-1.90175034344548,0.17373427756635,0.737353704076444,0.622771840058815,0.381507563300601,-0.0125388290600097,stable,6
5.59255083382865,3.29671845447681,5.29631802545486,7.83356277308213,4.21203092191037,-1.03978174010966,-1.76293336019282,-1.40931582160789,0.67227451590625,0.417676599026837,0.29801860298498,0.527215605678231,0.0353474367822621,unstable,6
2.05166130138871,1.4073987945209,2.38688786998088,5.3451370323995,4.35698442352004,-1.58103744252069,-1.68677349900956,-1.08917348198979,0.649211234599522,0.798140189527417,0.242602971150671,0.664172434122432,-0.0253183391885347,stable,6
1.42011403667735,2.51674288940856,8.747720311832,8.69326733936794,4.86840263255301,-1.82374942724982,-1.65540153705766,-1.38925166824553,0.477065860801078,0.845265582624191,0.313531031203987,0.588813532796875,-0.0135661492229722,stable,6
3.55431341005409,7.45345708285236,2.98960361822591,7.7117907538014,5.06905257615248,-1.92079662243451,-1.79810171252689,-1.35015424119108,0.27996713373217,0.0916389340294444,0.443197124242046,0.406840353849797,-0.0341627486999055,stable,6
3.70151353269224,2.46518574930318,6.07913542303111,6.4232133561239,5.34367941096201,-1.67858480929694,-1.87421586529306,-1.79087873637201,0.291090798512119,0.728514725765082,0.507936344483389,0.543609992631784,0.023028390915579,unstable,6
0.910118835077854,1.3113804169365,3.84240482340241,7.47432114577567,4.64297740440027,-0.93507951820218,-1.91146403887062,-1.79643384732747,0.26746292748482,0.0638339253782982,0.832045763705964,0.771459813830082,0.0033694128263004,unstable,6
2.08603650056439,6.33472889061939,2.52273705913036,9.81550460331928,4.34385349395708,-1.50693621802651,-1.98025872314497,-0.856658552785602,0.52555086396817,0.38920904185268,0.301735625626942,0.576579669717639,-0.0136737787238456,stable,6
5.99040973173979,5.5880968989027,1.86001085238995,7.97136336712412,5.21800374269961,-1.58320355170971,-1.64233646873463,-1.99246372225527,0.67180576354727,0.124718840666023,0.100027762843652,0.702726819991925,0.0265933469421087,unstable,6
3.12733768905913,3.73616263306949,7.14614771101902,9.15110275708301,4.10873144192251,-0.648418074354332,-1.73054503172634,-1.72976833584184,0.0816246474917454,0.534128850750511,0.0848149878369027,0.305864188481483,-0.0340018367867833,stable,6
8.09224724535724,9.35622937066631,7.90408673396125,6.12254028972284,4.63421397403493,-1.44286249611883,-1.87197136065717,-1.31938011725893,0.440003850676208,0.909907877622524,0.936456115641567,0.611336114947894,0.08805276592467,unstable,6
8.12688594590511,0.682676512492087,3.29943631962936,5.36701561671372,4.09043210658235,-1.26988595050321,-1.23410245721348,-1.58644369886566,0.125218498839296,0.183325446760498,0.268913236915279,0.74865565810154,-0.0309774314561973,stable,6
7.20226002374486,5.90602229146981,2.41094795340126,8.96249206603541,4.3545176491712,-1.99523220578704,-0.855179110812966,-1.50410633257119,0.442525601162475,0.585968961736392,0.376824712616783,0.125873526478969,0.0052484837122276,unstable,6
7.29667219845513,7.90654952397555,8.00935568944281,7.74820800631036,4.41819843859062,-1.43823831351404,-1.66151293795843,-1.31844718711815,0.100134714955529,0.994242147569317,0.819492300660225,0.469813527368115,0.0750063337669598,unstable,6
9.77478850137219,5.55158164552717,2.83126838528126,8.06355508595877,5.50538663126336,-1.66156494352954,-1.92925289766757,-1.91456879006625,0.967758863794228,0.257359183154419,0.337005525967322,0.593349219777134,0.0471921325156913,unstable,6
1.24810150880108,5.06633788129253,7.69481257798942,7.75193547441399,4.37276024440709,-0.708989628666278,-1.6869513815408,-1.97681923420001,0.222495214631243,0.131014626399564,0.433945234252603,0.52690453957902,-0.0017855902107531,stable,6
7.42398998457373,5.30680096567522,9.02993992218007,4.97108677497683,5.0762298520261,-1.48570454937635,-1.83247663269668,-1.75804866995307,0.234590686618949,0.051654788307366,0.157952653894977,0.624320345101113,-0.018193264317564,stable,6
5.59429447286952,5.65450670627055,5.55928714045115,8.50294982759217,4.603289359675,-1.72343676490912,-1.64998213368468,-1.2298704610812,0.854097407610943,0.966115666423419,0.635299390836532,0.251935642184302,0.0848026320343469,unstable,6
4.69634664299776,4.25015431205028,2.27344783417489,9.87753132408038,4.37206784251932,-1.08523912152414,-1.47535655819001,-1.81147216280517,0.882107549648503,0.0996066748592595,0.427241136926572,0.596245952297765,0.0078912126806909,unstable,6
2.6994304265207,0.567872001561802,9.70402292583744,6.72063681290617,4.59102347956865,-1.58825297848743,-1.02140161898367,-1.98136888209755,0.580709667568547,0.156492326982054,0.228649376206932,0.302809078737863,-0.0346062993994093,stable,6
0.824967482986371,4.98164073313859,9.97012885764686,9.30390397841805,4.38037311033499,-1.36077639895235,-1.96730783438793,-1.05228887699471,0.563025081331865,0.960425188811239,0.746095368961157,0.0760266426935024,0.0071183648727295,unstable,6
4.38459114244613,7.84451567368576,2.47220962930628,9.88783314581424,4.85635628245308,-1.38478343174993,-1.79244928031662,-1.67912357038653,0.882484498335862,0.187435620493871,0.37379755033529,0.350875286032123,-0.0010450057839876,stable,6
9.36827386138212,9.125853341196,9.05699881117063,6.11127138533559,4.79629377077822,-1.84077043399198,-1.43657161278896,-1.51895172399728,0.0805275066429051,0.850253009928399,0.262686741375232,0.7612128553149,0.0518948617587195,unstable,6
1.97232759016787,8.4786847900812,0.700198181985552,9.02125356725938,4.86592188079114,-1.04873764843663,-1.97058455470223,-1.84659967765228,0.479719816759371,0.894304708487979,0.905539102900248,0.970730373639142,0.0179857403684042,unstable,6
3.99827553914572,7.9209361030546,3.10796542779094,9.34769678576339,4.63578237615447,-1.51294926442007,-1.86641198320204,-1.25642112853236,0.229723040942836,0.301591777209213,0.646446847691449,0.756508069310304,0.0198197924016119,unstable,6
1.52973105171097,7.40991597314769,9.01208490531148,9.00848603337169,4.45593335386502,-0.770956864976429,-1.92690786723875,-1.75806862164984,0.424344691467647,0.930784635851178,0.842836026610491,0.975304136894621,0.0772386647587696,unstable,6
7.80503988949147,1.68624022204555,5.79980587557501,7.15114474043939,4.61673562505327,-1.61608694797602,-1.01411807757623,-1.98653059950102,0.406084766272483,0.443365520974852,0.648131789788133,0.696952925881449,0.0397175619234357,unstable,6
3.84909063898921,3.5474485214961,4.28432071247624,6.1463748539638,4.01079032251431,-1.301598472662,-1.17014605318676,-1.53904579666555,0.652924660811442,0.585683433616842,0.117194388164466,0.895696606935526,0.0494992977235709,unstable,6
6.55503177003439,3.75699133554373,1.87478769211748,6.51179123872511,4.38084711632592,-1.65001938953853,-1.30875684136519,-1.4220708854222,0.802831291836555,0.582485978828073,0.843548447727265,0.234673567198765,0.0255667867069322,unstable,6
3.88866899181801,8.58314808307972,9.56887086617854,9.66639101941395,4.66234902102622,-0.899753654883476,-1.92169802003204,-1.8408973461107,0.294330111363357,0.316703581121517,0.296868214171762,0.320451991513567,0.007553258309278,unstable,6
0.782970541467366,8.20633295656992,5.31018351306259,5.84086658170038,5.15358414877761,-1.66575614780573,-1.67791914606795,-1.80990885490393,0.240177191921497,0.471511826529546,0.224424071826536,0.867293127885716,0.0204904753187657,unstable,6
0.702959216835082,7.78478892299766,7.13912525407389,8.38580277083444,4.93799400237895,-1.51725199674886,-1.56198357656451,-1.85875842906558,0.76045737630459,0.837540526368985,0.411492353374864,0.302467490713855,0.0126186984106698,unstable,6
3.68665381196027,8.87039321500196,2.29709123121003,6.24023972123511,5.26987444152982,-1.96597595808015,-1.86674773884626,-1.43715074460341,0.919615746035681,0.554083414093625,0.755401168083029,0.795071847569179,0.051572825620477,unstable,6
1.28248091849929,3.28969225844831,1.88028992373231,5.67369107639338,5.33699927707969,-1.96163825965388,-1.66247657384753,-1.71288444357828,0.353527932596485,0.728912763726704,0.199029703262876,0.28761914319793,-0.0317013800185247,stable,6
6.93194516026615,2.43275673733455,8.71946896781494,6.62388125735699,4.50390736153956,-1.32300863426221,-1.2875064506817,-1.89339227659565,0.0772340460765886,0.32006206138178,0.332532079157343,0.612461963474447,-0.0024333254408297,stable,6
0.856462474880693,8.21954794630576,8.78540711346818,6.25670728269151,4.63862957620873,-1.85739659655663,-1.83730438663203,-0.943928593020071,0.527512528242671,0.365112294174046,0.990269012024672,0.824852469350686,0.0482660892768763,unstable,6
4.90748199148773,9.4630843757862,1.57004049369406,9.78451682929145,4.29519221772796,-1.71085118413914,-1.78251702729947,-0.801824006289348,0.116607004548383,0.432556200730768,0.751808916103218,0.377300195958875,-0.0215344503443328,stable,6
3.12885510758013,9.32218592586133,4.42287037924996,9.53001904752569,4.78505639701118,-1.52518975276349,-1.79238740055627,-1.46747924369142,0.902982925868323,0.425696532986127,0.237144702508018,0.114962087795137,-0.0165937487646716,stable,6
2.80968277961556,9.76050621170947,9.9328389978864,6.98719302484167,3.97746470081869,-1.31062935178733,-1.41918389804591,-1.24765145098545,0.59750421771354,0.34401211632001,0.808320632202964,0.645644816623285,0.0460417861534277,unstable,6
1.57245088294682,0.736526243692217,8.48702454011723,5.15321710212099,4.45891903785456,-1.80041706022235,-1.92339739035293,-0.735104587279284,0.488052378295547,0.556791979408623,0.229849230258819,0.791856881643053,-0.0454001449556666,stable,6
1.25992786211753,8.73936875056329,8.52193241058224,6.88876672685987,4.8485213925538,-1.88919806999725,-1.02402969698349,-1.93529362557306,0.340438613755935,0.13652446393782,0.410890285337425,0.554960859485674,-0.0019131931801094,stable,6
1.9341973166456,9.6189693089142,9.48196201422167,6.86446175811732,4.77910739454436,-1.53770143019251,-1.69927698152156,-1.54212898283029,0.999025260646829,0.676859286553434,0.564010044128538,0.679032418011735,0.0373505442267429,unstable,6
3.35667684800712,8.40254982684546,5.90014659871416,6.26434593471457,4.36691610775721,-1.59113410703099,-1.74047547459634,-1.03530652612988,0.392380596181563,0.659499876735472,0.870543791222853,0.253091848993312,0.0510896484234286,unstable,6
6.74742245587014,7.77210363031804,6.49230019333917,8.46171294456711,4.29662419325759,-1.2636479785647,-1.63619135178087,-1.39678486291202,0.729686051652799,0.890702507727109,0.705134059525023,0.151327722309708,0.077638757137467,unstable,6
5.84776402816597,1.1688605430287,8.06915180314864,9.65391475640616,5.36249605702918,-1.73894949738481,-1.85304994467094,-1.77049661497343,0.598119988750496,0.6607426780279,0.331064637422396,0.492926062272493,0.0048656259569943,unstable,6
6.07033550469094,2.19290455173902,9.50073773100985,6.40102155900553,4.58692975719717,-1.51491412695125,-1.84236308271507,-1.22965254753085,0.56332847799368,0.919438366412263,0.333204198804628,0.0984194700219284,-0.0119532977943044,stable,6
5.26328078636758,7.58054950188162,4.95215871593109,9.44938912952939,4.63776463421472,-1.06734173546522,-1.76300338684872,-1.80741951190078,0.494640684079052,0.760684911565201,0.925284981091623,0.776446262331728,0.0821351444910096,unstable,6
2.92059902284512,8.39995275606755,2.95876540144651,7.369639120086,4.72803964471511,-1.96921883612379,-1.30815017472159,-1.45067063386973,0.415604011253642,0.62636906946647,0.241931260636576,0.735191399914731,0.0325975502719674,unstable,6
3.1614786753512,2.27262186438853,3.46310235597076,6.40020117643865,4.66688675633882,-1.69367617903453,-1.49427792322125,-1.47893265408304,0.447709046876355,0.917107418002992,0.884585229761392,0.594047987106092,0.0487586074417082,unstable,6
5.09258749520809,0.903726627173088,2.22553702639482,7.46173733534962,4.65279427130352,-1.50032536357223,-1.60528987394534,-1.54717903378595,0.807599327216524,0.436134326372952,0.809850200240854,0.635786845537183,0.0156569644611098,unstable,6
1.88709267061752,9.52631536497214,3.60406032753427,9.9840759985743,4.48473306466509,-1.97218610632233,-1.61786408842892,-0.894682869913836,0.709944107442353,0.388808495336218,0.254941936162617,0.798437288642773,0.0082745624755553,unstable,6
0.842037412322685,5.65910834639731,8.11479143892444,8.97087728395049,4.49318046501533,-1.73953320728693,-1.99239561278087,-0.761251644947531,0.0549834100972046,0.509867037262088,0.296090437065735,0.0598201905771089,-0.0287926598618723,stable,6
4.39943779028825,0.782278989834012,1.18440483043807,7.4651077002616,5.16399479556559,-1.52193756984749,-1.65736545709954,-1.98469176861856,0.949062085392515,0.86578498883877,0.317220015268374,0.124380318796135,-0.0275258108850683,stable,6
4.32431749648307,2.07130945998424,2.7818719370033,5.12943186987468,4.27998565686398,-0.961278682096384,-1.4201060081937,-1.8986009665739,0.136004437893507,0.826176276898959,0.230072483984205,0.80683528659672,0.000258957254623,unstable,6
2.54155043135062,0.521421089851332,9.43752192434428,8.56584209013753,5.18948555379552,-1.6980174033733,-1.99486320046489,-1.49660494995733,0.539580063147615,0.41922833595289,0.125593314683619,0.578337381805305,-0.0363376605896526,stable,6
6.97277575685015,5.07903487922362,2.47475881345309,9.45108191052689,4.55256048811226,-1.74514409789874,-1.36342719407891,-1.44398919613461,0.365394757429318,0.151569066147004,0.112386451169801,0.941763893009368,0.0281879258592935,unstable,6
4.0534421545209,0.815834455668915,3.25603642889437,7.82773842177644,4.40849983160313,-1.56804835848723,-1.20895237527541,-1.63149909784049,0.987346436132223,0.0782273173919809,0.691974350009103,0.391946563724237,0.0212808462390478,unstable,6
2.56948924849308,6.67732766128154,2.90881670660194,6.97812534896222,4.50068277724678,-0.942269422811724,-1.57252773198216,-1.9858856224529,0.961356583845507,0.608601512333835,0.172707206446726,0.685975149654477,0.0348830029390756,unstable,6
6.26450233804182,7.96117048761976,8.39776058723816,9.61832582683865,5.33726387096483,-1.70690968667206,-1.97193483747712,-1.65841934681565,0.712155635822869,0.524927177944508,0.446768677351021,0.194965804115039,0.0502462606575891,unstable,6
8.62190752007562,1.16825880851805,7.8889473593382,9.48301389566407,4.18398047148117,-1.95154668065892,-1.02365740975949,-1.20877638106276,0.103644732592315,0.055530326401334,0.846090265133916,0.335760571598096,0.0209944157401488,unstable,6
4.66445906554438,8.82688399630445,3.41993610935083,9.75688932706982,4.08427684189997,-0.920978040803946,-1.669193104026,-1.49410569707002,0.616784230094895,0.730985449501318,0.968044283317467,0.321872965867845,0.0454861105225966,unstable,6
7.84587666836134,5.6660620061749,8.42715098266642,9.46344263812669,4.41759993811799,-0.912614510074363,-1.725960983729,-1.77902444431463,0.578791614903378,0.297911705867838,0.711883016525235,0.688544533937374,0.0672999553174117,unstable,6
6.42334235838454,0.635829648076428,0.872576380495192,7.19261837297798,5.01653025340639,-1.84816596770147,-1.62434520847965,-1.54401907722527,0.3425651013322,0.124194764424373,0.632520454655153,0.90242438443649,-0.0079187762938435,stable,6
8.77904185078271,8.22389738786552,8.66857764904507,7.03533756659511,4.8092835684486,-1.78932280125658,-1.16760899141828,-1.85235177577374,0.240637908066146,0.59279966794471,0.407968752749711,0.330831477403658,0.0389979267690277,unstable,6
3.59814880024255,7.6468522369848,1.68372107023344,9.48779604038068,4.37320585989674,-1.54150827351914,-0.887445188146853,-1.94425239823075,0.382482362076094,0.296901153248139,0.760449726230598,0.869177218441423,0.0063811829077921,unstable,6
3.14647793186154,3.93864860194905,2.2536457908863,9.84722873899554,4.29124985411527,-1.11463449522597,-1.96253910224413,-1.21407625664517,0.713603583185867,0.320708560919764,0.651717337490165,0.549365208131813,-0.0288266798711315,stable,6
9.6798916262053,4.14302363486757,5.12067526954742,8.20201129331346,4.30136830350951,-0.939775289238302,-1.62152926703362,-1.74006374723759,0.501587593854404,0.883894224891972,0.98749378287121,0.629989994691463,0.0757490646378259,unstable,6
1.43413871745687,1.16994709275197,8.70213995514484,7.24467290583636,4.18616376715992,-1.15862755762623,-1.73073760959846,-1.29679859993523,0.307363477564268,0.129729663725341,0.460650119927679,0.460079641287492,-0.0172588252881535,stable,6
4.52976915172047,3.44585732671516,3.99858472607624,7.75655742961488,5.29286438779353,-1.96955592717943,-1.83429148506871,-1.48901697554539,0.620844426756757,0.0578131696526799,0.2617799820675,0.773735748939794,0.0233103039515458,unstable,6
9.21483428291263,1.84710826073338,8.79766354706197,8.40983269534729,4.66528968277179,-1.08588290381784,-1.96677678175555,-1.6126299971984,0.894354299790882,0.153612620233271,0.740477697481441,0.607589593497607,0.0665501697123507,unstable,6
3.15400085028764,6.84523084282869,1.74868239551072,9.55039718994066,4.37936426939032,-0.824943945359438,-1.6427545609366,-1.91166576309428,0.75293753071934,0.41492850173965,0.34104352095533,0.889758591564631,0.021283317410853,unstable,6
5.70269998722497,3.12549437976691,1.28562590999902,6.51362354191191,5.45503561178476,-1.70339641205679,-1.85064763437699,-1.90099156535098,0.345802298788152,0.343792059892099,0.937869203501327,0.214976303956517,-0.0291163274497962,stable,6
5.41883535495492,4.84511025360929,5.1712729475144,8.46316175567826,4.75052304975664,-1.93119943667005,-1.91231009083044,-0.907013522256154,0.481417690547951,0.561527478483564,0.800248214573387,0.377875044551626,0.0570845391641861,unstable,6
0.54142240852589,0.501581641881249,4.44792967168164,6.57143161839121,4.29652250614248,-1.65680717482107,-1.72983839714787,-0.90987693417354,0.304495910655294,0.636273959517464,0.09622778772088,0.772485232514533,-0.0197244104807833,stable,6
3.47561705914801,5.11554540092101,9.29147226130121,8.2390814992363,5.00493596239036,-1.75891841207258,-1.86236366084066,-1.38365388947712,0.0823454516062583,0.44955295691933,0.726732580784346,0.769996531837331,0.0513946222731368,unstable,6
4.6595397113299,2.65984401649099,4.19682358071543,7.5913859581579,5.38394739172521,-1.51244335919506,-1.93423459031978,-1.93726944221037,0.839924663828206,0.624789488856084,0.731730432216029,0.992122171871141,0.0796908187662104,unstable,6
2.44170275712595,5.7241334522669,2.48334683893721,9.31619167721727,4.20637463334608,-0.779346236426348,-1.49981689425033,-1.9272115026694,0.746577604396718,0.455946767160333,0.793879251493417,0.137295857007025,-0.0134595147787853,stable,6
4.29843981515665,1.66770428286708,7.55138001823416,6.77702387688434,5.07735584462589,-1.98332699803626,-1.94747868371522,-1.14655016287441,0.552661911219201,0.596688151550182,0.598750493343161,0.0589948445953149,-0.0100338952635392,stable,6
5.70797930400866,1.90439868446982,3.34200901321155,7.89217503833397,4.69165932654101,-1.93027434105641,-1.27567716646766,-1.48570781901694,0.221828696866176,0.696316686791927,0.672746331278597,0.360273568031772,-0.0218947807177151,stable,6
6.18830019489037,2.83445411623693,9.43324703025294,9.63823588309749,4.9675927216101,-1.99937070764892,-1.7501914161462,-1.21803059781498,0.245052305526151,0.656715883250152,0.118661384190811,0.192588142108396,-0.034913589007436,stable,6
1.39497103700103,1.07709798532688,5.73920990321854,5.92777667395108,4.44983424762643,-1.83490268244555,-1.51684660874131,-1.09808495643957,0.373497547816653,0.548593878771288,0.321329610755281,0.6118744938872,-0.033355128364554,stable,6
8.16163812225523,8.90558750445576,4.53979071854268,8.0497176500797,5.30402725483132,-1.56644414276215,-1.97152207074425,-1.76606104132492,0.426532302505728,0.649315775320136,0.135036440027786,0.742270984659797,0.0550069092494565,unstable,6
2.51636403106917,7.0261884261563,1.63593571925516,9.78369603179791,4.28408626478756,-1.21969568160762,-1.94471227862756,-1.11967830455238,0.174098287705836,0.250138808624673,0.652259008851913,0.729658571346322,-0.0138453143050857,stable,6
2.37852586383939,1.69127010993147,7.31091432383522,5.42565027805365,4.68107365040062,-1.77841607956523,-1.60623094977619,-1.2964266210592,0.766325204989739,0.95123480095811,0.725483280441934,0.870569181268693,0.0404645835914214,unstable,6
8.0614321602792,6.80359614421499,4.86775760493138,8.17285479321447,5.05410300862949,-1.77994624350463,-1.3307657884307,-1.94339097669416,0.714776399279948,0.260770027001511,0.222895262008463,0.997587173873606,0.0645774807202773,unstable,6
5.56829906345139,3.94013882580982,6.02844408538955,6.58114378155518,4.00971275288493,-1.52825061704379,-1.47194979401013,-1.00951234183101,0.683201048370705,0.0746577014529752,0.226731582134374,0.108072541147684,-0.0146285510036465,stable,6
4.85657930814916,3.7789629729955,2.04226947311877,9.01657636145749,4.60446319084586,-1.80965775303653,-0.939584386144474,-1.85522105166486,0.280692915422723,0.853613001731944,0.155436255359708,0.636605724821617,0.0108436422761014,unstable,6
2.18444279668735,2.12114392483605,3.1185720819681,8.69188500049121,4.50932659678906,-1.46370947240241,-1.26367556290809,-1.78194156147856,0.567365127545634,0.220660579334837,0.587197362326959,0.105935123596832,-0.0344621631627288,stable,6
6.25783544815894,1.52234469771701,5.13311112134015,6.28900288219939,5.52333041478434,-1.79091657595888,-1.84355211959294,-1.88886171923252,0.194277969338892,0.98525765400009,0.0769297348912724,0.742932919910029,-0.0170571282007108,stable,6
3.73423147009124,3.73771162908685,9.06907914097039,6.77969811988873,4.45740161754628,-1.62364890932678,-1.76823687093689,-1.06551583728261,0.658472792706456,0.609750644540567,0.602587261251498,0.304208901077322,0.0295427683358174,unstable,6
7.70054804817704,6.71254388759237,4.29407132203127,7.19275310084949,5.13329552889668,-1.69385943093995,-1.45249208005463,-1.9869440179021,0.164199385711462,0.932308934958263,0.958485403453076,0.457209328484245,0.0703138218481052,unstable,6
0.501330760795786,4.96575103670701,6.52657662221099,6.30709587187807,4.26652494770901,-1.69768302416519,-1.68957506741914,-0.879266856124683,0.345646452428207,0.629068337631692,0.930994320827801,0.875842712553281,0.0654503303125186,unstable,6
4.7767986847316,2.19693008687237,8.61921936565611,9.16592716742455,4.06750606047227,-0.622240663173876,-1.79996929373918,-1.64529610355921,0.993917045233045,0.763077245044259,0.330279560621104,0.668448035788069,0.0384205462472154,unstable,6
7.23008091916976,9.20787671738036,9.27475240142973,6.76272952574841,4.47215764510502,-1.49012613923257,-1.71297076636127,-1.26906073951118,0.170572378809046,0.773258465253989,0.281436624724314,0.830224038239056,0.0583893644978278,unstable,6
9.99773812652497,3.87327349117597,3.60900961421503,9.42989264406117,4.37098562647325,-1.81832184441374,-0.910791002276598,-1.64187277978291,0.932129590298145,0.855457940616385,0.788191489061654,0.377262049931337,0.0465937829211001,unstable,6
1.18279534560547,9.1818930611403,2.89454336798723,6.82112931618636,4.94437260819609,-1.35822105555683,-1.60077988757816,-1.9853716650611,0.869973833605186,0.799112656970782,0.318198710882963,0.705648163619838,0.0101452415057534,unstable,6
8.68853199183161,2.28135717575353,8.61381459359439,9.16711969625499,5.24830605533898,-1.85301168279373,-1.87397739982593,-1.52131697271932,0.889054178016273,0.638805153007287,0.0965991647403431,0.144194525994208,0.0098133823503875,unstable,6
1.60903566943892,6.47166705907714,4.69785182146939,6.6124400794589,4.27103479685968,-1.17302407236544,-1.29302500011632,-1.80498572437792,0.217473645116552,0.126134657910966,0.733100646814003,0.725956474421183,0.0232838830884552,unstable,6
3.57399643178881,9.7896259247832,6.78682960706964,8.36871112679991,4.54281580224686,-1.98437493653473,-1.1769757506381,-1.38146511507403,0.779527202614194,0.593063466877533,0.997335435054703,0.811692487513081,0.0816025169237504,unstable,6
6.94873601167634,6.42160492455491,1.40852533674692,8.04821899257739,5.25451525997843,-1.62698703468189,-1.73194496826505,-1.89558325703149,0.568478580685076,0.199104449061959,0.226273205516778,0.204855903036215,-0.0125772446101894,stable,6
1.82631299373143,4.69540542755428,2.57329200201971,8.88307975474733,3.89617582998422,-0.954853233109938,-1.44037285731325,-1.50094973956103,0.467741974625081,0.246539652817146,0.183752554095258,0.625162635480608,-0.019573630803153,stable,6
6.47548077663105,3.81258799162772,3.08068324818244,7.01224710999217,4.33546679585386,-1.20103894693172,-1.51645057681669,-1.61797727210545,0.289394108467433,0.655852653945379,0.90995471009555,0.400425155636641,0.0334144605178224,unstable,6
3.11976091944756,1.89426635877889,2.68784994269897,8.08599451310558,4.92943934896215,-1.74489336458034,-1.97943768831305,-1.20510829606876,0.429409736265014,0.381692118105298,0.37433110888067,0.467740109573423,-0.0419632201954758,stable,6
1.3722566521066,8.18591946986441,8.76307790620996,5.38755758412457,4.41756867937268,-1.48338031550787,-1.91510960775274,-1.01907875611207,0.99089647069326,0.824781645956312,0.478699225648069,0.925296291532782,0.0416703192154869,unstable,6
7.10739830335699,9.28709460187808,2.37104058166652,9.08497400507946,4.76963990699679,-1.79419329534848,-1.94877251223343,-1.02667409941488,0.178886537285247,0.984296270393046,0.829719261820082,0.679231506264829,0.046486735076716,unstable,6
1.39129138661127,0.894218576415861,5.59858434379924,6.9000384564461,5.18118883978142,-1.37955720684219,-1.84610587584327,-1.95552575709596,0.741783187327435,0.514506734651471,0.325597138692626,0.612593844437184,-0.0219759168214489,stable,6
5.51758189045158,8.95759088617684,1.43606482904095,6.31336486194814,4.29151640582529,-1.72276770458485,-1.34565763495491,-1.22309106628553,0.684753871492715,0.566761332945695,0.496002472825622,0.444885548667662,0.0268247095600022,unstable,6
1.88123139386509,1.41650100574436,1.66761335259624,6.94629978055309,4.7652675713741,-1.83348202136259,-1.40564287831413,-1.52614267169738,0.268478061984961,0.150083780891966,0.698292127717341,0.145273377116459,-0.0481148944627979,stable,6
8.88839471070602,7.83080707886117,7.36577773215472,8.16777443035043,5.10698993693189,-1.98539853627036,-1.75923282855485,-1.36235857210668,0.537704146058904,0.0575512385772099,0.499753457709604,0.256060686128506,0.0261154908514113,unstable,6
9.05394799800011,1.89729958926243,9.97360317735189,6.71274455483404,5.15261588105009,-1.35793606896898,-1.83645554374568,-1.95822426833543,0.582525319642461,0.0667844124716404,0.984856161949148,0.401187927504731,0.0544149977268972,unstable,6
2.29082118846603,8.42368188349777,5.16753005472724,9.31250787582387,4.16300733436625,-1.20815048331108,-1.65164996911134,-1.30320688194383,0.326306965348957,0.916963599810888,0.28467426518691,0.941230188324497,0.0586715213335812,unstable,6
0.688998266907956,7.19218711033934,2.2156159535508,8.72360601068216,4.93393642332107,-1.69661389302831,-1.52738511684227,-1.70993741345049,0.734323905782652,0.286856396864287,0.202577363809319,0.738313491502192,-0.0226287636678628,stable,6
8.48843719586612,2.20566705445918,4.58144234229658,5.93853688110443,4.80581996807858,-1.30720316826422,-1.93879769121832,-1.55981910859604,0.118186547134481,0.265444752159192,0.216741853514479,0.429184019149371,-0.0357826226882387,stable,6
9.57002019811769,4.09330157712138,6.1302760919238,6.60653925745275,4.44174270838826,-1.78579800092661,-1.01965462441579,-1.63629008304586,0.115758699704324,0.797593573116661,0.983598503735439,0.186850512917197,0.046560659317381,unstable,6
1.4596292717997,7.39201393454233,7.97268493903897,7.2995210620525,4.62956431993404,-1.61894525899536,-1.28838898376462,-1.72223007717406,0.265809129851345,0.872869443866899,0.225740276576582,0.239410726116038,0.018541934155408,unstable,6
4.80021707062355,2.03282036801202,6.90498177573262,6.83301517751112,4.76653341841359,-1.94675211523582,-1.357245023447,-1.46253627973077,0.668713325503852,0.439368895047586,0.280032955971104,0.272144457155754,0.0007559856621855,unstable,6
8.27664090828818,1.58545524861402,3.81013839785667,6.78694978507097,4.46967278620071,-1.34245275377268,-1.98562006942929,-1.14159996299874,0.691827124662594,0.545234340498918,0.920570626210985,0.449401852806777,0.0312599109913677,unstable,6
2.18687374084605,1.25842217526993,2.15523110281947,8.11667188439536,4.3017783525609,-0.548619175491494,-1.76531971417565,-1.98783946289376,0.585905950755458,0.711792541751802,0.296186511436326,0.492671677760394,-0.0279481656410333,stable,6
8.22293053314685,9.3879021225402,5.13773219809999,8.50593275030771,4.26511751660176,-1.86599645597534,-0.97803202979723,-1.42108903082919,0.93720320917348,0.059677281958051,0.0537944295466971,0.231927046576142,0.021982149990724,unstable,6
4.64098849439124,6.16066039125953,8.13235456676433,8.66286035238745,4.2516596723676,-1.75817651854125,-1.29480597244235,-1.198677181384,0.449179629401064,0.251402896190372,0.854391629532421,0.762372235530772,0.0646452806480695,unstable,6
1.64372144555147,4.08990500138927,2.90948982295032,8.77327139027548,4.4131881893224,-1.47458356643633,-1.46423763531273,-1.47436698757334,0.130964726367712,0.656611868632882,0.12286629591909,0.589724619044823,-0.010692903243402,stable,6
3.85450131040341,1.01459631385711,7.39257493635393,7.35271394573632,4.21529167436253,-1.21401121937413,-1.51789985000218,-1.48338060498622,0.426140248322618,0.36285032052021,0.0901218976557313,0.411088981449475,-0.0455477458580949,stable,6
7.68101791950942,7.04649433375688,3.71429427568577,7.82898500470263,4.48742208322923,-1.69296840237457,-0.936979530522192,-1.85747415033247,0.812425860669258,0.0842935601324518,0.428894739548202,0.0981573758621782,0.0116686962483656,unstable,6
2.64290669363305,7.72288046615137,4.62926099861563,5.63526009363151,4.41331888526451,-0.819714242388029,-1.63355610215456,-1.96004854072192,0.528763828902465,0.641596515630926,0.746824600282698,0.465068871444139,0.0481807288603647,unstable,6
5.4202675405451,5.04979475011635,4.31600321621973,9.42490154262533,4.63712267274927,-1.79921073887862,-1.36784916609159,-1.47006276777906,0.374159734176756,0.32078544260549,0.461243801961928,0.64947349095612,0.0272396362831003,unstable,6
6.84660018722424,8.28657666833781,5.25019637203977,7.02632435603955,4.41740370110529,-1.36627214087542,-1.9886742834245,-1.06245727680537,0.0741987846708659,0.341118020572591,0.198219187786455,0.522827527360014,0.0034198439417807,unstable,6
7.87505375438319,7.0788685358551,1.979033939668,7.28495335148942,4.78020931940958,-1.29394996234643,-1.84419092955777,-1.64206842750538,0.958949064094161,0.750680172145746,0.809616953066484,0.440623459146991,0.0614389393255592,unstable,6
2.60847088368132,7.10513933304589,9.34559564757317,7.65891818904307,4.6012052983584,-1.81970417439596,-1.28524332208022,-1.49625780188222,0.483092319611892,0.283613687833936,0.0658995235296513,0.741307473564572,0.0086061117027225,unstable,6
1.36635350894679,6.5016101106397,7.14980405001892,9.91542183524149,4.55806558492843,-1.4844189879935,-1.9620041572064,-1.11164243972853,0.326795020306802,0.467213483556485,0.65592249966404,0.442760200068429,0.0260640078872164,unstable,6
1.25816339684844,0.550799221116421,7.59956100018657,7.46620991695806,4.34976469322849,-0.795025897866697,-1.74532609978425,-1.80941269557754,0.869923033448027,0.28310641438861,0.986957814573755,0.895217014886666,0.0266281027535878,unstable,6
4.77294387595675,4.52552191577301,4.84658672578046,8.61946122243817,4.87659692388346,-1.98568060285202,-1.36383685542066,-1.52707946561078,0.762916790232534,0.631626638519431,0.835817584076114,0.0763030237669416,0.0620419213326478,unstable,6
3.22327799539987,1.68520943907845,1.84256257435806,9.90943932374392,4.71557628688803,-1.74936974662512,-1.7085975849918,-1.25760895527111,0.229794463795734,0.49575232545501,0.929756637959153,0.61605579555004,-0.0411071362666754,stable,6
5.1347713627193,1.32637432155566,8.46275077624172,6.68687642560342,4.47676048653137,-1.5097780511245,-1.5410107889927,-1.42597164641417,0.362378875250752,0.552879898858694,0.399314602126088,0.224117260477012,-0.0258491854580088,stable,6
6.18930863705139,4.8561756654161,5.80581596265275,8.70428434763002,4.33107745614359,-1.92390260822661,-1.40164624754726,-1.00552860036972,0.635877859799087,0.453272723608481,0.771382963480527,0.752836898531205,0.0760841729097678,unstable,6
1.35043639940972,4.84707202560361,8.76486131625634,5.51252228105717,4.60103721607671,-1.59397690215458,-1.42348618398056,-1.58357412994157,0.633646957263987,0.878281984834157,0.637784620714948,0.262548801496682,0.0187663632724146,unstable,6
2.11723327658466,3.46247258064603,9.77835737576213,4.8835057353542,4.80548597749185,-0.930147781942273,-1.97765613620555,-1.89768205934403,0.655562647798187,0.831833423906147,0.706186461084754,0.640952142027756,0.0178954630237325,unstable,6
9.91824763034427,1.19612553163255,6.63555662637061,7.06263443610132,4.8430365499913,-1.20924521217399,-1.76077448653723,-1.87301685128008,0.428996470992384,0.390296548662524,0.236027591470145,0.119259736230628,-0.0310992496819011,stable,6
1.18519325016972,5.07744354258004,1.25523585568138,7.12299671822302,4.714909633004,-1.80839661788647,-1.61497116449504,-1.29154185062249,0.461861519024358,0.620192090708303,0.0568971494404378,0.26526119974818,-0.0326138270642668,stable,6
4.39620459373983,0.55475183253591,2.68480690348343,8.14962033267254,4.28966954055939,-1.5556693010652,-1.61333712691017,-1.12066311258402,0.872266108402913,0.261540047522449,0.890490172250543,0.69316982482669,0.0222963591165651,unstable,6
6.13534832751952,4.16543608519313,1.2298403328519,8.19809813462605,5.12846318226569,-1.38890181240129,-1.75442085207959,-1.98514051778481,0.500266388697907,0.296799304568419,0.375333955978536,0.755434280578836,0.0175700335052474,unstable,6
8.47062529493051,5.58660845859923,2.06116489796923,8.19979888103474,4.84985684131002,-1.40845611120899,-1.94834532437469,-1.49305540572634,0.986805791979389,0.693242782188692,0.649936370613113,0.0654565425734804,0.0366285623967078,unstable,6
4.11710581993634,0.703179862819344,3.82216528862854,7.79387677128272,4.16307209036497,-1.68578619568311,-1.74028198732586,-0.737003907356004,0.534746751106629,0.787736601835602,0.863143133050727,0.348871610708864,-0.0099567945389802,stable,6
5.48017000561451,2.61450021594389,8.60070525730324,7.60992682698074,4.81106456033752,-1.55456236961385,-1.72464510526871,-1.53185708545496,0.16470354887272,0.393206994871946,0.483086975059161,0.239068672535201,-0.0107667254312215,stable,6
2.33850367082185,7.13861943218828,1.04296560885151,6.94202509440474,4.49445725088017,-1.48182933637516,-1.24896381980898,-1.76366409469603,0.288028420081756,0.128496245397361,0.188206182715017,0.273525484466742,-0.0346661798331609,stable,6
4.97810268434713,5.96630288611799,9.70093714994485,9.30519678414792,4.00189559821102,-1.58367037303424,-0.843622579344001,-1.57460264583278,0.356659686028404,0.895505191637133,0.427007922875537,0.358896395218709,0.0479127478878964,unstable,6
8.356017183467,4.28085802387455,6.72514081888817,7.78918456189118,4.58409135008199,-1.65152896638163,-1.12438621470544,-1.80817616899492,0.948492361846301,0.942809138556953,0.234679291771863,0.678446645490271,0.0767932526844445,unstable,6
2.92199561235789,9.04136372416827,7.19836865208362,7.64622210701783,4.0626230881326,-1.15583212765293,-1.4548801991556,-1.45191076132407,0.722525429159779,0.0793583239212527,0.854187054860258,0.723258392940454,0.0502616800050455,unstable,6
9.07797708425467,9.70248969373537,7.60068464392967,9.64940119444958,5.01141657233056,-1.73076343806966,-1.38359926440091,-1.89705386985999,0.454672065283784,0.0985176212642482,0.52556683993093,0.517467772757246,0.0406899076419559,unstable,6
7.5818956293627,6.40154308594093,2.80653185787295,8.95735347148705,4.43987850870341,-1.24988385061662,-1.47937038853886,-1.71062426954793,0.516451078042507,0.111158467525133,0.751963773365112,0.317279244070776,0.002460343770796,unstable,6
7.68265636904113,2.69364466297623,8.89507878514146,5.46845172800063,4.9888374112716,-1.52587510145789,-1.7311979387428,-1.73176437107091,0.682729679177273,0.114235447044916,0.254763613712052,0.548173552411919,0.0265210820035258,unstable,6
6.05548899943948,8.67206325508797,8.0221338711266,8.91079361281386,4.62060895444569,-1.96098697581699,-1.08826950609545,-1.57135247253325,0.618829223632742,0.609870389801478,0.380763088480416,0.983599825415784,0.0783177006447218,unstable,6
6.37549569791416,1.21494919501619,3.38423682626886,9.31417009615081,5.14407747348537,-1.98031254938017,-1.2045926984758,-1.9591722256294,0.564308590756002,0.1671668498801,0.45446199929036,0.178762470261625,-0.0235263985939865,stable,6
2.61428994604923,4.07134455364881,5.85279246011659,7.11480769272844,4.05988258035674,-1.19739130556544,-1.14116779706379,-1.72132347772751,0.424042152015231,0.435934068138881,0.200649397120461,0.466131424125942,-0.007197771885406,stable,6
4.10453737431725,9.16907823965803,1.77150676264396,8.80729682739651,4.1462176038546,-0.800008784897602,-1.55576560922686,-1.79044320973014,0.0518706839965133,0.769685153295738,0.243918804064126,0.479976762319748,0.0201747476817158,unstable,6
0.648830261901405,2.89026546956913,2.05535211361032,9.75481503985707,4.73310594632893,-1.90084733090985,-1.97996620124561,-0.852292414173472,0.539126845805239,0.920727373559626,0.812490900138749,0.465492944715227,-0.0306658909852402,stable,6
9.28467767807987,0.64006788915965,4.74103351298819,5.17322474122884,4.91968585574613,-1.15441294349359,-1.78270855325807,-1.98256435899447,0.36160345944579,0.171122573070136,0.163932430008206,0.460116712443248,-0.0308335367297081,stable,6
1.76121997770356,6.14615061212142,1.01542296048083,7.45272002438125,4.56841493892814,-1.77919980752213,-1.5267119226338,-1.26250320877221,0.732128081703525,0.567278984608528,0.63362123094735,0.675134933269673,-0.0087863000063681,stable,6
1.0005775691718,4.41678681657097,2.74666180153501,9.57973891701415,4.77463756097592,-1.67688609495608,-1.30048828453212,-1.79726318148772,0.490364757579,0.343884837871143,0.283902835441167,0.901384867260462,-0.0089605803587101,stable,6
6.00173356817657,7.83192895112103,1.18383480108177,9.82463151435347,4.89024859238644,-1.60689143659048,-1.77623772211045,-1.50711943368551,0.843387761179579,0.131357928001675,0.764583151354499,0.638112516554613,0.011300841978236,unstable,6
5.6663169592318,6.8687848000736,3.99558730411539,9.86838073191461,3.83057584082612,-1.19881074111874,-1.43296489316397,-1.19880020654341,0.609236939084691,0.319945821945614,0.521065007353355,0.694534802250532,0.0440754056321323,unstable,6
8.85940888457245,0.828938642653881,6.04470239202904,5.45384282009406,4.52452897342891,-1.21762007452881,-1.88457984014298,-1.42232905875712,0.0808650488756632,0.412855932402523,0.341444642775381,0.810138027667468,-0.0111966683607943,stable,6
4.75710873848064,8.89169761304297,1.77821201546813,9.79591758997651,5.23805687352083,-1.96196547616478,-1.70594753960849,-1.57014385774756,0.850271216981842,0.601201178899928,0.302983273644953,0.126409428480517,0.0141276797648778,unstable,6
9.10420953019402,7.29614355388925,5.91050993531598,7.42605239504798,5.18970868499303,-1.99278669172467,-1.25171928112791,-1.94520271214045,0.727282023117586,0.0673124929669069,0.278939608638595,0.498040076108602,0.0354584063563854,unstable,6
5.35553266135922,7.40511576581659,7.08235035195308,6.78079021859984,4.96802689918634,-1.84565532684346,-1.28966837387211,-1.83270319847077,0.542978921110304,0.558130842710244,0.36727015555259,0.0878514805352117,0.0296472526375936,unstable,6
5.60616894251952,9.33249625945408,0.828077882944583,9.70465344493379,5.37847903746835,-1.95751124393475,-1.96583386419209,-1.45513392934151,0.816711550846889,0.554252418282578,0.167170620195419,0.661272854454872,0.0453381950719192,unstable,6
4.80329478711108,2.97942374627877,8.38495087030623,9.51983920476047,4.75358419308124,-1.25849478215196,-1.82112573701802,-1.67396367391126,0.513465119922444,0.0703513709957781,0.238811597170966,0.342225758892867,-0.0087777472778889,stable,6
6.85083598773313,6.60816093147427,7.54153776537576,5.6154674246208,4.89978508670493,-1.84256834079069,-1.83069166363465,-1.22652508227959,0.798843060349296,0.17113459999067,0.347712943139248,0.732986558072737,0.0577991443285287,unstable,6
0.79941739329648,6.01962516903807,9.70856548262372,7.36663263625831,4.27099699334098,-1.16031610146989,-1.5854915249469,-1.52518936692419,0.746109413643949,0.606405174883716,0.227801397100866,0.216937708037529,-0.0336259191240166,stable,6
2.50081299558212,3.23213993779352,4.55527455158657,6.76120452464526,4.19044658450193,-1.0817431042123,-1.45385995717885,-1.65484352311078,0.0850128913665656,0.496864608713629,0.545490492740681,0.470892679769843,0.0014458973721735,unstable,6
8.00302919573769,6.72602666371145,6.53124807709266,6.31759549058269,4.3442293661166,-1.55746564036548,-1.56511495690105,-1.22164876885007,0.203690510058049,0.287583237383799,0.752224605255183,0.0720241322948225,0.0164705281566521,unstable,6
8.64124027165023,0.724772193256242,9.41900571756102,7.69780853836403,4.58977745172662,-1.62676786208517,-0.980921809231979,-1.98208778040947,0.698568548471532,0.671293534287971,0.44684276356539,0.670736041441408,0.0300300922824156,unstable,6
9.72680554618193,6.44415147268839,1.25904105418732,9.80481109450959,5.73320484619553,-1.8906112213948,-1.99187609326241,-1.85071753153832,0.495608848779934,0.423311201990637,0.598020158062275,0.208958166044179,-0.0083587726997566,stable,6
4.82451676292904,2.82294059539083,4.21837650936586,9.50414394952065,5.08296501450844,-1.88259264972256,-1.54638328579168,-1.6539890789942,0.681746770766997,0.19966448615313,0.547551401121957,0.72506366948464,0.031076800200213,unstable,6
4.45860904318263,7.70436155394304,0.968910249565123,7.15706824030223,5.27573514166753,-1.91899329897781,-1.66026451495932,-1.6964773277304,0.360349814258323,0.729718703636371,0.145390648740085,0.110995744497172,-0.0027042018543023,stable,6
5.15511577521437,4.44972803926787,6.97314839055834,6.08018166069355,4.75211892315881,-1.15231335073893,-1.60882105410831,-1.99098451831157,0.604534609796346,0.673452007194576,0.412588514415639,0.424869538835677,0.0539877735092613,unstable,6
2.73800097820337,1.34117198999405,7.98650405509954,9.84274726730367,5.00760988957757,-1.27536321506748,-1.87724111609544,-1.85500555841465,0.162309940134343,0.175993544145355,0.8975054909547,0.601355613427602,0.0306199598083068,unstable,6
9.19144434573028,8.72729620388127,2.02147748799411,6.92858959664758,4.68994490946072,-1.71924478955993,-1.88043485889526,-1.09026526100553,0.780525232558687,0.636110452626413,0.484847265774067,0.241854560461753,0.03793411888339,unstable,6
7.70542208940501,7.06829420690588,2.66184758584343,7.87836170599376,4.60288728940295,-1.18207588856473,-1.52017983396727,-1.90063156687095,0.32991473895633,0.975603188318482,0.662084488494185,0.31468986916168,0.0454872284845312,unstable,6
7.50678972256174,1.74273687701172,7.17069452478389,7.76954069129939,4.30974799492346,-0.808422915240657,-1.53463605720127,-1.96668902248153,0.393576541080755,0.485576357936137,0.673647865238691,0.340700230005356,0.0228191956497226,unstable,6
4.07572881835168,6.77200894762983,5.10186041747136,8.5211605861485,5.54152004341,-1.97066165485802,-1.83694395868675,-1.73391442986523,0.410609134179546,0.420839847149532,0.104643156962891,0.582632247790046,0.0185556763796105,unstable,6
7.18202045978133,4.54313166978656,2.6826135892521,6.33383162059882,4.54596460134384,-1.39805461636876,-1.99434425554916,-1.15356572942592,0.654685633559567,0.564987347106864,0.40842375357504,0.128788712747073,0.0162002487493474,unstable,6
4.05468878370548,7.92572151512721,6.48241712750378,6.04159048193491,4.49390994846756,-1.49811092034753,-1.76889329067385,-1.22690573744618,0.526087949361568,0.970708545870397,0.434541515201004,0.939427728200466,0.0852960781468547,unstable,6
0.721472435997101,2.51954055392257,7.85219189640093,5.49517282961514,5.16990395845184,-1.55634317845546,-1.94633315305942,-1.66722762693696,0.358371569708653,0.328424297567002,0.98084048957527,0.452532060082282,0.0149234276414602,unstable,6
0.948184414552315,9.35114007999947,2.0451024823783,7.76078069907757,5.56864986280214,-1.97318535306198,-1.93351984351428,-1.66194466622588,0.143322469887158,0.704604535316105,0.972535322019863,0.754485354054363,0.0177012302956748,unstable,6
0.649787932646892,2.64970251267755,5.81427430144412,7.45471564078032,4.28832000458547,-1.14674166085464,-1.15802374926902,-1.98355459446181,0.435788839623923,0.624881722146787,0.44638650238296,0.351307548309827,-0.0328388507195907,stable,6
9.78209191580013,9.61980122430369,1.90203186540038,8.21141197722038,5.52478986708729,-1.79786568162196,-1.73377403695433,-1.993150148511,0.833410177529842,0.4735854217166,0.287161227861224,0.0503357001382078,0.0259504297873241,unstable,6
7.6752035145063,4.11695353722223,1.85616640927054,9.65111211842158,4.37043999647959,-0.842441280752781,-1.5964391728553,-1.93155954287151,0.590199140076546,0.784938073288023,0.108304676961256,0.244211366136306,0.0136990867334907,unstable,6
9.92166527780927,3.69192188278218,3.47349523725939,9.67563809972289,4.33920098143265,-0.864554015682836,-1.88299689113612,-1.59165007461369,0.133248791011286,0.184153923270031,0.324712329739853,0.521442589588816,-0.0146195913526554,stable,6
6.01167150140834,5.50971438952617,7.30835116983955,9.78280366699757,4.04350660435039,-1.46834490633348,-0.990747101929085,-1.58441459608782,0.217133511195867,0.116024978716255,0.59731802449664,0.0832858101893228,-0.0082637479791516,stable,6
3.78399075120932,2.12336021976956,0.56161793091672,6.4813422894918,4.21666371915775,-1.12074450237242,-1.11917401368555,-1.97674520309978,0.295335022851781,0.384226156318127,0.535711233051075,0.760425219272642,-0.0227888281080538,stable,6
0.848367797359405,1.72800705414925,1.21205414684502,9.77367869015666,4.78719066766715,-1.96477289844895,-1.35250310522906,-1.46991466398914,0.122542053131469,0.432164404943875,0.671260217217319,0.809964411863798,-0.0450904875848162,stable,6
3.68486217394681,0.948074763694173,4.154446031287,9.15387256916417,5.17796211869157,-1.91767696675226,-1.34814971167383,-1.91213544026548,0.858515316627853,0.0855569806594076,0.0622450107746443,0.870222191850002,0.011019959538087,unstable,6
5.27375845355388,5.19365857810014,5.0660156599666,8.66186112803846,4.56655802342165,-1.73415080166825,-1.93617403096007,-0.896233190793335,0.91666198909406,0.713650909612423,0.959859627624529,0.263774136655974,0.0883006261335376,unstable,6
7.23159815264947,0.821404649764311,5.94849638727852,4.81841024767293,4.33705360457374,-1.14949362588786,-1.69673826377582,-1.49082171491006,0.255590987319965,0.37416099700162,0.391151129033402,0.641751716286902,-0.0080341834872736,stable,6
8.47668724024025,5.87147841885593,7.341466443212,8.22960977824872,4.40859725913723,-0.834689558774757,-1.80876649907926,-1.76514120128321,0.570972962787375,0.707746071329356,0.592054002981563,0.625529013739821,0.0759933204239413,unstable,6
5.48999444730199,8.32307146450066,0.845645026002545,5.78806716347474,5.13227635596697,-1.63327576218355,-1.71200980929794,-1.78699078448548,0.105965638400976,0.410927354927715,0.573228520884587,0.0925819684121734,-0.050768877646812,stable,6
4.39864203166822,8.02256075456146,4.86035771565129,6.06853497397606,4.39221165496667,-1.49673761896153,-1.23951196633204,-1.6559620696731,0.368217252515685,0.107221438027014,0.866531996083173,0.89760372710088,0.0603151897787398,unstable,6
4.88000758076395,1.23209330097504,6.65071780567337,9.0339268095781,4.29268844211513,-1.50280296696048,-1.57885995407149,-1.21102552108316,0.281567336059025,0.726328601203099,0.138194059056892,0.495860658755131,-0.0255378754698005,stable,6
6.17200314928523,5.88764494833261,6.62486941192818,6.61486486479479,4.16959412744936,-1.46132121282654,-1.51458259430667,-1.19369032031615,0.241579309675755,0.35113113828883,0.851833973691432,0.425647380155313,0.0500963854191795,unstable,6
4.74273710548185,1.98368349082412,1.01095459858576,9.52244221668742,4.87740178893398,-1.38504385308806,-1.65482500682911,-1.83753292901681,0.642477964336758,0.334004717754971,0.378289842541264,0.490071715993955,-0.0263696421409966,stable,6
3.08819146627667,8.81024800066326,9.32103770639967,9.14769697917628,4.37307900535462,-1.29032729546499,-1.72489247015032,-1.35785923973931,0.65666573282528,0.464173897134647,0.823061254938701,0.245300499613167,0.0407546708626131,unstable,6
5.52940444802375,3.31646383196109,5.41376911956087,8.87093636051961,4.65509113956899,-1.41052670892803,-1.77501528603407,-1.46954914460689,0.565973818291335,0.76632496637661,0.799296559269038,0.968336157900311,0.0771935992512912,unstable,6
1.76175193168035,3.95583447618916,5.31460477832515,9.75049246206857,4.43917020718142,-1.56960326993564,-0.87155387995214,-1.99801305729364,0.951245037166899,0.101634451079137,0.963403659691048,0.148923541188558,-0.0117897389248802,stable,6
4.36777246157955,1.08769331103296,2.49771865867026,9.58708547966427,4.53116816462145,-1.60938018911785,-1.05427146381955,-1.86751651168405,0.300254312900697,0.616923619605475,0.824490377135903,0.785043446586439,-0.0159453767578316,stable,6
1.85980092289604,7.68625604829375,8.2053556139501,5.72927027533887,4.52872864559483,-0.954530420667527,-1.71756309948554,-1.85663512544176,0.115291099036105,0.622020382322513,0.464058587340102,0.67052817324599,0.0419433418943268,unstable,6
9.79484623021109,2.84147969196269,2.65901854512709,7.25272859012118,5.19684362379037,-1.86201819980968,-1.86192859994223,-1.47289682403846,0.0805975441916054,0.905331926406092,0.803349693161842,0.746380877354996,0.016668241041594,unstable,6
2.83363416657408,1.16776076185019,4.42402975708031,8.71920207539913,4.4285747928703,-1.42160136132644,-1.75134539210809,-1.25562803943577,0.213810387773468,0.777781269445318,0.36512033937706,0.598108447622499,-0.0254682296387338,stable,6
4.60758951214714,7.75734633519925,0.696898328989348,6.02673444477912,4.22893360266691,-1.25135420352636,-1.58869785174134,-1.38888154739921,0.286102770189561,0.814277549901322,0.306292857121679,0.957008152827194,0.0466533281207614,unstable,6
2.96198982333572,4.86720464008808,4.59710704815887,9.04525321541904,4.43974118762683,-1.48532025297898,-1.25146604806056,-1.70295488658729,0.877729233674161,0.0993225057059689,0.84105337504259,0.328059577295162,0.0165151384348918,unstable,6
4.51554807246112,4.81519631472665,6.40459371385694,6.67434696728474,4.26620678968128,-1.49796347336114,-1.21544118017457,-1.55280213614557,0.323539354222171,0.650484842144755,0.443986248971408,0.687594859381717,0.0552009486862816,unstable,6
1.24953318778591,2.93020294491833,4.07610855182292,9.4598585744199,4.05311833137805,-1.08818325420957,-1.56343837390811,-1.40149670326037,0.260338766793251,0.237098905235158,0.441499774496168,0.759923652808956,-0.0090475336278563,stable,6
6.37669350564062,2.41651577864422,3.8996861923443,9.75605786866876,4.05871338084577,-1.07902741361387,-1.51109029051363,-1.46859567671827,0.564544334438987,0.38633013697512,0.959294440580927,0.649045937156646,0.036668937103534,unstable,6
3.7526130346828,4.96200787126867,5.79011996562936,5.99256517502498,4.5318274612506,-1.19663645624602,-1.53588064245242,-1.79931036255216,0.561841089469474,0.654702900831238,0.530707807278004,0.505690766475471,0.059080984463707,unstable,6
6.22565265823482,3.05946802744434,4.26661587922801,6.65953962487491,4.65373935007753,-1.83614050127704,-1.16272521590509,-1.6548736328954,0.959864917164166,0.502389223955945,0.644184565605145,0.701463645856412,0.0780424205334641,unstable,6
4.03570904752655,8.09492074817794,1.03601924657495,9.58559651929852,4.62395710891132,-1.84380948588375,-1.77192052206326,-1.00822710096431,0.723897468663189,0.844509255961953,0.128504528662809,0.274082296268072,0.0270989328858937,unstable,6
7.66154663390919,2.17508852725067,4.2724152342318,6.19358018022412,4.79122133885056,-1.61617321902458,-1.33550570281781,-1.83954241700817,0.406327914485703,0.945699520643989,0.959658059696705,0.0955456967723428,0.0193265335816853,unstable,6
0.698722095211409,6.32066169269346,8.12641712573777,8.41416941665348,4.35997371465527,-0.588824547757395,-1.86212193592977,-1.90902723096811,0.439345254823344,0.785166202308795,0.464212594634019,0.592311434757214,0.0354542299505606,unstable,6
2.2858891255144,5.11897242221488,4.79030333769268,4.68427274425615,5.13023779368137,-1.58874017555839,-1.93657335841769,-1.60492425970529,0.394879318308653,0.440183919559952,0.685858061531063,0.163764705244869,0.0065724462455069,unstable,6
3.52718304014236,7.26283050790315,1.27057742258507,5.66045721995382,4.91214637711633,-1.98335188666198,-1.96767756538407,-0.961116925070284,0.365809236018164,0.279430726718389,0.229560044578064,0.555723185813642,-0.0180525838394689,stable,6
3.67269993302347,4.97835128397375,7.1697148930638,7.57847459006222,4.76285560504622,-1.44618880522861,-1.87358940781937,-1.44307739199824,0.729000000631512,0.50370401951253,0.974455719862758,0.790900968951469,0.0843428068955175,unstable,6
9.54915803676248,9.36324148892425,8.27273592581623,8.33344844593516,4.14275744293984,-1.20626321009246,-1.42427352792727,-1.51222070492011,0.0531002390383254,0.619114894813339,0.581817161836167,0.485084765799349,0.0483917581376473,unstable,6
1.72683397164152,1.48889672085402,0.957949397734494,7.97908837312127,5.19552501154586,-1.4727393850168,-1.82481330144876,-1.8979723250803,0.762860336454811,0.559017298846099,0.567828480678247,0.111913738336569,-0.0705288566006885,stable,6
0.780695391653629,5.40838230418442,0.513211626058829,8.39043523728254,4.28129213258176,-1.55126491931455,-1.86537767878756,-0.864649534479645,0.927315950455642,0.174751425621975,0.0906513852404209,0.360454324980385,-0.0513966437656737,stable,6
5.9675549154142,1.93198685035461,9.25907238129887,6.34285482373191,4.66204167629534,-1.33125736450813,-1.64984536213439,-1.68093894965282,0.870995264069135,0.092074433775685,0.532016907126824,0.530821599171848,0.0478750101186144,unstable,6
0.57996385982011,9.6761252013448,5.58551037567201,9.71390954193303,5.11209576010394,-1.67730493696668,-1.75495449502834,-1.67983632810892,0.162826230594164,0.590928233396497,0.171275221295073,0.557573358002313,0.0188679470734557,unstable,6
4.65606703218097,3.90205375029664,7.75107468028391,8.58074023057986,4.32276337593606,-1.56377444184413,-1.86144480651984,-0.897544127572095,0.060257935527314,0.357489488139123,0.921915540628252,0.29127905274912,0.0286982913139352,unstable,6
3.10707107279402,5.20226616843601,9.09268498689618,7.00631971608198,5.04039289388215,-1.75049250411775,-1.7112016963653,-1.5786986933991,0.76678254200316,0.480325922393401,0.694793691151413,0.289209137957928,0.0336735958333123,unstable,6
3.89952177126213,4.23391327565622,4.70018381411128,6.91771504277157,4.61667773279386,-1.8540959540255,-1.19660062866705,-1.56598115010131,0.570603604596322,0.87497067849319,0.809051807803094,0.269189100525043,0.0688147658621108,unstable,6
1.18139895269841,9.37760133385659,4.34606230091732,7.50371672197404,5.57940252444648,-1.96794689537208,-1.82187925507318,-1.78957637400122,0.984861696901687,0.479426211503646,0.115427166094902,0.767202699098977,-0.0056087340602609,stable,6
2.6480586456932,6.89685053822408,6.50246386147211,4.90618150351142,5.13427230910304,-1.56917671800299,-1.63329660950999,-1.93179898159006,0.618518736537989,0.184130529196622,0.384259575269944,0.987989171840595,0.0376859833335623,unstable,6
7.36408524466964,1.02072818334843,0.669713877241441,9.65481976018258,5.19588107768811,-1.80662773064212,-1.49706583281163,-1.89218751423436,0.736125817504755,0.666337951317214,0.611408911013267,0.745559920381053,-0.00953851231798,stable,6
2.10380603479404,0.678006676516088,6.61931697767898,7.83449256998852,4.94609546683644,-1.72464125440859,-1.900864127267,-1.32059008516085,0.723384586703554,0.745004792272346,0.339881696532911,0.223535957811027,-0.0427747024474907,stable,6
3.0266222783185,6.93462148467823,5.80263162836542,6.81698913784095,4.37293872304307,-1.44274785820759,-1.50266541460826,-1.42752545022722,0.840130245029273,0.912900858108379,0.992072015429173,0.915291184425182,0.105314184203147,unstable,6
3.92159690380895,3.87666327187307,5.9499334494414,8.17442100497958,4.35176219279627,-1.73755749272999,-1.26617592586917,-1.34802877419711,0.836958469333774,0.773921320284237,0.113830772096175,0.717163552377059,0.047893783372572,unstable,6
7.92773405075609,4.94301479467587,5.39702807878929,9.80226736848125,4.30360697326241,-1.1361688683676,-1.91444814534999,-1.25298995954482,0.434351540354077,0.170929197986117,0.430982744230314,0.296284411410381,0.0114392996203303,unstable,6
6.98347471920081,5.01515237869939,9.29357663929546,9.20856654863135,4.69751907032198,-1.2405976557762,-1.65861739332041,-1.79830402122537,0.440131181472155,0.844160275937609,0.110728126360131,0.557911760652575,0.0434232969477541,unstable,6
2.96106914326145,4.48806231713627,7.29097942293212,9.64260527658708,4.95767893706871,-1.67065533584973,-1.98229988216822,-1.30472371905076,0.191951265839289,0.775241315716829,0.889565252304731,0.998960936377709,0.0709998767369115,unstable,6
8.61256606359332,1.42900480429466,7.98298121304556,9.90618076716248,4.73564286365372,-1.87334317552259,-1.49758234840931,-1.36471733972182,0.0885774788417469,0.245496212691709,0.17639666339722,0.902676412457989,0.0126757953263661,unstable,6
2.70381092871075,4.88987457438072,0.660866283320426,5.41291310520008,4.7643708003642,-1.4639876630938,-1.68413032104658,-1.61625281622382,0.961026043810806,0.204182128528064,0.599856122091993,0.203932492607151,-0.0486837053813409,stable,6
6.64978295257366,3.36406110015952,7.57862470306687,9.17813492985136,5.42303180296398,-1.75848979214194,-1.83707635381813,-1.82746565700391,0.227095245049136,0.316439019110635,0.805596685875277,0.544754765119511,0.0419355345509074,unstable,6
3.26095845283245,8.75529497081416,3.16460549171244,9.49546698503946,4.0085601567058,-0.767049013476178,-1.61561915610592,-1.6258919871237,0.840422230662964,0.658437415386303,0.531632085203287,0.0623323551609484,0.0039810408481468,unstable,6
1.2729335508128,6.80437689584525,7.67224494620141,5.12568561009313,4.72643383941514,-1.28708212132788,-1.49384300727303,-1.94550871081423,0.68157250319079,0.688705704036995,0.333503109486101,0.0764049227015127,-0.012736279702156,stable,6
1.37645313464553,7.16078547324624,9.63836817235617,6.29835748969066,5.37877358978101,-1.88374277469466,-1.70549170551118,-1.78953910957517,0.354359682962154,0.730219377284851,0.31742423610969,0.346800588455377,0.0158630132497461,unstable,6
6.75710111869567,9.19404878883173,4.87936316494675,6.20105288499996,4.90193740346669,-1.28512405168469,-1.80354921258996,-1.81326413919204,0.83815924803009,0.141131432694041,0.531515376396505,0.19872793659317,0.0346496484641918,unstable,6
1.32847089947494,7.56130727844411,4.75374925373077,6.98137710613728,4.76800377168171,-1.55833437067651,-1.8051487795372,-1.404520621468,0.828858444947533,0.412678793428546,0.574555928760874,0.210110350311082,-0.0151982096285487,stable,6
3.22874865921593,8.30402187404807,9.01853099544584,9.84822617580274,3.80816733652028,-1.39833997989768,-1.51052856525874,-0.899298791363859,0.506548016310317,0.993257333281535,0.954736146186666,0.712123908104675,0.0828209770486951,unstable,6
2.11979040966961,3.79775664591796,6.94865794365717,4.80728319311657,4.98643305885089,-1.59481359354014,-1.57297337016283,-1.81864609514792,0.549310634252005,0.665606712012276,0.608839065854676,0.80836499244726,0.0529464454766411,unstable,6
8.2600840523681,2.84685622903747,0.985115333091142,6.11956676662306,4.92110851228027,-1.27929295603097,-1.94981223814324,-1.69200331810606,0.434012975692789,0.236629559409933,0.682701341158014,0.323910452690909,-0.0450503624317228,stable,6
3.04800132617125,7.35342715090379,0.808427610765432,7.56064773035761,5.41360572046942,-1.94563902484856,-1.65096804685734,-1.81699864876352,0.91721618716161,0.19283703233532,0.74570538571503,0.903033122217031,0.001580028702568,unstable,6
6.50825979415966,1.94330288697144,7.23522691307784,8.25450523328687,4.60774288628841,-0.955319762990391,-1.85205364899737,-1.80036947430065,0.379255627356287,0.163394964876191,0.777694335213567,0.945778069313513,0.0614296109803929,unstable,6
6.82246989845774,2.17139235609864,6.49691553928642,7.49094495048652,4.81584837924989,-1.56546755923411,-1.78492831105981,-1.46545250895597,0.534604410465576,0.719611844634196,0.495036222584228,0.372501750549654,0.0272060885773334,unstable,6
9.44724368684981,7.65340586893603,5.17997728521979,7.06494177847906,5.1520792329055,-1.79316327118879,-1.51617430760217,-1.84274165411454,0.31120137538659,0.520865265578518,0.237679039105098,0.775776873995474,0.0476601584568539,unstable,6
5.96695354377027,7.30013186175999,9.71014666037037,8.32623154797567,4.27919993732422,-1.08326594709887,-1.97078547864143,-1.22514851158392,0.223898013460905,0.592867606074172,0.455700672288331,0.70510219730288,0.0555754320467167,unstable,6
2.18145749596258,3.26871855779885,5.88188078513357,4.77999957696309,4.94733893134579,-1.91841115856698,-1.47410142600278,-1.55482634677603,0.0626423388482828,0.64906548214091,0.374760248683998,0.0894597445274564,-0.0450531391977551,stable,6
0.893590420536941,3.03952118355063,5.81709741222328,5.33759683228299,5.04088488701787,-1.73667550965321,-1.86309733716424,-1.44111204020042,0.731789868319831,0.225786188911775,0.261024288611914,0.856226481042001,-0.0156370704599064,stable,6
6.70143252000823,4.51427409121682,9.4927146155138,9.8179770407433,4.47448886262208,-1.19219423305774,-1.76741587487892,-1.51487875468542,0.697374399479617,0.900230866970304,0.215533554463909,0.160918272831608,0.0383064578025283,unstable,6
8.74464875779897,8.73674349401855,9.0156265936908,6.93088491285788,4.56849881412364,-1.13304866702216,-1.69406504354902,-1.74138510355246,0.443456007017316,0.444988714581515,0.472684760430584,0.0993634037524403,0.0346265757266358,unstable,6
0.911235723701736,8.27988663851096,9.46476765344197,4.69593857224825,5.55949596156646,-1.73143700169651,-1.97218326757981,-1.85587569229014,0.151153906189392,0.773194128229225,0.330065335184067,0.111770160847765,0.0106956010253907,unstable,6
2.90518385450458,3.22005616570659,7.29903208163102,6.37363878868511,4.3403112537306,-1.26092666458715,-1.71441496437864,-1.36496962476481,0.66833883492139,0.529536740467213,0.972146395720198,0.933719930757238,0.0764053142138254,unstable,6
3.43869898673418,2.60826030083481,4.05567910023478,5.41191519271773,4.74023982703766,-1.90317001566262,-1.79075078188411,-1.04631902949093,0.117708658219418,0.555304757293302,0.124947451155173,0.538436686981671,-0.0340662206007472,stable,6
9.319420674244,0.990444851048035,1.85889711337382,8.81001296930804,4.68702912319573,-1.22671004370633,-1.76359555759135,-1.69672352189805,0.293890923369483,0.0815810955983412,0.0842230585370027,0.19979545728998,-0.0415527805185317,stable,6
8.72621374342244,9.7680209849067,6.43049191283553,8.52694144712745,4.41292991307908,-1.95378792578847,-1.03916814947972,-1.41997383781089,0.754107304034079,0.508726992611527,0.858592047622061,0.260156702483722,0.0699006934177871,unstable,6
0.876967221198347,2.20237619403593,5.63092353098715,8.36254533508554,4.55317377551906,-1.8353095284826,-1.90347332735588,-0.814390919680579,0.179924142318853,0.810576093099749,0.582521770421673,0.951581946514459,0.023429701768955,unstable,6
7.21095181492944,1.3044127945279,8.74559875278904,5.16669231193897,4.62892795881353,-1.94023325748856,-1.51827563666436,-1.17041906466061,0.103023041399948,0.276986505097547,0.156108647571678,0.569365044524594,-0.0472916571883507,stable,6
4.26709498048577,8.81665358594548,9.43433038964954,9.39134172741356,4.64151162315825,-1.89801187484775,-1.42687808485009,-1.31662166346041,0.15365520293018,0.687140672248489,0.223737576610311,0.969130594096185,0.0571621679978219,unstable,6
1.70657453796415,9.59431816060555,8.48557393200536,7.95716215732025,4.24732293519366,-1.41948467386694,-1.27111363744787,-1.55672462387885,0.226014238996059,0.574690208250161,0.263096143560765,0.66504998244594,0.0320851000513419,unstable,6
3.0083289473276,1.92221245511898,0.916370549048728,9.36210566291279,4.28964314980345,-1.09111912548231,-1.64452326312952,-1.55400076119162,0.728892849629925,0.423248448985926,0.158542866216191,0.680726196814219,-0.0252370668599549,stable,6
6.42547065523049,8.27832235384072,4.4365095848729,8.57915888823136,4.50676738047871,-1.66788847946668,-1.07292303069144,-1.76595587032059,0.335718653314172,0.527475985716705,0.884383326948343,0.512482406381102,0.0550364485302309,unstable,6
4.84004858793096,9.95044941589993,5.93325377844591,9.87101794824618,4.16032887375827,-1.0650226670177,-1.58514819208421,-1.51015801465636,0.169967600803335,0.429490445413539,0.5923166849965,0.28066406651552,0.0209762157505551,unstable,6
8.30616386821909,1.09469102022395,1.64834812514386,8.93906187132307,4.87899895965879,-1.81870492144648,-1.53763102905339,-1.52266300915892,0.424418375068309,0.656486701065516,0.455468061998523,0.595000307389759,-0.0238989427150115,stable,6
6.56808822452567,2.74393703022159,8.63229757609295,7.85145037228401,4.81329327464012,-1.91568281487551,-1.89804502618273,-0.999565433581884,0.850476629243819,0.247324167451801,0.750772696568633,0.953139836141549,0.0803934509502278,unstable,6
6.46607757885879,8.47380470796604,3.00733875689423,8.60260186064672,5.1802098244795,-1.91133372934838,-1.9296776707584,-1.33919842437272,0.867744034867655,0.555528059867861,0.12092949594291,0.355796617723316,0.0470897667403222,unstable,6
5.4648864607083,2.50435293166923,7.68636480673434,8.37767624308021,4.99513217112327,-1.97911120753054,-1.41537795229412,-1.60064301129861,0.294239231599031,0.839369899049844,0.0647137580260949,0.41129276216518,-0.0176954956686313,stable,6
3.89670288867586,8.34831729040876,4.85676051773749,9.85278348797662,4.81366801986872,-1.93886352890695,-1.68295435406428,-1.19185013689749,0.441028695994311,0.809625891909717,0.174739676747192,0.529082273948934,0.0400769670060416,unstable,6
3.36498117029708,8.88842302679681,3.93073551822291,6.57726471872515,4.21162097845939,-0.978469414873631,-1.64163018252925,-1.59152138105651,0.107279176153115,0.908796452052797,0.0576597544341278,0.153125113281934,0.0101092568783767,unstable,6
2.62866209245051,3.05235012211539,6.8984695352013,5.92155946411221,4.4820799780775,-1.454162157814,-1.64108555097687,-1.38683226928663,0.855365905846426,0.661761479903895,0.0705904767833615,0.787976729353599,0.0303888507777574,unstable,6
9.5298856163039,1.58166217634281,9.80379217787869,7.5392093165203,5.4621794794891,-1.47036921903167,-1.99323282990367,-1.99857743055376,0.754426745030066,0.976706951160939,0.722609533509584,0.343891381264058,0.0305219696146052,unstable,6
2.67336535181754,5.5163845040614,0.987178670964448,8.31601891832302,5.36191097701275,-1.76295770121197,-1.92757902340402,-1.67137425239676,0.950779153201566,0.581798032536824,0.601912837135213,0.167961006963472,-0.0261367056687998,stable,6
5.79479382520982,7.20337432290604,1.29463005475875,5.99112012893052,4.59442887943581,-1.16403173154243,-1.4560706122746,-1.97432653561878,0.17201533999073,0.918731881698811,0.894875114403996,0.871618965226534,0.0430156572207869,unstable,6
7.46827334403251,0.870792227746651,6.77411985940976,9.86552360981589,5.54907671756605,-1.748208218452,-1.95751668524948,-1.84335181386457,0.148326569424403,0.931161371593233,0.10123105913558,0.786483513716429,-0.0249635568129687,stable,6
7.36569879289287,2.67467013109972,1.02999251979801,5.55013859149857,4.22361731272327,-1.06413181690831,-1.55139610598315,-1.60808938983181,0.0567076387149107,0.197921394399863,0.76589541268362,0.634323673507228,-0.04932907275656,stable,6
2.90302459330732,3.88115129628971,2.76201177415866,8.75234077802384,4.39848067254222,-1.83163144392596,-1.73499579346498,-0.831853435151279,0.845338893466367,0.26708038143429,0.181971597646653,0.508218798151175,-0.0212532199858026,stable,6
3.11565297305795,1.88740104703349,3.309432785857,7.00772012777489,4.65198449287874,-1.40437781459714,-1.9964575683606,-1.251149109921,0.243827969492364,0.918133935295781,0.193982542617001,0.32749512797898,-0.0324057837764267,stable,6
9.37515115464994,7.90178445759473,4.39031189107834,7.5404355164359,4.50292362997489,-1.65200765212383,-0.91653743080782,-1.93437854704324,0.348689888441422,0.344825640025944,0.40308155448837,0.516578891383978,0.0297035678212032,unstable,6
1.69897445740066,1.55043690679141,8.60908511683778,8.54094465616354,4.91101778229943,-1.49534509105551,-1.86925899842123,-1.54641369282269,0.515657566476509,0.244574292368655,0.561367789112795,0.204480709350856,-0.0328042007656341,stable,6
9.40358740728799,0.978377539970679,1.82307512919761,9.82409722122418,4.81221764113954,-1.74893554493872,-1.37794867973367,-1.68533341646715,0.912488773699385,0.678016073917748,0.313418939796239,0.845350027808036,0.0230938836314604,unstable,6
4.93753420680024,0.897186128545215,9.49115710858115,9.21332392163705,5.37230924150009,-1.64187029355456,-1.78919726336597,-1.94124168457956,0.733362541035452,0.67660136580008,0.136657215427841,0.55600634309598,-0.0107064654010801,stable,6
8.56963187990615,9.63757199829101,8.33119104487123,7.96290723977042,4.63742086332628,-0.991324451922754,-1.7918193029171,-1.85427710848643,0.36454633783874,0.206537981389776,0.978739284739659,0.350762300443437,0.0552364539898823,unstable,6
1.35892676498409,4.94352310875781,6.91221364668822,5.60940439345125,4.40502550518613,-1.15577622267774,-1.28070675403948,-1.96854252846891,0.282625683838407,0.314393266828067,0.240805764080205,0.161211994847954,-0.0347197563565245,stable,6
9.93515196723308,2.84500880653244,5.92425001623718,6.81176234884483,4.24659126036967,-0.930708396439825,-1.81847409043612,-1.49740877349373,0.293596239243142,0.394674091199945,0.217856019938353,0.495671100609777,-0.0032723966319835,stable,6
1.55942398803059,7.66617608701065,0.772376736192906,7.46304294596555,4.57097468453189,-1.96713369741113,-1.67989457872696,-0.923946408393804,0.947661692631509,0.468294927302756,0.355672161298143,0.712623624092314,-0.0151237589153322,stable,6
0.868450479239156,2.15157915786094,2.2476785422567,6.67291445079322,5.21248933790463,-1.98857826108492,-1.52379886821574,-1.70011220860397,0.972334516809561,0.667723560029882,0.976502467907651,0.935566827496568,0.0010117086730541,unstable,6
2.98054722690928,5.30035150690767,3.33998596515764,9.00781389807288,5.28216978339435,-1.88414624434944,-1.97425195315616,-1.42377158588875,0.498018161731203,0.82237312321449,0.544648020463157,0.919079959631986,0.0520271500771416,unstable,6
2.52884003106386,4.26947910982879,9.47637885139902,5.33245841212168,4.917669647836,-1.74191746968122,-1.34895215058165,-1.82680002757313,0.770750753209485,0.607866348835829,0.43225366625294,0.319935955976608,0.0025878247353264,unstable,6
4.08413032560771,7.5126871232543,9.01690539581925,5.92915601512478,5.06368070116053,-1.96412641851759,-1.8071147362759,-1.29243954636704,0.382244151993972,0.837427544784552,0.824981893931521,0.785559999708574,0.0810157168558503,unstable,6
9.19308270374544,5.75914299774227,0.960391075485665,6.89109414316651,4.19948381363946,-1.13292632074329,-1.71417224898757,-1.3523852439086,0.994966091196137,0.26369238910787,0.791293023565366,0.331008301830771,0.0119851437382497,unstable,6
8.36208374807134,8.46024343365235,6.82605108733028,9.59503802104284,4.61239441190277,-1.59659059774353,-1.93012300518235,-1.08568080897689,0.921319273824872,0.566563784022279,0.0937178627924982,0.257479515355236,0.052440541634477,unstable,6
5.68778106650335,9.94882493306778,7.63610400435545,8.85079363532072,4.26918132033687,-1.05850337172207,-1.89738734268227,-1.31329060593253,0.670062031960371,0.366519917968994,0.439105836584863,0.887660893797068,0.0672591816618828,unstable,6
0.863565969297756,3.30506593398491,7.11266809371765,7.32941115236715,4.41729575346121,-0.802086569985945,-1.83459133090299,-1.78061785257228,0.779914281574893,0.728776475895052,0.187863425204699,0.869940707900651,-0.0006399764503076,stable,6
1.72547838009879,4.28635834699541,6.90897902704378,4.98065858018756,4.42531449813768,-1.32557915090001,-1.51542245208723,-1.58431289515044,0.306194033878238,0.899458398221401,0.271513170489243,0.973179694022331,0.0544843469001573,unstable,6
3.69698898559167,2.77521518333574,1.81224137882085,6.93314409534043,4.85678048765904,-1.80565007146734,-1.8154388683263,-1.2356915478654,0.753595448579092,0.394976075835838,0.415073064432692,0.582284221676216,0.0074060515897433,unstable,6
3.11856019906527,8.16316064279703,6.64139967434199,6.88775011785206,4.16765752508294,-1.2494034686123,-1.33039628418571,-1.58785777228493,0.896199639452365,0.0577349549489201,0.324483437245889,0.344271755657529,-0.0041327498067662,stable,6
6.55803636176663,9.3147602213125,9.95379133151484,6.69644261580402,5.02331185287622,-1.56134710303791,-1.77925189803848,-1.68271285179983,0.368682237086033,0.870307634858207,0.222400090487748,0.108891929160173,0.0366041323877191,unstable,6
8.21017851093967,7.7682398186887,3.78888989519508,9.66285124384422,4.33031515009595,-1.61367552574751,-1.44764846300407,-1.26899116134437,0.86410143695845,0.457143497882903,0.560559381361264,0.461091336438445,0.0582589353699274,unstable,6
5.11563262044347,5.71187278541522,5.84566204550601,6.25440658410275,4.22253342446743,-1.32074622618257,-1.32206670487956,-1.5797204934053,0.449610910846508,0.208083712004693,0.942931445220511,0.656163022422383,0.0671813006096697,unstable,6
3.30359167940401,6.77553901870468,2.5291168447078,7.72082844752024,4.40511879689195,-1.58111850255381,-1.58128642156243,-1.24271387277571,0.960771837187972,0.439138622101916,0.650787827675688,0.794466226324262,0.0479600939807215,unstable,6
3.0799253237978,2.84061192514513,1.1878734318704,9.5466466150608,4.11309244373431,-1.531511261082,-1.62667530635099,-0.954905876301322,0.622837799664969,0.635128434998039,0.830500437218528,0.831608587758157,-0.0202733286744058,stable,6
5.90237407495235,1.13916076070435,7.77977993558607,9.71829631128187,4.36732253864495,-1.97115019751991,-0.75532006472816,-1.64085227639688,0.475302776875545,0.987913214201225,0.814727528663751,0.323529225888749,0.0112044782894631,unstable,6
7.49704394274461,2.21149439315806,7.53995968189469,5.22072948009961,5.00714440547219,-1.67538973042392,-1.59376163099313,-1.73799304405514,0.626272163720439,0.673356317538627,0.214277997358859,0.821687673848467,0.0371795251566365,unstable,6
9.08866299627102,9.05562932675065,5.70206794771625,6.18095195217757,4.76245912598945,-1.96568026936296,-1.54404165080939,-1.2527372058171,0.087630166314512,0.192151216443522,0.310917477876754,0.706515339381909,0.0099747540337871,unstable,6
8.99841144635424,5.57355191560687,7.06361589042742,8.70397780325578,5.43082348231775,-1.71758116072242,-1.74443168372639,-1.96881063786894,0.920187349393988,0.877670426096251,0.57128265941422,0.25187173340486,0.0763936028847259,unstable,6
1.46761766806175,9.38908499186321,6.01974031775928,9.37624671865411,4.24240353024843,-1.89479380001597,-1.58908487639497,-0.75852485383749,0.659519224147451,0.273216931202115,0.526144883355251,0.85116334302886,0.0230724022275466,unstable,6
4.29217699556981,2.90345029117806,7.55852706940526,6.51987351069694,4.65099728322095,-1.10504630909614,-1.75977106340589,-1.78617991071892,0.595197931303538,0.723040574400125,0.208128056623793,0.188745581380255,-0.002879841070287,stable,6
1.51424923965009,2.29023738278807,5.42638475071412,5.58444609261177,4.55564090358436,-1.4970184298856,-1.88840542793826,-1.1702170457605,0.237260003262076,0.887413129873681,0.308735138629387,0.568275279157974,-0.0070593094439523,stable,6
1.7993860422894,1.97481661101173,3.00855852913498,8.12498122918444,4.69284284988052,-0.947717918817245,-1.95975035942761,-1.78537457163566,0.988369025327626,0.166685255627513,0.497491690043946,0.508449937390238,-0.0556974008216434,stable,6
9.12152837951664,5.04163077568146,9.38740793486653,8.33113367831393,5.1374471475045,-1.82902809015196,-1.53178595653287,-1.77663310081967,0.371643731773866,0.12695336551894,0.894778804479631,0.782799482933865,0.0641951810242826,unstable,6
5.37633550769495,3.36499175079439,6.17634530369738,8.77714545588387,4.34601398966995,-1.57247515258506,-1.73291625963388,-1.04062257745101,0.7515171882899,0.0646434991453064,0.534460337689583,0.799833606920806,0.0550308999748196,unstable,6
5.72585578613897,3.27466902320738,7.77346392063857,8.51162228898001,4.33966836915542,-1.15031549707236,-1.92562686109443,-1.26372601098863,0.954956571883914,0.408844621940233,0.966527528231142,0.931880013031297,0.0923844526356221,unstable,6
4.44306391112768,8.3220633194247,3.48862094736126,9.00430027033482,4.26436599648309,-0.975266503711965,-1.79366566087395,-1.49543383189718,0.334401678261034,0.270823306535335,0.212570173140896,0.982598289176895,0.0343756726955735,unstable,6
4.72735914861123,3.07243118776343,1.45683524938162,5.75262495174683,4.59014772661985,-1.24819734939055,-1.42723072043937,-1.91471965678993,0.682836626127127,0.920525407574436,0.502802881826729,0.25244929920182,0.0219816780341137,unstable,6
2.60314317264947,2.82544413898223,9.32951408710534,7.78530497180138,4.16184475748132,-0.766509970881487,-1.65041848283604,-1.74491630376379,0.489268899170627,0.231136481354771,0.318641404275992,0.254808530947093,-0.0371181474410163,stable,6
4.11626964969028,3.41405168329392,2.90476834243268,7.7051704851935,5.19706995755065,-1.74062412862167,-1.83270073098505,-1.62374509794393,0.896814061773806,0.493643586103312,0.828865705648552,0.276606401721033,0.0436570661118597,unstable,6
6.24999869865802,6.64434475425483,6.66317917206364,9.9474888184506,4.24683347911112,-1.34578695258453,-1.58216876022881,-1.31887776629778,0.218704457134965,0.121484127267,0.903673150123788,0.671692529532998,0.0485842217388801,unstable,6
1.39802732370337,2.44524339709653,2.41540927715524,8.29416251616919,4.27723432840454,-1.78674302393459,-1.51143876535691,-0.979052539113036,0.885246592750889,0.46530228600901,0.42951678263057,0.728754426995633,-0.0179167376598248,stable,6
0.528527842762682,3.76781117367769,1.37197799335353,6.96609898523202,4.23051043436477,-0.984195519299747,-1.43013689442273,-1.81617802064229,0.809011981530607,0.585233501313151,0.206378201892651,0.979407955758894,-0.0136665817086882,stable,6
7.80380767622362,2.04669490346741,1.70789875555647,6.16122924077011,5.54664892460994,-1.78325695426851,-1.88174410199369,-1.88164786834774,0.163238451110993,0.179944825948831,0.518767485144091,0.779936118950235,-0.0201180108203374,stable,6
3.62592450267383,3.3031322416603,6.6919566663485,9.8523774794484,4.27744690598105,-1.21210585201012,-1.93817942602348,-1.12716162794745,0.369873803385429,0.0938100582334318,0.296905103482087,0.332527283319721,-0.025830183281762,stable,6
8.24978009908498,2.52960588274129,7.39559608427099,6.30211905438846,4.46077648665146,-1.10957171359,-1.90119435400774,-1.45001041905372,0.599565692977515,0.802876594096788,0.482856053132782,0.266756429617716,0.027577384890854,unstable,6
6.36980157504488,4.8799069020557,2.91710579031159,8.98518772146512,4.2868553669122,-1.0041228935592,-1.70241442678072,-1.58031804657228,0.688692375637495,0.317224226860747,0.624584069232512,0.901201816662182,0.0528333569438096,unstable,6
2.52253986277429,3.44890666517209,1.98990548935306,6.72918131550296,4.66855506198636,-1.12830108564597,-1.99546734123664,-1.54478663510375,0.137105635972901,0.53879391504431,0.269647493661462,0.459622620363552,-0.0280006253208412,stable,6
4.71489698118813,1.12595202273984,3.34271367869809,7.39429917650919,4.91875390110302,-1.92676128711462,-1.03828966713264,-1.95370294685576,0.967877217636545,0.315757766338572,0.686775384606118,0.339956502733189,0.0275892689512298,unstable,6
8.63075052968751,9.02070355965345,9.22918084337602,6.77415628027415,5.30858605345145,-1.82723107235697,-1.90328957772156,-1.57806540337292,0.336868536284614,0.879194221844624,0.905078031716773,0.747721301740156,0.0870963945035511,unstable,6
1.78415163886966,7.34663855534492,2.81269636490901,8.32371053092356,4.00556123015679,-1.36117735013035,-1.40053352674089,-1.24385035328555,0.887833239498488,0.352905074738654,0.239805826524548,0.0580526281212142,-0.0438337757863102,stable,6
5.26334446230248,3.48078992706509,6.94974388039928,6.13996402803448,4.85966699532185,-1.90788590422035,-1.88003778471715,-1.07174330638435,0.756379293640724,0.390014695444123,0.173173781256258,0.95913647111856,0.0609345933444689,unstable,6
9.37364455675227,8.54556155375573,5.96594897173987,9.8275688664224,5.11644091285081,-1.88699036322874,-1.3979210854267,-1.83152946419537,0.225406721144314,0.269695838550229,0.742438683798288,0.535052376470086,0.0414866548337631,unstable,6
7.19486526893447,9.42805936523663,9.39910413914882,7.19061271491663,4.66625337305514,-1.83195166211901,-1.51308509357175,-1.32121661736438,0.126070026780617,0.556959245699752,0.744573677138862,0.738384657147345,0.0637401499889349,unstable,6
7.98625303090317,6.59045988920835,6.47331614915414,6.60771612934448,4.23522817557042,-1.21807899113838,-1.94685813002574,-1.0702910544063,0.14676625302215,0.423580908815638,0.481399756869939,0.485411279262741,0.0317023981825442,unstable,6
6.35874038555152,1.47085454593089,8.47196195064416,9.1731212589687,4.67792347852906,-1.80858464494183,-1.09862642080791,-1.77071241277932,0.788157714545443,0.970447436048266,0.362754144245672,0.189464985716861,0.0023651656596106,unstable,6
7.24635828479842,3.37648691549853,2.88120360463597,6.82819261980531,4.89361454961727,-1.57115255475156,-1.33624682311027,-1.98621517175544,0.567405889349876,0.437848753663661,0.565365361981679,0.846857785775495,0.0487396130631708,unstable,6
2.82751109305818,8.18932057681008,4.45631603167971,4.95460135110907,5.14686045967058,-1.44633071551883,-1.93281438978517,-1.76771535436658,0.479949794832949,0.652671865360629,0.317584929663984,0.655636581322638,0.0319895941855792,unstable,6
2.78072957254107,1.87183933176264,1.03483419560468,8.32715824419626,4.28225458769555,-1.46249267671923,-1.57524809045112,-1.2445138205252,0.427592926863069,0.0753159491691517,0.393995272638561,0.538323550518609,-0.0533806165504404,stable,6
2.53143142441871,3.62540398576998,4.6647867660283,7.17709791632223,5.11773625049918,-1.9076320843428,-1.75429241932837,-1.45581174682801,0.0965790498094691,0.406988659839223,0.798352494596895,0.717937410765333,0.0369082171930671,unstable,6
2.2971131513226,0.571350421887345,9.56153713170658,5.27167897475309,5.69550997062736,-1.95945118988077,-1.93824280196283,-1.79781597878376,0.930273544455998,0.551768759615729,0.527981728697214,0.864717672081239,-0.0192579779381235,stable,6
6.91595980891056,3.16275662298939,5.4435397131683,6.08681284041189,4.90575841010168,-1.78924708652649,-1.30803591465935,-1.80847540891584,0.0576049787976232,0.750199779887368,0.0907160715877113,0.576707956446033,-0.0100249235935348,stable,6
3.06521553758811,2.28802184306983,2.9425418861418,6.47386417510381,4.74703539772734,-1.77221470898553,-1.49813353924216,-1.47668714949965,0.65606002394276,0.451625557748146,0.090896977898652,0.528830025509433,-0.0192320487291434,stable,6
4.55713674854527,6.1767712608199,8.91690689777683,5.78869317719064,4.56094762721179,-1.74148997998675,-1.29999214109021,-1.51946550613483,0.868939462339911,0.470760136818774,0.2383560738684,0.522467809191344,0.0500848684886986,unstable,6
7.48644860318237,6.49833426793168,8.15018815052902,9.42383288069885,4.37348307141893,-1.47933047159235,-1.3445267569175,-1.54962584290908,0.163766289970758,0.452043505440009,0.897905827777447,0.45920978906095,0.0560453432256523,unstable,6
0.6588593209874,7.3454225796852,9.64115020960531,7.38719484019881,4.35891158788686,-0.944284340469481,-1.82868779265807,-1.58593945475931,0.0846413535586104,0.363491235676436,0.135944087851426,0.26594911645419,-0.0272914637535201,stable,6
8.87850960784478,5.55825595946442,1.97732619451776,8.92869705176284,4.72551563450333,-1.2072406260447,-1.76091972134537,-1.75735528711326,0.577051929636172,0.695273772395627,0.951779301203201,0.0686636544428696,0.0062249018349516,unstable,6
3.05897849029673,6.58521526060215,4.66706805866645,5.38400361328686,4.99201250141133,-1.5078354760228,-1.99043486335463,-1.4937421620339,0.426480748337206,0.847571812669235,0.187339452204239,0.402172104820559,0.0315333076118588,unstable,6
6.76829334750251,1.65199864398693,5.42248030038668,5.48214738760548,4.56290763580394,-1.54535472908538,-1.37686720347573,-1.64068570324283,0.741519308159876,0.211701766436403,0.346569759882879,0.70026417587272,0.0411104725166526,unstable,6
8.43505803415055,2.21568431543189,0.578695113707345,8.36335243681096,4.69453107477135,-1.34395980992978,-1.82040564840492,-1.53016561643665,0.761085390577046,0.768908205345474,0.650481081425704,0.528196574129609,-0.0072787855955611,stable,6
1.3094421628917,5.63301729828824,9.4275071936987,6.20746190707789,4.72113813491631,-1.86155704578139,-1.18901964718277,-1.67056144195215,0.892873508745461,0.644683909781363,0.120281753807564,0.399990381439525,-0.0120316547774573,stable,6
1.49699731125528,2.26359832497721,8.44253125901808,7.37180165931894,4.36764550344821,-1.25169064331186,-1.17192668905103,-1.94402817108532,0.166526733831561,0.704772427450147,0.899801083704139,0.678690298514353,0.0336476328346797,unstable,6
5.7287596922988,4.67145525657273,4.79715066190578,6.38965194701897,4.53550188321969,-1.51809688164109,-1.07899012812993,-1.93841487344867,0.824312168041462,0.771531797787157,0.784715318570448,0.710896515547431,0.100564076152681,unstable,6
4.23917069479486,2.62111201497187,9.25232714767066,7.19665897896171,4.42070733293193,-1.73878118651317,-1.39384855275262,-1.28807759366614,0.574646512660543,0.392699058901087,0.526437243726208,0.220002911094872,0.0031931062244784,unstable,6
5.93381292651336,2.32960885714054,8.23431671673777,6.93746409048593,4.5460044345734,-0.632598854758078,-1.94272326432136,-1.97068231549396,0.96209591920216,0.608849530898001,0.238025287202133,0.987352562277227,0.0686824946671101,unstable,6
2.17294738834098,6.55207955188376,7.73649237081413,5.30415070772862,4.69242872065972,-1.53224651561884,-1.66960884034374,-1.49057336469714,0.125626911139631,0.894367743499717,0.884152920825084,0.0742545973078394,0.0496857904281206,unstable,6
1.20868917831233,1.78237165932506,5.84094016953255,6.92988132552601,4.63407335486727,-1.59832179816455,-1.47141436047289,-1.56433719622983,0.242749586979772,0.758449487784429,0.923137880552006,0.814796170937115,0.0376603237238917,unstable,6
4.0485745538109,5.99911636969184,9.9218914752308,9.02593397808662,4.17851258794097,-1.61874202262276,-1.88248715477576,-0.677283410542447,0.0612455372332886,0.302506769625241,0.102847426577983,0.643015006518276,0.004163125259324,unstable,6
7.85615958780813,1.74626304959265,1.22452827089173,6.79595681931828,4.83728847798068,-1.76868976451881,-1.59768680176635,-1.47091191169552,0.937694072981903,0.119945288151072,0.19475004451163,0.923749236844542,0.0464291917635119,unstable,6
5.29347072084303,1.42413712622509,8.77200716150683,9.25217362034422,4.61171941891517,-1.87601041754868,-1.74375897459409,-0.991950026772404,0.505689442413915,0.542612152910237,0.473047466904053,0.745201172991751,0.0274633837566827,unstable,6
8.23279207523878,4.8039198607111,4.31907160471474,6.54486037357269,4.21713787745153,-1.3583171581437,-1.31806621341431,-1.54075450589352,0.620171132507788,0.530416354369463,0.822463301492899,0.59783081401336,0.0688340256007975,unstable,6
5.00504951476109,1.46007999343142,6.11333057006614,7.58495400842932,4.20859953350496,-1.09759366739574,-1.58559285432423,-1.52541301178499,0.154557834551393,0.964135655986214,0.229739772648383,0.564927054030734,-0.0279173396804754,stable,6
4.21548654003334,1.23461947392256,3.40591367867572,7.73679098777239,4.63138711478879,-1.70345162942685,-1.39571596184099,-1.53221952352095,0.619562944861748,0.215225065625941,0.946176173142134,0.311564008744494,0.0097444291011758,unstable,6
7.2105371871329,2.33431252921297,3.36696255414895,7.85864790493795,4.51833213743776,-1.45753527103533,-1.6852790744602,-1.37551779194223,0.814628021560667,0.496680171708701,0.650749229729222,0.309853082868616,0.0279077037727047,unstable,6
1.65799091253014,7.45168207804287,3.33481450916586,7.76235186592005,4.44100172134711,-1.16378516725481,-1.81145545137587,-1.46576110271643,0.948547675834453,0.1143463244284,0.189086042429659,0.931996098068395,-0.0067576868763493,stable,6
2.03634879438458,4.96857961726042,9.39169747387589,5.22733137637981,4.41128739592619,-0.925753980253614,-1.88340218621934,-1.60213122945324,0.178437982327988,0.809578486634728,0.398716250419072,0.0618910822670872,-0.0058566148938017,stable,6
8.16420993320232,6.53999878887208,9.85328113317165,7.67104723629716,4.24564462858827,-1.32718512349522,-1.29325864920561,-1.62520085588744,0.797348855981646,0.331441412658829,0.246824018555665,0.803285152825178,0.0651686605314478,unstable,6
8.98920458062411,7.93153417951801,8.45955942496894,7.29777538192872,5.00770693704552,-1.75488939301795,-1.8711909020902,-1.38162664193737,0.788944732319698,0.402440639153003,0.901946984116118,0.539400501657447,0.0820138744945324,unstable,6
1.06294936766225,1.61990103843443,2.89743369545965,5.97740973934319,4.33915619558806,-1.23673345058274,-1.24197504695095,-1.86044769805437,0.270349103157541,0.650620752655321,0.485804099506335,0.24337315071565,-0.0471469420877874,stable,6
5.00628341402922,2.24247173371718,3.34528475470631,7.39616773049183,4.19688632768394,-0.909603892667429,-1.75260597785702,-1.53467645715949,0.514815744126649,0.417619064955212,0.57556726071528,0.0640813448336406,-0.0234276455114663,stable,6
7.01587163429847,1.10696561887288,6.37285026578732,6.50485582580658,4.38634688818092,-1.20872615952673,-1.34392509751724,-1.83369563113695,0.83278856458226,0.846882159311471,0.703191937107348,0.591309080333033,0.0495532256647305,unstable,6
4.62901989975289,4.50800672339303,8.81900124062074,9.88165027970236,4.3352452417863,-1.97128511101377,-1.35180403253974,-1.01215609823279,0.246749978341421,0.304210688708499,0.160634261037471,0.776906564838339,0.0183822162028615,unstable,6
7.06242121835788,0.715242920052295,6.36469178801555,9.48487343496614,4.28390287022319,-1.68115053769991,-0.950741528774099,-1.65201080374918,0.601013250900564,0.615472777748582,0.582245939709211,0.0523559032174922,-0.0079410651215133,stable,6
1.52191334820767,1.84373591142881,1.321724638393,6.83754165469925,4.68626635000991,-1.64931756654194,-1.72458541532807,-1.3123633681399,0.849379454222146,0.134510586162615,0.308062974235346,0.710545318604653,-0.0196644072738803,stable,6
8.80487617964293,3.35878967406977,4.64856424218256,9.53441251022182,4.62654031310258,-1.98299632241736,-1.59449736504778,-1.04904662563744,0.22467331116579,0.268690731644211,0.694373127011516,0.186799747330436,-0.0116330237023011,stable,6
1.34219006076328,2.74839647018975,8.30626153861918,7.82429401307504,5.13757292549457,-1.63773471810146,-1.72430962026559,-1.77552858712752,0.486271738402579,0.196051376801573,0.790663852916457,0.705017067318718,0.0253254575825571,unstable,6
2.63688335045077,7.43683185325895,5.52901072558319,8.69687810620874,4.6733581988222,-0.910729297193338,-1.92773649817726,-1.8348924034516,0.963065122500518,0.365227032264766,0.273351127891602,0.58994814426863,0.0186400032593472,unstable,6
6.39870267989543,8.049419242701,5.05943876665096,5.65901685172662,5.18575816178009,-1.31058457562004,-1.95391185765152,-1.92126172850853,0.0958798337107187,0.0935788047425612,0.837117929277044,0.290495046654288,0.0012010289720483,unstable,6
1.30845409913987,6.04925569688418,8.98360491019906,4.73424529871842,4.680094365367,-1.08691763448626,-1.84127228373464,-1.7519044471461,0.402460901514272,0.437718991260586,0.0762914943446696,0.276903673481568,-0.0315262539699873,stable,6
3.54172777643764,0.513869521025242,7.26976079761604,8.8567302499131,4.70521138409256,-1.58395744867767,-1.86179667696506,-1.25945725844983,0.60962322543385,0.842820380330655,0.979293315150153,0.244573550436075,-9.81489849939468e-05,stable,6
3.12072961035282,1.75239769581289,3.99960376409549,9.65580016711631,4.62104659487199,-0.981105567720486,-1.70131181838765,-1.93862920876385,0.150551238165341,0.309712469159582,0.372182588952874,0.9551458969007,0.0052888652884859,unstable,6
7.67094586804314,8.84864855586042,9.11409428145018,8.42405531916601,5.37734595335618,-1.63705943859551,-1.79831178761735,-1.94197472714332,0.254322617071933,0.564638500276808,0.876371953321513,0.274198603519802,0.0582974863779794,unstable,6
7.78096402525386,6.03208873402909,9.20489348678307,6.86042855721834,4.18666988140273,-0.921124247072323,-1.82976855692052,-1.43577707740989,0.447049493295475,0.370454811310309,0.556658206115838,0.465948882045831,0.0482937515333742,unstable,6
2.61621164111095,9.0874052910147,0.65814578044879,7.32529047609671,4.57155557087813,-0.98996522803352,-1.80671020031486,-1.77488014252975,0.545671631532857,0.780382163880176,0.770479924804306,0.681890301609494,0.0043171420678892,unstable,6
6.54269074705464,5.81788602482099,6.7696651577479,8.77630086763987,4.38092532274376,-1.03840603614548,-1.53607646269398,-1.8064428239043,0.297315807556472,0.278978065499122,0.398293066373357,0.657829191570182,0.0367632035955283,unstable,6
1.67633564790107,2.87919831125729,2.45483858672359,8.51868475001266,4.19097734037326,-1.69908249797447,-1.49539444224953,-0.996500400149263,0.746329776050322,0.944316951870042,0.444714269231291,0.63257720482664,-0.0293591799565214,stable,6
8.36014354211226,1.35758744736742,8.77749051376725,9.96063924014497,4.28237119621312,-1.68631989163433,-1.53419494715451,-1.06185635742428,0.153155983148462,0.616575186545794,0.842595826543351,0.323009556642866,0.0117574216902658,unstable,6
7.08974722096751,4.29460358792121,2.78322321371625,6.69685265686875,4.81367785249986,-1.4563304574809,-1.67922139270995,-1.67812600230901,0.144882781856096,0.285358668310432,0.423012226813427,0.943631555447578,0.0234520243704182,unstable,6
6.76212228541742,2.22004453699978,3.88434466956519,6.12200831054995,5.11286193345054,-1.22599393414642,-1.96239961525663,-1.92446838404749,0.826294396329722,0.947771872702406,0.848619461649986,0.942488038096204,0.0864947714443601,unstable,6
3.30238959467089,9.83988305958916,1.88265218582209,4.8753748448259,4.71446247348451,-1.9248091421001,-1.88349160206136,-0.906161729323049,0.0931983564232872,0.942156017382927,0.225119384242466,0.231710447188457,0.0075300182089458,unstable,6
2.00227817441476,8.42662840849879,1.05581058362552,7.10062553494848,4.88297818997715,-1.22334642394014,-1.73423053382532,-1.92540123221169,0.634285462242637,0.545283822401686,0.419823460833596,0.620610328677209,-0.0056040695728381,stable,6
9.24580823086298,7.61423031967335,7.04026975583355,5.88565236637763,4.95949822020047,-1.24787955994583,-1.7301305836022,-1.98148807665244,0.169417583700566,0.484952940184675,0.168580908157452,0.214234552530408,-0.0019539719985854,stable,6
7.05457106024672,8.70599990681118,6.18793764299139,7.05021599862974,4.73197458257127,-1.88804561746746,-1.63912998677174,-1.20479897833207,0.99221498490492,0.576791799612484,0.143562194172118,0.559102967992501,0.0691370026189633,unstable,6
1.00208375329388,3.979787764361,6.26957332924928,8.80618158050368,4.52126143504561,-0.732171665931377,-1.89296354440076,-1.89612622471347,0.912407313654835,0.284583519011186,0.303184427849824,0.378703797127642,-0.0347604526369441,stable,6
0.861132246236515,1.90817406431615,8.73313858704666,9.18145729827735,4.94573453164457,-1.9654161551544,-1.29794508986828,-1.68237328662189,0.529633315497212,0.478497359200058,0.176323661047342,0.77542303263813,-0.0127970055551527,stable,6
0.671167413741653,1.20389809218183,7.00031451684255,5.52183168301494,5.59945040175158,-1.99686588036873,-1.69448414593231,-1.90810037545054,0.457182629199418,0.986312630793711,0.660037435784406,0.700742182144135,-0.0132787457157722,stable,6
2.66929946056668,4.99676240674731,7.45341468191782,9.51559176123941,4.27858826207161,-1.28884041768309,-1.63307831936342,-1.3566695250251,0.939928379739834,0.131888600041205,0.637125716908049,0.676320490228372,0.0284224185643088,unstable,6
8.68456559633403,6.91113308195212,0.755153011334594,6.82166791906825,4.9242650555832,-1.78288069210536,-1.25514012425727,-1.88624423922057,0.580575729014317,0.301841456534531,0.360057725211224,0.781186709197671,0.0297323503507107,unstable,6
7.78870692074433,7.85358126656255,8.27092015173695,8.01727338618267,5.50690965042201,-1.8108157834782,-1.98775020481836,-1.70834366212545,0.768648619697609,0.435090197597269,0.981104524688452,0.309567346088526,0.0787235245934213,unstable,6
8.00534356152201,1.36368455211022,2.71143008938386,8.58574177131628,4.66182441874734,-1.85990116853142,-1.77867848936506,-1.02324476085086,0.261455295105291,0.602964384272241,0.632555083201192,0.247174524688352,-0.0353066409564952,stable,6
1.4473203793298,7.63043873264559,6.86258469029902,8.06141852464621,4.61707553785779,-1.8126737069879,-1.18508700655471,-1.61931482431518,0.155874423841629,0.706060917827461,0.85685892448649,0.666886131936933,0.0661804194714603,unstable,6
6.60366576040692,8.0630948539911,1.41764811441001,7.01861552004033,4.82504711472541,-1.78615312672522,-1.39035780577785,-1.64853618222234,0.206285641245667,0.570393952160335,0.286743707266977,0.677937322092329,0.0246789934200736,unstable,6
4.31769393535227,8.79588770609084,2.51985026605888,9.62544266955033,3.97095044077946,-1.46233313958253,-1.56218410924933,-0.946433191947604,0.616090351031233,0.773645670273813,0.603380036671909,0.233075218622131,0.0232079095950657,unstable,6
1.67543506314246,1.12623709948321,2.36789171309834,9.32894819726632,4.31198589302243,-0.627692423905816,-1.72184758162167,-1.96244588749494,0.856783527338825,0.467879191914946,0.0620687884211738,0.474394460044026,-0.0276807426261877,stable,6
7.59222335701546,1.38950867014892,7.28589559300109,6.03102823891091,4.90147988100291,-1.80932840332359,-1.53663924275432,-1.555512234925,0.444015818179803,0.469558361911894,0.559768618607465,0.170528709371589,0.0015930062382004,unstable,6
9.20373903551395,3.03113387703215,2.74208848947886,7.31811164477644,4.37954575947937,-1.16029588725747,-1.37481874933727,-1.84443112288463,0.322138753710266,0.945596622194531,0.786776142617691,0.527851947966298,0.0159949945620116,unstable,6
0.956257078195433,7.65058349890992,1.80160746287005,9.88903107955523,4.16912894893591,-1.16525112977487,-1.7737607762607,-1.23011704290034,0.716244515745289,0.990592734069355,0.568475700862478,0.070021378591276,-0.026972919007393,stable,6
6.57917237692457,4.43689033840683,2.93395133542853,8.19245287218996,5.06570889724509,-1.97824324674371,-1.17644936586433,-1.91101628463705,0.758488201786345,0.121792492387461,0.643776132165368,0.911001631062289,0.0534283048224653,unstable,6
1.89750136858942,6.31380745231466,3.93853407436602,6.20047353639342,4.37937570059116,-1.34608535360392,-1.4291321085643,-1.60415823842294,0.498436839967658,0.718311779218116,0.983488609972148,0.366911441313033,0.0498561016933517,unstable,6
2.76304710165889,3.49671177667487,3.25064100299785,6.88125012672817,4.82890953312108,-1.9964818405039,-1.35549055084906,-1.47693714176812,0.30019312400871,0.743528978818912,0.586622637254104,0.703436635024082,0.034383690211827,unstable,6
7.27024398691728,3.91486783251977,2.53605727709251,6.73086457713003,4.02970757522149,-1.20299401122847,-1.46129648167936,-1.36541708231366,0.939412126822374,0.28882934621064,0.504922770612559,0.430717879540446,0.0388786347657406,unstable,6
3.91643254979388,5.82153203159287,6.33987002890115,5.66676171264093,4.75413913828956,-1.37583141297151,-1.53375059893791,-1.84455712638014,0.271480592348506,0.242720052694683,0.618355507601824,0.818894893455444,0.0478320528436877,unstable,6
3.54959612224463,3.83654919010591,4.90573099418032,6.1487729014056,5.00359218008467,-1.71690721512588,-1.75724038445699,-1.5294445805018,0.294940186519977,0.98566736400157,0.41856074977463,0.681421193452589,0.0585738049364496,unstable,6
3.65537962672818,8.22903732930981,0.556489769122191,7.2652532873418,4.56527736933545,-1.26615185196674,-1.75307939725466,-1.54604612011405,0.510419530082999,0.390600834658979,0.841308834074625,0.234442731151911,-0.0346778434087301,stable,6
2.90615827382518,2.35350612425264,8.65688049117118,7.79177471007741,4.77167654670524,-1.07005878488586,-1.80834951956474,-1.89326824225464,0.874053851196208,0.190983869429009,0.575123095210418,0.884995607010484,0.0389543144551407,unstable,6
4.07208032344893,1.57758291149463,8.55744896017558,8.21305613088794,3.92532383252842,-1.24804744950711,-1.56619885783015,-1.11107752519116,0.978239224544116,0.642396798529333,0.439756648754517,0.433602457276869,0.0168314396731982,unstable,6
4.04259528648076,0.695852997037931,4.39369964537971,6.49127605053025,4.72245195440606,-1.46520750199296,-1.58139695458198,-1.67584749783112,0.661510651365134,0.539904279182965,0.233654231043237,0.148334625423282,-0.0384258064001062,stable,6
0.582589555375243,5.28051307123189,5.17091898212386,4.5109243433052,4.82178806182322,-1.45171916000908,-1.88564450587179,-1.48442439594235,0.957628290796554,0.402882716866406,0.604621884192266,0.546165788929167,-0.0042833866923906,stable,6
5.65745631665221,9.02543874470714,8.0474741537565,9.41188379859484,4.76590718412618,-1.49552130428742,-1.7991850634353,-1.47120081640346,0.153787622895258,0.977856491115398,0.869811379784391,0.143137475593322,0.063502013687685,unstable,6
8.90827320637309,8.02489772575508,1.86561854397712,9.97711812254605,4.45410971145927,-1.66432449035746,-1.45585707578737,-1.33392814531444,0.746676585338616,0.466904719495515,0.66823604299192,0.130216839588119,0.0174892971845125,unstable,6
1.58183025256797,1.54878565649638,3.08907094593934,7.75352680805183,4.36536027917694,-1.74668817552576,-1.49829691152652,-1.12037519212466,0.674674679432873,0.559202720065003,0.0905297728397604,0.758325926434351,-0.0448580598429453,stable,6
8.21239255925184,1.3056338733157,1.87337731034948,8.82812763091582,4.76171910597821,-1.05093755422921,-1.78969801819235,-1.92108353355665,0.608348052917569,0.223896614018498,0.17032631758212,0.949853574403309,0.0318485227742928,unstable,6
7.34120037046996,1.60815972455433,2.73719821729148,6.12085483937332,4.61441976976097,-1.71200355626127,-1.97450526280132,-0.927910950698378,0.786817044042804,0.129584726142323,0.4554280531897,0.253969353100364,0.00319253620384,unstable,6
7.46788041844431,7.45110781701836,5.09825827182987,9.09280305352557,4.49760469419742,-1.84992052082075,-0.665773452346481,-1.98191072103019,0.373739481352813,0.69926433841122,0.344614613340591,0.154529865041134,0.0319734377870263,unstable,6
4.38701159280899,5.90326673028481,7.03264562418465,5.39207953602634,4.7382161987445,-1.26567435127328,-1.9380198154027,-1.53452203206852,0.998341126142973,0.891278467890234,0.550963723405564,0.67763320526876,0.098875811592354,unstable,6
7.28824463865504,0.876524754095648,2.87120017487189,9.64444058773124,4.45829010538804,-1.30260324128371,-1.8354482778519,-1.32023858625243,0.759762562237748,0.254957497740936,0.621200207989877,0.315045495181623,0.0013871857763947,unstable,6
5.80637631383303,2.96934182330125,2.87381617714777,5.08028336780593,4.45520882285661,-1.4078803541847,-1.70797005283344,-1.33935841583847,0.0868584196736943,0.237456580224619,0.826670007791279,0.104430788082434,-0.0391739806331608,stable,6
5.38264901728292,9.23430224621347,1.83131625032558,7.58933539150722,4.86666263715526,-1.77773851825696,-1.20388555763513,-1.88503856126317,0.537578657048772,0.912009693780005,0.243003337108426,0.0898576190798497,0.0247618941217933,unstable,6
4.67387023051593,4.18173790700067,8.81607293410551,6.4891568605169,4.35126657704052,-1.40462575343323,-1.53425343185148,-1.41238739175581,0.443390978556407,0.800118657274927,0.718643847966501,0.205605394455463,0.042570963955323,unstable,6
3.80151930932136,8.39346774841794,1.73315392506066,9.32546378204742,4.00690823685808,-1.30115506067958,-1.58618151212124,-1.11957166405726,0.605207048119078,0.134965675719039,0.862322096661753,0.751564772437029,-0.0078138578478692,stable,6
5.7803972361056,1.70243698588709,3.69258638470694,8.60404361545604,4.38437385852447,-1.31673772709877,-1.15710215493717,-1.91053397648853,0.874237993649901,0.345205476886787,0.357789166609851,0.243509175907108,0.0086621139527268,unstable,6
1.96707970817442,3.70361393651272,5.17766300919224,6.7848088641615,4.78784032966878,-1.11950621971805,-1.73796078012737,-1.93037332982336,0.686014503948838,0.0944015677540447,0.811577149800202,0.634168920806802,0.0268465609891123,unstable,6
7.1438492718912,7.98667920877153,4.96975254355556,9.26040087479147,4.72523555917565,-1.52635268242522,-1.8164499131203,-1.38243296363013,0.416616082169793,0.0650088975501154,0.787565212864835,0.835794083965243,0.0512810104505988,unstable,6
8.72788651460735,9.49498053828684,9.66675302997624,7.00158569703266,4.58399880523357,-1.70665277823041,-1.52471092163033,-1.35263510537283,0.257858583392389,0.863821391408815,0.598266652511787,0.501765632832963,0.0658477139701458,unstable,6
6.89648540234789,3.02982690682646,2.00268783880285,9.185111570361,4.50972716043556,-1.74412057626212,-1.71013530817244,-1.055471276001,0.18316156977649,0.176411443390255,0.0633449559685728,0.348376663682357,-0.0325230948787348,stable,6
5.63324078577842,4.46649576180039,5.77237158152909,8.13869597956929,4.5352624566112,-1.32947153469623,-1.98843218331521,-1.21735873859976,0.447283364032165,0.162905954846346,0.706660816885468,0.0677644044150726,0.0104164876418094,unstable,6
2.70243586623957,7.67398336950173,4.02282356053523,9.74221275112985,4.19173374664968,-1.09149725718161,-1.28014159186109,-1.82009489760698,0.885677073840963,0.676665680207351,0.796237596182652,0.585432248064036,0.0430208636209148,unstable,6
1.4792763851871,0.516273455653468,2.68127196972521,7.8146531782383,4.60128892679375,-0.71095447114344,-1.92944066628008,-1.96089378937023,0.439164576088461,0.521301256044083,0.0505085910337162,0.0576262730924937,-0.041737337087148,stable,6
5.03373361972329,9.3044106429322,8.78234798753927,9.88257338751338,4.51184874473516,-1.58592952617099,-1.89644078272344,-1.02947843584073,0.49148567875581,0.954357281754311,0.64577497446049,0.226331455964417,0.0640068439847025,unstable,6
6.70914747025799,8.64052737572526,4.68019720991673,9.21716594354569,4.70731769264565,-1.42159638646885,-1.85470819906249,-1.43101310711431,0.289923037590602,0.972293296543418,0.3549838468654,0.711006975035451,0.0655550070465976,unstable,6
2.9174254963601,7.8652095240928,6.03215027383613,8.98217224721444,4.43665728350555,-1.6970723466342,-1.47499502032435,-1.264589916547,0.836027443441196,0.812257412091516,0.560176745147571,0.54832349781319,0.0592120256227063,unstable,6
9.46274491633062,4.67983742636339,5.29924333376362,8.69442627459556,4.18304415140206,-1.21436441127625,-1.33505959633868,-1.63362014378713,0.803243744759216,0.314637250552366,0.485403479733566,0.144083391983113,0.0324539970305095,unstable,6
1.05488155805356,7.38250629823289,6.16545835825283,9.38647599893314,4.23928786929664,-1.08723678255978,-1.82682956886509,-1.32522151787177,0.469139073439011,0.700391355407387,0.426923324997217,0.760711635452583,0.0379833760734464,unstable,6
9.15429771218335,5.44177679993807,7.36303842297151,7.74350301225055,5.14220438254551,-1.51661637321789,-1.64043426231075,-1.98515374701687,0.758273559335482,0.740250964763915,0.808225707372801,0.974288507261835,0.0991419204121131,unstable,6
4.00418339501803,8.26662580151826,8.24081093034588,6.61087508207576,4.76042360378558,-1.99382255908746,-1.25532700062695,-1.51127404407117,0.968803621996153,0.911754843313114,0.938162988891319,0.836064287126777,0.102194686895183,unstable,6
1.10785912504729,3.93243532031534,5.95272335637882,7.09272489185727,4.69765649891098,-1.923478695693,-1.58483730771027,-1.18934049550771,0.0597575831909222,0.0740199314315291,0.844244601350027,0.950849474846667,0.0466055718601651,unstable,6
6.42082267907821,8.58249255320686,9.00216299271614,5.93160190127572,4.65479927700144,-1.82509747671295,-1.45259597482508,-1.37710582546341,0.117561678108904,0.218691619639262,0.838812933261367,0.577747366250939,0.0425404509461121,unstable,6
6.16560454119832,8.13667114924939,4.82407118685036,8.74450579159611,4.19032102211038,-1.74590297746033,-1.22926654037558,-1.21515150427447,0.429912501489632,0.104869708945156,0.837324075169135,0.496002363210514,0.0378577831279709,unstable,6
3.57093370932009,5.77347436510847,8.06063598954603,9.31729588671526,4.67278219559983,-0.920457629916573,-1.93701572118137,-1.81530884450189,0.997441489717728,0.346453486145812,0.671452693463197,0.331611831363607,0.0435325151969726,unstable,6
6.43464954855944,5.02628275239103,6.88539423323206,6.93823216103786,5.02968798724935,-1.91136751216326,-1.56236674084543,-1.55595373424066,0.403956838318055,0.391773777461663,0.513348329212231,0.549870748264964,0.047640996956374,unstable,6
9.65756922650383,1.54434054272225,5.31203819970404,7.31107173842912,4.77194972446512,-1.53686057441911,-1.94331388580023,-1.29177526424578,0.254782194292657,0.22231901486545,0.431950307565668,0.805779717536252,0.0215418788326277,unstable,6
0.593119532312849,5.19837778984191,5.81101319939892,9.69689261699331,4.94973741005792,-1.85112001563552,-1.98442226789136,-1.11419512653104,0.416037876461321,0.912597097679173,0.874450083013987,0.753471092473068,0.0522226372134058,unstable,6
7.1001262437435,8.18148087588198,7.3718411549606,9.86287568960153,4.06397089744656,-0.789573782793817,-1.67268112449207,-1.60171599016067,0.165236809212068,0.35869444032122,0.0914599574331613,0.300385636600693,-0.0046993532889664,stable,6
9.4335856083042,2.60942734025674,2.22730210194127,9.0778164183518,4.33468934502793,-1.22966594024366,-1.37388852493372,-1.73113487985055,0.505025280560153,0.994604584825156,0.0575491468194535,0.791718699504143,0.0213125396567362,unstable,6
2.8573511081507,8.48366561831223,0.834321306872752,7.86919707159014,4.25491001347349,-1.06612276733101,-1.65740673242391,-1.53138051371857,0.366417530134401,0.652582023605461,0.0503766702378506,0.108242102227825,-0.0178932539471872,stable,6
1.17964646320125,9.75098465306637,6.32862687105476,6.63393697773819,4.50007190627768,-0.999940724211768,-1.55327250694919,-1.94685867511672,0.969475077792451,0.0664591227600339,0.665030452362478,0.361521655853828,-0.0133001238125528,stable,6
2.28177259870679,5.24510393593481,1.15201102082536,9.23264202223704,4.26488501169098,-1.48453186834768,-1.24071017143311,-1.53964297191019,0.70407677983623,0.335623597061136,0.252904568758316,0.910460902094513,-0.0007265816475197,stable,6
1.77618971532604,2.62558587676428,9.85245645252343,5.62299138046365,4.40458990105454,-0.92415808475099,-1.66567318874031,-1.81475862756324,0.751014385768905,0.587481731699505,0.931250564447541,0.625448400854013,0.0101162876777482,unstable,6
2.52728992069177,7.15718267200863,7.0969088755746,7.07158518027361,4.80219366175347,-1.35360156336364,-1.85685097426155,-1.59174112412828,0.519882667539852,0.6025702494567,0.264607238160617,0.729282373158417,0.0418568287433548,unstable,6
2.10571487104844,1.22683549602487,6.91406642289078,9.44737922489169,4.57236896090656,-1.80065729054128,-1.03932274122078,-1.7323889291445,0.250710042969581,0.947930936145525,0.356149940893983,0.276071226560508,-0.0315141596999516,stable,6
1.07651330909348,7.04271918295497,3.24866575122215,7.02070644392133,4.72986821101976,-0.869696315480396,-1.99081975789369,-1.86935213764567,0.69728515208494,0.631429086308813,0.322195067290323,0.224715844691364,-0.0209792722854642,stable,6
6.47902106899697,2.16181466394613,9.61175676794844,8.80307217278146,4.54703209367608,-1.32443645217186,-1.26858072465783,-1.95401491684639,0.977290247250062,0.681147960379368,0.246953120468081,0.387824417957922,0.0324646482941163,unstable,6
0.889384240841749,6.10645363666592,8.47256343009634,9.5185617331918,4.20298813479377,-1.25308423167501,-1.81038923841881,-1.13951466469995,0.521619129583852,0.34728798120974,0.330507650079416,0.599086435967098,0.0015827251602287,unstable,6
1.98337816173761,1.59689811397756,8.79591647180512,9.6977907832872,4.75675101442928,-1.67752856195993,-1.34026338215319,-1.73895907031616,0.973709244887235,0.386757625946609,0.988888245798121,0.631820825532718,0.0180542342245683,unstable,6
3.05810196913973,4.47106806111919,4.92181113265874,8.94820906738993,4.56877551700666,-1.0131449923844,-1.66123051884199,-1.89440000578027,0.501216717053143,0.978279207998208,0.546088729939598,0.906382774840293,0.0643133019308343,unstable,6
7.02519914752129,8.57497661652062,0.715251249207871,6.61347503717361,4.69609636183142,-1.68428555512581,-1.93441224840289,-1.07739855830272,0.72160553037917,0.873232921743256,0.340887661454695,0.425179101964652,0.0484363152283852,unstable,6
1.47528438726133,3.48439034004181,9.57480711710173,9.68927185575795,5.01967641156014,-1.4137457286028,-1.96854640514945,-1.63738427780789,0.295148199463584,0.930346498316445,0.914090463453606,0.744888311905431,0.0434825838906682,unstable,6
1.89994557135785,5.56032174114474,6.60958824128492,6.63041655109829,4.74008892138444,-1.77812406865578,-1.47282092751083,-1.48914392521783,0.705540512822431,0.520623814577221,0.128869654500656,0.240982817631389,-0.0245305831273933,stable,6
7.51612097325458,1.74365855511538,1.98779343904221,5.71738194367612,5.0909493247327,-1.25934364285872,-1.95596338738739,-1.87564229448659,0.646025452644678,0.439608769072996,0.0744434956233355,0.803444346286817,0.0198084789739803,unstable,6
1.74546788263557,1.33056598827523,9.33064075975994,4.3530126594284,4.45843762267674,-1.16307740730711,-1.84821550222025,-1.44714471314938,0.871908469246662,0.267897783325912,0.41226755471942,0.138273223705046,-0.0305666799628062,stable,6
1.05989978825208,7.11549077204223,9.45490740429992,8.01761420940427,4.34179920874938,-1.50468261782291,-1.59108650765975,-1.24603008326672,0.735045866540881,0.531237279837827,0.24169502755899,0.293606962396973,-0.0177892915292323,stable,6
8.22612046008894,4.46763689455248,5.73788814156236,9.21835145870984,4.78555628905256,-1.63129461524031,-1.77761009305231,-1.37665158075994,0.216857685339126,0.183235603846012,0.735129050002579,0.895917776115867,0.0500839948929089,unstable,6
6.46274575065072,7.29423861394763,7.98747850134305,5.95183154560346,5.11643781202479,-1.41607052699229,-1.73952658703618,-1.96084069799632,0.184277922212618,0.103242324563465,0.136959410067113,0.40142087086555,-0.0306739124538758,stable,6
5.25189062026781,6.00724495154751,8.40416272114697,9.99310384878888,4.01816215113894,-0.978837505456654,-1.40435632518324,-1.63496832049905,0.473392610421109,0.529091301391302,0.398632756297621,0.730050475884823,0.0533141957232802,unstable,6
5.44648560224465,1.01511419236017,0.523565293763287,4.60343302868712,5.543096697458,-1.956597980795,-1.90977899996622,-1.67671971669678,0.359013310939942,0.635449751265704,0.320608322692617,0.232132773800642,-0.0379426928425466,stable,6
9.32736805273206,3.83890312313876,7.18639929532115,9.42527366112635,4.40096188616515,-1.49068003851514,-1.23493621243985,-1.67534563521016,0.678213547333947,0.914632407173159,0.547424587326539,0.311078172077362,0.0525733255651186,unstable,6
7.04021707689794,3.41122519034016,5.07266562158078,8.10821866989257,4.91070533418377,-1.63983829155869,-1.92026242115585,-1.35060462146923,0.729499695857235,0.0698525487860269,0.950116355698248,0.784747599018688,0.0725978612620489,unstable,6
8.32285744177616,7.5705820829535,7.5698298576346,9.33598209052903,4.70182155806338,-1.35324686200169,-1.69332162742503,-1.65525306863666,0.4007875912162,0.98052051651299,0.347303748731423,0.976977024494993,0.0835686813954738,unstable,6
7.02683978595836,8.88551106953426,9.40732264269545,6.16500993523295,4.64429823995558,-1.58129538470969,-1.22898774119937,-1.83401511404652,0.736380062160725,0.769168232188445,0.718258127265274,0.224596890058169,0.0733772718247228,unstable,6
1.9982100562326,6.03313645253184,3.17275913281601,9.41076563497433,4.39006345772958,-1.26524768502557,-1.6466487258115,-1.47816704689251,0.249336029915879,0.793691549172662,0.206083314019552,0.632003464194877,0.0216900711399033,unstable,6
5.83870558719889,7.62623120094567,1.78857204422018,6.6568707181797,5.62879301267938,-1.84317712284037,-1.82130953461775,-1.96430635522126,0.847781279940254,0.784330441262838,0.96522908930703,0.463781596941291,0.0569664903165892,unstable,6
1.75908489746909,7.78757280500092,4.83703952273874,5.49130427414359,4.86577173131739,-1.36045701854016,-1.88829311968777,-1.61702159308946,0.867058947347354,0.640612761029012,0.49612709066189,0.847154836351474,0.0463077452854379,unstable,6
3.01047333807822,9.02700253795644,8.55297981710206,8.53280201059144,4.52150331517439,-1.24471714100268,-1.74935333063353,-1.52743284353818,0.224549867066755,0.0542434703064896,0.43500657166018,0.666048165176568,0.017143826271523,unstable,6
1.9844316627497,7.13840383942034,1.44519876209154,5.98503618652335,4.76502415987576,-1.48231533152682,-1.71692436557821,-1.56578446277073,0.513834178824965,0.431693380728771,0.965718847605305,0.553319482901184,-0.0192400617299013,stable,6
6.12819029520663,3.29383699261633,7.98505474104196,9.43534516369437,4.15595703109845,-0.729597118108638,-1.70211134919025,-1.72424856379956,0.958988777944649,0.644019506694177,0.359461749482275,0.226977848477638,0.0438288421621543,unstable,6
1.60088141953445,9.92751281707577,7.18871382847131,6.54083104586493,5.46692239739089,-1.80623075154424,-1.86918722677745,-1.7915044190692,0.167991329184119,0.653817558661391,0.644693324817326,0.541699142430201,0.0442082844497511,unstable,6
3.40441112349633,2.01900234724078,9.07683179683075,7.93217969501824,5.04145972205236,-1.93607259760614,-1.9828650015694,-1.12252212287682,0.95459450197842,0.358004631084212,0.238267609184374,0.503572026730557,0.0002089589285785,unstable,6
1.69210563992839,4.16724118640011,3.59463464229583,8.40098009304631,5.47622542169457,-1.99497093638409,-1.60487073639354,-1.87638374891694,0.111574397730695,0.488639943900456,0.670933097803901,0.862543772498692,0.0265874750181435,unstable,6
3.43705384116065,3.19403287380441,2.81148263640747,6.42124979018988,4.3281938827795,-1.04070063089594,-1.82401214213024,-1.46348110975332,0.795888219903677,0.888236846030364,0.104522965656928,0.662654800790561,0.0440706228512998,unstable,6
1.60149593174126,8.20348064657237,4.31842925805399,7.34721122262181,4.19912966098627,-1.55260166128761,-1.72709742946973,-0.919430570228933,0.431403268447169,0.360436222365716,0.280970269158625,0.763901614705565,0.0134805069296828,unstable,6
6.74855446508476,8.34240835592588,5.1352174131221,9.37534507305682,4.9697259920793,-1.92301374974494,-1.62536842520264,-1.42134381713172,0.437116070178341,0.76000622909117,0.225414351254153,0.187573228541198,0.0355109607212136,unstable,6
7.81986128038354,5.50079786942685,6.83925910858257,8.24505886403064,4.67716015947388,-1.79387698971855,-1.1945318170992,-1.68875135265613,0.330017175601697,0.807726046952202,0.987057707897845,0.280513381906542,0.0722683652433942,unstable,6
8.56111115951418,8.60004748921555,8.25317254377313,8.45602314307415,5.11953723265724,-1.48368662273955,-1.65603841824892,-1.97981219166877,0.897065895448554,0.0826268241530052,0.295440321372772,0.328899511511484,0.0421003669069687,unstable,6
3.87558406371634,5.02794258909563,8.98209232117466,8.43492865157647,4.19667146984852,-1.04012663918561,-1.3935582706018,-1.76298656006111,0.401652344771016,0.1713576028742,0.839328188836459,0.46344164532308,0.0389730333289562,unstable,6
8.6137595398391,0.615666251652001,2.17069327691542,5.34654922201335,4.98077532714317,-1.94261843158853,-1.62859613713255,-1.40956075842209,0.65873831773016,0.455825494776308,0.136090233908807,0.193694220885609,-0.0356851322474327,stable,6
7.5827500167745,3.11027137560629,9.87709507095619,7.69834756345722,4.98559429320392,-1.98742290506723,-1.16307288674109,-1.8350985013956,0.227532879592376,0.215150022005651,0.391041447606881,0.671031601952873,0.0234253083017259,unstable,6
5.38373969687588,7.37430839025163,7.77870075258937,5.52099713156174,4.40905454173152,-1.40184357017581,-1.36289198790466,-1.64431898365105,0.882818983537932,0.365667157629959,0.413383176104433,0.952653213337547,0.0796319696964894,unstable,6
9.24973096948836,5.76430609891258,2.7288727650541,6.90339410159099,4.89492085575736,-1.82824735213454,-1.84079948233629,-1.22587402128653,0.807307544400221,0.303160229820153,0.768123953538935,0.0879401820058539,0.0136751489740963,unstable,6
3.61126107192577,2.82396913308938,6.44358347971737,5.58011869888912,5.41572571628391,-1.69144071006113,-1.77105582918692,-1.95322917703586,0.704398154509875,0.0592456494623283,0.793312636156429,0.306138662124404,0.0291281665543399,unstable,6
5.70918269899354,6.08980337744426,4.50071225526903,8.91541583847705,4.51796216616559,-1.79162039828527,-1.01384735259035,-1.71249441528997,0.644397574924319,0.79870600763937,0.558301186577833,0.804768420020482,0.0801158970901776,unstable,6
7.66900750833387,8.46919581411865,2.28289661507437,7.84698153527097,5.4344918184437,-1.8543663303774,-1.98241307274243,-1.59771241532387,0.875642952884908,0.798985731049759,0.908267677187024,0.175803665839091,0.0499487484378283,unstable,6
2.81289364017673,2.13188600524155,9.31412711290984,8.78987724030947,4.37583642758511,-1.97262196124092,-1.06349374182607,-1.33972072451812,0.352193986407754,0.761183000096177,0.733509114708607,0.215341503452262,-0.0075303376930742,stable,6
9.7976578641371,6.10776924526017,7.83512352731911,5.58740010008101,5.37165559291871,-1.68053245912148,-1.94147477147512,-1.74964836232211,0.424158195399566,0.891186513424906,0.160246120148645,0.233551463569982,0.0349802124540524,unstable,6
0.62774686207748,2.26784757299908,8.25643914625006,9.41753451135183,4.70395729360414,-1.49241748930159,-1.39331716735257,-1.81822263694998,0.755050644947315,0.126831118184826,0.346220159345308,0.435969652631347,-0.0315098260195101,stable,6
4.99624122230556,5.38738403271973,8.35821597172141,8.70684983056765,4.33847772824079,-1.2103217907769,-1.25323562499807,-1.87492031246582,0.421976069764744,0.208327728679888,0.243200261420024,0.401005667408422,0.0061572525925801,unstable,6
5.92613684244484,2.73833890467951,4.39714288212851,8.5400400345247,4.56541661326873,-1.88552865837383,-0.813153139583918,-1.86673481531098,0.540147522143138,0.633599906099141,0.804133723774514,0.966078072060503,0.0647751607228507,unstable,6
4.08119325304042,3.48237492410049,6.20350366367445,5.82939053001925,4.85151570467296,-1.81571233300889,-1.59896139847017,-1.4368419731939,0.0776598937897454,0.811395487747823,0.342993195584861,0.839401546060289,0.0415789344569969,unstable,6
4.37100120823083,3.28502574039015,1.71588672326108,9.14204126572344,4.52012678934803,-1.20777487682357,-1.35016540785366,-1.9621865046708,0.983888825540131,0.783016260345009,0.314196039664448,0.71657158025811,0.0334533685196133,unstable,6
5.49750519624181,6.16593013116784,5.34301918995803,9.03090581079824,4.13563918207497,-1.14962918136638,-1.43743697232594,-1.54857302838265,0.868102543324563,0.612991782761848,0.241154323259727,0.163132193011804,0.0446605753319922,unstable,6
2.47327682198253,6.21604839258082,8.11607404417162,8.58789484470192,4.39675447796713,-0.999490919628821,-1.92469440084069,-1.47256915749762,0.728438849456639,0.259085936202703,0.536799249480942,0.370203483392295,0.0123459100447917,unstable,6
9.02343045740887,2.55124995242946,4.0009329846732,6.16919822833528,4.53347453682715,-1.29775167032522,-1.52056791940171,-1.71515494710022,0.180455408904585,0.410044501852267,0.0738012796490349,0.550457704492943,-0.0301561120338002,stable,6
4.0629491352048,0.898856772256945,4.37123214080915,9.29463958695475,4.818632866364,-1.65812781508784,-1.63382009572253,-1.52668495555363,0.272557057839222,0.613236120625332,0.350258687435969,0.246419244920792,-0.031905938516226,stable,6
4.76832929244791,9.64185318210862,4.35796318319022,7.82058353924471,4.68958550543995,-1.43502504368267,-1.59197379059819,-1.66258667115909,0.451200232036912,0.349547800789127,0.575307091985755,0.521558987651926,0.0325731215954611,unstable,6
8.6757883307801,5.87530639862646,5.10070658885003,6.50111730963087,4.33412829990004,-1.42515167176344,-1.14103636480675,-1.76794026332985,0.209448339460026,0.323135466114278,0.874308654057208,0.9881644507475,0.0702671225826325,unstable,6
5.38572191754367,1.11427041250982,7.171177635108,5.33435351107661,4.54613695081863,-1.57953529064328,-1.92876456794098,-1.03783709223437,0.104492049788616,0.213797885570663,0.435299544376448,0.476532931059735,-0.0212554191781297,stable,6
4.76846897156535,9.17429018988311,6.35062985637807,6.04902594384723,4.72100132356176,-1.83446826246121,-1.10580229732974,-1.78073076377081,0.0658062716891896,0.298492813830869,0.344323172767258,0.999738803978615,0.0360218275575711,unstable,6
7.77434984572297,4.6933922974852,1.55790131071348,8.04557748947654,4.71816852650594,-1.75792648550994,-1.8634969799903,-1.0967450610057,0.787801498888326,0.733327649716107,0.260648639390367,0.634521353667717,0.0528739783095935,unstable,6
4.32316648280882,1.38276938724591,1.53024992211094,9.69146264240601,4.85440840444551,-1.79738537363941,-1.90137701779846,-1.15564601300764,0.629364007786467,0.196335463461787,0.0853062895681802,0.908930971228754,0.0087099925232789,unstable,6
3.4224058042389,5.32841853704409,5.35374844566026,6.64912039973616,4.5743694366948,-1.10630424569027,-1.48834297420239,-1.97972221680214,0.138845972883734,0.996897556605057,0.0863217369584134,0.507530097690037,0.0320167049698883,unstable,6
1.11056589954798,2.21218745796316,4.56983086318847,7.37576535512246,4.37702706941783,-1.60798945088139,-1.16135449408025,-1.60768312445619,0.708580230583068,0.760349759110366,0.879571662601845,0.193265353575521,-0.0037958094711447,stable,6
7.04948938310397,1.0578582132845,1.66083961752496,8.64893005346098,4.3675277906052,-1.65352797499589,-1.15653639438734,-1.55746342122197,0.804027637766117,0.905937686996256,0.75319367177745,0.509996014981727,-0.0168332640931813,stable,6
5.54460668973846,9.24608054659891,4.99071554401829,9.74120188054662,4.80162976844025,-1.86300677719313,-1.50914759232305,-1.42947539892407,0.2013272872534,0.843634696519021,0.640253795668724,0.39334234752652,0.0493167471559029,unstable,6
2.80093035966518,2.35130953659853,8.75557880309695,8.9880630797242,4.87582876151396,-1.93781292347681,-1.03272768737862,-1.90528815065853,0.848536035141822,0.986579477337972,0.316539721275993,0.469575975072506,-0.0032133355384451,stable,6
3.09840745919183,4.29407834193001,9.34906016907037,4.82638325046479,4.50772851317755,-1.4732260205892,-1.95526318046019,-1.07923931212816,0.212286193690513,0.0736564831900678,0.661832662437478,0.788092891925952,0.0165521488266506,unstable,6
6.14492670694266,2.42212323109455,6.74572448829012,6.27368493647794,5.58688221739784,-1.73983077010668,-1.96014589493466,-1.8869055523565,0.298102794535009,0.340606657867334,0.799454533857728,0.197560215910996,0.018275242610981,unstable,6
5.72319561673063,6.65165395524761,1.24860340352489,9.34596004175758,4.44048295004693,-1.52165309221568,-1.46001382571029,-1.45881603212096,0.546628601605828,0.29259676186838,0.510355527029219,0.495158511298975,0.0024873352500652,unstable,6
0.646831140040676,6.63124311337131,4.209274477953,6.27485595524195,4.24675682424509,-0.908164075637376,-1.37970888746892,-1.95888386113879,0.249132485446557,0.493903076022344,0.69157033072691,0.332872683739348,0.0074204672466503,unstable,6
8.56538365728117,4.4238769084063,9.73263364661806,6.12723910665025,4.62333522129576,-1.71337687700799,-0.996648629795585,-1.91330971449219,0.343127098576394,0.1913858025918,0.100838256099039,0.90275658440954,0.0236126118301534,unstable,6
8.40236327547793,1.91099477271391,6.1294735949113,8.54848184759408,4.06614729821335,-0.675801764070988,-1.72073247711463,-1.66961305702773,0.578963398266673,0.277357299821456,0.965324795684809,0.562415832753734,0.0571929644212285,unstable,6
6.76064171287722,7.92159314698352,1.50362127101022,8.88095409816502,4.81056663573186,-1.88383648458309,-1.8121533630018,-1.11457678814697,0.444646018675262,0.715336930074462,0.205350100772795,0.332297977454673,0.029165048122443,unstable,6
3.03391572733667,3.63922200686702,8.08986849280898,9.21192612072659,4.20508538880044,-1.06243270847481,-1.95540293759266,-1.18724974273297,0.0989946737821051,0.108843309157008,0.776690476907851,0.426133349420319,0.0205279520439941,unstable,6
5.89978560694516,2.06253650743418,3.27416884299734,8.76207166239466,4.52484647404833,-1.12425030607645,-1.75664780145698,-1.6439483665149,0.261517496910851,0.568872711541309,0.680969653513235,0.164915430478983,-0.0311364483276189,stable,6
3.03237892513284,2.08495104663608,4.7552465742179,5.99507036590016,4.61611688985175,-1.56571400151143,-1.87332573279944,-1.17707715554088,0.842214348686175,0.292410281934054,0.700316249368149,0.251332805433304,0.0201664053201125,unstable,6
3.90709213372278,2.70916931114662,3.87096447612724,9.55796017530207,4.86280654028911,-1.61355300000689,-1.28342508426117,-1.96582845602105,0.0890314187308925,0.940805797242192,0.0726278129377996,0.289833426527671,-0.017706906832501,stable,6
2.58335146330908,6.44854713967314,7.97892332094542,4.96767594152731,4.33671830042582,-1.52918822537514,-1.55168153529301,-1.25584853975767,0.29095275949349,0.409081024329833,0.27688119841262,0.219563198813549,-0.0185941042234583,stable,6
2.20296054407555,8.45054498957138,3.98358447955826,6.67670090667369,5.45450123455702,-1.6236780631557,-1.91156688991482,-1.9192562814865,0.984157797074663,0.743159742005672,0.885223221869823,0.71966605871417,0.0583292645708386,unstable,6
3.7986604696799,8.32577701440663,3.84989045793574,5.95706486991986,4.30047245636283,-1.40081139337237,-1.4350574884018,-1.46460357458866,0.386494673379963,0.460622912225036,0.343737667885901,0.898247610876361,0.0433800754134883,unstable,6
2.66418359462797,0.643987489837711,3.49637339529037,5.33154540260532,4.82006089678462,-1.63010882765303,-1.36128335507601,-1.82866871405558,0.875648246143066,0.463000515134594,0.906731005848719,0.980464619979672,0.0592558187202715,unstable,6
9.51352886051497,1.56620053293793,7.26775739733635,9.37967436472051,4.38701744487106,-1.62402396920326,-1.37341840428185,-1.38957507138595,0.207481423150559,0.603493460093824,0.487488041414325,0.228446556093132,-0.0184973782921989,stable,6
5.70571210706867,0.606954643179826,8.1520529338761,9.07720202507948,4.17641139826078,-1.15146212502067,-1.15624127965831,-1.8687079935818,0.33580103923314,0.288591739760129,0.456143618082069,0.133711730535788,-0.024494281531057,stable,6
4.46241450563708,6.56165192605791,6.02540503737448,7.22753953547904,4.73711230333953,-1.56314844335822,-1.80616152967631,-1.367802330305,0.83027201722348,0.427497778987221,0.450586747681192,0.720054848810711,0.0693980916975744,unstable,6
7.70848984774264,9.90729016245821,9.81514950311668,6.43003539136718,4.81144263162639,-1.95704186260949,-1.5600695045398,-1.2943312644771,0.283669032374277,0.940929214084557,0.770717069224385,0.405949831308884,0.0701281969809833,unstable,6
3.1090492677503,3.92782670701869,9.26646893139555,9.40892334623451,4.13866307353754,-1.3008752704389,-1.90647793767517,-0.931309865423467,0.876788092307233,0.476813402405267,0.702263595181046,0.948272057684705,0.0535820302983228,unstable,6
9.60239269560786,6.27736235688266,9.86016839232192,9.94173092315466,4.86066888755836,-1.1969236852847,-1.81882985847358,-1.84491534380008,0.296478124696732,0.861759915227724,0.625081955512323,0.196658034379675,0.0512227281348162,unstable,6
3.40715321935776,9.84286381904466,7.58475182831075,7.5201260206487,4.3920620660862,-1.84886287503681,-1.35889687769612,-1.18430231335327,0.872137291747433,0.107129304839557,0.0639537098893721,0.824123537326171,0.0193475571519288,unstable,6
4.02963555108085,4.54449036955168,9.28401112866523,4.99950665985243,4.48857529715623,-1.49470392157341,-1.8580320263235,-1.13583934925932,0.831170245426062,0.828013051175736,0.38976560948576,0.668646414202792,0.0677429837056109,unstable,6
4.92179649310986,6.95606612104389,2.27255854407772,6.40401522931703,4.58936872119745,-1.58763459984283,-1.8380241519349,-1.16370996941972,0.601350713934614,0.438571902896445,0.381148558984398,0.795863813458787,0.047967972041657,unstable,6
1.25079932073556,5.11865832937778,6.08587475063489,8.02324038260293,4.99221802775905,-1.34347416421212,-1.98598020445035,-1.66276365909658,0.507635058270983,0.481839282684019,0.175786985849196,0.339862531400645,-0.0277308760206417,stable,6
8.53521191232924,4.73085836625117,7.23899178279175,5.96536326967693,4.61928583208349,-1.60344973653788,-1.60405994724628,-1.41177614829933,0.958417388111339,0.687693864783614,0.509687340290316,0.573018438291318,0.0789924742464109,unstable,6
7.77188385552359,9.14500565776067,6.82798191089029,8.63773562862272,4.67805600830875,-1.96315650033441,-1.08225906108503,-1.63264044688931,0.64963679688065,0.976927910280591,0.558805082945761,0.827380256671524,0.092494846620554,unstable,6
8.96429404782739,7.42398814910755,4.16133833845499,9.19872195327033,5.19098645024848,-1.46274026074343,-1.73606639949334,-1.99217979001171,0.0670004185634176,0.754206953255414,0.783871031362542,0.733418651389298,0.0562200663820488,unstable,6
7.47548269437675,2.56035620819713,9.34490389961347,6.02049771722722,4.31993423526358,-1.04845375178102,-1.48938996605693,-1.78209051742563,0.798467781282861,0.244283809216438,0.548110378122198,0.496835830906272,0.0483109480728735,unstable,6
9.55700888568461,2.19130473056823,1.75671391044629,6.21754545552376,4.42013019533405,-1.04869472062364,-1.54476533387266,-1.82667014083775,0.227348912538132,0.130767076901547,0.342186435763322,0.630257887578757,-0.030161489979128,stable,6
6.42424325009457,9.44844131243146,1.2788769103006,8.70015266168085,4.98873976894501,-1.29550582462596,-1.86123998334691,-1.83199396097214,0.462991971438653,0.441428081559221,0.41197858705462,0.398521781273212,0.0101066057877167,unstable,6
8.29616849379174,0.519730527107231,4.08556447013359,9.17622290174032,3.97286260554937,-1.21456463819179,-1.32506883446663,-1.43322913289095,0.675739648258297,0.680410136106035,0.721002782260507,0.117275205719124,-0.0182144758948683,stable,6
5.98136587486904,6.04761897143024,8.40523746397906,6.90066433456113,4.15026728412826,-1.18204210966269,-1.7958694077344,-1.17235576673117,0.822326771010598,0.514232324075339,0.060114299149143,0.401098313382976,0.0444567450964613,unstable,6
4.50291289108025,3.24868820684284,1.38138327066553,6.81973884869715,4.76090432709544,-1.2391533714517,-1.81783557463922,-1.70391538100452,0.618238704172641,0.196466119215479,0.390500414691047,0.492471201847461,-0.0108783087385866,stable,6
8.15156633197524,7.44392594440156,1.93900543877031,8.96032186993682,4.67382557191177,-1.64651326532176,-1.66987199190222,-1.35744031468779,0.193894367114469,0.166319580001923,0.0592747630678909,0.514563129129698,-0.007808098854851,stable,6
9.05780517579042,7.30957343365797,1.11178931894879,9.27782688470489,5.3572897720988,-1.95632194918609,-1.49341837126777,-1.90754945164494,0.475346496961216,0.0790374454283121,0.745285793316851,0.894385162862105,0.0136086332897107,unstable,6
1.08196554294482,4.22762415803903,6.47118137495914,8.90085879462727,3.83704780774664,-1.22073329166768,-1.48556036121527,-1.13075415486369,0.0639162521500152,0.846747947134742,0.179583999022493,0.756652953313289,0.0235984157877942,unstable,6
3.34041998928107,8.89479048158627,4.2062245675623,8.41482489785943,4.36024037861447,-1.6067885871373,-1.84537425839824,-0.908077533078927,0.240681611882627,0.67838294325293,0.32996664750427,0.897922491401141,0.0501347144038044,unstable,6
2.40599428585161,4.30808694193753,7.41237733630643,6.94004349426398,4.4772238132889,-1.40732634965418,-1.6888842617991,-1.38101320183562,0.372866694276356,0.310774449980826,0.687931672733735,0.896544397564138,0.050592382712333,unstable,6
3.1637803996381,4.07975819793692,2.10282609151958,5.52707171877036,4.44577433053686,-1.23819966400064,-1.57853857557346,-1.62903609096276,0.84381997461824,0.68863649789667,0.762868714437087,0.207741574502031,0.0385812633824492,unstable,6
7.79404726980049,2.73473311499695,8.97800717212302,9.64747831794317,4.30434143685596,-0.793208165425307,-1.77055151979389,-1.74058175163676,0.26395278284129,0.697733766650807,0.147058912830498,0.752729296233802,0.0159870312510315,unstable,6
1.47044631229573,9.90833976939728,3.97930891436345,5.75153538988815,5.08026361717632,-1.47945181294507,-1.99295896362636,-1.60785284060489,0.612332190408176,0.816427060154703,0.80594614111162,0.788161317308262,0.0345925166497293,unstable,6
6.09465323661987,3.37486526031148,7.75231358196499,9.6097114281827,4.49594026002879,-1.54624981481659,-1.73924459115748,-1.21044585405472,0.540964604164139,0.184545793970468,0.785276513527561,0.0722102105602284,0.0270632472417993,unstable,6
5.71382483521667,8.06666686043456,5.07080208995371,9.63172863971858,5.41704850571329,-1.66757628220622,-1.94032796937055,-1.80914425413652,0.123023531208169,0.712583811633331,0.12114277218189,0.635094086685444,0.0362833450460357,unstable,6
8.13198934542045,1.10994791130164,4.39614366292283,9.59845521245614,4.09773319702341,-1.00655688060286,-1.92063995311684,-1.17053636330371,0.329224386804322,0.133409508732127,0.887842898425749,0.827792402450255,0.0358158066326839,unstable,6
8.46248303630333,2.0396727219286,0.505143793171307,6.44818127261919,4.65910087467448,-1.79296418409338,-1.6976252983372,-1.1685113922439,0.552249136251321,0.940593346378632,0.95108463844276,0.249217154566086,-0.0237257478103627,stable,6
2.36626327164024,1.24945424023544,6.95878696624173,9.99228117305826,4.73308069142519,-1.3930018199072,-1.46835283624871,-1.87172603526928,0.103329994402075,0.355277316020146,0.157152892918645,0.483919217762396,-0.0401678316585813,stable,6
2.62926809003047,6.30358202599445,4.30635190152937,8.62330920774128,4.40665564821333,-1.64775169913633,-1.38256159490219,-1.37634235417481,0.827732169875628,0.569249143039577,0.531207724018805,0.0919555315877113,0.0137885486734688,unstable,6
3.75105104497899,5.79011802392229,3.83191433780367,6.05450716027418,4.27255299649086,-1.61405634508065,-1.5471146999485,-1.11138195146171,0.879189414427996,0.939438110786945,0.174387403000721,0.194099193770509,0.0497968962361562,unstable,6
0.617494781178259,8.8795260411415,8.11724194376437,4.4666289410159,4.77701447541768,-1.47343943751222,-1.74397370442967,-1.55960133347579,0.181957749811023,0.872150525149218,0.537799075602408,0.916198569361692,0.0505363247470692,unstable,6
3.83205721725129,2.4058704985682,6.8863668264012,6.07862059137267,4.65256675366811,-1.78344888027041,-1.31720988456289,-1.55190798883481,0.474788255870863,0.66457024313324,0.0519984220215434,0.299261169414629,-0.0219613426579233,stable,6
9.86142244431713,0.891620918337291,5.15800159658018,5.55791763464218,4.65355346921783,-1.38702983681983,-1.89159216359593,-1.37493146880207,0.100441684440005,0.125470270170323,0.961923108657644,0.616663948187041,0.0241254067065729,unstable,6
9.65207854817581,6.41276771126695,9.43658521088201,8.86989791474175,4.72120118193386,-0.889783656148915,-1.8900185664056,-1.94139895937934,0.250284721421591,0.312320942310105,0.901812963359543,0.85686542350292,0.0694642615786296,unstable,6
2.61980793109232,1.22980245223714,5.57877648849003,9.40455170903287,4.68857181593318,-1.85844270595508,-1.35805881085139,-1.47207029912671,0.532549929631143,0.889225822968557,0.0667849900867883,0.0572198333968443,-0.039826181623729,stable,6
3.06670712607753,8.71285062316457,5.12950599574096,7.96193031984831,4.18909205248734,-1.54659007743826,-1.31855270766845,-1.32394926738063,0.477386620682818,0.16267912060742,0.653405672002098,0.912246863471492,0.0450114111175822,unstable,6
5.36736149326976,1.01724578912714,2.87839576855708,5.84236324876347,4.65285083786479,-1.60985695425349,-1.24822575090954,-1.79476813270176,0.967432926682818,0.464018064451067,0.944066543817621,0.705285670388089,0.0595496544529667,unstable,6
3.01538870501745,0.707295504583849,5.54856426347041,5.65990734526132,4.27699300402453,-1.63782481540276,-1.28320112422045,-1.35596706440132,0.510554058335916,0.846642159472876,0.605730544147958,0.636059722571957,0.0058282524111656,unstable,6
3.82346704609985,4.31559418432125,6.18883503323046,8.5258371650144,5.22646512737494,-1.46189457216195,-1.79843491380719,-1.9661356414058,0.789617617411169,0.324360794468842,0.630761115867955,0.270782848259642,0.0347396940962385,unstable,6
1.0742782787342,4.69875449891057,8.1131499059391,7.07847236975838,4.82208790591769,-1.96939074826015,-1.60363941382157,-1.24905774383597,0.474280132111531,0.76352941097167,0.688895367277768,0.102393401709198,0.0087880322436186,unstable,6
7.20213824607424,1.64684032656002,9.65762641277475,6.96056594848577,5.303703083925,-1.89949861684802,-1.92002722995993,-1.48417723711705,0.524004073450509,0.518891074805601,0.972016279570527,0.293175831803852,0.0380353726765672,unstable,6
4.87886374093186,7.36880534844276,2.24944088660004,6.83122276791815,4.49685306179599,-0.670082529242185,-1.86023698876516,-1.96653354378865,0.775977244056169,0.309818155485979,0.127360602523765,0.504331353674232,0.0267662827077152,unstable,6
4.61368973820627,9.4230788976737,1.42442285304681,7.37233777858929,4.65563071827631,-1.71639392177992,-1.18228568133533,-1.75695111516106,0.395106209672631,0.772210844194161,0.911199386814157,0.328193051136112,0.0023826457684153,unstable,6
4.19349009172219,6.87697934146037,5.80804331494408,8.85787304357356,4.4599846049907,-1.68847067152343,-1.55863865728723,-1.21287527618004,0.259329733844429,0.893232098936214,0.346055540565724,0.352370227360375,0.0427103754260701,unstable,6
3.70543107765153,7.70882958391354,9.45848934275913,8.65992550212398,4.52118422354702,-1.62416752817524,-1.14981796281611,-1.74719873255567,0.109548617420829,0.0973704457153962,0.3852494300837,0.517086423105923,0.0074157147796907,unstable,6
7.33381716769179,7.59437145159191,8.12898973770597,8.71116570989451,4.4760152187737,-1.176832650307,-1.95420057078562,-1.34498199768108,0.679288844362525,0.456725365770991,0.668629645143049,0.315642104927527,0.0642993526761106,unstable,6
0.532651278081071,2.43560651397292,4.76140068820092,8.81542714404722,4.48514618721289,-1.17995841453504,-1.93784672096921,-1.36734105170864,0.631336447726046,0.122691958903371,0.475209812884466,0.1645696303586,-0.0261021377078713,stable,6
1.8116258388721,8.21448994311943,4.91005390104977,5.36963724966102,4.77377400264556,-1.76750898801511,-1.86486029984495,-1.1414047147855,0.974680129602998,0.895827229656902,0.32784446421713,0.956826410389318,0.0516249507481124,unstable,6
4.10177316677402,8.79660625071679,1.16596615845539,6.54272085738152,4.4547034160327,-0.766760325519717,-1.78309686438147,-1.90484622613151,0.570057073412275,0.751929599493995,0.630134018577805,0.69051726286369,0.030272049689223,unstable,6
3.05266442065327,1.41968494748782,2.96287876024542,7.884600622075,5.54194052296858,-1.79950117416185,-1.95771059591301,-1.78472875289372,0.0896775754260854,0.745891635905468,0.108782770422212,0.929487055877843,-0.0182338367566346,stable,6
1.68459735320095,6.36450766239495,6.81696103968447,6.59306868611842,4.60063973514268,-1.9520183865693,-1.42092927237751,-1.22769207619587,0.836583061296548,0.797272636713823,0.401213424870997,0.768120041116425,0.0514727681594776,unstable,6
5.23707806438019,9.15726644469039,2.885216014881,9.68617989724638,4.62806532909254,-1.50394774118592,-1.48869490049138,-1.63542268741524,0.456085179129306,0.455623682928365,0.326856686281871,0.462884535628414,0.019976922387794,unstable,6
3.1926989049762,4.16015512457111,3.32065513032603,9.86179495156597,5.22565912243224,-1.89895218856198,-1.33172080847267,-1.99498612539759,0.294363898297368,0.907168777390855,0.778466070610413,0.645943760573214,0.0248707827727366,unstable,6
4.27069264682303,5.71389757992771,1.87025280938236,9.8323667447109,4.63871284978111,-1.44039101785155,-1.85546640345291,-1.34285542847665,0.806854528426598,0.510246899454326,0.64855552033282,0.78570350128178,0.0291216757470155,unstable,6
4.9448917865595,4.0352220344389,7.20275636036033,5.38200583557754,4.40055440358052,-1.03049486628122,-1.72657348338662,-1.64348605391268,0.956653389679734,0.848901298564184,0.192823095469458,0.973073498473543,0.0933279696065476,unstable,6
6.0054946709156,1.43876985941993,4.34265666242033,8.73312693498807,4.64850099046809,-1.25360254822178,-1.61740723907467,-1.77749120317164,0.383212524939603,0.82260360943537,0.255735035681812,0.187494474862568,-0.0372500560501776,stable,6
5.75761886198069,4.62348510626012,2.72824205799235,7.55145446440196,5.16600166581769,-1.56999159307851,-1.84149006599239,-1.75452000674679,0.629931380069843,0.832095963896019,0.450487739652343,0.834200409483898,0.0705538366111719,unstable,6
4.71301444632793,1.14913342982101,9.9467926192998,9.56749604675615,4.52642005834615,-1.81528138344386,-0.923501594087237,-1.78763708081505,0.489290520616823,0.792104082901575,0.28642996213591,0.181584017200847,-0.0269480830195619,stable,6
3.30297308261843,7.83014333409725,9.100240574488,5.77452500612544,4.50540402515028,-1.1909716985965,-1.65567277350134,-1.65875955305244,0.242383151355982,0.444542259766496,0.971950634157667,0.118507709372597,0.0384633231913577,unstable,6
4.25637774392603,7.0188783344657,8.19940450609161,9.68233051171047,4.86398554679987,-1.94543802548868,-1.1574086585539,-1.76113886275729,0.920659850130065,0.103479568555825,0.0598045925894252,0.84883824684329,0.0294728147753627,unstable,6
6.39499137289681,1.86079474137054,7.98970460180267,7.92265786935718,5.04781628774215,-1.65085602344435,-1.94133188434575,-1.45562837995205,0.421246364381697,0.874734631616734,0.625458243604201,0.318309654873058,0.0171716683756463,unstable,6
7.01686616000016,8.83581520590334,8.75030643301476,8.264247966412,4.88884071936105,-1.95589606182912,-1.98469026273589,-0.948254394796037,0.29046836175341,0.938612903452812,0.318732693253268,0.375557732900997,0.0558349316190117,unstable,6
8.54394227186658,5.00571495029214,7.82864079796955,7.34437621284988,5.10864203327615,-1.95174323661864,-1.66418769762052,-1.49271109903699,0.87787169060289,0.190717064909241,0.49857088513891,0.977524939778333,0.0782855070815483,unstable,6
3.31795181440708,5.62532740196412,5.48810296972885,9.26875965524301,4.82027528071131,-1.08470141361429,-1.75622546653113,-1.97934840056589,0.396781223721197,0.376438431631857,0.265393026143895,0.84294946847803,0.0300866529798577,unstable,6
1.6041684234092,1.66355338691254,1.60602564828484,5.10271984151163,5.1190591359067,-1.88655531772473,-1.69497489511372,-1.53752892306825,0.251807014753453,0.382605963220239,0.768861764344594,0.0631255629869842,-0.0528339996904349,stable,6
8.32960484240914,5.09833426084546,2.00998903171972,7.58267229465153,4.65337506790243,-1.28354483153904,-1.53809691098626,-1.83173332537713,0.357847136801485,0.480430496958581,0.452495589383167,0.101380396073011,-0.0237489132264355,stable,6
3.2407510829441,4.21466921626923,3.48238532237337,9.29824006828311,4.91055494941631,-1.33385928537025,-1.65333312443931,-1.92336253960675,0.859396192986952,0.434069420549158,0.210529867235466,0.457815572481841,-0.0032212307547863,stable,6
2.0104707446626,4.33813889574214,1.27726041710294,6.38140522615222,4.62258223194159,-1.83476491560189,-1.89860332371123,-0.889213992628467,0.17514637790934,0.421524953931003,0.324628508582293,0.340093249509708,-0.0355510958357207,stable,6
0.690766064096172,5.38813792762647,6.99361069956094,6.48871788288964,4.49304252784842,-1.30656843618678,-1.46677664534441,-1.71969744631723,0.81652413167432,0.784705245466885,0.665900430435494,0.51610725448386,0.0310686302891915,unstable,6
8.45972674630154,5.57102056474192,7.81552168518116,8.2674470703815,4.15665032593848,-1.04630575360635,-1.78614652987877,-1.32419804245336,0.19690042632485,0.268645649341973,0.821018917294119,0.526231025178427,0.0485953164254752,unstable,6
4.50175160988708,7.74495142412774,6.04555633708717,7.25002497072148,4.59473225512036,-0.862944886848633,-1.92288996271146,-1.80889740556027,0.233269581437873,0.700274283082582,0.376788715707177,0.320115187271909,0.0338531441593947,unstable,6
5.39593944615292,8.47925991930682,2.67191298332766,9.67417128496803,4.81628131886001,-1.50365455910884,-1.44711996014988,-1.86550679960129,0.375982803430842,0.904920663378064,0.963671917482867,0.582318621554407,0.0482320127833695,unstable,6
2.95431846709908,4.04383177732903,3.02820716715769,6.45647198084962,4.70210940119836,-1.57029381119171,-1.44616367612407,-1.68565191388258,0.326559859547525,0.886539448891578,0.679004393670178,0.837965234713472,0.0633193690889672,unstable,6
2.93826155354019,2.59402589952404,3.91626931059525,8.94426844038623,3.87817892169601,-1.56062905816644,-1.49806981622926,-0.819480047300307,0.813553511178468,0.137447638630298,0.521177607091239,0.552120827314986,-0.0067196255616332,stable,6
2.30724009145481,7.72499946988832,9.27948014716168,9.43436973871757,4.76630462651532,-1.6479857719003,-1.64180211601666,-1.47651673859836,0.406503412620148,0.703931356387817,0.641054114811908,0.530964453134082,0.0501763956329315,unstable,6
2.06762404945311,1.18630215094809,0.966654165199492,9.76977848251176,5.31841478109467,-1.866992725688,-1.78699519988337,-1.6644268555233,0.480434249996443,0.311010522831253,0.966244072237001,0.497981851216932,-0.0501026304420901,stable,6
5.71094420079569,2.8708756105826,2.05656206238588,5.94124517888122,4.52252521217944,-1.64379729943527,-1.09782668919779,-1.78090122354638,0.1102789907671,0.584109676879442,0.162373289615307,0.155874435070317,-0.0465502957905234,stable,6
3.66968854830952,4.8861945777037,0.827422535489697,7.41648341163412,4.71961133490934,-1.89550790385581,-0.948088296313875,-1.87601513473965,0.461327950868952,0.523657180265671,0.142050477000386,0.873426634399837,0.0291006472143803,unstable,6
3.99444294888546,9.43933169753488,5.78536458125533,9.52374427754238,4.82735551399695,-1.94765304078868,-1.30669714446566,-1.57300532874261,0.957285070972503,0.535446176222985,0.841835231751917,0.271663175625443,0.0576592200364526,unstable,6
6.92784457583783,1.98016830892354,7.386746516507,5.59740890374183,4.72816563191316,-1.28134116963368,-1.63656160701829,-1.81026285526119,0.0584211781793344,0.718793016805184,0.538146641965823,0.621822599626537,0.0077700942802697,unstable,6
3.59293978949358,8.13049325175895,3.27072356258015,8.07529159869232,4.77243005005486,-1.45852947694758,-1.69027376810213,-1.62362680500515,0.210122773891753,0.683624681288534,0.159779497721809,0.344948367066045,0.0114991196139726,unstable,6
6.25353432354417,6.62568573619267,0.613047392516141,7.55043925598285,4.30559348267515,-1.52939018456589,-1.41524796335928,-1.36095533474998,0.376768081361518,0.68641851859807,0.59889611509177,0.40822485050397,0.0096189740093657,unstable,6
1.80072538428576,1.18576452410363,1.51584326997161,8.57608686744728,4.25522563974301,-1.27007891211503,-1.97005488727619,-1.01509184035179,0.341149684982768,0.623441879189087,0.24795619430498,0.653949240988321,-0.0386205717368571,stable,6
5.19700115135253,9.55495807783052,7.53543298499433,7.82257456709446,4.06079135174775,-1.26223714623038,-1.20978478649793,-1.58876941901944,0.432054816782915,0.056288524472072,0.646630016075386,0.941397582737849,0.0583062880906708,unstable,6
3.12777617726855,9.92580262602562,6.72205790099071,8.96074574785426,4.46950089787926,-1.41466873034068,-1.60057694101947,-1.45425522651911,0.605109770646609,0.554954336294137,0.13782126018715,0.825540240267613,0.0386307712154815,unstable,6
9.05577611349265,4.55572613169283,3.0049447035487,9.7100618602697,4.30886762757629,-1.44387138629975,-1.10099868653092,-1.76399755474562,0.299239226651633,0.250551767636714,0.802122018839729,0.772713987106022,0.0212927847171056,unstable,6
5.55312401105077,9.00502810822948,4.3370220239795,8.47808721403114,5.58798865427594,-1.96293830099574,-1.94065557686354,-1.68439477641666,0.941732916545349,0.982883821873821,0.294883473735246,0.945005158786208,0.0901234122935498,unstable,6
4.96013677944643,5.19412661171302,5.83000855899735,9.52161278407713,4.33897893931382,-1.89648142161049,-1.27428951971342,-1.16820799798991,0.0879200791851059,0.169010998945426,0.354281030618108,0.0900191376145417,-0.0514940226228449,stable,6
3.70342422607386,3.36740493111553,5.44757085824012,9.30649322699211,4.47958779354236,-1.01213882519387,-1.68868344091076,-1.77876552743773,0.969950011267305,0.266230695991521,0.758425261476416,0.423105926627334,0.042770522616545,unstable,6
9.68874625593341,0.597272889310785,3.6729756412704,8.33847875601204,4.3878154285647,-0.663288655157003,-1.94623265073918,-1.77829412266852,0.3216634028691,0.231615185925895,0.416943146666975,0.853413439679387,0.0148722712731828,unstable,6
5.3367334757569,3.51025344831124,4.46007126825546,8.16172196693351,5.06167284929302,-1.57109349565583,-1.57343293712455,-1.91714641651264,0.269851287192046,0.313984278751484,0.194086321807393,0.546503609362242,-0.004268843414784,stable,6
3.90030694816543,4.35502547929656,3.45458361948144,6.76745513156817,5.17542181275846,-1.48150118252063,-1.82737302066844,-1.86654760956939,0.241153241992969,0.334532959114553,0.656723581962435,0.354045141574063,-0.0014792566223224,stable,6
4.25044192174519,5.81902461349551,3.20863594186523,8.35554755842324,4.43912820154591,-1.21714816720446,-1.54237048750018,-1.67960954684127,0.990591163793153,0.851700714116618,0.854749097264986,0.851780127564279,0.0925129106140108,unstable,6
3.84468061006737,6.86460861361307,7.08852746800074,8.78593195012747,4.0776924881898,-0.878361318250606,-1.845148041381,-1.35418312855819,0.651205611001259,0.881982181640183,0.313169605741042,0.951838089814476,0.0761962120305498,unstable,6
2.66538676262681,0.998948477593553,1.24504224082187,9.4920723838099,4.12544103371187,-0.723226054971176,-1.51586544689154,-1.88634953184915,0.0802287071269215,0.689824076393147,0.829088327403137,0.939575507421874,-0.0233675904443992,stable,6
4.27403525873928,2.3713091283882,6.17251785319081,8.69515723302797,4.33752274111648,-1.70785191473087,-1.40725038673045,-1.22242043965516,0.667608310796275,0.454368705577693,0.618105944150029,0.0592420366611506,0.0098682239905032,unstable,6
0.571960072898958,0.805621780435601,6.22752648299075,7.50456038041445,4.45589938175107,-1.77140876809912,-1.60698079719716,-1.07750981645479,0.16565701461656,0.678665576166334,0.722168613537748,0.469427351799841,-0.0182112880012416,stable,6
7.32329034878505,6.04190165293153,0.547161271510948,9.57419753081712,4.72636441320299,-1.42356010607386,-1.45271125757055,-1.85009304955858,0.95476193681114,0.923023123435329,0.701691178337759,0.81737100937938,0.0576501400079254,unstable,6
5.02116611517385,1.64370927978316,6.4015226465771,7.84142299703928,4.37066414775085,-1.52654978714916,-1.26309772420271,-1.58101663639898,0.357781331566176,0.413319490906927,0.572179515443584,0.79824748385862,0.0360029885845297,unstable,6
4.6028499139033,8.94400041218115,6.53249359934584,7.21018862242578,4.61606969893343,-1.7899668633146,-1.53330282623963,-1.2928000093792,0.417230054300877,0.376618689003872,0.736840225697822,0.325873966709698,0.0427285627345312,unstable,6
3.88139510148728,2.15485488847762,1.61078901100387,7.26696843367944,4.66066648433333,-1.66401534691567,-1.49121512949291,-1.50543600792475,0.702736909598495,0.959293197788895,0.489369143051965,0.141292840817963,-0.0159579263833439,stable,6
4.18859377760559,4.12952089547123,2.76830068129075,9.00455197170099,4.43790015065322,-1.27127747738162,-1.70381524915714,-1.46280742411446,0.373176455731385,0.643276074060528,0.0774113961905474,0.194856349862033,-0.0308289775547518,stable,6
9.98298758280235,5.16179648397281,2.17876803582526,7.09350502491669,4.66947156693662,-1.78723208428813,-1.03109791495808,-1.85114156769041,0.735859994538388,0.970505628321886,0.879276857881763,0.575071631124457,0.0517005159486914,unstable,6
5.88775226014819,5.96583927168617,3.42743801697412,9.32286250302966,4.69525746068432,-1.61752266642976,-1.12482971027709,-1.95290508397747,0.462624023223342,0.478433320285949,0.902133474915674,0.708196052509072,0.0519110653167598,unstable,6
5.57240271954021,8.77252130258788,9.51567243336068,7.5092376518562,4.75350901326835,-1.92280065684022,-1.64127833972678,-1.18943001670135,0.951479302202156,0.469492984022818,0.514885383753749,0.378415720791037,0.0634745340170892,unstable,6
5.23019960469503,9.70301482416277,6.14788428469612,9.4740013858374,4.0541829559449,-0.918292433638137,-1.59321965091199,-1.54267087139477,0.675961202347861,0.477262694682207,0.759682723346014,0.469733889477319,0.062171127169511,unstable,6
6.8337456025502,8.84753374402424,5.50900278074311,6.32094754557062,4.36743846059079,-1.70393643830407,-1.28037103504621,-1.38313098724051,0.709490967065382,0.430810756737316,0.58348966934236,0.313309751599649,0.0549258178446213,unstable,6
4.67888504378528,7.07438734441227,7.64498794928049,9.11932401301794,4.34656802428368,-0.96988123525579,-1.5882666811583,-1.78842010786959,0.172785463276616,0.820657497452607,0.708620764879644,0.0696930642296735,0.0445895840700947,unstable,6
9.3307544954238,6.84795539662894,2.3912291346364,9.64339930193473,5.21488005772108,-1.83918625826873,-1.44463747653632,-1.93105632291603,0.912079380678536,0.281284524515729,0.0510801657900377,0.433938636198108,0.0416089029170608,unstable,6
8.43755758357753,8.78708727224865,2.56451105630851,8.56188408207488,4.73222326250126,-1.7615381230789,-1.30564916395866,-1.6650359754637,0.832405377010137,0.307954453300036,0.189793625675117,0.637247431337673,0.0499417378238297,unstable,6
2.8899198255408,3.79113375048477,3.0051536268717,4.82050400094974,4.41827547111847,-1.52492986692158,-1.47824909325526,-1.41509651094163,0.182155387176728,0.208991197557874,0.388496006014802,0.275351198227388,-0.0478240258197721,stable,6
8.99386707990924,8.10930013214374,8.30134615880386,6.75644661909625,4.7533595001818,-1.16853472503951,-1.91653223588463,-1.66829253925766,0.424592865682525,0.361947240650747,0.724288888658584,0.912407443817062,0.0743432913974782,unstable,6
1.57557182983911,9.59759906257477,9.40963804908806,5.0704540727164,4.25863530439952,-1.05486679716443,-1.60089228033943,-1.60287622689566,0.52508334159811,0.530397751383905,0.300876911488216,0.278581406249952,-0.0075659170772569,stable,6
7.75763875984823,0.944922630803823,7.34314554430773,9.6258763394582,4.35878397815533,-1.88995535647204,-1.68938562169488,-0.77944299998841,0.28449171113662,0.176675788977988,0.184115538783466,0.296432440758364,-0.0251354267514024,stable,6
7.87209330705778,7.37857350176148,4.3473905293579,7.47053665945197,5.8644179596283,-1.92904167351169,-1.93847852116787,-1.99689776494874,0.287457494536025,0.309457787204179,0.900138884271203,0.635637636289218,0.0508450891321206,unstable,6
4.96629899222653,4.53691263861661,4.32957499994055,5.99691003370649,4.87327738384072,-1.859493174314,-1.96993228088676,-1.04385192863996,0.806279423159433,0.328945612756732,0.224656817049598,0.905824396201633,0.0633838766376333,unstable,6
1.84786927799232,1.7323758164954,8.57966047095532,7.73277876090375,4.26465626359951,-1.59745344795261,-1.64897433188757,-1.01822848375933,0.646599920139273,0.738776081788575,0.3167696880603,0.48536111576296,-0.0385853723832868,stable,6
3.55688126915202,3.87504274277992,2.9962720188198,7.44740772219135,4.35427545847956,-1.20330139638226,-1.31081223862559,-1.84016182347171,0.454506423308542,0.829025541396082,0.882834221163961,0.828514864942363,0.0644470707452368,unstable,6
5.87610610405874,3.07328606226462,9.22348933601844,7.28429733771826,4.61126736891816,-1.59410186401862,-1.10752585299577,-1.90963965190377,0.274146371990924,0.659215219521838,0.526900918708377,0.23088615489156,0.0080636434801525,unstable,6
7.55357140464489,8.82602111974524,6.12192304695812,7.40829669053415,4.44675322129147,-1.27155805090871,-1.62353286013575,-1.55166231024701,0.871645187224852,0.662636490875046,0.612066863740408,0.254292148737099,0.0729720593097216,unstable,6
1.47327069043297,4.82156880878911,3.07884940635132,7.88055551967496,4.68625177337414,-1.94719821843203,-1.57444222702512,-1.16461132791699,0.198828126445683,0.203192924944997,0.960993762340673,0.491321254119572,-0.0129508821770931,stable,6
4.20871708304968,1.02980314757766,1.36898425574546,9.31144161922745,4.21410866606632,-1.03187102253055,-1.97802274027118,-1.20421490326459,0.297055627375012,0.225108856506118,0.191094269319791,0.880963215442997,-0.0079619289494918,stable,6
4.95634521910632,9.49086987944343,5.75110545849873,7.36398004104685,4.1389757388442,-1.24438309733054,-1.4253582234121,-1.46923441810156,0.898229708266195,0.924780405353128,0.141342022440587,0.482869747813399,0.0633891992766522,unstable,6
6.50527466090602,3.86241107422145,5.11183702727709,5.75849499864488,4.65189159627355,-1.43426970081057,-1.57843450252315,-1.63918739293983,0.801841269627344,0.445837793320689,0.0943863335385302,0.797447019222834,0.0554840023576579,unstable,6
7.61933198577741,4.70708989119794,7.11422443279811,5.81119172156012,5.01033891227441,-1.77579375518467,-1.88138080924292,-1.35316434784682,0.245825492184882,0.586552135638992,0.647534968504859,0.521961887015095,0.0507135506078392,unstable,6
2.35276244406456,1.49559196935793,8.79187525657567,4.28636870096499,4.99633392551927,-1.80431917217347,-1.82388692927608,-1.36812782406972,0.256551910685177,0.228884657081584,0.664014280266338,0.923060702238919,0.007178409589259,unstable,6
6.30427020492341,1.66609705646378,9.26987144729418,8.68263810145095,4.32092208504975,-1.46666893459468,-0.897479224131932,-1.95677392632314,0.140765533120779,0.829785355061641,0.2662751182856,0.0747821125960257,-0.0393049957577736,stable,6
2.11556938270485,4.15007657404495,6.17078325494963,8.55930832103487,4.62211886247697,-1.99748574258124,-0.80786187369097,-1.81677124620476,0.964856422822885,0.609170227176811,0.913591647843872,0.537675582561942,0.0498952618000052,unstable,6
0.71814637948554,7.37362953458816,9.91540578191994,8.03403013747382,4.8272679676522,-1.86355168594776,-1.48535865767627,-1.47835762402817,0.304074040629149,0.248826562359084,0.142104331056528,0.218592783101361,-0.0505964618550171,stable,6
7.13708874840839,7.60659118209727,4.62594573876464,8.88852665183317,4.67872116474408,-1.97921611634049,-1.05448749918597,-1.64501754921762,0.255507569291882,0.394552378098495,0.645142387547545,0.570417617356407,0.0406218603076499,unstable,6
8.32336791870784,5.02456550253609,5.46468162212864,8.26896604103559,4.80485863107091,-1.35180434244119,-1.48251195039301,-1.97054233823671,0.653803091413701,0.382774283862486,0.444597410291758,0.734695067445406,0.0608839300173388,unstable,6
5.05002645229541,7.83525989234019,2.2338447678922,8.78521810259828,4.30849231469388,-0.894091761595209,-1.95122151617031,-1.46317903692836,0.818556723057133,0.20437649258826,0.670455195766992,0.0778715839362401,-0.0062713771218247,stable,6
6.60183791327075,6.34973472959704,2.29341732242776,5.69334505419707,4.94316986179081,-1.98636880844313,-1.87898820650066,-1.07781284684702,0.836184397938815,0.951847411145087,0.128236614195465,0.0744248806331365,0.0504319450207109,unstable,6
5.34859776895728,2.50905913364034,0.773565006625326,9.92067793694902,4.08068986570809,-0.981250887487456,-1.72406358581448,-1.37537539240615,0.0759425513923727,0.550068220865374,0.81975563041887,0.774514263030775,-0.0350164857503362,stable,6
4.3911774910004,0.781812085855601,8.41890505567393,9.15050878543227,4.8287700943465,-1.64437592898139,-1.98348691382796,-1.20090725153715,0.375826570827949,0.726461214147648,0.160974037845084,0.567543542650636,-0.0257144911793691,stable,6
6.96371492826805,0.580784780562657,2.1751747663451,8.96956182911231,4.79147700300114,-1.72691568861959,-1.85898736270465,-1.2055739516769,0.842868245630599,0.158531570324322,0.239585339582999,0.34711108052872,0.0046964052584017,unstable,6
3.2202989011166,1.13530817517313,8.64447632488279,9.95355485960095,4.30551626021956,-1.70980594287886,-1.99251471669123,-0.60319560064947,0.982721667945581,0.532278074771836,0.948031803495664,0.143266436854678,0.0050507992130832,unstable,6
7.65786787399494,1.60954298245213,3.89549203553478,6.7163416633943,4.1655035582921,-1.44790166397003,-1.42222567338947,-1.2953762209326,0.0644112142965232,0.782209947929764,0.93038270237797,0.12484184852689,-0.0310600402815307,stable,6
4.19090299704125,2.98398775670836,1.91628918762283,4.49160056780769,5.1943350137836,-1.93988838017328,-1.75545759752786,-1.49898903608246,0.18003711865292,0.961699034310656,0.216354235350577,0.267772407310834,-0.0280445969214645,stable,6
5.91627129563711,9.9557212437881,1.46287536184806,8.94710757733841,4.28851307459248,-1.18395814667824,-1.98629510606397,-1.11825982185027,0.720524631273085,0.120079408752235,0.37263713133371,0.997650082528432,0.0383291421710342,unstable,6
1.80446768008195,9.91971089310437,1.19731720564626,9.63406962464498,4.52950458577402,-1.6290433374973,-0.937742864573409,-1.96271838370331,0.762279930608505,0.356702264209583,0.573601080139303,0.312496814948837,-0.0486053707017632,stable,6
1.29959923446203,7.83814318241626,9.30266951177551,8.13085685193019,4.28081117159981,-1.15962836375281,-1.92661255475143,-1.19457025309557,0.737785962514083,0.565350816206635,0.132548195468897,0.379255365084173,-0.0107615227281891,stable,6
5.90790920507924,0.540265829086618,3.59686689040731,4.8740765407647,5.25395111922047,-1.99152625871515,-1.37317375484689,-1.88925110565843,0.46590121721544,0.272109514329184,0.147693110345185,0.156856972912477,-0.0317466254320625,stable,6
4.97332163583956,7.33545234385204,8.78125142963113,8.92290614922468,5.62466146967155,-1.89088485348967,-1.87661544868834,-1.85716116749354,0.769854795619148,0.30746186831467,0.459416421659995,0.769200240835545,0.0614698077074838,unstable,6
7.44608783991822,3.11567304555221,8.93743493701373,6.61142023106621,4.77197852134482,-1.93043774615083,-1.34756977260761,-1.49397100258638,0.740518111665229,0.705104119069439,0.109646552443382,0.60313303117774,0.0419264433564277,unstable,6
3.55086105507658,1.07493148543217,9.26368544582024,8.5702772880852,4.21273270260952,-1.28335104265101,-1.16924753514988,-1.76013412480863,0.928601474036167,0.377667238858256,0.671698719314729,0.982238306478677,0.044319924544945,unstable,6
7.70125856012178,3.86386767455449,9.96087047921664,9.54104681530118,5.0352242593725,-1.88130407077054,-1.61454675666279,-1.53937343193917,0.444387000727609,0.865425364956426,0.212376963140441,0.485572254508358,0.0314029093331224,unstable,6
2.64600313141458,4.6472099933179,3.27116810729293,4.805914457792,4.96858383566887,-1.06448719328098,-1.91287064420077,-1.99122599818712,0.397594194560701,0.985368495786527,0.0675755973528698,0.118425673484756,-0.006000416756028,stable,6
2.04924078972793,5.53431799306499,3.96528879053328,9.98173932675417,3.98754099852057,-1.56690549713057,-1.47256135711053,-0.948074144279468,0.921398627998253,0.247293116542251,0.17230692692419,0.247992369371488,-0.0466292269129663,stable,6
6.488139623929,9.60562793568289,6.92988638462464,9.71754680972749,4.48698246487932,-1.07113213955942,-1.97409869429568,-1.44175163102422,0.732246823510083,0.620601507663163,0.459089402470107,0.399262595697166,0.0624446191374169,unstable,6
2.50710945151017,1.81016493493706,4.08873302393525,7.8353750627251,4.26530014183555,-1.47162618957667,-1.56888162684366,-1.22479232541522,0.277001233086411,0.561850142393667,0.304105800827902,0.0652318910828757,-0.0429439524135797,stable,6
1.74035280031547,3.52004758641914,1.69185752283047,7.99226879553314,4.90048600500379,-1.50620499690793,-1.43028488447298,-1.96399612362288,0.466895943887324,0.494451286840946,0.871391316567928,0.554193184825052,-0.043805117494702,stable,6
7.50386872558244,1.64823465162936,0.992840010623564,9.14815261631596,4.1393554654322,-1.07598657234577,-1.35240761912921,-1.71096127395722,0.139160880599436,0.961519675077803,0.224326530686404,0.13824615573701,-0.0487399796165276,stable,6
2.98776489493646,8.07394226747519,2.08031994048841,7.47625069543349,4.25701729935662,-1.38821892578243,-1.42206439361776,-1.44673397995643,0.101917302408648,0.269742703336065,0.836076205207227,0.578138243220961,-0.015207008100748,stable,6
2.88070098318051,4.05138457275779,6.3431802836847,8.04459254083116,4.21864540334606,-1.0429646338193,-1.60229284845144,-1.57338792107532,0.959547502419254,0.142043069454349,0.911874652505487,0.290430331828501,0.0358890394032479,unstable,6
5.17852686756501,9.36206349874373,5.50110233657013,8.91883814161894,4.58971819689355,-1.76826628941724,-1.68278049490636,-1.13867141256995,0.647740492497419,0.980957100434758,0.365490138102481,0.159127217418783,0.0526880164526511,unstable,6
0.785790164916392,6.9326780125726,9.23757253902369,8.60247962497949,4.4939079965261,-1.33363799478265,-1.28139300869954,-1.87887699304391,0.974400805531656,0.156956413019922,0.53491911305815,0.936175081002506,0.0105955384354867,unstable,6
4.28640343513169,1.0554831385197,8.56893130719742,8.23550180222305,4.47052480272091,-1.46352607797359,-1.57991310401476,-1.42708562073256,0.672486447199351,0.207024822001947,0.748307380997214,0.327345043089131,0.0247682823834083,unstable,6
4.03487995657227,1.70918812548377,8.93546976983821,9.34049684127976,4.75020587762782,-1.38272445685333,-1.73214271315503,-1.63533870761946,0.772727235581601,0.543112672958031,0.998662627512061,0.450620239985711,0.0389104126562259,unstable,6
6.43571364275934,6.80021128254808,6.55523149763684,9.79255239829364,4.57136038321972,-1.61559230897061,-1.0046146416446,-1.95115343260451,0.792431684120041,0.708226199347059,0.209410755236972,0.753618450362707,0.071769782992377,unstable,6
6.32445335401304,1.82011587811313,2.58978438041089,7.8891749789261,4.43298716342649,-1.23277956167385,-1.70412138418597,-1.49608621756667,0.307212626613425,0.0997393420109339,0.767043678255222,0.42926044093226,-0.0208973457521167,stable,6
2.31217825886206,4.86046636797419,6.08687428298729,6.92608956355145,5.62084710524002,-1.91862914622924,-1.70571804964893,-1.99649990936185,0.228411992206797,0.98228510934344,0.677163218044349,0.613066351070405,0.0673452904953352,unstable,6
8.74359858381728,7.87625220060453,7.93656917067359,8.9953849079966,4.30642419152263,-0.979869040151068,-1.53874286536562,-1.78781228600594,0.108579171495467,0.45336804325809,0.863337283592296,0.998108907279856,0.0751992422352629,unstable,6
1.16293404902928,7.64554500535792,9.94997053718474,7.0836811856769,4.99350316139149,-1.2555835986432,-1.7676177535894,-1.97030180915889,0.402295765222616,0.350118747490712,0.520787191600314,0.547743460546865,0.0168552132885149,unstable,6
6.0012035645602,3.76997915015903,4.50397738528806,8.81777227445528,4.35164855701919,-1.17476137957037,-1.8843567876266,-1.29253038982222,0.347327531121649,0.288725207739522,0.54084123525852,0.764683143255475,0.0349138676835724,unstable,6
7.09350790778077,1.21331450975244,9.31886208423357,6.54302643809873,4.13372052491727,-1.54265769715899,-1.29524751603418,-1.2958153117241,0.149798996343123,0.0873741527046391,0.22919358764226,0.214672015529569,-0.0405960996439985,stable,6
6.30694688549308,6.8798379630567,2.69071340561534,6.28030304969107,4.72571679843207,-1.21321010241873,-1.99794594517732,-1.51456075083602,0.992095640080905,0.843330363543591,0.660579656137174,0.695880165727237,0.0901263218131018,unstable,6
3.91189027965696,3.26315837110244,3.54158867933776,9.49307776331195,4.24598797817953,-1.40421960125756,-1.60267152050856,-1.23909685641341,0.29720490314954,0.928706332607747,0.327551853909002,0.37026796359976,-0.0134271656465732,stable,6
2.26320422835324,1.73358971104715,6.4617478383305,8.33037811162405,4.52780308223918,-0.640596158464975,-1.98035701874993,-1.90684990502427,0.842406866808969,0.308282587357278,0.955464885302557,0.345293318555473,0.01710180291249,unstable,6
8.82041319631892,8.27141507608184,2.99180076862338,7.30752955288016,4.59264294727669,-1.4101450499788,-1.60395634205075,-1.57854155524714,0.474898465351927,0.828854589757595,0.318280948730464,0.0713700568724831,0.0308485014564135,unstable,6
5.98052380342843,6.05089934288955,7.37591633922623,7.58672296891522,4.53790381992634,-1.75239989859579,-1.41800239851079,-1.36750152281976,0.476374980127752,0.980727590777697,0.31532836094129,0.68825051052244,0.0762520233685921,unstable,6
3.08900024912937,3.18356796368618,1.56454741563539,6.1250958712365,4.74971614820579,-1.65633452657295,-1.78433953728754,-1.3090420843453,0.989673412736056,0.744026610975482,0.765463978330828,0.478253482458275,0.0436436899678687,unstable,6
6.33123663003483,4.26635210019383,1.26321693985189,8.31112731387048,4.49698430367775,-1.78664493093318,-0.992183591583895,-1.71815578116067,0.519197325386204,0.936361240198619,0.768557925750009,0.861563671954702,0.0432447326473412,unstable,6
2.39733829275357,8.55458822166982,2.88061677373109,4.92943522124941,4.62020004153539,-1.87353700846495,-1.38601068344545,-1.36065234962499,0.153875741591516,0.941823096230498,0.106184321441053,0.392119885855833,0.0164908060697725,unstable,6
2.34662839390717,4.15192693518823,2.19926740494161,7.74697365082044,4.45414692129175,-0.724537432324141,-1.87434360352636,-1.85526588544125,0.215702561370502,0.976119840629291,0.627478716364638,0.53858406268024,0.0178265528566438,unstable,6
9.14140759950794,7.2028776152381,9.29289055316653,9.80614383270108,5.2361160381096,-1.3038278880105,-1.95399619079694,-1.97829195930216,0.835164706287306,0.227277779747547,0.249941169872489,0.252641052781044,0.039877915523236,unstable,6
2.01195574019915,7.8158568589661,8.06253593788731,7.33883529102434,4.18714672546119,-1.1609982141323,-1.2540178347426,-1.77213067658629,0.848627369856161,0.315043460417952,0.480123065301602,0.75651645215029,0.0311476117819919,unstable,6
6.9706219353879,9.65531156128878,4.11077319158129,6.69921000736606,5.05883410620358,-1.73718068937752,-1.62288695270473,-1.69876646412133,0.599686047718498,0.270394388033593,0.952482526055991,0.18999198818924,0.0362012263919438,unstable,6
3.73126203881595,4.72896705630044,8.77450274758482,5.3608872452019,4.92975398472816,-1.88586212115026,-1.27979634403408,-1.76409551954382,0.780819027295577,0.722398882837404,0.0771788566758134,0.0957199552266218,0.0091205333821381,unstable,6
8.11816253400888,4.16905183594263,1.30914106398236,7.92789617416116,5.38126354054646,-1.85428727363395,-1.93399882664521,-1.5929774402673,0.106749845964429,0.604122859357318,0.459953842536648,0.0799030189139338,-0.0397026543490627,stable,6
3.62991933291224,5.61439105251547,4.88866861997019,6.00304682707624,4.72960981401585,-1.9754542491838,-0.949791888883722,-1.80436367594833,0.915219072199767,0.961170711019774,0.3667113743336,0.213940787608328,0.0655819973805947,unstable,6
3.67489946388736,5.92399627067376,6.5899090030709,6.96819037242855,5.37961949352172,-1.94830169723274,-1.50548907368769,-1.92582872260129,0.872354535736371,0.725777130113286,0.0872884347967221,0.246313468952929,0.0330486742029789,unstable,6
6.73291925054077,1.0194512994841,1.33499783533991,8.25779947694777,4.61232063584807,-1.3914333281139,-1.85941922200248,-1.36146808573169,0.0895414204503898,0.544230449079047,0.671323329786098,0.800988306596956,-0.0421871574199184,stable,6
8.50783026816531,2.49305427835488,8.63360321301623,5.95207567102292,4.66465897176709,-1.58794250228396,-1.22867894356002,-1.84803752592311,0.245019946488005,0.0921753724345169,0.285715299158843,0.876987130023547,0.0198926891800241,unstable,6
5.74490038283772,8.92941598768538,7.27404738911039,4.74281917704451,4.42885489413314,-1.20695064654673,-1.99618443928836,-1.22571980829805,0.0621274123180273,0.910284287787036,0.347607652553793,0.20348605636036,0.0305740238010753,unstable,6
7.05903611661008,7.58595557182773,6.93692726660152,6.4032887545381,4.35791544965532,-0.964639120997582,-1.87147412029975,-1.52180220835799,0.168381388762918,0.12496699914084,0.388392790911167,0.901887252407601,0.0342338184493814,unstable,6
6.28769116985863,0.555183779461111,0.711634025426256,7.0286291139714,3.90453467526084,-1.27865031915619,-1.16888410960877,-1.45700024649588,0.389940352101946,0.455203458364737,0.660711801056557,0.692153860000517,-0.017611621412618,stable,6
3.3800867098082,3.56556531450538,4.48724397298852,6.9229110608352,5.62399240421759,-1.88211589811339,-1.90757590603493,-1.83430060006927,0.711883017146444,0.785254300282465,0.832373507133746,0.528597052280785,0.0743868440684987,unstable,6
6.07777930326578,7.59013648144597,3.3003166217092,7.93738668303327,4.09392094071371,-1.55116558726707,-1.32062500158427,-1.22213035186237,0.333807158325714,0.453042714399218,0.430695373843443,0.353499756627292,0.0170230589296349,unstable,6
7.19015659489545,3.89914175296701,4.26841060024897,8.33762105881353,4.94672830364138,-1.5325516846436,-1.83129777342865,-1.58287884556913,0.54461103880275,0.137888519429786,0.601141093815904,0.449912491359056,0.0275213413775496,unstable,6
5.69530047138111,2.62381877764779,8.42927225746324,6.57980144476044,4.36106143967304,-0.58517679226927,-1.79665026518877,-1.979234382215,0.695259561681874,0.5441570465197,0.908391714402118,0.992770423708062,0.0831611682466979,unstable,6
8.34105470949145,2.68161227070915,1.88403874851371,8.00426138012642,4.75939008836225,-1.01410440974369,-1.9582270472035,-1.78705863141506,0.993673324676542,0.661552406053589,0.84399257109454,0.987128791790728,0.0507122745254423,unstable,6
9.93289144784483,4.17652039784332,8.32630339172727,9.7689405478406,4.25951768594622,-1.33712534143095,-1.60953890792152,-1.31285343659375,0.580153661352914,0.363850894268372,0.703708718926748,0.493369836052522,0.0550319825202944,unstable,6
6.27512566154224,7.75339502317776,9.84381638874301,7.69975167376762,4.14223716504564,-1.47408024347679,-1.35873965367321,-1.30941726789564,0.778153733654475,0.629348846286984,0.52086502191155,0.0770831515940919,0.0542558959632495,unstable,6
0.741621668161824,2.56086589804704,0.633000182459783,3.75477701959119,4.88111485382994,-1.78395044667869,-1.57876505740195,-1.5183993497493,0.147802722004326,0.775020384868905,0.0713074248691427,0.421447296962246,-0.0218915271124626,stable,6
3.27712807755568,3.26038668589412,6.5813423132496,9.35032786989338,4.3737490251198,-0.736068524388759,-1.90865060055914,-1.7290299001719,0.981247920659849,0.434942493869895,0.722314522859829,0.160606920660468,0.0305435201835837,unstable,6
7.48851462276839,6.14060791504513,0.745644599624386,9.05380708076998,4.00195256214068,-1.57192039373592,-1.06098066159054,-1.36905150681422,0.721095940609064,0.118316005340883,0.785799399992229,0.540127330947365,0.000764448472164,unstable,6
2.66804175109583,4.65616365311769,3.81996203137599,7.76689520402082,4.95028713154266,-1.67176217327722,-1.7568348571286,-1.52169010113684,0.865968287148461,0.781175656411856,0.966957200563513,0.588685861442755,0.0742889983511527,unstable,6
9.25430024652139,7.88239982988153,5.00574100294347,9.20380563418006,4.72737602413996,-1.59531212558862,-1.48965730604756,-1.64240659250378,0.533639804743483,0.0571007057724195,0.888335771726853,0.427949731019032,0.039652182855162,unstable,6
4.61615292578191,8.05540297108573,4.33761800993821,5.76658197105032,5.09944270779941,-1.80353228227264,-1.68797187524699,-1.60793855027978,0.402789193925554,0.527347557235574,0.509422322309626,0.557317859694347,0.0428314343149231,unstable,6
8.86044156432465,5.98747812507683,3.53371202697209,8.58290763533711,4.08187621223491,-0.84100004595489,-1.7993236067191,-1.44155255956092,0.769105120752352,0.887489292806562,0.822252022746451,0.605086975827389,0.0779767143314524,unstable,6
6.235469824081,5.84056152906775,3.85631206843035,9.60015384699366,5.17493439209859,-1.938964842778,-1.6452192565846,-1.59075029273599,0.648965379726709,0.159545649134598,0.640387148059908,0.441350833951876,0.0294616799202938,unstable,6
0.968127857311303,8.70153441215694,3.3811199560872,7.93771929220478,5.09817559517257,-1.69999071556521,-1.71712535786774,-1.68105952173962,0.116497418884117,0.551215335630993,0.335878243417479,0.113494182887161,-0.025170423746884,stable,6
1.74254793406125,0.985036547374795,4.38604424887464,4.5739105341142,5.58198542563509,-1.78686432729564,-1.82997019566043,-1.96515090267902,0.307148597750282,0.472202907434913,0.355441102506333,0.686544160625923,-0.0170839496275998,stable,6
0.795693624795508,2.93392903036595,9.70202050764051,8.04237834500864,4.12237232472222,-0.653963266455522,-1.64390632853359,-1.82450272973311,0.688488033944222,0.675718967818022,0.691426841094465,0.695153773242285,0.0058471219586148,unstable,6
3.52895112814361,4.36450895962785,7.31219808888882,7.45362919553572,4.19946418234877,-1.51328656023935,-1.29164460505719,-1.39453301705223,0.701372261586952,0.369554957111156,0.116643120979937,0.521880614328096,0.0115412537224266,unstable,6
5.71574552643682,2.30037306652365,1.43174174227131,5.93343466118994,5.1176565700666,-1.57982337137085,-1.81723778711625,-1.7205954115795,0.767651134187951,0.606204692339931,0.435943417323483,0.427658007624674,0.0114113392393522,unstable,6
7.76441689534461,1.21388954934825,6.49874065211709,9.95220116726513,4.37767046757467,-1.746072623059,-0.685029722678079,-1.94656812183759,0.68575577568031,0.821529786591852,0.774511067716724,0.799456194901315,0.0454065501839382,unstable,6
7.03808787071612,9.64695782500958,5.69168776719532,9.19502538223094,4.11094162970481,-1.04887286357244,-1.91606086157885,-1.14600790455352,0.82408198487508,0.829647866838782,0.727651127108336,0.105279138575392,0.0706455596581169,unstable,6
6.85447251431182,0.932077051822108,9.46063281500294,6.05148563730666,5.02665584418256,-1.47812943205824,-1.97275152938125,-1.57577488274307,0.338714004136246,0.850079630394446,0.808049870393668,0.405709569213239,0.0066031827076523,unstable,6
2.47850909863295,3.68087519064384,3.48071562276445,7.71043429074261,4.07672645617592,-0.972945565245603,-1.46164325492186,-1.64213763600846,0.264809567672191,0.486161637030591,0.283572760972341,0.679805847189639,0.0003745793862798,unstable,6
5.58469062947638,0.603426593560225,4.17826383414733,4.59915495254113,4.75743036202986,-0.879499638209294,-1.98292055491408,-1.89501016890649,0.3432331914507,0.742048381666583,0.101959352285694,0.198460414089144,-0.038916389230591,stable,6
5.97262871719893,3.23394672605254,4.32669295017424,7.84251354283096,4.56969667842334,-1.82513867093204,-1.03410581894267,-1.71045218854863,0.66420146180182,0.586002096101344,0.406915968302913,0.912210836006844,0.0623937114238844,unstable,6
6.66315851395816,2.78620516399244,1.75835729821824,5.39283879727842,4.4770618774825,-1.62263086089493,-1.71804737553464,-1.13638364105293,0.173580398608812,0.326232330183116,0.6277594971308,0.672864290774614,-0.0187883838563241,stable,6
2.19465072459827,5.4815881808822,8.5508424243675,9.79561768933154,4.29668585242924,-1.13614279203919,-1.17260274645794,-1.98794031393211,0.389626542417611,0.487372325751896,0.613148762308316,0.202879375645368,0.0117818260587558,unstable,6
2.01660024519376,2.60427721672384,7.41556304881868,8.4077750555435,4.5918853438967,-1.67844869264759,-1.34867621772595,-1.56476043352316,0.67612321539808,0.829185827582319,0.48896682302192,0.753930266917002,0.0169960095465622,unstable,6
6.53482034380051,1.0086507761392,8.21709187212617,6.90231002571464,4.55743912115177,-1.51188952971007,-1.85355292655586,-1.19199666488584,0.367526470796992,0.947166359870236,0.676569737668722,0.574343506836835,0.0158522307199176,unstable,6
3.33126105383746,9.49659693426127,7.17675333213634,9.51011178809057,5.09450036707828,-1.89738822158898,-1.48084241749594,-1.71626972799336,0.405065109849056,0.516736746677969,0.213359377780376,0.273029191751472,0.0089479044002448,unstable,6
5.92179637197613,4.13559496318094,5.71779079898761,9.28372618158733,4.85458916252225,-1.42579372557474,-1.6176556190827,-1.81113981786481,0.155542840994118,0.14543382997776,0.88134269558694,0.640753625033211,0.0369555446390994,unstable,6
3.9573460640683,7.15872297865266,2.88305715045985,9.27870044781806,4.89525882706804,-1.98558079927402,-1.24968857811714,-1.65998944967688,0.837010535639827,0.809725435211527,0.199408993405283,0.299581726980815,0.0370360644073791,unstable,6
9.45748274468004,7.31264580961115,9.9131528606389,7.51404108156052,5.08215554099811,-1.94063816760584,-1.44984715082227,-1.69167022257,0.0606650140505168,0.491509001493098,0.292703779333543,0.58884972476785,0.0290723989255641,unstable,6
4.91209574689859,1.14762699816951,7.29548015295939,7.10300869703108,4.59405795315381,-1.95232056187274,-1.1510481180566,-1.49068927322447,0.330385329460838,0.276396711487852,0.564129047141277,0.911949478590665,0.0400608403124684,unstable,6
9.67763003451104,4.59073563467379,0.717889641347795,9.4377880074017,4.44704710859233,-1.58069410413069,-0.901569018728461,-1.96478398573318,0.581432810071763,0.319448057863519,0.464740715922441,0.578571167369124,0.0097826906196107,unstable,6
8.25582861284938,4.83625359603599,5.97309283030051,6.1145696713423,4.30162874929108,-1.4923099882305,-1.24367641231274,-1.56564234874784,0.390384427818584,0.223690325036318,0.562275697993469,0.801128522066408,0.0513051889643216,unstable,6
4.80436847938845,8.85773317681984,3.62912152106579,5.54525578159168,4.64070107540024,-1.62746001016818,-1.854077862945,-1.15916320228706,0.132746010662884,0.0803819536239898,0.694958729683012,0.752923418452149,0.0122080110886775,unstable,6
5.89634561537262,9.44227198002443,9.22831509345324,8.08320400391312,4.65651121257828,-0.958641868893895,-1.70369193101745,-1.99417741266693,0.227594488843984,0.66927129936792,0.539855864654421,0.294459617745521,0.0455024477932984,unstable,6
8.4317295341861,4.79343904408138,8.04927554908104,8.97289854184329,4.24583601750609,-1.93866030588575,-0.588655609008355,-1.71852010261198,0.263219649847428,0.995002413275634,0.596900532512387,0.22585137947066,0.0481555594794551,unstable,6
6.7945945712976,2.80189692686367,2.3931595883806,6.79343121356535,5.26114277138142,-1.99080655642903,-1.96843173692925,-1.30190447802314,0.521520093885085,0.0548641714480775,0.895405420161878,0.557651008490761,0.0122448378856315,unstable,6
1.0458570534163,6.08291859534639,4.84820475996837,4.14229422658242,5.55369758384081,-1.95868690581131,-1.64747046507954,-1.94754021294996,0.173833322868706,0.297703169496411,0.464838660061215,0.613782402030912,-0.0050226167761669,stable,6
5.74620035717421,7.65449076970089,9.53786177110806,7.04128143159137,4.85661274257075,-1.43474712754771,-1.49135435860802,-1.93051125641502,0.14047692635353,0.948798110531778,0.134467267986739,0.960825974751443,0.065434370489905,unstable,6
8.92544027708486,8.17989195025037,3.98661108375262,5.44446277778285,4.74957910171622,-1.43806614913335,-1.75107805243125,-1.56043490015162,0.0782348719611822,0.935022394302767,0.050789456828644,0.595142299029076,0.0342847460603004,unstable,6
7.86790433538995,0.744259504924645,9.76765641240936,9.15249374644912,5.39802673317263,-1.82222483045298,-1.89508778784408,-1.68071411487557,0.707598885319781,0.755165555421724,0.884461754354189,0.977310233857807,0.0560377052836169,unstable,6
4.94095378971995,9.47241029045297,1.53835476021308,6.31003999338733,4.40765851008805,-1.53904007781242,-1.77013881370639,-1.09847961856924,0.624956331233968,0.0986723503946955,0.111776865776636,0.32211549137039,-0.0243745879202766,stable,6
5.80898274839008,5.12003195271075,6.32230878420408,7.84467125456796,4.19863675449545,-1.23099240885674,-1.7872408835154,-1.18040346212331,0.121952770721551,0.614597402025106,0.232958312095685,0.584953539331393,0.025671428190324,unstable,6
7.19677875088239,3.8942404061445,4.58001831836232,8.47329761931247,4.23233863596838,-1.56253840901264,-1.04901084614575,-1.62078938080999,0.716954246634698,0.64519365689963,0.635645814791917,0.69952515292901,0.0691457328760742,unstable,6
2.09022312825405,6.31742139195843,1.93983753801772,9.56883517783807,5.69267369703638,-1.87757754803482,-1.99872038919972,-1.81637575980184,0.284375864291971,0.232956480154357,0.852497428528643,0.616221679927691,-0.0306531417018439,stable,6
9.45049685896742,3.48695190713124,5.0797401832986,9.3441381212934,4.67491136399712,-1.46867557821007,-1.90456962936416,-1.30166615642289,0.46269102271447,0.0552315696519334,0.805206941919891,0.493101224472524,0.0341034672817077,unstable,6
9.30168037562411,7.28046148633399,1.60578867739154,6.69513292623238,5.38618462616917,-1.9923442461232,-1.84818807135185,-1.54565230869412,0.0827260066222714,0.45767101152093,0.905977073136983,0.793166605687656,0.0105009825385389,unstable,6
2.8882895987581,0.989692898013815,1.53936599767273,8.36139172033639,4.28233069989122,-1.11143341043015,-1.62181859867327,-1.5490786907878,0.677126055213935,0.760958705180491,0.28812028760762,0.675674624031434,-0.0524529589461264,stable,6
3.29303827570983,3.00114660336078,6.9280274562292,8.00179936554053,4.15749194803471,-0.694437183702981,-1.59981011270419,-1.86324465162754,0.332766509368798,0.281961036752624,0.628439943769436,0.972994151821433,0.0482635604762087,unstable,6
9.47394069221785,4.31265701533253,1.87858134989175,7.31043089100543,4.67810825060309,-1.23165223571531,-1.51626656097288,-1.9301894539149,0.326240063131669,0.795464789766164,0.427559533227673,0.333262619421831,2.49373310694044e-05,unstable,6
3.97618649659409,1.7478944475874,4.40763678618595,9.49411389090937,4.11953706436942,-0.642847970766935,-1.5927793999759,-1.88390969362659,0.618458116868173,0.848045068045184,0.852228110232778,0.796402574321328,0.0237511787379082,unstable,6
5.08684461032726,5.59952383339078,7.43269694650345,6.52110567132907,4.46228924272143,-1.2473286091455,-1.50196378368386,-1.71299684989207,0.889614114862881,0.474269945711079,0.720789899299483,0.610416374119314,0.083538847332445,unstable,6
1.5941336855259,4.58967870706768,7.66189262466893,6.65064554096615,5.19170195047046,-1.2979109020245,-1.92373446796756,-1.9700565804784,0.904758841313384,0.269999328624342,0.640679787758207,0.670335948815532,0.0214573639180809,unstable,6
9.15503905624392,2.06966859182237,1.35109549401364,9.49167605481647,5.12235494045595,-1.55278691593783,-1.91062099862961,-1.65894702588851,0.531197160395784,0.96953127447174,0.609963035913678,0.746300677632931,-0.0079930695374614,stable,6
0.539027046542417,2.90666808282125,2.56267542122073,9.13128269376213,4.67892691210503,-1.90143566884125,-1.44474651279921,-1.33274473046457,0.181225456129176,0.925095417843437,0.495396835458098,0.0885720177043497,-0.0309414867343676,stable,6
4.93201029410883,7.90937920667073,3.96216054371817,7.40399738461212,4.60865020942274,-1.89103394449494,-1.70883519466504,-1.00878107026276,0.185920802023702,0.340348979716453,0.975136579643372,0.0801978085480561,0.0030576590922017,unstable,6
8.17955384964399,1.98642344213015,4.43146221862781,5.8828336736789,4.2958900844295,-1.09118500197796,-1.47375762412085,-1.73094745833069,0.358705372355564,0.54167650983508,0.675615408002437,0.297584745817791,0.001509852392673,unstable,6
7.36370972717036,9.28086076665427,5.21205988666262,7.18150895406791,4.66503702887515,-1.37798783506759,-1.95882620552195,-1.32822298828561,0.168739106438118,0.471335845627437,0.494392347048462,0.139392796253068,0.0089544777902954,unstable,6
1.95313593543868,9.69242206475116,6.57039095862801,7.73764413445439,5.12895219385475,-1.86024761523566,-1.38068690550126,-1.88801767311783,0.487235135690853,0.934229141381956,0.433606401813627,0.328522463167238,0.0356289657352586,unstable,6
8.20235342311021,4.45951630685728,4.1875480909823,9.75927367519144,5.16351619937944,-1.33086189690819,-1.8400324504259,-1.99262185204535,0.834859880978159,0.18113954030049,0.972900599959176,0.588389712313908,0.0582698933451659,unstable,6
4.55293811652129,6.78090475397403,1.8211624990797,8.20375445345734,4.45057267991452,-1.01088836743273,-1.83417324157192,-1.60551107090987,0.290304266029119,0.955867755108557,0.297176584503085,0.699820920697105,0.0485577118857589,unstable,6
7.12874659838402,0.528612234775629,9.82597222206474,6.22396271087797,4.17765564183622,-1.58546797066499,-1.04480662456184,-1.54738104660939,0.767066727061828,0.208829072217221,0.34340158162421,0.521069166666798,0.0284713167956695,unstable,6
5.96340749865822,3.3141533981043,6.03439378880004,8.44766546494177,4.49025640330477,-1.57927518473876,-1.27372604811272,-1.63725517045329,0.332602331688411,0.207630062476356,0.37426665669322,0.551161590499983,0.0161566746702142,unstable,6
1.73485678698549,2.38584568409598,6.24760622910616,8.75692191560985,4.81783502409129,-1.6972095480901,-1.65028849350418,-1.47033698249701,0.137699410182137,0.735642344155356,0.695541933488433,0.219733069300584,-0.0118445213942044,stable,6
8.95379510033417,8.99280611031785,8.96186499985504,6.61726804742008,4.7610702667996,-1.74483532685468,-1.65889117375747,-1.35734376618745,0.991003931680858,0.778814482848966,0.105864986183835,0.632383926605535,0.0759594078164166,unstable,6
7.9215893041149,9.76982012551813,5.07603248652366,9.83117737357533,4.94130885035985,-1.66614764934302,-1.825643049319,-1.44951815169783,0.339093081088249,0.59021635919411,0.606484335549891,0.456516629128727,0.0479201488734515,unstable,6
0.954894619376003,9.84113947081906,0.501657673614216,7.90353890563918,5.14831204190093,-1.77455464217783,-1.96345371602878,-1.41030368369432,0.827995852056168,0.690894853855431,0.950129788274237,0.724479317733255,-0.0219898547804118,stable,6
7.27177402251685,7.14236798135433,4.08266124919618,7.77686831610937,4.65000848653601,-1.40956272092095,-1.58101864328354,-1.65942712233152,0.826121262035526,0.313091428942283,0.936612602398668,0.694005367690468,0.0771916632529637,unstable,6
2.62114808552425,9.21191660050437,5.63453002725501,8.2728881384103,5.50719856298749,-1.84792449252264,-1.77580640207465,-1.8834676683902,0.265934201116975,0.462955313615451,0.275873478584765,0.383458122963617,0.0071516091025035,unstable,6
5.34256256512314,7.48397482656289,6.17037102117619,9.23592418940953,4.96401161910963,-1.37101862786835,-1.95297161164128,-1.6400213796,0.656734440084756,0.6891958967168,0.971194203665544,0.406608502610836,0.081911114035634,unstable,6
7.56123013876183,1.86812675264108,9.25642440020752,8.81982860352071,4.53296738823718,-1.26813138744865,-1.64613514941764,-1.61870085137089,0.216778182885232,0.129382884696623,0.854357514668609,0.832710877195045,0.053554692153577,unstable,6
1.77212902669149,0.511317046854517,8.39291008004039,4.51841772407873,4.70098314905655,-1.60946868181562,-1.70886319636477,-1.38265127087616,0.120658134620413,0.616086096417134,0.695755540728357,0.584744418337415,-0.0242661253098682,stable,6
6.36825311116915,9.88424495287811,9.1293936422781,8.44273130987382,4.24788480733927,-0.582663944452559,-1.95193577033828,-1.71328509254843,0.135608334892727,0.392424034859254,0.26453506548727,0.866099776874972,0.0432720709867108,unstable,6
3.70273254082326,4.98283967752448,9.70630303644806,8.65210817911638,4.37616195559445,-0.773988088064082,-1.83024891200468,-1.77192495552569,0.405560342865542,0.238787828592319,0.338545535757809,0.276557875647505,-0.0081543224436428,stable,6
8.69398559137552,2.91145532887122,8.21580146189007,8.98673245100021,4.57504449115252,-1.25764232663552,-1.51509735822552,-1.80230480629148,0.546484790234754,0.866088118529551,0.188789746683885,0.397385467088716,0.0190351561177588,unstable,6
4.84352334956476,9.08433853994795,5.11343980916279,6.10217651246722,5.08993061231096,-1.80514899428404,-1.33640408075862,-1.9483775372683,0.116329032764672,0.533667430276294,0.477128346949089,0.90338776792546,0.0492702558965497,unstable,6
3.81869209077368,4.7525691550354,2.3692929892264,5.73091232936834,4.51951473112089,-1.26004564121879,-1.64494997446956,-1.61451911543254,0.15605204300153,0.332689038051427,0.800536241409838,0.326673329834348,-0.0129813355844238,stable,6
1.40799164826483,1.13327693307989,5.27231330390775,9.89929650498023,4.61257159431764,-1.91785749522469,-1.64574448072941,-1.04896961836354,0.658552554948354,0.912396341239566,0.452154385320209,0.663683705796673,-0.031763512998788,stable,6
2.95315833285528,3.35346403280419,9.02800747892254,6.62922545288584,4.67528549039658,-1.63828965817193,-1.8332526146203,-1.20374321760435,0.120480501397442,0.369119626845675,0.827717262169881,0.222036988743255,0.0119249541799969,unstable,6
1.79042703953988,4.39276932276607,7.67382867389355,8.87734798413363,4.66981160274037,-0.978273569609853,-1.71289466294707,-1.97864337018345,0.577385469786241,0.739071015974869,0.133443229985314,0.737422916790554,0.0121110323762433,unstable,6
2.06739719230452,1.38750305777064,5.96805117573602,9.99050132592764,3.84162669891097,-1.20991334151339,-1.31333511775112,-1.31837823964646,0.602613414120609,0.757962963053468,0.696890499891833,0.252082046699943,-0.0438748073977463,stable,6
4.93525871730816,7.77712404918016,4.09128996856287,6.21150864505286,4.48837952690979,-1.45613905320008,-1.08524512818985,-1.94699534551986,0.331425545214477,0.241218724369701,0.0927983929812082,0.464227379158798,-0.0100847897767843,stable,6
3.04008234497759,1.26413560759872,5.77854549524349,6.01055675284154,4.6451836111758,-1.23959288336709,-1.80126895845336,-1.60432176935535,0.889409007766673,0.546466440935257,0.26520514128572,0.348783792033141,-0.0152017792539617,stable,6
8.52266106576491,9.39952105261476,6.80540703629447,7.45867698342078,4.58867811681766,-1.55443953452241,-1.78238282311572,-1.25185575917953,0.585617803779987,0.201736163919173,0.362355632392262,0.149549888363569,0.0216944152885463,unstable,6
5.31617190047655,4.30257400364872,4.10685381018061,7.48905817322624,4.61202163590565,-1.93174967018716,-1.1727713236099,-1.50750064210859,0.414754955641184,0.601359489396687,0.370233244638536,0.111653502801583,0.0039586338686509,unstable,6
6.22906759952446,4.16865668805349,3.47826367038866,8.37199662624918,5.62924867536729,-1.92091008591218,-1.98056959260167,-1.72776899685344,0.275896075276602,0.374763539701092,0.231089794385472,0.9024502484301,0.0297521424036009,unstable,6
7.7475558608094,9.43837892461483,2.62431632544706,6.85683369111732,4.41559460478632,-0.867171544022427,-1.97662706250981,-1.57179599825408,0.35878369892804,0.575805950602371,0.360658821581263,0.668463089545806,0.0382404516578457,unstable,6
4.52777740486278,2.16871174075007,6.88259242675398,8.53166527750888,4.73282076659369,-1.6570196865087,-1.2971326074316,-1.77866847265339,0.928787507588106,0.946044135668017,0.881591189840077,0.101960305438879,0.0517263777001922,unstable,6
4.46100544984405,7.96414170258661,2.80208138178266,7.94304852639772,4.83741540565883,-1.34741209840829,-1.91462016538826,-1.57538314186228,0.538625929437365,0.747895113089622,0.205058818558612,0.245499625362018,0.024789675478496,unstable,6
8.5113842774981,2.28405072897391,9.47462631066961,7.16510793517411,4.60642668655944,-1.62831239794029,-1.06543760802456,-1.91267668059459,0.0859116967874824,0.386246194910726,0.42992733976425,0.452490929015404,-0.0041044894147431,stable,6
9.43766455684421,5.93233757576745,9.93065900062312,9.92886364128268,5.45879351510917,-1.92508773404518,-1.84194017575869,-1.6917656053053,0.524537390127012,0.587372416736117,0.595948914149251,0.372208272997552,0.0561371453421285,unstable,6
1.47993916262224,2.81316423566876,9.57070680929339,6.20780038795989,4.49428902036238,-1.8071324150613,-1.87309106020591,-0.814065545095166,0.908270195947574,0.260186961262333,0.203195102681217,0.883668398428882,-0.0162905695237154,stable,6
1.58765057522543,8.13558487839095,9.10329966813612,9.53331756465998,4.20236773148587,-1.69106825617035,-1.61447665741531,-0.896822817900206,0.806389611872056,0.586692547598783,0.144812271083245,0.58563944122811,0.0084708409272896,unstable,6
4.27921330523891,1.46850968632444,6.62341176644319,6.0506315162802,4.55462038953246,-1.99311308952987,-1.1067110471437,-1.45479625285889,0.24348809576289,0.905472853314949,0.49331311498782,0.773545597128107,0.0189215042661603,unstable,6
4.8654768321206,1.79955728840602,4.28206270729618,9.82959778931685,4.60722315273651,-1.51873283120082,-1.87260800814102,-1.21588231339467,0.777934299172479,0.475464340120608,0.639301750748757,0.212754081080514,0.0102869613390439,unstable,6
1.54236730470309,0.500141360493773,4.62098068409628,7.83251093342854,4.30106270984654,-0.935157840881567,-1.66852236588472,-1.69738250308025,0.341016471110512,0.312485861995644,0.15728583667792,0.109734505785031,-0.0401550835031756,stable,6
1.27055856527238,8.83771224084782,5.0090725355365,7.69258793446068,4.2136174389741,-1.32252457453012,-1.65357342761133,-1.23751943683265,0.549016799319679,0.63080458306973,0.637917129458236,0.984425949068655,0.0511161394134209,unstable,6
8.76573024308161,5.96408959076873,5.31944733126321,6.23714316247088,4.50784095730016,-1.91096173589856,-0.819241686537745,-1.77763753486385,0.755215163749885,0.215432439586986,0.234794901020366,0.182866288198606,0.0202658877174538,unstable,6
3.24339856994145,7.55447614014149,4.53560340835544,9.98893173399831,4.7748598633523,-1.84643646134376,-1.75151147797846,-1.17691192403008,0.480988835270751,0.612301676246165,0.45899247598627,0.843279495975534,0.0468437552741066,unstable,6
4.40421008509628,0.870283776974923,2.37221378426225,8.22442667436755,4.28367752624609,-1.26294843477739,-1.69344194597382,-1.32728714549488,0.924530545106111,0.868829744528244,0.640877338650139,0.697194059460933,-0.001906223231567,stable,6
6.19160885385597,6.83335907213885,8.22782967059116,9.9166233154108,5.11621072787336,-1.77740860352034,-1.85614964568152,-1.4826524786715,0.852012270679348,0.0681944359620335,0.209081712267023,0.138417080207745,0.0104129196305912,unstable,6
4.31337492183277,6.67674745397131,8.73828217227454,5.008489244503,5.45404256833188,-1.60087803415128,-1.93195353088208,-1.92121100329852,0.382817680527827,0.427314020329727,0.408504201009711,0.559357719790821,0.0311468610472521,unstable,6
8.94226566996886,3.23540974957272,8.13719029531978,7.04586434639717,4.24752646895297,-0.663566199005966,-1.98684940017399,-1.59711086977301,0.812862076084304,0.929569005901619,0.0701454509855912,0.773975371331645,0.0532709562973023,unstable,6
1.84627222182654,8.9311318427344,5.519827841672,9.61790827923392,4.46841581492072,-1.09400610446342,-1.65254619633419,-1.72186351412311,0.283937019767141,0.549611871002323,0.286226636525206,0.0724006430983893,-0.0167960167027438,stable,6
9.29768148010656,6.44330141020431,3.09067938608184,8.83325524358515,5.04491309296499,-1.9147780589371,-1.51843806575016,-1.61169696827773,0.799418685543741,0.220402621855619,0.912998034295457,0.448030848271197,0.0383798457670377,unstable,6
4.89470131565429,1.53307002908998,8.09559054433155,5.62003857168678,4.44189078131975,-1.79995471040343,-0.781612839739956,-1.86032323117636,0.92808516608617,0.839692210249667,0.582452104692864,0.844908516876138,0.0606115615998421,unstable,6
2.0951111780936,1.59982368899593,4.15206287811435,8.85603763770361,4.08330641066744,-1.23986597189184,-0.913964879755094,-1.92947555902051,0.886785187658024,0.0662531820168183,0.909934099229779,0.647545894001583,0.0014139844256659,unstable,6
2.06115226984866,4.2214777747548,6.3960637202871,6.80762801891537,4.76419151538372,-1.8551380541016,-1.28173014610099,-1.62732331518113,0.4944615111581,0.533994117325583,0.54186096258436,0.993892426825903,0.0562746152791298,unstable,6
3.17815227999046,2.59144622146132,7.7838886877769,8.34744898422355,4.55131342215019,-0.837797396014258,-1.84581109661473,-1.8677049295212,0.204965150598016,0.560466456696945,0.230187201483744,0.906609598786383,0.017087332900906,unstable,6
6.77229366817778,1.6179487657354,4.65873978343336,9.10118920234931,4.57417332027573,-1.87463576255172,-1.12242622491457,-1.57711133280944,0.145330259953723,0.547996637152082,0.422715710372833,0.168165022667149,-0.0289206924703914,stable,6
7.72707350901957,8.74548621229754,5.57727336364937,6.23885370874145,5.15856187895481,-1.90573227222444,-1.54753811670009,-1.70529149003028,0.778536576815288,0.709264130911865,0.0911622818371817,0.928945467339474,0.0760493437953222,unstable,6
2.52575369464665,4.42927067338317,4.07860470711715,9.02873415287563,4.3652788631442,-0.663099340961955,-1.99361768768959,-1.70856183449266,0.876140371706195,0.634250689254712,0.152911240594173,0.450362629977777,-0.0036495231783546,stable,6
6.31633310920763,8.64301564709769,7.00533865292594,7.06958999357509,5.2265927673232,-1.56282499291855,-1.87743378992862,-1.78633398447603,0.264312497341915,0.34673142773263,0.505202413447581,0.429108981986829,0.0337773784429475,unstable,6
1.5606660205387,3.83233657491175,5.11508490137158,9.30850072439708,4.66856923873188,-1.84927939052108,-1.77959479514041,-1.03969505307039,0.617487191152863,0.163460814293118,0.216133669613968,0.781890997164628,-0.0135745542994731,stable,6
1.04041711704453,2.95255476317551,2.96425933678729,6.00845620624901,5.02224159331665,-1.88113518748089,-1.88379543655624,-1.25731096927952,0.610826467827654,0.993486066041659,0.444982213457286,0.361158709765687,-0.0086509121432038,stable,6
9.43219763102461,5.47420883910287,8.46063469362108,6.76353043334328,5.17465718726479,-1.42766282348891,-1.89711853270276,-1.84987583107312,0.529055307895108,0.280436301701,0.705255627209252,0.843197750702072,0.0689296867236764,unstable,6
6.07482937354854,4.91281008565783,2.96460443775632,7.67157150981871,5.02958003841013,-1.20524983762942,-1.85095860834094,-1.97337159243977,0.669222869440388,0.359172469992696,0.801895818513888,0.813801146706619,0.0611913707527539,unstable,6
4.58497765396612,6.98454775174008,2.87484128312401,9.47344191289998,5.68881002237868,-1.99663603068222,-1.83317928207309,-1.85899470962337,0.316776021368018,0.213951388421798,0.292777307893954,0.790090282675736,0.0153535223555069,unstable,6
1.38964976417572,6.7988253250438,9.80541072596788,6.29601510594419,4.25365762172296,-1.05211202170489,-1.57605080651522,-1.62549479350285,0.40680604410128,0.912792235810019,0.320701967486639,0.216012757903584,0.0166739445534874,unstable,6
2.43979664450425,7.52411259629549,2.32314781442782,9.0801706800761,5.39313914144818,-1.64755032155885,-1.98081801701228,-1.76477080287705,0.117950120595321,0.745093620617527,0.543976475457243,0.494034159094443,0.0163929385468596,unstable,6
9.14701126730131,6.70809354030581,0.532049732375017,8.57483610233067,4.57796553604194,-1.55581976951583,-1.32199069167294,-1.70015507485317,0.176785515393534,0.921268862600962,0.570739192979365,0.07229174986511,-0.0115051408239588,stable,6
5.6603632995309,2.23576147658227,9.92341102339462,5.76017537134264,5.14766112858101,-1.49919133998489,-1.96107159850313,-1.68739819009299,0.791279912606685,0.433233953004453,0.846125847268705,0.142161285157629,0.0331596167677069,unstable,6
2.12645294729198,8.01344900469338,4.85344519600044,5.23823056622982,5.11509350702042,-1.62907244388789,-1.91856499720056,-1.56745606593197,0.113632286611589,0.145900428745479,0.582896917986668,0.138097142310707,-0.0271487701624077,stable,6
6.29190856764778,1.14589447298723,7.44513607590409,9.6126005047911,4.59612187345316,-1.53385581277936,-1.4474509243993,-1.6148151362745,0.689539574435578,0.438528494178487,0.892140921044935,0.406183486473229,0.0447868234806052,unstable,6
5.10507072065853,8.13298303691715,9.83958887682494,7.65320067310211,4.33864723986851,-0.512026360262721,-1.9573544527315,-1.86926642687429,0.617316719654534,0.497058682323568,0.775850731302272,0.526305601640479,0.0665072947678487,unstable,6
9.12301331430404,5.16787646355166,4.22137222920881,8.05249187658104,4.69787269538624,-1.93624210383839,-1.18658772794118,-1.57504286360667,0.0984365962028829,0.864584774599836,0.178290701396257,0.486213084976404,0.0232244681187618,unstable,6
2.02937599687517,7.12830170096396,8.86876670477209,7.205338112541,5.2778361735422,-1.88173308518548,-1.42461750388704,-1.97148558446968,0.775333850325762,0.360225783268906,0.735227739893183,0.940299815598653,0.0533634758821768,unstable,6
5.6837524622313,2.93853620709417,3.9595675590782,7.4382408438806,5.51955517268153,-1.90975986709733,-1.76970423670781,-1.84009106887639,0.458647017080283,0.285839688080041,0.384711897696017,0.911859246078655,0.0404973150242969,unstable,6
8.72218133696618,6.97821394208609,1.67142758637634,9.58989877508304,4.82514215399074,-1.8601603832224,-1.50155047124792,-1.46343129952042,0.609075709596346,0.859939530894167,0.578640750332772,0.238407458463286,0.0344698172637645,unstable,6
9.44445458067869,9.85428079789954,1.82432195208037,7.80790677051462,4.77143156886356,-1.84226361924043,-1.0539787573321,-1.87518919229103,0.500718391966451,0.080914564451488,0.0584550477974187,0.863566283201998,0.0308966553308659,unstable,6
4.74749471511057,6.46398628007132,9.71859233346535,7.7387808560088,4.26156997871477,-1.42249010930435,-1.55770160066962,-1.2813782687408,0.487021555786739,0.708358010520517,0.551774199648146,0.137455745523021,0.0405432424614149,unstable,6
8.59169663595173,3.83015905472453,3.09616684375727,8.14468766471317,4.30287183610591,-0.747058750648866,-1.8292665745624,-1.72654651089464,0.302414954542718,0.708803381443728,0.865145031003064,0.598159405652988,0.0335869123704399,unstable,6
1.28311857126941,6.208466277513,8.97756311098338,7.00914903615331,4.91625573575115,-1.86040993686246,-1.6155036308349,-1.44034216805379,0.933971161070757,0.637524544736918,0.682290176040983,0.206419381793108,0.0085408515338081,unstable,6
0.938377961596858,4.21960060141182,9.798678391917,4.66593015826476,4.36822740011882,-1.26678118363771,-1.31823562011106,-1.78321059637005,0.800875970896473,0.766096825297935,0.593409220428341,0.165527033816554,-0.0293107050647362,stable,6
1.7125885393035,5.9085055384641,3.8580421860835,6.88867965889751,4.71181119895783,-1.45717889755006,-1.46177338087879,-1.79285892052898,0.685386826107077,0.861231861963248,0.324044806757489,0.335645049435396,0.0195362579646672,unstable,6
6.48625219268838,9.17485441284475,3.781900950495,9.53834942711704,4.68702723424011,-1.53824448349375,-1.59850957361648,-1.55027317712988,0.695814874116669,0.0840223090575309,0.823919765060421,0.289488971088977,0.0254924914133607,unstable,6
7.70709379295034,4.51919417167899,1.45487840694917,8.65113930345804,4.15625021801179,-1.57213189323928,-1.17249686716732,-1.41162145760519,0.846281721539885,0.39588764255856,0.943633150790723,0.777167427828418,0.0362614130287282,unstable,6
3.64167870111888,5.39851851459014,6.64739745192009,5.29283214340731,5.13020583473152,-1.79872601700405,-1.68028353126009,-1.65119628646738,0.889971627775579,0.991510762152963,0.351294570423182,0.992506665948376,0.101233388997854,unstable,6
2.87125942011439,3.5332230929833,6.70290160055997,8.50522637779841,5.34480761996632,-1.62041055749455,-1.8508375831323,-1.87355947933947,0.706230476131325,0.933367776741827,0.935507178822621,0.136908141795051,0.0526141726560314,unstable,6
4.36681967202697,1.95048622967146,9.21505112321989,7.60605625757305,4.11283574719976,-1.08465396353513,-1.52949230482503,-1.4986894788396,0.58162508285102,0.235262951304425,0.146291580136294,0.572954057979491,-0.0002136998821034,stable,6
7.35416703401714,5.10391764081189,7.46538130959329,9.09434112855019,4.11441633086328,-1.55056990761498,-1.24809433007381,-1.31575209317449,0.732819902306444,0.185751866082052,0.544551238188185,0.299879911617633,0.0449229982129084,unstable,6
5.64813147627154,2.22120436830806,1.9435043525503,5.70635672864616,5.06870612812102,-1.45838827981225,-1.91177390576726,-1.69854394254151,0.367611351068446,0.0623782931257656,0.697917924897911,0.870492911037836,0.0113577320843577,unstable,6
8.1456602199517,6.84925940783172,2.85631601207777,7.64228949200377,4.20779970124676,-0.967993613178656,-1.82666037252089,-1.41314571554721,0.952990838348184,0.0922244240133383,0.158191532663745,0.309943749400666,0.0273596429925178,unstable,6
2.44789152854119,7.60029083213446,6.10682478766342,7.13461190209679,5.10474186668512,-1.90740749464101,-1.47655958764059,-1.72077478440352,0.0624741415726696,0.153969254786511,0.323729573491804,0.801617805926006,0.0154667014585203,unstable,6
6.49170044048278,6.4536405602957,8.89968615011423,7.80163959046557,4.58287766112818,-1.7587898175588,-1.15699153352074,-1.66709631004864,0.342237707227033,0.0546106377928937,0.500269388060524,0.722794206078904,0.0392867657396997,unstable,6
6.26611239827954,8.4292719189667,7.59690054626687,9.36973888307851,4.30009752727709,-0.86883124357803,-1.80405791849919,-1.62720836519987,0.488470473277593,0.67496075696868,0.669056503867706,0.701012274675568,0.0768934793409216,unstable,6
2.73616532890176,1.97556899153771,2.0356905739114,8.47189561621676,4.77806373588718,-1.26010757839765,-1.9545283181462,-1.56342783934333,0.575674764279283,0.412302439492717,0.906593666971532,0.958519137523398,-0.0116340836377198,stable,6
0.864612605590525,2.93283264173649,5.17482115019971,9.22314936434815,4.68121727889874,-1.83211031024194,-1.78414627111197,-1.06496069754483,0.913660348755951,0.610727497240525,0.761908379173067,0.636924814417161,-0.0146621545885705,stable,6
5.3791913924735,2.34531919617761,7.57042037033642,7.954024527097,4.78690787782733,-1.50536894205649,-1.63846420314653,-1.64307473262431,0.436388163620189,0.383284675463028,0.471560855605936,0.749029825475459,0.0387626803428717,unstable,6
4.23574019481117,4.06768324857291,8.68914464459247,7.2600207573604,4.37774260819542,-1.00946669961021,-1.89938399185676,-1.46889191672845,0.708954840748392,0.989141407483314,0.745421944481215,0.536673637511561,0.07394089879791,unstable,6
4.88792675594135,1.08171232507403,3.19647706925082,5.97668637008681,5.05870880953996,-1.41780850468361,-1.84339396127305,-1.7975063435833,0.404820517589274,0.830682446720779,0.337614220858188,0.54994193922061,-0.01843478940446,stable,6
5.35438226942169,3.42149298566802,3.7753611403262,6.2513037801009,4.69534784674477,-1.02553029757682,-1.77242982340567,-1.89738772576228,0.500091665837646,0.934655451675134,0.320407509123003,0.1880332555028,0.0248916655673823,unstable,6
2.87767324056606,2.60370281234777,5.4718959450786,6.98828606934238,4.39109153953587,-1.18569246738247,-1.28803150765231,-1.91736756450109,0.450886582491281,0.378268820400706,0.883306776586458,0.768577955786003,0.0523198008308665,unstable,6
6.73942834795159,9.01169231804861,3.8294208370849,8.54497496890626,4.33559717947827,-1.45088698550761,-1.63449887066035,-1.25021132331031,0.0951998482318933,0.525746564011329,0.562607587886746,0.756106877980402,0.0398644585103291,unstable,6
3.83676081321808,6.51383581252535,7.67930588605704,7.33460236645897,4.34845537932508,-1.46153186250515,-1.13651896820356,-1.75040454861637,0.724058424181612,0.666138384942821,0.557750166250217,0.0717701535052888,0.0424094055139049,unstable,6
1.3007425681807,8.09738305724594,5.38788891857682,9.02506263492536,4.50438501175343,-1.47635709534317,-1.62331648490726,-1.404711431503,0.889775528204544,0.479761660523025,0.718955749534987,0.682616787118071,0.0248976796300378,unstable,6
2.17491692981098,7.81316180215877,6.24966231208256,5.92687307082816,4.55626099686048,-1.32337820757303,-1.43669568063243,-1.79618710865502,0.78645341869239,0.483546454468334,0.567550784425013,0.0820085399435996,0.0052471044612596,unstable,6
4.55046985287343,8.39818104969932,7.91944621729334,8.24220818594268,4.34381387283312,-1.3513282435333,-1.97902057700951,-1.01346505229031,0.901140359225003,0.828112501503711,0.675833868914809,0.555893508159972,0.0841456788763569,unstable,6
4.35704120252419,8.97656452702177,7.55750553225251,7.23109385649295,4.38770632388966,-1.17610708779958,-1.50727386072283,-1.70432537536725,0.989216187680312,0.664367838489321,0.439252367798799,0.694806448920143,0.0755257603841477,unstable,6
5.49145067414129,7.53760089042928,6.68117106986498,5.81442110413584,5.11932721497074,-1.76366077944713,-1.58875336384706,-1.76691307167655,0.915141701335165,0.9201062179797,0.337523135040899,0.939708716384638,0.0995914291500392,unstable,6
2.92658998009014,0.95373811957211,1.29158684313934,8.09215973975785,4.24918973345227,-1.9703821041194,-1.74902643125623,-0.529781198076636,0.773767564547061,0.240372263579507,0.600524782698685,0.353739977946769,-0.0749232772855294,stable,6
6.66876572478792,8.37916216172894,2.39584155013737,9.90197569343452,4.22307611707288,-1.08834584655742,-1.31536447643527,-1.81936579408019,0.383649127955477,0.834768834321141,0.652424247986641,0.419890654669527,0.0376207039746463,unstable,6
1.11097139093827,4.62283673966299,3.88744484288376,9.4225532916835,4.31632204921856,-0.939987791837193,-1.45141148939449,-1.92492276798688,0.964205614040631,0.667688551370112,0.978217744212172,0.375406395461071,-5.98091727674824e-05,stable,6
4.11555338102398,5.43035528449939,3.98946076773907,7.0196124762308,4.03507026877137,-1.23995787348183,-1.50125619791141,-1.29385619737813,0.330177072992509,0.933458876936496,0.674499702292725,0.685815392810965,0.0742391056996295,unstable,6
8.08633543497509,1.06373477791785,2.43566105421491,8.76710987830964,4.47360388451197,-0.95423880508513,-1.57657225862353,-1.94279282080331,0.279207940016271,0.819749377424056,0.154822018475963,0.371269320233997,-0.0341192012939052,stable,6
4.35012664889193,6.17553055116534,4.70966228039442,9.05142730260541,4.73549918200542,-1.6259015480801,-1.17621068533674,-1.93338694858858,0.32423908883529,0.389369667971235,0.158433970094979,0.524937490970595,0.0094451399351061,unstable,6
4.80698055602608,5.5329747997287,6.3114435156698,6.00049181049018,4.45835029981881,-1.27170470079444,-1.82152304659395,-1.36512255243042,0.547737090575768,0.239199949392474,0.695881372206276,0.184081274393337,0.0312780904199672,unstable,6
6.74349052270513,3.77367942453895,5.11714018906009,8.36090852953548,4.16373965969661,-0.981956235196593,-1.43907030723837,-1.74271311726165,0.357200205495543,0.669878425844333,0.364549553543109,0.539606695657329,0.0330811433065452,unstable,6
3.97311533469928,5.49573103191246,8.48778318892829,8.18966786246286,4.69338971818263,-1.34999947888815,-1.79868300314867,-1.54470723614581,0.744476863196753,0.0514633060219837,0.338680557114469,0.699105764270554,0.0297842416959582,unstable,6
2.29442647027251,7.2178839159478,0.700662374535378,6.25024878229923,4.60091474136005,-1.45865165480907,-1.40594568311162,-1.73631740343936,0.798692590205236,0.606102000963539,0.66150258352023,0.698770945789778,0.0030857599563157,unstable,6
6.96593779526911,6.27490812571445,3.96350911323299,6.35920626125913,5.23431325639772,-1.65035558686424,-1.59997753553012,-1.98398013400336,0.996983745878871,0.740326566916838,0.54533810128224,0.690850369132936,0.0923817584068359,unstable,6
8.29771172382237,0.532191841220786,1.07538245068976,8.40153440512263,4.26927211182038,-1.56502052612469,-1.46462156142829,-1.2396300242674,0.661891399975657,0.503321759984579,0.232873985505103,0.473265203685078,-0.0122255549900586,stable,6
5.84253006297071,7.47778490384838,5.84564265668783,6.25533557242227,4.33420497110974,-1.16484446344669,-1.70262294834675,-1.4667375593163,0.382026925557032,0.65520513905121,0.154224334153807,0.899128001619477,0.060154186393346,unstable,6
4.58404219175673,1.92159190291924,3.02748858347815,7.26470046150878,4.34319251296527,-1.39024023406524,-1.5867882829672,-1.36616399593283,0.265565085912071,0.0925040266886237,0.85746053183534,0.971847971631347,0.0296405275030651,unstable,6
7.15466243081759,6.49043568197816,5.31390673433794,9.07852846775397,5.44408420785607,-1.98775677695052,-1.52438762609606,-1.93193980480949,0.105045328286899,0.560236287784587,0.786871673947712,0.404128083880862,0.0421266572088527,unstable,6
3.86004356574337,5.13330144550094,2.98501029740761,6.47908616974078,4.5318807937871,-1.17902134399938,-1.93494602977734,-1.41791342001038,0.77219479937094,0.0667028795892943,0.76995475696453,0.87981427960745,0.0519009925133942,unstable,6
5.86108166835306,4.49660275794318,2.42670010797045,6.3973686620453,5.51129996250048,-1.80210194671375,-1.71053806009627,-1.99865995569046,0.649376132546307,0.508356836036983,0.11599535248075,0.514466471334229,0.0325906866487955,unstable,6
1.06560049799264,3.35994535829743,4.92381200761349,6.06180632939297,5.08427814488027,-1.94954304980043,-1.2344987985553,-1.90023629652454,0.94533738711265,0.652284332301692,0.348225917065887,0.733574687683692,0.00998389068128,unstable,6
6.80393945718017,1.64224717997968,0.741864758640085,5.6570050677824,4.52720711099077,-1.10879616782486,-1.67311049551249,-1.74530044765342,0.634490132866438,0.348927140458766,0.175576630529133,0.281129100347359,-0.020008722056815,stable,6
6.73776548491656,8.03414787851328,8.46125033335553,6.36789341544558,4.51241629824716,-1.44400722724235,-1.99015023463425,-1.07825883637056,0.917117541152758,0.661901904316699,0.214461282095258,0.231896849381004,0.0585856400241565,unstable,6
6.92540258674197,0.570035787900758,9.74905215144056,7.19450481878195,4.73013605798332,-1.87694588296515,-1.62750878474849,-1.22568139026968,0.726849127908435,0.727628679935316,0.266111695410601,0.722494900744497,0.0187577725613347,unstable,6
1.29067371952767,1.44990792192311,8.34769130558989,6.61569088984857,4.57108898046326,-1.66234601673636,-1.87322699640179,-1.03551596732511,0.34020294813824,0.387134829558069,0.898851125445532,0.280083794379425,-0.0028304873464078,stable,6
1.55530455715439,4.97665734375021,5.41216973425428,9.16090227067092,4.38571054581362,-0.960752037551685,-1.56178572699662,-1.86317278126531,0.717941878543161,0.0781402488898346,0.0600089846853272,0.704159025873877,-0.0164608016476347,stable,6
8.39534300804179,6.65708585407688,7.537390850754,8.49411428902451,4.41317807965017,-1.87962787114169,-0.808364427757228,-1.72518578075125,0.428673650353515,0.239030096259981,0.386244035744769,0.470172396038857,0.0355872089180212,unstable,6
1.95969857977852,4.65209477735839,2.74108727539756,6.73458847782379,5.09310475096078,-1.30826234516796,-1.82632113874056,-1.95852126705226,0.450292063875531,0.750884046324844,0.0787006837745826,0.108425818962794,-0.0157446663668963,stable,6
0.931360027326725,6.50409324882068,7.53867025149805,9.58176749585004,4.16118677842693,-1.21341792715098,-0.994913499987114,-1.95285535128884,0.339222952866199,0.101997710382584,0.771254462667549,0.206580611718345,-0.0060712442287354,stable,6
4.1941633479039,9.34821785881807,5.21873829251858,7.31286984210887,4.66952539841136,-1.34654012268265,-1.74165971974682,-1.58132555598189,0.405698313474227,0.449700471919064,0.822677598456036,0.950959761369049,0.071702176498902,unstable,6
2.0775976670769,5.38332446279844,0.973915810211923,8.85949982318411,5.26904239270796,-1.77896913446042,-1.6123955247323,-1.87767773351524,0.815623902192869,0.904154795582119,0.94475342606248,0.783819131802998,-0.0026425635001261,stable,6
7.79636375783661,5.12510509084233,4.90708835823482,5.54778392464716,4.64732893193846,-1.80642664576524,-1.07089636886843,-1.77000591730479,0.234826223778037,0.0680738882221817,0.374229120785056,0.742056001973011,0.0114235652128877,unstable,6
2.02488919720543,5.28758182690453,6.31451064354989,5.77746274226205,4.66766683632103,-1.84365207069635,-1.2483697419213,-1.57564502370338,0.744434952427928,0.256063676937298,0.138575792246462,0.37717952647793,-0.0348029766535547,stable,6
2.70730530104704,1.2820609558857,8.60594216186712,6.02900148031543,5.18744529250962,-1.8363578840512,-1.73349652333638,-1.61759088512204,0.682095566680713,0.692136086699873,0.0876883191004116,0.565264781621095,-0.039406143912758,stable,6
1.08661640215938,2.1433484938145,7.68960835275844,7.40892441218788,5.06551879082438,-1.70768703828919,-1.54817640443624,-1.80965534809895,0.764398828067294,0.327701614511725,0.0766045820999949,0.810867813411417,-0.0304727502079638,stable,6
1.53540499080265,0.662702116297034,6.68065187917897,4.34224094783211,4.64513550726294,-1.36870351439376,-1.85145918854898,-1.4249728043202,0.182778063722128,0.303391063690882,0.0957782776108652,0.817532395804473,-0.0202562997026037,stable,6
4.06964217552163,1.63371007630974,8.37905436778656,8.63886721669504,4.21802046193786,-1.7693807130129,-1.44928406519407,-0.999355683730892,0.609456319788713,0.941626015010862,0.237742256314089,0.777013837643793,0.0067569346572647,unstable,6
7.94960669490998,9.28004673801403,7.52828310348869,5.50758405439004,4.86286752819826,-1.33191774730051,-1.74207395238612,-1.78887582851163,0.0690276308231684,0.852066925490438,0.457420866180569,0.649084776089755,0.0531297646565419,unstable,6
9.43865519153392,2.58258484123197,3.68142089149803,7.16372675770721,5.04367744511229,-1.8196464066279,-1.70359117608181,-1.52043986240258,0.202556888634729,0.788507113185774,0.629576460280787,0.717220501578997,0.0219614625473949,unstable,6
5.52588777323227,5.51078650833454,9.79240060896949,7.3214188703373,4.38926147714179,-1.65761111579087,-1.40972622667119,-1.32192413467973,0.890678819329382,0.892356140787236,0.970545093129338,0.352517968317549,0.0868302036291728,unstable,6
2.15616662783839,2.03849015370348,5.69804600145499,4.89183734768864,5.26319811986885,-1.90340350617405,-1.74140471249924,-1.61838990119556,0.378307451531069,0.819314234358263,0.78247706580014,0.954483487605441,0.057983836887631,unstable,6
1.26919357901721,0.809801699643314,2.11569295648591,9.04943136327047,4.65044543558989,-1.87007191300938,-1.81249218682911,-0.967881335751398,0.984389785428931,0.581392043926994,0.754024942746532,0.493746992462978,-0.0072575217889197,stable,6
4.42479105375441,1.40887940386365,9.13847207794767,9.54877859574129,4.4512074228841,-1.45743663674557,-1.41737518724095,-1.57639559889758,0.167338027267578,0.283809217694238,0.0836882384032721,0.845112318596757,-0.0007916406357777,stable,6
8.01480899360327,4.57517333233696,2.60754138462553,7.45156242022171,4.52388401698751,-1.20977789756475,-1.55892831108578,-1.75517780833698,0.112591724382393,0.341794699063805,0.474725104912213,0.0772356695770181,-0.0306184834045605,stable,6
7.50876838412641,4.73357153796984,7.18761284039809,8.31526654664217,4.2978999029792,-0.561721953451098,-1.91318579501521,-1.82299215451289,0.66131597540542,0.982623665410271,0.982018950880084,0.973277597044483,0.107272346285651,unstable,6
3.48525183621176,0.760958537756349,7.05417401455124,8.90807621548136,4.71735493280793,-1.958546064512,-0.866853964233515,-1.89195490406241,0.798314301024823,0.0734789157613681,0.155282698309278,0.779164783424395,0.009945539336846,unstable,6
1.87290324414952,8.81942163289086,4.86328025042554,8.65780895973721,4.71942338905939,-1.2956730473386,-1.56316010929336,-1.86059023242743,0.523527179015626,0.0562605567765376,0.691304946728583,0.73856698099697,0.0125165519914427,unstable,6
7.1515120608717,9.89967010238748,1.20699454794647,8.94958143302326,4.15525872526959,-1.33332414297981,-1.19320740356019,-1.62872717872959,0.224767563254845,0.765271423157309,0.594432722747428,0.26588150495575,0.0057496317576378,unstable,6
0.854423183961201,1.88132976068551,6.54263368994002,6.91130611380232,4.95077866235752,-1.99799971438093,-1.41694703032024,-1.53583191765635,0.416514879326734,0.638638967068034,0.130201045748316,0.851816355093903,-0.0114814406225731,stable,6
4.08757432887389,7.18223465979354,8.05219528813729,5.23134072253676,5.0021848110486,-1.99865446558922,-1.90833490684467,-1.09519543861471,0.273433560453471,0.347665929249589,0.682993028657206,0.583625345337746,0.0418308688484985,unstable,6
7.03124488480671,4.76647054467462,9.51402352691354,9.34658569701352,4.70623362629669,-1.31541037574668,-1.68183335308841,-1.7089898974616,0.610102081437631,0.511122070669755,0.312265732842811,0.227089508255671,0.0302815356502073,unstable,6
2.22276611303829,7.12506258003861,8.69724306632496,7.50531307246273,4.35667620853909,-1.967332009624,-1.72830429200194,-0.661039906913147,0.882914238229872,0.771514893901437,0.205632430924644,0.208717686876083,0.011020776093384,unstable,6
1.92980645986354,2.1706170108859,9.22641610398777,7.64555859496588,5.30164143828543,-1.86098450963632,-1.73302514078151,-1.7076317878676,0.136675565441801,0.6284453250784,0.622159887673104,0.0515898451782297,-0.0147068869551771,stable,6
8.0980920930617,0.754307164061151,2.23632334637776,9.49662651316515,4.02773800161848,-0.67367076867274,-1.62410959680018,-1.72995763614556,0.478564336493841,0.969239655019853,0.440446629054539,0.77558005825683,-0.0173610806781602,stable,6
7.41042947864005,3.97156141472055,7.52272110996345,7.80442816977352,4.698021157348,-1.06908844766039,-1.82522997661987,-1.80370273306774,0.299175462049646,0.230434602721819,0.578910030024125,0.286679347128725,0.0191983894283619,unstable,6
7.57247291349297,6.69190972174569,8.48292112754878,7.56363011247281,4.90505782666958,-1.67251301207533,-1.92414515614735,-1.3083996584469,0.148311034219501,0.598183990967496,0.134831304454387,0.287308791826011,0.0086588017396649,unstable,6
1.31129964632724,5.05762751755412,6.44490367632987,5.03220619094799,4.53120077735318,-1.95665026081731,-1.98322484818517,-0.5913256683507,0.780161862450819,0.260520023819059,0.323071236963775,0.638245523517416,-0.0099332427931334,stable,6
3.20680511068975,0.910344409119687,6.20182082964552,5.45978661636422,4.80760726507857,-1.90069709092748,-1.43196607500812,-1.47494409914297,0.168551945970368,0.573176462055412,0.626700793384725,0.644352363637819,0.0016483173002808,unstable,6
7.80138575012416,4.06719621050903,7.4214507016841,6.31987274022053,4.72325978442921,-1.94912844931876,-1.46962638225474,-1.30450495285571,0.0551534049265611,0.424106265213204,0.254342766779354,0.693526522992126,0.0115253327432387,unstable,6
7.24452273561031,5.45822668926347,9.65202920852712,7.9963510580629,4.00900582559786,-1.29040027752431,-1.43110681084226,-1.28749873723129,0.22366483141558,0.918667455682589,0.759789196152124,0.220962301805673,0.0533253084629746,unstable,6
4.26830076233053,8.48780269572034,6.59314173986382,9.9953801782935,4.18787118560923,-0.736506135723251,-1.57905300469922,-1.87231204518676,0.637335973505152,0.775472185696216,0.909612101473883,0.419689359400858,0.0738200761291394,unstable,6
2.30046979036086,0.770407098538592,4.79508786211503,6.2906872997435,4.77711599656767,-1.93647650433795,-1.25810667402813,-1.58253281820159,0.297525872712585,0.315867854133685,0.350871208111031,0.215420930509755,-0.038144677642876,stable,6
0.940208624655113,7.98999766248668,9.76200106272745,5.19436188657931,4.53603571109567,-1.46780505530392,-1.39582904699049,-1.67240160880126,0.612566312097848,0.233604769401369,0.971778587864243,0.190737657503111,0.0064242100108046,unstable,6
7.49234954445633,1.63149119116989,2.82308426866339,6.89253192864057,4.93151149359314,-1.86766367116104,-1.92187012645903,-1.14197769597307,0.775669589117342,0.660806645807215,0.937026903927709,0.667937688511016,0.0370411289814244,unstable,6
1.46880449216202,2.95687954402813,5.21676293886782,7.03708171692456,5.15495867171354,-1.43044492292496,-1.91038661525365,-1.81412713353493,0.918750801986785,0.980531302193024,0.802523128457462,0.749806817352774,0.051397094865493,unstable,6
1.57841157808831,8.9587701260232,9.81429031181978,6.64760643103627,4.28054709809414,-1.09313390789813,-1.41567492859788,-1.77173826159813,0.378403490623102,0.933963106419716,0.781201437105382,0.342871364197292,0.0520910877887343,unstable,6
1.18782008861076,2.19779959672316,7.34429795462731,6.58721245243438,4.04453597350018,-0.963300860228273,-1.34835817812602,-1.73287693514589,0.924983167214653,0.140791681842373,0.654441483581547,0.505055625916097,-0.0125672876182203,stable,6
4.19676912517295,8.41793362663371,3.17352373394108,8.02791512014976,5.39382116563084,-1.42962203853957,-1.97685773578386,-1.98734139130741,0.827871328617263,0.812484582973368,0.170936673802417,0.669845096816064,0.0587286866941235,unstable,6
0.804084770057874,2.72275774576389,4.94807263215107,8.29517715748862,4.29519339061557,-1.74438517492035,-1.63967340375552,-0.911134811939695,0.765210252551512,0.422261065395994,0.903972158683677,0.949381429493227,0.0203789763404028,unstable,6
3.02280027228856,5.58350342256721,3.63749670374081,9.14056136921524,4.577808578517,-1.48270029562151,-1.81622019419561,-1.27888808869988,0.812191861556155,0.272598254436007,0.682577925020313,0.909660051205759,0.0353119080203812,unstable,6
1.59102028880869,4.80161964968022,4.93930699659941,9.96953062789494,4.92115885708983,-1.17003925940364,-1.94658589726631,-1.80453370041988,0.28113201952784,0.762961219843593,0.315816158478385,0.127065813011628,-0.017157967891837,stable,6
5.87547851150978,0.636587652648322,7.86052203174132,7.86262582320421,4.79399091292427,-1.40894596501671,-1.75648356942412,-1.62856137848344,0.48984716450642,0.606268296986202,0.666496394175772,0.857226582047077,0.0395683001775758,unstable,6
2.25333343676261,6.2395418892831,7.95385957074271,9.94627656156312,4.79516891130478,-1.13021820398005,-1.72031415276205,-1.94463655456268,0.19836478441966,0.448229081173278,0.338889264358355,0.0670052941880433,-0.0215797372699986,stable,6
2.2539336137155,6.16558134566355,3.99643534884382,8.54654963835352,4.59709872862708,-1.65872698511304,-1.05321694985306,-1.88515479366098,0.756848580673219,0.647658939120664,0.553863429708778,0.559649880071232,0.0329204197510832,unstable,6
2.3860619711907,1.06926359064594,6.50324193119833,4.88296070520732,4.98794447942338,-1.22297325280505,-1.9751427958548,-1.78982843076353,0.1576428183122,0.478015653048033,0.761400296134208,0.577362907944362,0.0038569884116487,unstable,6
6.38370152666091,2.84332230352646,6.4238196972455,7.10606859746538,4.4420773099477,-1.1555265702127,-1.96305632587497,-1.32349441386003,0.591717916807241,0.433908213018323,0.404941543054807,0.425116924411152,0.0327756682451687,unstable,6
8.31657041793532,4.90999828502889,3.09975270179724,8.71277907494352,4.31956031579078,-0.778289052077848,-1.54845283522126,-1.99281842849167,0.184355128711391,0.103357649810656,0.160837305066274,0.770705202617826,0.0064563564577423,unstable,6
6.37067514936061,6.45233802817743,5.59980358518922,9.59994025110575,5.29972802483688,-1.99361645093545,-1.66866144523991,-1.63745012866152,0.364499057843649,0.228008809355143,0.123144859882942,0.680005877283178,0.0220289522311923,unstable,6
7.7660426019993,6.48126746684067,9.38520370305298,9.33476578817676,4.75705941197709,-1.18962123654996,-1.70174006502165,-1.86569811040548,0.889270548454249,0.796225026943975,0.625878082749296,0.21085795639948,0.0760223063341939,unstable,6
2.4750715081609,0.712179231711768,8.15237911477113,5.2455571944037,4.82007096766121,-1.7698910513689,-1.62099329481486,-1.42918662147745,0.771049528375379,0.615822173096226,0.10702474710711,0.543641635583144,-0.0249858873995088,stable,6
4.81039175235757,0.972054497498285,8.95229349035182,5.40461353233294,4.42203482334494,-1.63170816781813,-1.82542319463097,-0.96490346089584,0.178454740641081,0.202480008116174,0.830181032692777,0.747076506768412,0.0289711546705633,unstable,6
3.72227136403627,9.85352869490463,8.06477084829088,8.52478824976045,4.05055622984836,-1.36944837663734,-1.3410539440276,-1.34005390918342,0.129513131986841,0.900689413547511,0.0578723635087954,0.816398125430548,0.0508544208425491,unstable,6
3.75336905474643,9.96453839404583,7.66516356737987,9.90545923395312,4.72513440751768,-1.07529643501092,-1.74683616332655,-1.90300180918021,0.337222025286708,0.856427899596748,0.204850195742145,0.708477097730595,0.0518743206214256,unstable,6
7.419960914325,2.18308485300922,3.18600127633191,5.61408690411609,4.74736440603635,-1.85387592999509,-1.94799597034852,-0.945492505692737,0.533735406347497,0.100965161321075,0.0930262551927252,0.41349896752911,-0.0140840745503686,stable,6
2.79488941722375,0.685361786076042,7.62483184295831,6.49852288205422,4.39131571922367,-1.44917209150805,-1.05486670353767,-1.88727692417795,0.514932390945912,0.855366098928904,0.543536441599976,0.402940746948287,-0.0297120031909392,stable,6
9.66869565965615,0.859414534798602,9.13633578337635,6.69474557298404,4.42950178644057,-0.68008453200995,-1.92318725996846,-1.82622999446216,0.227779696545964,0.122446739291946,0.362215254670157,0.897265995001402,0.025141246128852,unstable,6
3.46960762633727,5.00807658637626,6.10922018007633,8.35035040549911,4.47308664216382,-1.72378916700414,-1.29461516891093,-1.45468230624875,0.911997064527501,0.991011374964996,0.693616536889534,0.938706879287638,0.0965604479346212,unstable,6
3.58226804966634,4.60691724227179,6.25978379514606,9.56113448160345,4.37637481709342,-1.6631674375757,-1.73880657752848,-0.974400801989238,0.496090855724576,0.422046052789444,0.644809561977854,0.26549060044169,0.0227346480938943,unstable,6
1.58980422409006,6.03898511581416,4.50210746878138,6.90949723501112,5.59649020400396,-1.94898767002503,-1.89677924283119,-1.75072329114774,0.922518181554248,0.467695512311391,0.0821890215262352,0.206713252388838,-0.038197449101925,stable,6
2.09911871296366,7.8065159961828,6.89183672133072,6.0548024026194,4.64510228089298,-1.44325602768064,-1.56703552869535,-1.63481072451699,0.168823819197462,0.51868898208469,0.708237604262821,0.428690842611222,0.0391247316411491,unstable,6
1.58515929630926,2.51009271175256,9.54328585448329,7.04223006890542,4.84624990983212,-1.92057148218711,-1.21098449886318,-1.71469392878183,0.657631311934517,0.0500531010350864,0.553316523783085,0.560641749783399,-0.0061612350935533,stable,6
4.27027420907855,0.996845727400971,0.509371654985996,7.41585729894538,4.57404820675564,-1.51078064840899,-1.64376633991164,-1.41950121843501,0.375458700730727,0.623241053531598,0.421132286522051,0.282521023833778,-0.0427598814065148,stable,6
6.43918872635601,8.86766658196788,3.57895995425211,6.70531019349349,4.49046231044826,-0.857596735961072,-1.89657181934864,-1.73629375513855,0.650261636571486,0.283981563422355,0.459223762386851,0.0745770155319385,0.0081793824857605,unstable,6
7.62373306310291,4.12639185762656,9.29965683847838,5.12090080564028,4.85606828596039,-1.62535624966343,-1.46233710924097,-1.76837492705599,0.0560760201926692,0.720568414943194,0.225027799171824,0.486102757505061,-0.0015432873608285,stable,6
4.15454054562968,9.77301968421772,1.20915400550945,8.19210577682308,4.44199929720395,-1.7503311560621,-1.27452088580905,-1.4171472553328,0.217985132093616,0.994937145988104,0.32993229792112,0.924633004206619,0.050267484673883,unstable,6
4.93278754672132,4.6207309122824,8.58478072081754,6.03292901106883,5.18978984161421,-1.34269263415937,-1.97877489369096,-1.86832231376388,0.277247423229872,0.882314871351408,0.236727920725395,0.0602875991896971,0.0027528112955858,unstable,6
3.46393652105944,2.11129089745103,4.61161868774779,9.16998669667625,4.49799649764569,-1.70189224711512,-0.810592430549511,-1.98551181998106,0.141836506369424,0.743498343773071,0.0653442730686837,0.644973853799189,-0.0133465704262643,stable,6
4.24373604349178,6.27025850165351,6.31258213389386,6.19272887747918,5.50770357885849,-1.85206297787318,-1.98938392068794,-1.66625668029737,0.307562243592669,0.640933276665241,0.806527590964339,0.399842710052498,0.0610638746069985,unstable,6
7.10218093874606,9.22535065429918,4.44583006814526,6.31277514480007,4.33686403679891,-1.14520947022131,-1.90161660758674,-1.29003795899086,0.419488005576021,0.165018510703422,0.806709697131164,0.253318209857192,0.021326413249165,unstable,6
1.83101777253265,8.45156963105226,5.63658286945127,8.45803654506494,4.79862583546245,-1.83500278421,-1.24555960102115,-1.7180634502313,0.365635068472831,0.229370424628181,0.505473216075469,0.152442416340924,-0.0269342910045904,stable,6
9.55185086517113,4.37931471721526,5.84811931300153,7.1788179419291,4.57678459808176,-1.11798396771755,-1.71267394911533,-1.74612668124888,0.504536806026448,0.202439834762072,0.173471414348162,0.363656253755518,0.0079072170541569,unstable,6
3.42679982681887,2.88871124154276,8.62065694305956,9.68764249594124,3.9960810665595,-1.26742947625649,-1.18353028388916,-1.54512130641385,0.680658513404302,0.74375847200172,0.994885395699823,0.435476192390381,0.0424558895506978,unstable,6
7.33309514265362,6.08515082344069,1.12791325561291,5.64752180055841,4.93494550167308,-1.32573852901543,-1.8486888366035,-1.76051813605415,0.770253567954522,0.832680843032318,0.0893429887450614,0.998226732999526,0.0802680486066945,unstable,6
1.68702851107987,6.22147619747834,3.45401958203509,8.49735247769593,4.47236251542546,-0.99266280120454,-1.99459695196907,-1.48510276225185,0.723184887799944,0.997075820979612,0.0964151388140069,0.515938860865087,0.0227570574405304,unstable,6
6.96272440311981,3.33148733197799,3.90485990376828,5.72093869223456,4.65346202711668,-1.60829756869167,-1.79112831235892,-1.25403614606609,0.20756584529924,0.999739098240911,0.635746770097264,0.925920942796242,0.0726645913554293,unstable,6
2.15755959957432,5.55591759797956,8.64390120983827,7.06135934645758,4.122567745727,-1.1942466868517,-1.52786469114989,-1.40045636772541,0.704711756461692,0.166425367519087,0.883438147952264,0.782357824969026,0.0452904535461472,unstable,6
7.17511109192137,2.48374601590303,9.37598145530982,7.67712138951018,4.4845253572945,-1.11622065180242,-1.54768918527707,-1.82061552021501,0.717039407103254,0.170289472839963,0.754363246021724,0.375915580438381,0.0503892729817161,unstable,6
0.69329937317752,1.25640649942942,5.57111977121169,6.72042818707876,4.36513477811013,-0.743877303059376,-1.83402607420641,-1.78723140084434,0.699028321064395,0.68153850545608,0.165488121562683,0.141472456929543,-0.0502223775934028,stable,6
8.9953835509043,1.21012150955332,5.19506187285731,9.83442643222952,4.6859507310745,-1.85281061797185,-1.25467260398078,-1.57846750912187,0.517420370574724,0.757011906448831,0.558572205458378,0.624976064490621,0.0144409045657845,unstable,6
4.75285267273794,8.08235748927629,5.0001851459883,6.58232626500404,4.35480320630606,-1.42018700997828,-1.81418617044272,-1.12043002588506,0.63514309567167,0.144080735157006,0.809504687003191,0.768717709651917,0.0663413867340833,unstable,6
2.87512094977681,3.34497209312799,9.68718487060717,9.77998855774028,4.80223128636863,-1.75348459366203,-1.90010052359399,-1.14864616911261,0.315007290863874,0.142610538997895,0.875313386673536,0.90996485042773,0.0499019110287301,unstable,6
5.11272695940242,6.30038251290915,3.20742169595258,8.38885507118035,4.49219761042983,-1.23053561302579,-1.98745032173756,-1.27421167566648,0.655137530385739,0.878461865361216,0.124825695712797,0.60681394279985,0.0599891108211692,unstable,6
5.44390299597762,2.94262937331172,9.24332036790386,8.72170928608281,4.65567080954848,-0.841644615794264,-1.99066782116842,-1.8233583725858,0.785842988459562,0.954147603819001,0.394625894512173,0.48973035844294,0.0442145929254644,unstable,6
4.23144696126726,8.67812816685579,8.85910364808124,8.53851921164604,4.78259938696342,-1.87396549605275,-1.1713420043867,-1.73729188652397,0.521178505797972,0.836785978372842,0.260421027189766,0.31230774812285,0.0437920835697659,unstable,6
4.13092811105025,6.10011766250794,7.83187707313198,5.5321017927971,4.76279095299865,-1.57496855708567,-1.32842402680508,-1.8593983691079,0.9431525351,0.494953715177007,0.587433483683141,0.667202742420098,0.0759042933154584,unstable,6
7.91163988393735,7.42477777983963,0.880231191536575,6.35289977753049,4.67160199543463,-1.65014973444497,-1.8336700192043,-1.18778224178536,0.77922560214769,0.400943965500739,0.873544886011665,0.829392681431877,0.0360224180726709,unstable,6
4.41773671702658,6.64117899104512,0.887188670949079,9.32981280924345,4.04488584062133,-1.32157584760631,-1.57127543603759,-1.15203455697743,0.573065120299235,0.370058515235943,0.108829300273564,0.393534867166362,-0.001619644954969,stable,6
5.23668121029111,1.78685872227621,8.83104351564718,9.65290393063076,4.8304457758315,-1.19332596115666,-1.68655402359113,-1.95056579108371,0.391229154600676,0.159266444306748,0.414532694016956,0.978876466981467,0.0406876404795361,unstable,6
2.67857431998207,5.70614023358037,9.5029719528944,9.21129606247002,4.6943766020408,-1.71194350648808,-1.70907818301879,-1.27335491253393,0.0735402243154706,0.175699983216636,0.166179163800986,0.357342846053526,-0.0276002800525307,stable,6
8.42061153361229,2.61864574010033,4.02399930535275,9.61608899228557,4.5684786941336,-1.97505221355999,-1.38062658383097,-1.21279989674264,0.455916747508385,0.653395478775485,0.447654731664937,0.74997016398121,0.0270941428724187,unstable,6
0.66085722800144,9.61098419099462,3.63089175415705,7.59195986551252,4.92279362601146,-1.76666575817943,-1.6280048550928,-1.52812301273923,0.647042302019931,0.417948061677747,0.976619562548137,0.205787216876296,-0.0366121365466486,stable,6
3.9792332849204,4.95399701540341,9.2012036530939,6.7228926821864,4.22073083819904,-1.3773117140888,-1.14551551734975,-1.69790360676049,0.23929291639345,0.857723870670303,0.292295751847341,0.252985253663895,0.017792741846085,unstable,6
6.06397255645976,6.576818021052,9.17723310778453,8.53738305863391,4.35753922668418,-1.10464632138802,-1.59683629865577,-1.65605660664039,0.233782899597588,0.182803171589321,0.962503519976456,0.751267600888101,0.0622630493307256,unstable,6
4.68280562323754,8.99429394029509,4.71631796623084,8.0372176309267,4.24603295814141,-1.42850360718535,-1.07923192204316,-1.7382974289129,0.804284772883373,0.715903248197606,0.667647945222465,0.768807051900668,0.0795854296298144,unstable,6
6.06707004932419,4.42349707022392,1.8608950368921,8.06442689285871,4.52872996630299,-1.47412476144696,-1.87798921661268,-1.17661598824335,0.266157431238121,0.298094172955373,0.0541474950805784,0.770562547345989,0.0117970105810788,unstable,6
4.0151573065187,4.83866890724724,5.85607998758137,7.14511274697033,4.53233718724722,-1.9298600873551,-1.92704687988915,-0.675430220002972,0.121242622970738,0.488562238680798,0.77715647842312,0.59999586802454,0.0494895285432206,unstable,6
6.25191080975103,3.90911893528447,1.76686898486622,7.30824034121353,4.27809275067574,-1.49308793533236,-1.14598499442223,-1.63901982092115,0.983436892176282,0.867643652406118,0.192313334816984,0.886727213527742,0.077553788755948,unstable,6
2.07346667973208,8.98165319961965,7.71980708000738,7.32379207151552,4.42492155097792,-1.66726439873084,-1.88866972412734,-0.868987428119744,0.854972881481844,0.371615330747915,0.783989649808106,0.155116290583017,0.0157445762567832,unstable,6
9.97848842886628,1.84022536765245,7.45908234805976,9.60169040205957,4.96891003975148,-1.6386352898778,-1.61103272984917,-1.71924202002451,0.802507822425404,0.536778062591965,0.815523480011564,0.431940586361861,0.0501484901934324,unstable,6
7.50913976443664,5.51887513048694,2.19533782738136,9.58608188492301,4.36326483691688,-1.4268721378498,-1.28722788651537,-1.64916481255171,0.225228767484964,0.995500469614282,0.521649946117416,0.226685078894129,0.017409980038687,unstable,6
3.63358127137267,1.88948663517486,2.48106719978168,8.11274019874429,4.32704811620271,-1.31268931040141,-1.78906456151019,-1.22529424429111,0.0501841934493731,0.0865237128960074,0.0547818035305629,0.965114220955123,-0.0019871217412163,stable,6
1.27836386603399,7.69568800694887,0.734768995901907,9.92201462599698,4.62411992308841,-0.943555712822697,-1.76942962851105,-1.91113458175466,0.558158407067722,0.477209832209508,0.928310940172122,0.577100603880149,-0.0299517208252478,stable,6
2.38774924482506,1.19901802432539,6.44860326216446,8.81244845438851,4.02414331405369,-0.902093711602013,-1.61818096649918,-1.5038686359525,0.625455407160481,0.918546886219401,0.242197177535344,0.961926840898332,-0.0129516525525495,stable,6
3.56388008724521,2.56500389216634,9.54713918439704,5.8056751397841,4.31924216544516,-0.667741308437078,-1.71752349728858,-1.9339773597195,0.23857325244997,0.154469361186534,0.18858490350077,0.559405560549325,-0.0305661070345958,stable,6
9.01131558301409,9.064737143758,8.68345179684635,6.46297915400851,4.95278517810136,-1.67835766665069,-1.60240832322264,-1.67201918822803,0.246690196789574,0.195583849155843,0.514066110349159,0.455315586748802,0.0276861484212738,unstable,6
3.74548667685881,4.12343707273621,9.14500038149857,8.99419777992277,4.57878695660949,-1.97773688926194,-1.69618663809887,-0.904863429248682,0.611118562108884,0.132974715796731,0.276804418153847,0.597980417727752,0.0121062713953226,unstable,6
7.16578247243051,4.5103280049803,3.05554709828921,7.24337554608899,4.22147485640407,-1.53531927837436,-1.53388976978933,-1.15226580824038,0.680986563833656,0.301977207894112,0.816551070438917,0.227262002124334,0.0261075119205344,unstable,6
7.60286767527363,6.74499599865046,1.83679343222996,8.14256425765377,5.54807621911517,-1.89153911185696,-1.75699399366055,-1.89954311359766,0.797263706646777,0.332166373246384,0.226898695134394,0.716867219792525,0.0497432304049375,unstable,6
3.42004597082569,9.60311119785841,8.04418096542623,6.39502712522906,4.27925378090782,-1.55070434513419,-1.82454857446509,-0.904000861308538,0.51776575171126,0.719267436873368,0.269324229567865,0.27032606208364,0.0254824734327562,unstable,6
1.71000170856509,8.47706133429645,6.86101566104891,5.07476597077108,4.81463513549741,-1.40673029496903,-1.57320903921856,-1.83469580130982,0.0756598068157607,0.719696657836112,0.289684765506054,0.413833343314655,0.0201012014948489,unstable,6
9.56239639999189,1.90156018853431,4.11609395994591,7.13973027048439,4.32528929420208,-1.05825543058119,-1.87971177795323,-1.38732208566766,0.580021463021825,0.554371991392756,0.265960944429628,0.361337023411642,-0.0041105496073233,stable,6
2.00100834038181,9.09021571362885,5.82843656646764,9.82578571598104,4.38942659739847,-1.26042318683093,-1.13736334044741,-1.99164007012013,0.542899388022249,0.0708892491719162,0.17518642147604,0.522531325528526,-0.0280204861964227,stable,6
1.26013868264811,4.90412869307791,5.85122429724255,8.91283729932458,4.39957435956452,-1.74282342564305,-1.29509256105676,-1.36165837286471,0.787558378104613,0.393467815089691,0.308502133879456,0.604944282764199,-0.0114542786487237,stable,6
3.58681439451899,0.727392060248251,4.31368090286776,8.39950049220315,3.86577889857273,-1.1918370657849,-1.41456788407742,-1.25937394871041,0.351270138158245,0.470118044626235,0.274536895693137,0.0708626961266901,-0.0387486543518405,stable,6
7.44448948757894,4.58485864668934,6.38102617707349,7.05965721080543,4.76522253971848,-0.803145655753918,-1.98438460727255,-1.97769227669201,0.305478326314203,0.535989841934012,0.479328394025654,0.874274131312756,0.0615597594900157,unstable,6
4.35798074410955,2.65280189376153,0.993520774942252,9.97376443430856,4.64673914694073,-1.59282782264263,-1.19935517334178,-1.85455615095632,0.778003581609732,0.768625937903128,0.128010560894491,0.229579351157802,-0.0290510786131954,stable,6
9.13307485970535,5.14475864254443,9.0037130870153,9.38744286660996,4.5165340878321,-1.74573472377877,-0.809093240207969,-1.96170612384536,0.643951077016795,0.316521097722568,0.188841855264972,0.496127705856117,0.0382791771013086,unstable,6
2.88676693096849,4.25381181951927,7.36038019687762,8.13303623331208,4.66133448238542,-1.20338071554232,-1.91874944172036,-1.53920432512274,0.0752689305624354,0.938906388216122,0.59622787874865,0.875673400388063,0.0626274709853038,unstable,6
3.93670830952936,9.18541166652432,6.79305087719276,9.78835228241787,4.06941280845656,-1.45648819588302,-1.50013096781496,-1.11279364475858,0.730682580071288,0.723575168227534,0.439344081371932,0.961719089166789,0.0707056123103484,unstable,6
0.803817421147774,9.46972656905785,6.06400316259022,8.71959108044595,4.3967450965643,-1.63185781123157,-1.14891981187761,-1.61596747345512,0.401388407658767,0.71696006073316,0.863779675235623,0.194678266781948,0.0285159582037823,unstable,6
3.18615520004804,3.6264995423935,8.72276984900364,8.63594131228826,4.49470318510509,-1.68380701851199,-0.956973148833774,-1.85392301775933,0.562260119928001,0.464755093249767,0.820630133868464,0.508813862890428,0.0402021675515416,unstable,6
1.76969944963921,1.86011949823112,4.89907446034311,8.36482798130726,4.66756467766681,-1.96438252541946,-1.46540436651701,-1.23777778573034,0.793094999586126,0.382572254834529,0.410122699800864,0.626648607525006,-0.0244173197647946,stable,6
6.06317483440238,7.39406728836228,8.83661855294293,8.97520595357178,4.63584931354331,-1.54997565524022,-1.44173840924769,-1.6441352490554,0.251460553634891,0.561585766360558,0.0699856003924459,0.192354873899472,0.0014207670863635,unstable,6
9.76508038570398,2.45388814796978,6.45332104149328,9.59077292618742,4.64147386069262,-1.60241972899699,-1.60935324325339,-1.42970088844224,0.791028016139843,0.612784609893579,0.360219004951854,0.190597494234201,0.0197767325645724,unstable,6
6.41875509415454,3.19509878972978,4.13648046504054,8.80839414253651,4.98521320163815,-1.91832646415483,-1.69733308244747,-1.36955365503585,0.398859164206036,0.679035184717692,0.259408373207925,0.93475027763131,0.039943621680354,unstable,6
0.644868855498091,1.33260083984897,6.21436008885815,4.74214581467323,5.51221058066727,-1.98973934170692,-1.65488603291619,-1.86758520604416,0.783602120336636,0.188366393013106,0.204736026276165,0.325206630296457,-0.0397922895018354,stable,6
3.44930798665615,8.05027760789705,9.2198242603844,4.82083881052868,4.53335999163503,-0.993065938170615,-1.66778127468005,-1.87251277878436,0.334301594070449,0.684194853757558,0.496677595451436,0.149211710220919,0.0268149869692585,unstable,6
1.61518537092103,1.62577217270987,4.7062000638521,9.86420336471476,4.50212414673959,-1.79080690402992,-0.973788062092161,-1.73752918061751,0.663465442563753,0.0783899950779439,0.816165422239212,0.291307329686187,-0.0182124916804548,stable,6
3.23802135259846,2.94834866890842,5.47958810598041,8.37952456635268,4.53056263043509,-1.83567350892805,-0.863834980534669,-1.83105414097237,0.328275260350527,0.597226617442224,0.320524426635691,0.908490303881381,0.0271716223646656,unstable,6
3.35907541816215,4.79710857578883,1.92402470471434,8.37152128787673,4.37233841877621,-1.91682123595516,-1.8276882928987,-0.627828889922355,0.262291232540407,0.467428455205469,0.317817519833413,0.883281787336107,0.0172073707609211,unstable,6
7.58989867019352,0.743546197358996,6.68250150029823,7.13512151017263,5.31816726795741,-1.8866499268727,-1.75271777561915,-1.67879956546556,0.594216730488796,0.401636510238609,0.588172674986403,0.553951495552716,0.0342392842730626,unstable,6
3.77676983404902,5.15784271019613,3.11113824731531,6.51316326312182,4.1512203305524,-1.05720402844434,-1.50715430141374,-1.58686200069432,0.876339859200149,0.109074872814623,0.667495068913598,0.356963795724463,0.0226812920037995,unstable,6
1.13912593701512,7.07546508683857,4.19932696231146,9.79371184435264,3.91224116858166,-1.28576729632146,-1.3747812787757,-1.2516925934845,0.180560674965256,0.735377202304672,0.115499502488315,0.879982083517737,0.0359654600529805,unstable,6
7.08769143770833,9.53698549998301,4.8266702269999,8.34648414128664,4.18451797960015,-0.794082633737812,-1.77074530873444,-1.6196900371279,0.878521824252052,0.0732977102193609,0.235711826360417,0.385638646847048,0.0322561452710413,unstable,6
1.95452416085685,7.20880495184749,5.78146664145864,7.20318477617301,4.70771904645231,-1.51444143653185,-1.80190268720259,-1.39137492271787,0.654376122782737,0.724743131715764,0.720197097281554,0.612579035507437,0.0580677078996181,unstable,6
5.57605379712754,5.88311291305383,4.67658462797597,6.62642708144899,5.28907757228478,-1.6781868091798,-1.7336150693026,-1.87727569380238,0.719023463466833,0.755065612539528,0.540152604652576,0.750461166652555,0.0883363707475113,unstable,6
6.4004179731449,2.34442973517978,6.07226079279769,9.3565141358197,4.49035176493799,-1.87830858909911,-1.36105141143994,-1.25099176439894,0.18466482621994,0.0837404565303458,0.58564406055379,0.579318067083304,0.0173784680678604,unstable,6
7.52005966749388,4.14426969785248,3.0126781430673,7.28115764409235,4.9256410409711,-1.99760143025803,-1.68058288168181,-1.24745672903126,0.192148282065912,0.707351890655407,0.897237278333391,0.293248504122831,0.0198447492033864,unstable,6
8.04909438173076,7.1689368007586,0.752654024476232,8.46743282429373,4.46641965408929,-1.60431388098524,-0.892664131865045,-1.96944164123901,0.96563443488167,0.918362057839893,0.81895625027113,0.827460469135498,0.0636177540857967,unstable,6
3.21421893156691,2.97200444068271,1.58795895269138,5.32204025191471,4.13028065640947,-1.05547861937342,-1.45466198417549,-1.62014005286056,0.435861338199077,0.721029997878291,0.207750157644064,0.070476614981615,-0.0489024600342871,stable,6
2.88291888842252,2.66773457021187,3.204056292534,7.32408179097013,4.6644963880881,-1.71913822351015,-1.6912131240685,-1.25414504050945,0.935080608230557,0.510541023052533,0.969192363186765,0.663814983572279,0.0519481603205817,unstable,6
9.4007639174314,7.06688871196933,4.2856465481065,7.72521878914069,4.69023656786601,-1.87492734021309,-1.04873925460136,-1.76656997305156,0.847109386175889,0.120432249950656,0.896158717081816,0.302079797337449,0.0448583050430307,unstable,6
4.30236313317365,0.913855062053097,3.74422449549068,6.33868468091305,4.66894438432452,-1.69868048133298,-1.69088372019931,-1.27938018279223,0.244565726829669,0.799242664453251,0.76735992650085,0.0978322686112393,-0.0511296995215871,stable,6
3.60278625148809,6.6895625704807,8.47740487319038,9.72193063852281,5.19025578155564,-1.83032613618401,-1.47736055545752,-1.88256908991411,0.194575755521398,0.398214081477321,0.727838871390854,0.735129809911972,0.0534265602831018,unstable,6
7.48230400402552,7.74811045933977,8.93032902759534,5.45009437371392,5.50823018055704,-1.93472115534195,-1.9336676930438,-1.63984133217129,0.0533531269231392,0.424516185928545,0.477217669457465,0.68254279839789,0.0331255452496969,unstable,6
3.19463213243474,6.98173035906397,0.637089297037374,8.07791659822216,4.32902286625447,-1.50128471235516,-1.84703685480761,-0.980701299091696,0.22293835382825,0.253266522749502,0.299921151068414,0.959341120368127,0.0087937045117056,unstable,6
6.65348611478779,4.59615635368036,3.9946908027491,9.61907020003146,4.44956009855405,-1.7315918330116,-1.98523995987672,-0.732728305665729,0.309560380950794,0.323635048517362,0.799119482132326,0.702422459122115,0.035134594914888,unstable,6
9.01415234330497,5.71661570657312,6.6185020257788,9.05828826810112,3.95874855662075,-0.864181211957859,-1.66561677818017,-1.42895056648272,0.406695334713226,0.055001690052544,0.241015929489022,0.857311383830791,0.037564533824669,unstable,6
5.03591459205011,6.42976380913372,4.7978914634357,7.14658402594742,4.66732341635112,-1.88581390030453,-1.65192775064495,-1.12958176540164,0.291689193588723,0.869285299831168,0.139171055705043,0.350093178861407,0.0333778030589708,unstable,6
2.64788945673397,2.82048218095214,6.94295820881868,8.84647190357837,4.05327804430931,-1.1103428666639,-1.76065605950438,-1.18227911814103,0.865145715416277,0.282416395821345,0.179156663947708,0.284211569992589,-0.0343870598878058,stable,6
5.83935164237666,5.23711243929573,2.1856181701445,9.13879079429789,4.52164554801125,-1.97751160845687,-1.23201121928217,-1.31212272027221,0.981477770202005,0.398394954947275,0.792634702429372,0.91731909477146,0.060083962428253,unstable,6
5.20534675113142,0.87323305458508,4.2730542158769,9.06507964879322,4.59914678221873,-1.50517390661266,-1.73524280879294,-1.35873006681313,0.0748108763429441,0.989582970366253,0.857128482067988,0.43935265668741,-0.0171128321624699,stable,6
3.95553531498537,6.56907526409869,6.74301201415589,5.43476577515571,5.4552783025361,-1.96672972189973,-1.60819890378802,-1.88034967684835,0.779043371665793,0.873371186959026,0.168257571478746,0.468759493002329,0.0594724276754606,unstable,6
6.44794598517388,1.94873131220974,8.91204407419977,7.47502348435939,4.56032972678062,-0.890000188966619,-1.86475367316342,-1.80557586465058,0.11141265579646,0.954847580279034,0.878515828336428,0.0577235299361811,-0.0059117481184082,stable,6
1.00628651419771,2.83850491326522,1.91370989153048,5.04646511018524,4.8400388000867,-1.80407312533367,-1.54082877615319,-1.49513689859984,0.0533240331566473,0.485817692197848,0.862897905178751,0.871431088371313,0.0083155229106025,unstable,6
2.40945009251905,3.1143920493043,3.78080658591357,6.1183703053862,4.86001570392946,-1.68090383841804,-1.86792380845341,-1.31118805705801,0.107338167231502,0.153495918053115,0.273849589894996,0.990671537736105,0.0059750459516754,unstable,6
5.06443245918409,2.6912024663634,3.93021757569865,7.86017321454771,5.12956264300466,-1.89906070666268,-1.47752905271346,-1.75297288362852,0.631524167062348,0.983419088678369,0.640204778858597,0.551944851668021,0.0537047985400816,unstable,6
7.38904356257917,4.188242686355,7.83304923932268,8.31882538376288,4.37760265488863,-1.80771366144078,-1.25128467570986,-1.31860431773799,0.247288519592526,0.56036316072228,0.721661661789246,0.814183120052156,0.0635617286247361,unstable,6
9.48960500216999,0.857783483377111,9.16801718458856,7.62317179611764,4.36358279199178,-1.59501117092554,-1.49732928987249,-1.27124233119375,0.136871641327575,0.367061769226898,0.53949502783268,0.331135036269022,-0.0075806929176414,stable,6
9.98926752526937,9.77626621658901,7.95168956085616,9.46247977805926,4.45302953293773,-1.37765569693435,-1.65060296889844,-1.42477086710494,0.747567848493489,0.459549485247388,0.301521268895499,0.575973612250878,0.0619978665682819,unstable,6
2.66148683366581,4.05551513398378,4.6088952011609,9.18327777437906,5.03703771217911,-1.82614564434814,-1.84138998356956,-1.36950208426141,0.736570125290375,0.56261805002077,0.262989991867739,0.774676824607716,0.0171354877518515,unstable,6
2.99508488298755,1.95689388005949,4.43989689650142,9.10022923322091,4.97632818924105,-1.52874195465834,-1.60727321785084,-1.84031301673187,0.811931469055444,0.213030977988151,0.320939326712975,0.569499446949307,-0.0142670899327668,stable,6
9.10921145586409,3.21593470383944,4.18092585533565,6.94017190953715,4.86504681755782,-1.85539772082156,-1.21415893862443,-1.79549015811183,0.879274041469172,0.828299201992712,0.739358622379104,0.402902844968406,0.0541732365193061,unstable,6
3.79219562647728,9.36953364706669,4.34007466686175,7.70654431952917,4.85330121930066,-1.96061720253295,-1.84264660013446,-1.05003741663325,0.114887153457552,0.787299511224191,0.261996464105027,0.240666986956497,0.0165727006972466,unstable,6
9.6980057978668,7.92436868123142,8.1573921125614,6.37781222598572,4.42305098021321,-1.0866165385162,-1.83280709834541,-1.5036273433516,0.248554412257635,0.698846262210053,0.153878062597432,0.298758499373989,0.0266883563944887,unstable,6
7.89490429119669,9.57412304372514,8.10048257857643,9.47474974851514,5.69583486715712,-1.83054093577669,-1.92505318391138,-1.94024074746905,0.47809751476564,0.644537019325609,0.912583947214568,0.879623835268761,0.0887471260728903,unstable,6
3.83469146263928,1.24012472600918,8.95851316770607,6.95932590565622,5.16315988414324,-1.8554635557545,-1.70999816097211,-1.59769816741663,0.629295040301584,0.324849370315941,0.396881414977885,0.574222437879375,0.008250461852952,unstable,6
0.56096256467558,0.832666997118911,8.78338470704031,9.93269066981905,5.21736142896256,-1.59883068141155,-1.95001431954054,-1.66851642801047,0.0938603726322507,0.41478399507131,0.89388279560014,0.759711923227495,0.0280963225781983,unstable,6
5.77741855851342,8.05997874060245,0.690564168204949,9.95442904946873,4.39964911149797,-1.40862328816898,-1.95173296465337,-1.03929285867562,0.805935705350704,0.264431392806845,0.794650122331148,0.421003013946885,-0.005581509587614,stable,6
6.13910046126813,7.60194201327051,9.7149832061435,6.83651487704095,4.70787581395631,-1.75574090675294,-1.25587198669765,-1.69626292050572,0.616898432364127,0.87206610941584,0.797200041095022,0.110286485410354,0.0698650664749898,unstable,6
6.83152204882861,9.60582093891782,7.70720744329978,6.4263863922968,4.83715023875577,-1.64718312126488,-1.44702652308614,-1.74294059440475,0.511570344681873,0.912094694050445,0.748708665524461,0.90629860428591,0.0930223507912603,unstable,6
1.32114706540615,8.03861485369218,4.95390537227876,5.96941881300418,4.67088968929489,-1.57017967175533,-1.21332428739099,-1.88738573014857,0.420530904998481,0.36554661062242,0.998446743645914,0.384834190088896,0.0273140335664316,unstable,6
6.92395466256355,3.57033027802663,0.927206782917364,7.68791038510101,4.77297708265706,-1.03352819234249,-1.89823171958535,-1.84121717072922,0.312149129007647,0.42437077136625,0.447777488485364,0.806523966403288,0.0071591878040701,unstable,6
2.27093599073327,6.44280634561955,8.65658173252515,6.02438588593475,4.57194715245785,-1.79360891170326,-1.20936277241785,-1.56897546833674,0.932026731693384,0.272126526934551,0.241580570565723,0.232301170191203,-0.0153562728566689,stable,6
3.53061028596153,3.87571909062911,9.15204149938957,7.60211153692249,5.44109265655466,-1.80345761356883,-1.9225604207288,-1.71507462225703,0.346254465544138,0.415619153598348,0.980750720335559,0.169754027859534,0.0290731162962458,unstable,6
7.91006219329146,5.12331696564617,3.9006082433936,9.95763373479089,4.04064218072832,-0.833047601178545,-1.71729312507828,-1.49030145447149,0.98815864494885,0.835597011534179,0.308985353137376,0.797994819550942,0.0769685529268603,unstable,6
4.0658482643759,4.75566347499688,6.05654410980319,9.12707679960572,4.73234762756255,-1.65313652298328,-1.35893347557762,-1.72027762900165,0.6062297880845,0.926162067984784,0.326018155392855,0.785381911463524,0.0625384926915983,unstable,6
7.63551888511211,4.41280878417223,4.9970101863843,9.99944329731088,4.20183318473158,-1.03020659370174,-1.21680115954701,-1.95482543148283,0.174958149133218,0.645448330266548,0.92642628951951,0.456719178020395,0.042332937683697,unstable,6
6.61552258602667,8.60773341795224,3.0772356791151,9.44675516751297,4.92919164381682,-1.95449479910264,-1.97099909991175,-1.00369774480243,0.595791102939598,0.465877309501565,0.580662818227882,0.533073993353622,0.0421249193615173,unstable,6
5.15602190214022,2.78058003471991,7.99932988565293,9.89303707114927,3.88111521090127,-1.2464550675141,-1.67334065825596,-0.961319485131209,0.406160063506395,0.75305352033373,0.925632941661126,0.907869550873712,0.0622195185017296,unstable,6
4.25924405603906,1.01968811107214,4.10782224394314,4.84198854386494,4.75828381873009,-1.24748603492152,-1.92407075589634,-1.58672702791223,0.654898674982482,0.628276329362383,0.0624544259516452,0.487309701932862,-0.0245208958411161,stable,6
6.44683923255297,6.33973443480375,0.622574041985243,7.18399686177536,4.18017344462128,-1.24342840100476,-1.80559264397989,-1.13115239963663,0.987533589919818,0.698573376812915,0.589845044745574,0.74282330915418,0.0615431392952686,unstable,6
5.93573576120531,9.69564842526142,1.91797487437683,8.59787896973153,4.59334021830844,-1.73328053404556,-1.57548672285265,-1.28457296141023,0.990472190798895,0.373535757364108,0.828906166946794,0.986633927493063,0.0589505839605231,unstable,6
4.22968805844424,1.19780239785583,5.74700947424719,5.01422083996303,4.74758528252602,-1.35513637539549,-1.89241126165714,-1.50003764547339,0.752127841170781,0.648088076459148,0.74789246562289,0.673232612528367,0.0548420111035177,unstable,6
3.27961609901582,4.48302965859815,1.19501376281485,8.99316936088356,4.16135660131137,-1.61922593259576,-1.81499787700067,-0.727132791714941,0.843009491008202,0.074877766366452,0.0979535757279047,0.698699606636963,-0.0087743147775305,stable,6
5.70413225003337,0.819202389371488,8.49805077860359,6.98187876604187,4.87133885647739,-1.61308531628165,-1.53983846739889,-1.71841507279685,0.979806883504657,0.513826299550988,0.922731070353867,0.654283433975066,0.0639468876282108,unstable,6
1.32623614350251,3.73036805301971,8.39586511285851,4.7051556302753,4.45797509041788,-1.30692454191596,-1.7267428299544,-1.42430771854752,0.0828927472737129,0.670673368462918,0.658545228567462,0.914516193106743,0.0417933232582216,unstable,6
8.62807591489541,3.85906037030173,7.83607143577301,6.96233190362788,4.37399459228302,-1.2060782122099,-1.6290784765812,-1.53883790349192,0.440506003030832,0.980649530798707,0.234001489360469,0.259210492659877,0.0265662615687355,unstable,6
9.00013232891541,6.65792212188946,1.37795091821419,7.18682824583993,4.60097988283604,-1.34689723422027,-1.66357917374903,-1.59050347486674,0.874671614506694,0.908445016236352,0.569062946539832,0.483617526739831,0.0569812178356735,unstable,6
5.79593381496982,8.62866825466906,2.13406247556615,5.93258242911939,4.49073011007765,-1.51103223116455,-1.21611478539368,-1.76358309351942,0.435072774265023,0.492861816334532,0.710666895589597,0.808980466215849,0.0401261136851965,unstable,6
4.02184049082412,7.39630202082319,8.7713170504629,6.4725686943637,4.61065816066205,-1.00620285020622,-1.83060943384974,-1.77384587660609,0.633127522787895,0.132899437421691,0.126957741779042,0.542811719621723,0.0045640935499112,unstable,6
4.12357008631292,3.57896380726711,5.94506346456847,8.65421781839115,4.90518199671073,-1.10286901045241,-1.93533462446491,-1.86697836179341,0.568807425145363,0.605117376627569,0.814553161890311,0.482314149267967,0.0554721767741439,unstable,6
8.3476718503641,7.13579772375185,8.15565624480885,9.98481680517231,4.69557742000201,-1.09835926894752,-1.70042948796267,-1.89678866309182,0.944712530742208,0.757764899005208,0.457959952868695,0.9684116263551,0.0939486562591029,unstable,6
1.07063709212738,2.74581079902132,6.04617794798714,5.41665400975525,4.82395812977197,-1.86797028126793,-1.37360123502216,-1.58238661348188,0.8175167358206,0.340912433584487,0.52189827547093,0.120164244806216,-0.0294072620304817,stable,6
0.830408456379408,2.3790407240434,9.4539965367203,9.73480500605946,4.01168253844832,-1.6271587107921,-1.56994478617753,-0.81457904147869,0.107442241134886,0.977085791295625,0.926229836816608,0.978715225913275,0.0423691026306009,unstable,6
9.66338711388354,9.12717334540737,1.6573186583079,7.52482426017942,4.87972667022943,-1.51347377955833,-1.72577751408255,-1.64047537658855,0.286909600512718,0.566128723267679,0.483984250187015,0.0614914550953195,-0.0104512377340265,stable,6
6.05351157755574,1.59454625197264,3.56458174764785,8.47005036037255,4.70036401378729,-1.79609765532336,-1.79315668118903,-1.1111096772749,0.971507501933713,0.955480254497865,0.476815338154273,0.429449214736556,0.027670364995787,unstable,6
4.72409316845761,7.15250932646171,4.54166479429716,8.59148326162166,5.73253322607157,-1.86847601739514,-1.90683709769908,-1.95722011097735,0.711815145240582,0.99395482029499,0.192451188814261,0.0914471027046803,0.0466557150675439,unstable,6
1.72300757866884,1.50850413136769,8.45179741993123,7.79482870905262,4.19455937430201,-1.86871585933561,-1.69238913264275,-0.633454382323648,0.193444187121595,0.372306724080204,0.207689078007354,0.729924562533665,-0.0151300021193369,stable,6
6.50764337295833,1.87686796433865,3.89193420285971,7.25634440340991,4.76997946177453,-1.27701724117134,-1.72352554896708,-1.76943667163611,0.928449460661759,0.804617916038138,0.81788954641038,0.357927927735945,0.0510856142542261,unstable,6
7.72368891486717,7.75179343288934,1.37429568972231,8.93635399131058,4.60408185048608,-1.81403657797382,-1.94911377651255,-0.840931495999708,0.598524521780964,0.517705707991237,0.686050106510197,0.5705316506163,0.031108057533497,unstable,6
4.10786697177429,8.56703189800747,2.31483957840578,6.55993474835088,5.19933982231841,-1.72754634917753,-1.99704154012039,-1.47475193302049,0.338532447562651,0.216194237016178,0.0572721167489153,0.940460256929278,0.0190207408592571,unstable,6
3.00408333927405,6.9967060509352,7.58973405876661,7.734278349493,5.13397827205702,-1.98262694935845,-1.90887274640386,-1.24247857629471,0.0623565672935045,0.558807726297403,0.425690996419106,0.963536078608973,0.0574305199064419,unstable,6
6.85945441122799,1.44342368415848,7.9489502145844,9.34984944883549,4.93335856692712,-1.9462389026109,-1.60043612544601,-1.38668353887021,0.318824836389855,0.941683799033725,0.326386623385657,0.553461094684477,-0.00525667013168,stable,6
4.10127695589947,1.53033110718525,1.79083130004794,9.68708162995812,5.25744149997533,-1.72780657680297,-1.83179400746116,-1.6978409157112,0.659130398704757,0.757706733450591,0.841448887357139,0.529372580635925,-0.0539509069843354,stable,6
7.83759369409358,1.66665565395947,9.14091203019926,6.8798239479269,4.60580217111254,-1.06597154709215,-1.55539260161042,-1.98443802240997,0.979652999705953,0.542172824809672,0.56766269325024,0.693365613147618,0.0604277252918185,unstable,6
9.24550783726202,1.46288942509468,9.08538736192071,5.72632356775264,4.57481915063801,-1.33618616150456,-1.90186372773927,-1.33676926139418,0.0631963998426404,0.822271031720642,0.55557408418086,0.44839153863374,-0.0197793592102206,stable,6
7.54882493571915,3.94994600581079,9.52409373163455,8.10596514290284,4.1103596152568,-0.87050050008673,-1.90924770084169,-1.33061141432838,0.276742357903811,0.899119792665032,0.0739545550782583,0.853043144277488,0.0419624375601358,unstable,6
3.64091749163222,1.36729230209853,8.27577551008948,7.50797209118891,4.56730190855891,-0.771168579516152,-1.87812413052559,-1.91800919851717,0.277335414215231,0.0796684534893313,0.544234207553427,0.0953740661019296,-0.0279196183891564,stable,6
1.07801463615904,4.53796421934932,3.67697182532353,9.06254411515127,4.39667976308501,-1.75647029246219,-1.05638637954672,-1.5838230910761,0.145169141218063,0.930039947005246,0.550185732601813,0.800257939858333,0.0352018359959639,unstable,6
2.12615349652597,6.69092021866478,7.93801040598512,9.69585199262877,4.28333482448867,-1.86402385044318,-1.15534147497045,-1.26396949907504,0.943210384525409,0.730655241944176,0.371169631346023,0.258948372266412,0.0163988788028114,unstable,6
1.30764549663372,5.09284338504047,9.19212903652132,7.60586446521579,4.33186966776235,-1.31409847138854,-1.64925833171577,-1.36851286465804,0.0713080578151671,0.329523235534905,0.343613168441569,0.418950258801499,-0.003330084231907,stable,6
9.76924512843686,9.64381120806937,4.83353349211297,9.19045606343719,5.15156345228087,-1.93061104578186,-1.24613552620398,-1.97481688029503,0.659188635039711,0.205152063607727,0.147293532051235,0.90110828723841,0.0530413041310218,unstable,6
1.6386157315409,5.72533077985749,1.43921904736152,7.09613233172523,4.33693626104331,-1.31430072758528,-1.22522946584381,-1.79740606761422,0.428945155393106,0.364633901720798,0.873618866968728,0.3528586703812,-0.0470793320044843,stable,6
2.4868905760882,4.11134716219844,7.47853585951281,9.09199810332344,4.18649735042366,-1.17643131891934,-1.24271707015798,-1.76734896134634,0.0818549603379855,0.819476232154507,0.088348439997012,0.594756660191001,0.0045389639707718,unstable,6
1.79228463025391,7.58319145091012,3.55460007332215,7.39168726407749,4.75751191472638,-1.87647515330092,-1.9878928828936,-0.893143878531863,0.430169380523735,0.276588092533429,0.607128108133583,0.158173358508024,-0.0414569478428813,stable,6
4.1685507836786,6.87276808506896,3.79219966029006,8.62161804669633,4.88924918429267,-1.11576127467027,-1.83124239258992,-1.94224551703248,0.445354598349797,0.438897648996083,0.604874627955673,0.46051831984398,0.0293130806700405,unstable,6
4.40660493950228,0.934984421109769,9.02247697434924,9.59424145213786,4.61771497226742,-1.76794843662928,-1.50281857395062,-1.34694796168752,0.301372933497101,0.257901045226259,0.698496278573958,0.949541381209787,0.0422612390892667,unstable,6
6.18349324969456,7.36279407810679,9.34397341307547,9.21350314186953,5.36184213043724,-1.79731372496028,-1.91629507004098,-1.64823333543598,0.283821774124252,0.386105122432051,0.410261675608265,0.683310162040477,0.0461915218837974,unstable,6
6.6463430645256,1.03979178872091,4.53865789578035,9.95131105881602,4.29451990145571,-0.555723759827088,-1.99172250684529,-1.74707363478333,0.564518034972257,0.774577069578336,0.784414384723024,0.211609352772282,-0.0055432609764886,stable,6
2.78882098415868,3.48934270224525,0.645349517384602,5.52343752821345,4.44190126461758,-1.78047811729443,-1.78019338435669,-0.881229762966465,0.896294644511779,0.766403218558056,0.907728712657508,0.973987349896046,0.047330326356841,unstable,6
4.32775245265939,9.77776388616144,2.38850491774587,8.14604523888251,4.60729155378077,-1.2313773039004,-1.89445314408924,-1.48146110579113,0.174715405161458,0.110264151213699,0.605403746938463,0.294064020249806,-0.0259823873517505,stable,6
2.56757164657281,3.92371416774777,7.81359742806805,8.52376800804287,4.94371068717978,-1.88745278584131,-1.20270083178575,-1.85355706955272,0.0795783385510126,0.143556898544627,0.449028170788368,0.986241127400239,0.0350250712835454,unstable,6
2.33748715640889,8.4511653837795,5.43152894082809,6.37711868006909,4.38289575013151,-1.63130916815995,-1.76011860741734,-0.991467974554224,0.813106895762945,0.254151124652656,0.935476364610127,0.788852915326145,0.059655997745054,unstable,6
0.551811534250574,4.52452915272027,9.5351789317627,9.96568888581066,4.93880225349326,-1.82069404092192,-1.31034473000095,-1.80776348257039,0.611185963996289,0.921173363133476,0.851207215019825,0.239212967347327,0.0122770570430488,unstable,6
4.08266458082289,5.51879100804203,6.05385761829094,7.00269600690976,5.00100060989508,-1.3509675559687,-1.86361428291071,-1.78641877101567,0.916040409170277,0.862540796320807,0.804533673282873,0.329316380315854,0.0896240928019389,unstable,6
4.36002137062862,1.25060160652292,9.91023402642992,9.55926860980179,4.64334722053137,-1.37293158626405,-1.27808287506619,-1.99233275920113,0.966165915290916,0.923840227168276,0.298834435684513,0.291889170353191,-0.0261427054238486,stable,6
7.03914565922409,4.69201803061733,7.28394627799398,6.71183590507474,4.15775743714379,-1.49171083872489,-1.39142147476776,-1.27462512365114,0.813853153437751,0.395160784905165,0.772523391822177,0.271374814808121,0.0662115785245418,unstable,6
5.36798370242633,9.85270764155987,2.0525076146616,6.68997379472868,4.61271371379458,-1.66024230667964,-1.42674736945744,-1.5257240376575,0.218143106653374,0.458932856283761,0.463106009670302,0.93118266501465,0.0285187129138311,unstable,6
6.49022400172842,1.23634550307614,6.28618622608745,5.62186854734789,4.60817758946712,-1.38611225482526,-1.95157835531298,-1.27048697932888,0.245510181250232,0.187060817938701,0.248467061481222,0.35078031450478,-0.0370666297956657,stable,6
5.54729705915303,4.39448694252265,0.543257147055899,8.84290668499343,4.27080794528076,-1.2349378015516,-1.99102194130643,-1.04484820242273,0.713670528966527,0.163013091184909,0.866371182031422,0.868718647686011,0.0044611815310084,unstable,6
2.98215111044969,3.23735645071312,4.48438672770759,8.12382156300157,4.64987608658615,-1.512073324813,-1.29610296525121,-1.84169979652194,0.673261119619252,0.823773964388068,0.941482487317455,0.321550664349514,0.0566536604314293,unstable,6
2.34017768725347,5.16000554499988,7.32614424178352,7.94225427191253,4.34005219516143,-1.53704112826072,-1.57678377826078,-1.22622728863993,0.202814040103435,0.547171188056193,0.63491429286268,0.719543200562078,0.0495506431388353,unstable,6
2.90178873066134,3.17134419674209,6.79137595557877,9.01090262299761,4.46443271193013,-0.925585963578569,-1.69646390586642,-1.84238284248514,0.4124543701585,0.118224770771572,0.827613978295145,0.383257549411306,0.0187421500604112,unstable,6
8.97426502584912,5.05577980209406,7.09181971875837,9.11099287922017,4.13356325156544,-0.56527128589378,-1.90791851687738,-1.66037344879428,0.496688923433798,0.586284267151732,0.296340342870521,0.254125648556952,0.0305682706928491,unstable,6
4.47916205363417,9.53220008682282,8.22917863260606,9.45529922662205,4.72202877553232,-1.33806777513325,-1.43544574264197,-1.9485152577571,0.223197554422922,0.30116195274682,0.770830452752322,0.2176438253155,0.0301831775508896,unstable,6
3.29926070841773,0.912449988719146,7.1450926025916,9.83829696198531,4.5521152608331,-1.1625680336337,-1.47020803081099,-1.91933919638841,0.927903190510989,0.98440820045694,0.492409568686238,0.895550950694686,-0.0010181651805049,stable,6
6.05881725610211,9.57133847465718,0.7464627985053,9.47097975808241,4.41747350970735,-1.74587973716874,-1.33895119470706,-1.33264257783155,0.273343141364861,0.474594501298214,0.437638642219281,0.0529494023816742,-0.0357667092035273,stable,6
2.57840180844024,9.56448683171716,5.44016335438308,9.57777371851383,4.97647621873086,-1.19043819523879,-1.87610311154501,-1.90993491194706,0.604400004285279,0.390753562503392,0.764784078027616,0.520042082170165,0.0307928164597448,unstable,6
8.44634359695645,2.15227131935802,4.10265848869384,5.8162836049126,4.62629356862081,-1.56837635571518,-1.94460663114563,-1.11331058176,0.402928446815582,0.911432540944355,0.782573565993169,0.172404959708438,0.001731550710452,unstable,6
7.11989327220716,1.9408947155954,3.94501384974031,9.80360952356139,5.12902688467058,-1.21334964571586,-1.9639314973499,-1.95174574160482,0.383738459208542,0.108284741073258,0.81980304194108,0.974967090013971,0.039648022315255,unstable,6
3.37403433677865,9.51293140794395,8.18524741082254,5.79081851138142,4.57555214985759,-1.77173037043132,-1.9520755022164,-0.851746277209872,0.322244217482239,0.654628550123729,0.961711735520047,0.558291029204912,0.0649499992917413,unstable,6
7.94875831382325,3.48598961262954,3.58080410510652,9.63011132785888,4.69656278711763,-1.95352054021285,-1.45947455934676,-1.28356768755802,0.445510067581467,0.457402205318977,0.600301995081619,0.455085513516394,0.0163757641111721,unstable,6
3.56005243033469,1.15671711774071,9.54515498042249,5.21324113094483,4.52360288995209,-1.22311395529159,-1.69945717467846,-1.60103175998204,0.589064792419456,0.471066981198291,0.848795146477353,0.641548440747419,0.0179618620995872,unstable,6
3.39143976161615,9.81963202106777,7.48924745796719,8.2696752221538,4.57310016016677,-1.41694841421401,-1.68766206291529,-1.46848968303747,0.571774539151044,0.835863412123325,0.951557645604933,0.430545433925184,0.0703518603963154,unstable,6
6.18959279659718,8.77030342686732,4.69370190097918,6.88307778223539,4.03898143352996,-1.16822772608254,-1.69064746289606,-1.18010624455136,0.436776239020405,0.722289580852287,0.0761411745884584,0.302972691555561,0.0309169818658859,unstable,6
5.55650288456131,0.767145885235711,1.95358618040809,8.73226692580263,4.42989769775412,-1.5331885052564,-1.23245574425141,-1.66425344824631,0.550912004589441,0.0582231164428766,0.588715138129523,0.701523833734824,0.0029674460351248,unstable,6
8.26992483043992,3.8713828041482,1.45089092230183,7.88711960962566,4.95261652258874,-1.97362060353362,-1.07211895624162,-1.9068769628135,0.468060118485393,0.403082814355957,0.0925321536661312,0.338152149417446,-0.0043695074670811,stable,6
0.720001579827641,6.77143912459696,1.52367939115699,5.72837354898542,4.53306556355709,-0.969770019272727,-1.77911913640618,-1.78417640787818,0.423962481168961,0.217667748485915,0.337168826700588,0.107879561441966,-0.0430596467312574,stable,6
4.52584354869897,1.82133710296493,9.94126340839215,7.83716667839714,4.66882259232559,-1.19607983884717,-1.5115374316989,-1.96120532177952,0.589754020671876,0.0761462373423018,0.381042043013211,0.211137137560117,-0.010432455127356,stable,6
6.08265620590515,5.96484278044185,8.6926118701312,5.83744394235746,4.81623393428915,-1.7357046261298,-1.46202634566692,-1.61850296249243,0.113939351396589,0.794620440292418,0.0518805780730373,0.222274015127268,-0.0015263498267388,stable,6
7.01979077952603,4.36708844507954,5.08584617835397,6.02033068990206,5.22381398499312,-1.7814830832925,-1.62696364819332,-1.8153672535073,0.454879687579839,0.163155618195395,0.487327093039403,0.987930281196021,0.0566535567644367,unstable,6
8.08333828947719,3.25502007226732,1.45846653225429,6.85033798187488,4.6804906952967,-1.97394414376233,-1.21208710094859,-1.49445945058578,0.815049975305697,0.459349824518254,0.770954031147189,0.774144887395975,0.0337173276827013,unstable,6
8.02574667731352,4.82929571037053,3.2606857280995,8.53068869407357,5.47577344828507,-1.85079594354166,-1.73904159229341,-1.88593591245,0.452183828514601,0.347484397072688,0.274256649859304,0.165370168565091,-0.0090314367026012,stable,6
5.16029622027369,2.04310129200212,0.706016112850828,7.54979315268605,4.19550163404266,-0.955880545490934,-1.24259643465534,-1.99702465389639,0.131041765479258,0.148166719181113,0.228478738367823,0.925589662008916,-0.0099470722857845,stable,6
9.09338965999672,0.700971491176414,7.4710495999006,6.7878575711129,5.37198918212193,-1.76970155662183,-1.96901776531856,-1.63326986018154,0.312843112048794,0.888328274889934,0.605010075149017,0.550613178819128,0.0018603049193175,unstable,6
5.24096841047223,4.26974195130139,1.06994010069001,6.06703454692458,5.11233836979212,-1.59966541450259,-1.85162687025565,-1.66104608503388,0.545478554603289,0.514331430072252,0.705491981477104,0.195740876308246,-0.0150962257540205,stable,6
8.81551302596304,1.39732956763139,5.12648914278405,7.1848774146978,4.5853072469357,-1.22173163073438,-1.94493822608168,-1.41863739011964,0.327609549522069,0.739427861547122,0.167971708642163,0.947668950796396,0.0128046426620102,unstable,6
5.47865191616567,0.612637284948689,4.19430401396627,9.60238502549675,4.22774956500168,-1.6347532786277,-1.05511190211532,-1.53788438425866,0.436341859031699,0.205830086895184,0.86824847736623,0.99241203575715,0.0374750971581296,unstable,6
2.5241087865851,9.47456864045195,5.76439018991656,7.49490289783343,4.7259722399363,-1.31097603392138,-1.42551447407732,-1.9894817319376,0.0844380647075688,0.717109413061946,0.244733485270753,0.0916137282423186,0.0031383467909499,unstable,6
7.30876647190942,3.71857489265607,0.890451877315156,9.82100649730883,4.3914360256686,-1.12972199484514,-1.37998490492983,-1.88172912589363,0.198129650278237,0.286181198442118,0.239838579139566,0.25585561027004,-0.0577719717962652,stable,6
6.87427362435622,5.93731347932399,1.78996036455701,8.1890993461155,4.18341524033184,-1.44709638996872,-1.46406842203635,-1.27225042832677,0.202252471675873,0.0717466306950618,0.335478817872327,0.200992047850674,-0.0399836037550654,stable,6
8.55420944163691,6.22884770858206,0.834716064041725,9.9278551624631,4.38439484508578,-1.52582038015455,-1.8735441041712,-0.985030360760028,0.357073384058239,0.541010128484527,0.91744468728759,0.454447972979116,-0.0102603026917281,stable,6
4.50785018015903,9.84564141475075,6.4077119645451,7.46986868539741,4.47582158274668,-1.40637625203809,-1.64543310211613,-1.42401222859246,0.475467681199212,0.0793159985753754,0.448921494553217,0.787867669663082,0.0384448348085229,unstable,6
9.66566147580132,5.79576118754689,9.36642309976955,5.97249165373718,5.21992721826896,-1.8742088610191,-1.59910563821128,-1.74661271903858,0.0888240140568768,0.570977602190346,0.401292130829934,0.44703667985026,0.0231907435561583,unstable,6
9.21335839364576,9.04875063276275,3.52712280778151,7.62626983070915,4.72751996148163,-1.80223933922707,-1.60253204604969,-1.32274857620487,0.658926809193369,0.206082210363501,0.187810468871485,0.0637161057713442,0.0036103456495576,unstable,6
9.32414744200511,4.20907662355424,1.06659466216427,5.77094227495475,5.47689389199385,-1.88159960861246,-1.95931948609732,-1.63597479728407,0.735951810286071,0.471753738184065,0.146830729970571,0.183212320602637,0.003645810815565,unstable,6
5.89315564346854,8.61229558423287,7.05178357806087,8.68942840653778,5.03182979497105,-1.68334482469335,-1.43304225212371,-1.91544271815399,0.0652283939383656,0.580434559444659,0.773401918290717,0.829856119927098,0.0680193335776213,unstable,6
2.44617389983906,7.75826380063972,6.43678208853385,9.66481120170496,4.37239498659158,-1.010006294607,-1.75532796560391,-1.60706072638067,0.8929632172105,0.198339727049455,0.70924643286668,0.757112574012316,0.0350346489945315,unstable,6
5.00410182618465,1.4480756825768,5.25336555896916,9.55884037455684,4.5451397083032,-1.70568937023157,-1.35132658739454,-1.48812375067709,0.933101157667607,0.787404192087041,0.701327952474522,0.511963936465182,0.0366107898755718,unstable,6
3.68333913102157,3.19052293519903,3.16222813821186,5.06656071063319,5.04046776464778,-1.68942358867638,-1.65944842666402,-1.69159574930738,0.185712314344227,0.876130776812717,0.48182264742575,0.472622093011527,0.0221096465618764,unstable,6
0.51409685109274,3.19807395834074,0.750002268283733,8.52225256729649,4.36531129558371,-1.73468455444741,-1.01957024153949,-1.61105649959681,0.99414862396096,0.966970401315462,0.649743460339409,0.424445594194949,-0.0514235998089282,stable,6
2.55312425973576,7.72142614963195,5.1726409572836,6.112358094319,4.25243643766809,-0.987308030192589,-1.45832999996414,-1.80679840751136,0.393825941705713,0.398894772849699,0.318468796679099,0.544218890560033,0.0134442214714628,unstable,6
1.04203223633597,0.96255730844494,1.60813692068288,7.22861675009989,4.81252630008117,-1.38446094870835,-1.75387497812995,-1.67419037324287,0.828078731898075,0.7622972815289,0.429658289669915,0.353929264290276,-0.0334644902668652,stable,6
6.61262078043746,1.53665683295982,9.20683655859767,8.29761946004373,4.37149255795263,-1.83797200996327,-1.58979057970279,-0.943729968286573,0.488253959125199,0.179484724744152,0.797908645549329,0.0946422575052781,0.0221812127848441,unstable,6
3.32782523966328,3.78693704748377,7.30518336670109,6.07391502276176,4.23530384487282,-0.910008682608232,-1.55522407273533,-1.77007108952926,0.161428322479998,0.697352221103436,0.743472236016718,0.366652479691984,0.0351950667703533,unstable,6
2.33500252781652,5.72746529113053,4.80543928851885,9.05490268326724,4.53603329856604,-1.58963545805436,-1.36633327552292,-1.58006456498876,0.0592158971941308,0.272933397873492,0.119916865273982,0.498476238442641,-0.0192978027259869,stable,6
4.12968157494648,9.99680198776068,4.6924684106802,5.71952728392767,4.50172747922541,-1.46406507278787,-1.18120008150858,-1.85646232492896,0.632017180093569,0.646411354875875,0.430785880739794,0.228173278767623,0.0240011912687016,unstable,6
4.53141278776481,9.92913523801841,4.80065059043049,7.44664983955548,4.56995704967987,-1.03288680313079,-1.80935602835913,-1.72771421818995,0.726406342531724,0.758806557323465,0.955642627154399,0.914700995242163,0.088779304754178,unstable,6
1.85889098123107,8.67656682039491,7.6985815781158,9.7450162318403,4.32245831852699,-1.57739337739954,-1.22108965342439,-1.52397528770306,0.615024598904584,0.0942455431344325,0.620297389742431,0.250396277747906,-0.0111493483755459,stable,6
7.107139187832,8.5421960759904,9.17539761753005,8.28281354033111,5.81870547181189,-1.86978344381843,-1.96599182315068,-1.98293020484278,0.130466614428292,0.871417835962748,0.612947153518281,0.223611435855535,0.0525676612278652,unstable,6
4.18325499705804,9.72606202653865,0.611060049339233,9.18823055003029,3.99802577628804,-1.30239084174294,-1.40683955388251,-1.28879538066259,0.69156357708744,0.438672736470476,0.710846312544469,0.639156333417528,-0.0004109193499848,stable,6
1.91479405555046,4.99393315539501,6.32131508648446,7.80219812179032,4.43438701378475,-1.1460639403434,-1.83513222654791,-1.45319084689344,0.855910963410485,0.637068417168548,0.83351400139214,0.440723445823127,0.0478146826077451,unstable,6
2.34843735649807,1.9681094722905,4.72503879973311,9.81177512347679,4.09560289142949,-1.03966492039968,-1.50783168186652,-1.54810628916329,0.250064095944723,0.914730033228676,0.527413666850281,0.619255320290262,-0.024525502854283,stable,6
4.89927743584622,9.01514995642378,0.950170327980502,6.23291545154919,4.32283921703752,-1.645158072371,-1.43481224957083,-1.24286889509569,0.539746250356251,0.768410960645075,0.529071860132654,0.546287219889837,0.0259552390959506,unstable,6
6.49994826786289,9.03595417022314,8.61691905840486,8.70138451744051,4.06327181642256,-1.35556840293959,-1.68139232880947,-1.0263110846735,0.075885371767208,0.624681973296641,0.728241776563179,0.25015327081379,0.0454894836049008,unstable,6
8.87069042481304,4.87186893486476,6.85769031506712,9.98235633932229,4.64667546604816,-0.993630307983328,-1.80697132308704,-1.84607383497779,0.865318853588605,0.451203153082946,0.637439298513786,0.591446843992186,0.0710073784664898,unstable,6
5.04658427802032,6.43601040923313,5.02719633249257,9.67176756428697,5.1773095987455,-1.90950288459982,-1.35940812688376,-1.90839858726192,0.310602453646944,0.306379449915013,0.773164025386438,0.22760518463993,0.0202399868887789,unstable,6
3.90777605643463,4.73834000868223,1.94248593127419,8.12157868032841,4.48170143328777,-1.47572158036674,-1.83493211602904,-1.17104773689199,0.654525968399782,0.471820006330957,0.769787202019177,0.0755961220323644,-0.0059430048733293,stable,6
8.04581352977859,9.39539664784109,5.04642939521516,9.58390014261212,4.29523671422132,-0.83881496991748,-1.80487449503212,-1.65154724927172,0.346098910464395,0.380140221888889,0.740162770542104,0.233771378632946,0.0312965284488519,unstable,6
7.38134192456135,7.89101373235058,7.90891459843821,8.3060874230171,4.33824592830785,-1.59923891611164,-1.02541587586113,-1.71359113633508,0.174547044791832,0.620088773731864,0.988338946520686,0.158494330393731,0.0569975145196819,unstable,6
4.42298653943756,4.44483355436509,7.27600565179591,9.32736496319285,4.84794102512717,-1.97660873244407,-1.81821781934713,-1.05311447333597,0.232874481104501,0.623047917718214,0.946130288956419,0.304118877685748,0.0483900713673878,unstable,6
6.9610770664173,2.24381594750369,1.2207857554835,8.59281516080724,4.83319533367177,-1.71976487372204,-1.83991894962831,-1.27351151032142,0.809983481077604,0.82317879321936,0.318813760874846,0.488108872619004,0.0111617599248011,unstable,6
4.47977504402141,2.06328638033986,3.43112727192353,6.82921470893725,4.46912401305477,-1.6230322647051,-1.81232510647415,-1.03376664187552,0.603919338745587,0.703701797857186,0.244425173338973,0.533861425287391,0.0103309405408379,unstable,6
8.17493424508548,2.58853095164432,2.45586154765849,8.67835589705749,4.28671450436169,-1.01591706589445,-1.54605559465673,-1.72474184381051,0.0948398648228182,0.372961917260683,0.71238024266946,0.969568074163736,0.0073357581974319,unstable,6
1.03489671683089,2.25812376944248,9.66309706963396,4.74873269234481,5.02143726790597,-1.82984123769125,-1.80458575987234,-1.38701027034238,0.714052561128704,0.859630767823859,0.142969128653613,0.855962260463763,-0.001708201536682,stable,6
0.657008285103866,9.84738203274207,2.01510651960169,9.69834075731065,4.5871644624643,-1.42044866160305,-1.7698450551365,-1.39687074572475,0.976925399302315,0.313410652118378,0.935758195730961,0.502201669435635,-0.0292644386489536,stable,6
6.97178740744652,8.53889421050131,3.34988602143246,8.34216059659051,4.31487923737622,-1.01168777155383,-1.56581483688848,-1.73737662893391,0.533208630040343,0.103158518188284,0.390106584740061,0.420543069545402,0.0113770687904323,unstable,6
2.85035662635723,5.52104264081157,8.80652241139325,5.48361165257432,4.58088025403194,-0.998762283231085,-1.6098196032708,-1.97229836753005,0.99355316384179,0.414402981695209,0.669171928693904,0.647124454334842,0.0499743764877755,unstable,6
3.50311708292989,9.55703035382399,7.70899679559076,5.83689685476388,4.58520209710928,-1.74048348139886,-0.985448178523336,-1.85927043718708,0.704299569346808,0.899072551230945,0.39515073134543,0.161573529816784,0.0393988352356219,unstable,6
6.3782595680365,5.87730067714395,8.66074010715318,7.53142619616594,4.29223096881257,-0.881479236818594,-1.97169592196553,-1.43905581002845,0.752673939021626,0.5647799346237,0.427123984645641,0.314039387023366,0.0573698360724848,unstable,6
5.08209022269154,0.800147981869732,1.31312763776099,5.71418296255594,4.45431204333403,-1.40286908460048,-1.54379813425874,-1.50764482447481,0.365095767852454,0.185288716487504,0.662185374506669,0.702089791186693,-0.0248884737414265,stable,6
3.96081229590565,5.48491109173888,1.51422098584704,6.73909522603718,4.47545786244076,-1.71497715729071,-1.62015932361406,-1.14032138153599,0.927189677574635,0.30817895013517,0.529132865996558,0.637808226073681,0.0327151816286591,unstable,6
6.55127303498213,4.83168437302707,1.75892376885873,8.79959208775415,4.7753134011291,-0.881797043878306,-1.93313934598544,-1.96037701126535,0.60597437486104,0.898750183308059,0.787771365609409,0.391361425952949,0.0370635314416236,unstable,6
4.34374927146692,9.15611838730284,2.32658647235741,5.28390337855018,4.94408061880669,-1.99211546499453,-1.30214366908236,-1.6498214847298,0.33535815893571,0.319556939572071,0.375712821148379,0.166042591405294,-0.0293592475436866,stable,6
2.0816001283693,5.17163968948718,2.70611995863003,9.97045760404539,4.03967353917133,-1.19405868193465,-1.43067345469501,-1.41494140254167,0.771160523123177,0.257726515284177,0.371470448984138,0.340527223479435,-0.0425445400890753,stable,6
5.86335687692325,1.65028450458174,3.3592552076936,7.66628618761571,4.43095529784024,-1.80814009658188,-1.18800812650953,-1.43480707474883,0.186458053837355,0.7417343923528,0.862689788642174,0.869607828737369,0.0203242166408045,unstable,6
6.88830793888925,5.51517760165004,3.22248599498722,9.85127784101716,4.51112376025986,-1.65541577796169,-1.89596846115933,-0.959739521138836,0.407249012798398,0.461179762814508,0.449477880631332,0.859566969599911,0.0420938097846368,unstable,6
3.80260251088847,7.68332705917433,7.58540247603827,8.78457637862116,4.88182087195006,-1.21727555673546,-1.92677532978981,-1.73776998542479,0.943518977924801,0.641318234188763,0.814028800444744,0.661562225039417,0.0809557340765402,unstable,6
2.78553786818952,7.05526796410426,5.6611606795317,5.81752750953062,4.64168336205734,-1.53732108501936,-1.80906489368165,-1.29529738335633,0.185250188083779,0.663804774779327,0.875157127422995,0.262646329350714,0.047113229119438,unstable,6
6.13623480265944,1.72984549911026,1.4458302037513,7.53529883554805,4.82990155655031,-1.98315670618269,-1.33820394981677,-1.50854090055085,0.703673998380571,0.680028419807904,0.348857462090416,0.617011284886174,0.0080165978615073,unstable,6
5.81775552570286,5.18432851446645,7.19748204334349,7.07250545830571,4.36237212009109,-1.05995432354729,-1.99843828013536,-1.30397951640844,0.952128783487411,0.682993754804713,0.796198560861991,0.819664205837385,0.104409747473299,unstable,6
7.35304993898998,5.63058685763271,5.54147698849522,6.25311166202595,4.81485454568511,-1.68377201658124,-1.20539016142017,-1.9256923676837,0.0710253148218046,0.0739109248016262,0.218609917450475,0.494931883749197,-0.0329804262724222,stable,6
9.65100155516565,2.67424902568649,0.770655188708729,7.78990892820083,4.65373405856736,-1.94038152793973,-1.28128787032658,-1.43206466030105,0.113878175499395,0.786157825169114,0.466938199413554,0.0725414444775367,-0.0251299237774114,stable,6
8.5969578360017,8.20358809129341,8.07222133544175,7.20024099611116,4.40664929720523,-1.80149985452583,-0.856614750959899,-1.7485346917195,0.690163298286714,0.660331225868274,0.783748314738569,0.470776575708756,0.081948792793396,unstable,6
6.0296473255186,9.63010525877471,9.66854681447365,8.9215214887404,4.34270660754506,-1.64589108490593,-1.23731518115305,-1.45950034148608,0.633477856207077,0.454874586950855,0.750582752469757,0.723706831853588,0.0745625569645032,unstable,6
5.34988696440995,7.18398873183199,3.54021141450407,9.24469768964463,4.34103621163823,-1.1697443162799,-1.47859716089335,-1.69269473446498,0.235332092469365,0.101185278116714,0.505545289991063,0.601944861692712,0.0018983791194751,unstable,6
2.25650096504462,2.23368871601565,3.27585031035759,6.21579738202121,4.56148773143809,-1.74119347496032,-1.85325942650583,-0.967034829971939,0.137229356905725,0.0709487424898648,0.450278653298327,0.0790140692909737,-0.0433645747583661,stable,6
7.13992984648936,1.26319505573984,6.51499433146223,9.09911691075514,4.998492515737,-1.85904932654204,-1.54060724510283,-1.59883594409213,0.463494860325834,0.939049052236254,0.818012403314633,0.446104186133289,0.0237158029313907,unstable,6
3.54087372911383,6.19676613352948,5.36147880624633,5.35183802617203,5.07957339332644,-1.62545199623402,-1.90322934716507,-1.55089204992735,0.275053675086689,0.641933468868887,0.518354720572164,0.10275511309676,0.0167151805766187,unstable,6
9.65468393919581,1.517751592766,4.49306807024082,7.99923326935875,4.95715655432954,-1.95559659406925,-1.64778127553575,-1.35377868472454,0.929814719114596,0.695721625292143,0.179315372656025,0.56031227468763,0.0241340543285202,unstable,6
6.45202487516402,5.22497636134246,3.47422995933624,9.99891220937506,3.83458509934443,-1.26343053816531,-1.49896411442845,-1.07219044675067,0.355162543793311,0.326598484303351,0.753650497503415,0.670940671934736,0.0279441183458683,unstable,6
2.57982781633488,8.88354812664861,2.24419174070944,9.92450020853883,3.79443567725367,-1.33052612370842,-1.23083750086383,-1.23307205268142,0.979315520623106,0.662204216487659,0.322141498714274,0.388271254302261,-0.000621112001756,stable,6
8.21183958471781,2.44048042708086,7.64218857176497,6.12957649368073,5.24104415553649,-1.89698793367799,-1.55346906393985,-1.79058715791865,0.98185888430745,0.318645795389342,0.576057049195342,0.179664685026498,0.0463982935372488,unstable,6
0.703583840686863,2.48323074606077,6.73808557170165,8.5297959446612,4.04182734398931,-0.711674232550408,-1.50796825821053,-1.82218485322837,0.694388374044851,0.81129487436919,0.0771216613601567,0.238531399079609,-0.0178371967490144,stable,6
2.38731395026946,7.87276633413114,2.7586906133436,5.66265638063982,5.10001443670528,-1.9622998197469,-1.42115844003174,-1.71655617692664,0.308781036229536,0.253445808405876,0.0669564132680127,0.460829093200795,-0.0318058207553074,stable,6
1.02322155533049,9.94215977543274,8.52597600180964,5.03758299984738,4.6946635623589,-1.17923644649511,-1.92621992402618,-1.58920719183761,0.674261210475573,0.488825985233297,0.39529219429296,0.688037848292933,0.0015614149621838,unstable,6
8.86894557024334,9.13476795777545,2.63129130877536,7.67832840486247,4.69310290836858,-1.0389542860535,-1.9473018732031,-1.70684674911198,0.391754905407691,0.606908545656149,0.599556903874069,0.794831712694233,0.0496611678244005,unstable,6
8.18602849244616,8.69737210021497,7.45805230541306,6.83489550544015,4.52383692373684,-1.66705303424248,-1.41172154818033,-1.44506234131403,0.699495576490916,0.783585735829891,0.305285123817124,0.208887438502393,0.0589166796172299,unstable,6
2.02031932686336,5.6695102191107,1.39908940709098,5.26991468584604,5.40610360625686,-1.6367715952577,-1.99601896487926,-1.7733130461199,0.961505475267656,0.230386464213994,0.46873661460968,0.403188804724417,-0.0397122529253823,stable,6
3.37753266496784,0.991682666555431,4.93190383732519,5.4647116173476,4.21164741280922,-1.61787812440962,-1.42665280357769,-1.16711648482191,0.660592447897871,0.737856129507186,0.678691350218015,0.407372517132625,0.0159725186398001,unstable,6
2.17999944983466,3.69760453974563,7.89477769076912,8.81140312770383,5.29925551427177,-1.99160446900058,-1.31007007291821,-1.99758097235298,0.495927960642895,0.37676224637588,0.126130794833446,0.134261398053236,-0.0355912606797456,stable,6
6.87587848124064,5.70543704604143,2.22267712026926,5.17610845816429,4.44276675175549,-0.987559323511145,-1.95217172948631,-1.50303569875804,0.337447485136411,0.0910450542461139,0.27265668272469,0.68432786604748,-0.0081597131194984,stable,6
0.577788225120108,4.44555955589311,1.17730024916474,4.37194943893227,5.04004866046412,-1.35386522317788,-1.71181019773934,-1.9743732395469,0.0671088111391466,0.117791664030006,0.0866716186267266,0.455401825388066,-0.0315919435436221,stable,6
0.934403320331778,4.90444557607586,3.69576397343794,9.87641494883532,4.63831066730706,-1.64090320938854,-1.58386215749305,-1.41354530042547,0.989165617614994,0.443196893941757,0.329620940813703,0.351038206367496,-0.0416103734599848,stable,6
1.93216758167656,6.07932539404247,9.7052041406451,9.15759230484064,4.59561683422814,-0.797810699595115,-1.80827938139075,-1.98952675324228,0.162498950110216,0.319160634693981,0.457697468483376,0.929131805191735,0.0413086783401884,unstable,6
6.37408025904995,3.63483259866617,1.95107112024087,6.67129027204766,5.11346400406561,-1.84067809688676,-1.72138544025049,-1.55140046692836,0.061387209733635,0.0556246063055168,0.596283958100586,0.90687275278148,-0.0092145752532965,stable,6
4.19240506641879,6.43130969269734,2.63377842705157,8.21283336691774,4.53820190153369,-1.82327107957667,-0.979644235404185,-1.73528658655284,0.479253598176208,0.80712429475324,0.0949655762904708,0.613339598915299,0.0431740024586242,unstable,6
4.8888430246306,2.42470018967541,0.999453695280978,5.45169570996554,4.43928762020361,-1.41516579803033,-1.71625070448508,-1.3078711176882,0.382384651107936,0.0503856474976067,0.797328741763156,0.264288550847174,-0.0486033290720904,stable,6
0.751116680496663,8.03947426874576,6.97360814050518,9.55175137217365,5.15338352165871,-1.75656715332477,-1.92863132691554,-1.4681850414184,0.13191144163157,0.0868391338627506,0.644953819437997,0.658302536137477,0.0218427790527621,unstable,6
3.03499183394385,4.21859706712707,8.31852503422279,8.64449314977765,4.13790481194168,-1.49324906561873,-1.19203026504138,-1.45262548128157,0.949816425285005,0.742529871737859,0.544954790270313,0.896599423238322,0.0619236892051557,unstable,6
4.14770827669436,9.03360130025766,6.75541937126112,6.11685123050713,5.39703912245797,-1.82926827335359,-1.63868010089129,-1.92909074821309,0.119118967239627,0.119079590706648,0.519891590318695,0.875526099014344,0.0322156481502349,unstable,6
2.7478300907776,6.01862892126988,9.98470233186356,9.37147971859361,4.16610576288651,-0.729371285470564,-1.52960407285801,-1.90713040455794,0.325457702438837,0.713531300116592,0.405692083847754,0.180194576315578,0.0137053965399017,unstable,6
3.34727877889945,1.77652610241333,8.5663848801981,4.46723825004858,5.36384634670308,-1.78097645274285,-1.8585115585723,-1.72435833538793,0.188552880840942,0.853821497799817,0.860059314652004,0.297755327493844,-0.0046682576175837,stable,6
6.17299326796021,4.82134783208974,7.11905100827585,7.06383082704494,4.64086067648497,-1.2537818324699,-1.68549861312683,-1.70158023088824,0.634630777955704,0.112602206296807,0.639977681035751,0.497193849321469,0.0504868461355197,unstable,6
7.73427382020688,1.1037835217672,4.07263765532175,9.42707337857045,5.12783646580498,-1.65490881133642,-1.96039964141523,-1.51252801305333,0.92378413502796,0.871544387109058,0.222966931956871,0.383591180037454,0.0052087022365724,unstable,6
2.39348611127625,2.03166246322971,2.39867820832204,8.09578190963545,4.61666586960967,-1.76282639043221,-1.67445692309444,-1.17938255608302,0.774175033276567,0.177131966884863,0.665162557898122,0.0791428565809224,-0.0128423658088287,stable,6
7.19907960221682,5.90941726250787,8.88570352344338,8.47878232652275,5.07808828112413,-1.88192824432231,-1.54313950710968,-1.65302052969214,0.863888591164033,0.372685791320346,0.648814874059081,0.177291119320589,0.0588844226579804,unstable,6
7.79098050460374,3.25795984237274,9.4592929545152,6.17685770668036,5.02074386844817,-1.74653608432666,-1.58717487238754,-1.68703291173397,0.43870632970332,0.966317520618172,0.748020767681326,0.358420838774411,0.0456801055587165,unstable,6
2.28926277454189,5.54859812522412,6.85156302890925,9.43914471272826,4.97847028616586,-1.45924705273446,-1.82169371168319,-1.69752952174821,0.451819781736709,0.64034814684997,0.860078993600316,0.0924911068945785,0.0340223886559611,unstable,6
5.04201957891644,1.41551816283239,2.90441817206248,6.68318681471207,5.12751180901962,-1.92486309055113,-1.3293864429672,-1.87326227550129,0.823749316914354,0.761474284208561,0.503818068329758,0.407807607030395,0.0169595532320582,unstable,6
7.18316871527116,7.94193748066559,8.68664907239587,7.90865703376763,4.75864532799886,-1.69117756489465,-1.23856077890408,-1.82890698420013,0.307720509198103,0.721979339307442,0.953026203155005,0.53239952364157,0.0788072262981012,unstable,6
5.9186255048843,9.66805051553,8.76134125240905,9.88001560733659,5.10790086764388,-1.83784790300205,-1.28281636539571,-1.98723659924612,0.0548981476060778,0.605926933043951,0.704627366210229,0.877428372336797,0.067353507931895,unstable,6
6.83043806481874,8.82512147622482,2.37512555184208,8.95792807991494,4.35090359608704,-1.47991513435746,-1.00100357251329,-1.86998488921629,0.836487811340266,0.0551488767613634,0.233569113365904,0.865382132722385,0.0450260594736448,unstable,6
2.68743346757521,3.54240821351013,8.94262047301428,8.65489417965944,4.28513302779867,-1.7291495131407,-1.72326450893452,-0.832719005723449,0.283252582954372,0.976480592923922,0.348590018548027,0.292737437325495,-0.0012495817817708,stable,6
7.98094729009848,1.36812203654635,4.26933757100749,9.95564737548659,5.05165231401311,-1.41641963316823,-1.88963708289093,-1.74559559795395,0.933733122188698,0.924315148834992,0.606808007762636,0.927391197844875,0.0412487241023402,unstable,6
8.73218548220515,6.41806342649777,3.21378825517386,7.54264824384319,4.48049290261371,-1.94520733991419,-1.47138122672174,-1.06390433597778,0.453308614650255,0.248337851459156,0.813196394822788,0.0537824626125617,-0.0064836149568576,stable,6
2.16997152289164,5.23123675999856,1.14900065161827,9.54293994673029,4.34956786746651,-0.75637595817385,-1.63058598253885,-1.96260592675381,0.441940727686892,0.178947944253574,0.971358598553462,0.0655377345003537,-0.0356346312564214,stable,6
6.11445540877966,1.49704713161337,1.80725531401458,9.11598236480452,4.05971650650009,-1.01744498988985,-1.33965232995183,-1.70261918665841,0.0972064310296415,0.990884421204138,0.158845225615671,0.750246562093046,-0.0186821933764241,stable,6
1.18389937187283,5.95362492735907,9.03311004964737,9.01931889049236,4.0436863440784,-0.936868333537935,-1.20401052405344,-1.90280748648702,0.142345653191855,0.892537244956769,0.0757017543845926,0.968053580876929,0.0460646936112092,unstable,6
1.65888312592631,7.3655096651858,4.89210877735625,7.90774814024753,4.44831480333226,-1.98652421369629,-1.45866144714623,-1.00312914248974,0.456379933333865,0.867906026384494,0.686361209039897,0.693915774322334,0.058750693025409,unstable,6
6.67845791251054,7.62170987563881,9.68747618496666,7.18275869094579,4.20824229514974,-1.01959372145922,-1.44383500384748,-1.74481356984304,0.301053167533942,0.330828978489855,0.891671151455878,0.549016405275369,0.0590819880955396,unstable,6
4.1587106288029,9.95417989378618,4.03880332186224,6.58606568638536,4.56716031723255,-1.87288754398256,-1.46611304229324,-1.22815973095675,0.545887278465187,0.231742428966765,0.906386098473204,0.49974957773317,0.0373041430524644,unstable,6
6.89803604817679,6.22514183048748,1.26395599633198,5.14563292391925,4.37395594148951,-0.996775281183608,-1.62160444189063,-1.75557621841527,0.143277709517842,0.25162656609767,0.221173837228813,0.477938555949969,-0.040215554937881,stable,6
9.71974995538461,7.73982238249202,8.27175863040105,6.80105509547691,5.09177033509507,-1.37971530381209,-1.88274066158127,-1.82931436970171,0.919391124333587,0.184839968596804,0.269095210617586,0.504747696857626,0.0513611897348896,unstable,6
5.76409450192328,7.56670075415826,8.85157472565012,7.91142015368508,4.04887890282163,-0.985393946495373,-1.60188952168481,-1.46159543464145,0.667907884565566,0.291782008110752,0.114006908148821,0.509539886124932,0.0325769503199833,unstable,6
6.21384639334399,2.58932224920158,5.07212798584806,9.20020766093893,3.99118281089718,-1.22934151721359,-1.29585632125787,-1.46598497242572,0.285241842329801,0.53390208294485,0.837406765930892,0.639927655354283,0.0365298842484819,unstable,6
5.10764662275902,6.31512895735276,5.5228867193106,6.0022123547811,5.09884991566673,-1.9219251328209,-1.89976997468928,-1.27715480815655,0.853427735008614,0.568100096395296,0.940093195803096,0.819698396570323,0.105702188720788,unstable,6
4.13710046650461,6.93080369550855,6.88901705301547,6.51531478343519,4.62351359140801,-1.5409313065056,-1.87509791234825,-1.20748437255416,0.34460965865194,0.384096939350236,0.261414388669117,0.975429258568144,0.0500560776804179,unstable,6
4.0681123125303,5.29109782380271,1.90496281898413,8.10202404816203,4.57851226466506,-1.61554282598461,-1.49776929064618,-1.46520014803427,0.905990486116323,0.900473829660271,0.731224148570986,0.605689357070733,0.063241083297102,unstable,6
8.13989447413417,5.89366128568489,1.57370168005931,7.22605476405772,4.32068805493835,-1.03077456442012,-1.88482970947481,-1.40508378104342,0.917279522728717,0.885698037707016,0.158949757541342,0.287849569358334,0.0569140102171047,unstable,6
8.31719298200243,4.01539473455482,8.38655167764425,8.48119645771487,4.69417367861236,-0.968620543112396,-1.95282954418762,-1.77272359131234,0.765012030938658,0.454905531482245,0.408678775931948,0.779458148276465,0.0661865716616861,unstable,6
7.5044970643403,2.77849892011173,9.52092996224185,6.04237904813422,5.66231455196069,-1.97984740829823,-1.74731776346923,-1.93514938019323,0.802925157906638,0.759708792632958,0.932124989389024,0.730821570552331,0.0749122775489134,unstable,6
2.02361137288525,6.55432138260518,8.31106661568404,7.77352006987585,4.19068773466372,-1.70151736823991,-1.71525230976887,-0.773918056654942,0.31963037402565,0.927930035095651,0.702097305657936,0.235325950598898,0.0489194251736947,unstable,6
5.28616362730382,9.31561055493638,6.3907078127561,7.91447202165449,4.47853982922871,-1.41794155206232,-1.2318096576045,-1.82878861956189,0.388031298005672,0.477379008846185,0.605351313601352,0.669741885554816,0.058938324714125,unstable,6
9.07296215742241,8.95666580516431,2.25799097260057,8.82876283114151,4.11924032439504,-0.845821271702717,-1.9958733422361,-1.27754571045622,0.391326268838147,0.776828863919615,0.305488398624803,0.904340356730762,0.0600165413645792,unstable,6
4.60917814650122,2.38937395673791,4.37406634926977,8.34916418870761,4.20564468682003,-0.817685181542334,-1.73265299689812,-1.65530650837958,0.440789655656298,0.605556361157476,0.679549811372004,0.683989579933643,0.0336349606384243,unstable,6
4.33482659569122,3.22672261212919,9.7573926260324,6.58411583079736,4.13954698780136,-1.48143588659419,-1.73148848367925,-0.926622617527924,0.832176999515095,0.165209829420585,0.960830574043561,0.993508207929621,0.0728251783196258,unstable,6
6.10354568861395,5.15597113228783,3.82341309690769,6.35803394526036,5.36899253568209,-1.94288494368867,-1.89520492008991,-1.53090267190351,0.395553522734604,0.53730658245642,0.339208338903595,0.825883684905091,0.054185631928257,unstable,6
9.29457499769174,6.01528965732091,8.37798327802558,7.95084675425616,5.59473736676595,-1.83216220723597,-1.7733952802831,-1.98917987924688,0.187809045604003,0.062131309520714,0.803216808527942,0.349700895336398,0.0296544012804759,unstable,6
0.774182896949258,9.96187992315996,6.75475350801846,8.03304624652625,4.90641968899656,-1.69326883303382,-1.71186266341787,-1.50128819254487,0.448745277017356,0.825046928513707,0.0970969916622201,0.436177127730073,0.0123893751829299,unstable,6
0.960579574048624,3.98447277715511,6.13435336309608,9.75526362464272,4.07641852604588,-1.42525248373594,-1.5235944752969,-1.12757156701304,0.381592396004341,0.31750087718057,0.840618693618313,0.981700542725835,0.0378378560663407,unstable,6
7.06309651070634,3.8977897247395,3.6679607068759,7.95340967399132,4.63259194194427,-1.14660887845851,-1.85036201096989,-1.63562105251587,0.537053848835705,0.464418593575098,0.565544888886541,0.164245440131573,0.0140896877476895,unstable,6
5.78329943032939,4.72661361135432,1.34027331194951,8.61793289668483,4.58753330160961,-1.95057385775524,-1.59413710617167,-1.0428223376827,0.445853122553206,0.645680024472034,0.406864277950556,0.726179579142414,0.0286731562602318,unstable,6
