tau1,tau2,tau3,tau4,p1,p2,p3,p4,g1,g2,g3,g4,stab,stabf,cluster_id
6.99920870915215,9.10924671643764,3.7840659093988,4.26778760341917,4.42966882280625,-1.85713917685067,-0.670396827477973,-1.90213281847761,0.261792854117035,0.0779296721686504,0.542883858522323,0.469931041283024,-0.0173849069339299,stable,2
4.68985192749584,4.00774746209312,1.47857287590383,3.73378749230253,4.04129961368168,-1.41034431234687,-1.23820427574315,-1.39275102559166,0.269708270661235,0.250364217202032,0.164941118523114,0.482439411001001,-0.0386765836142913,stable,2
1.61678683711417,2.93922810703424,0.819791186154762,4.19180384910867,3.7522819142677,-1.48488454526459,-1.28058145097331,-0.986815918029798,0.899698249387734,0.866545796305834,0.303920577803025,0.0776101261113305,-0.0486167008032998,stable,2
0.727076790719363,6.42555418628185,6.26909394931071,0.786910858371004,2.9131788668783,-1.18786613128845,-0.687734538989735,-1.03757819660011,0.471442103223066,0.0613288483820634,0.221905026793187,0.647616792817241,-0.0463741659831272,stable,2
1.80781872293327,7.02035577512137,6.67692890277124,5.16964822716473,3.6722876429137,-1.18847058920268,-0.819163766617642,-1.66465328709338,0.127657732817716,0.160127434033125,0.171724010033894,0.838403503614675,-0.0086384123283089,stable,2
1.49218872607205,9.79709296741197,2.55281063054377,7.19469647937642,3.84899325423071,-1.8514937934918,-1.41403610700899,-0.583463353729923,0.799481515463581,0.654333089808831,0.32163781636517,0.268789669713002,-0.0270085576062858,stable,2
4.86190329969986,6.14534512134815,8.81162194488258,9.24212875448136,3.00518202622547,-1.58959435001619,-0.814255047075893,-0.601332629133388,0.223498148677044,0.14803372452912,0.687915928889991,0.903221919938528,0.0528775753010932,unstable,2
4.04407080759471,8.73796761025575,0.896589230799873,8.4620145750171,3.54305483904225,-1.65227421511498,-0.583774460008601,-1.30700616391867,0.777571676258638,0.452660468495566,0.53756751143973,0.755847944095472,0.0219242217870562,unstable,2
0.50401426172707,1.14209406597184,6.65142652915706,4.52722749641616,4.32815601000258,-1.74832297856129,-1.82355757055389,-0.756275460887398,0.129387731373367,0.225295477190729,0.312797029970689,0.658453830919069,-0.0188099067708789,stable,2
4.72979765981223,8.43474066862767,2.20728055471667,9.00113592863475,4.20886467905513,-1.89461633145834,-0.984437481844262,-1.32981086575253,0.529685304742925,0.396811506515681,0.5808408918186,0.97908578764832,0.0413554488546848,unstable,2
2.91804953946372,1.49278870775764,8.63437614631279,3.28980577215442,3.92882230759231,-1.58076853335913,-0.735708919376391,-1.61234485485679,0.315825601499547,0.817872451784109,0.762099199028712,0.278032880929962,-0.028759808160054,stable,2
4.77900506510407,6.96474261608614,5.5673134308132,5.55193787832241,2.98653539631521,-1.40493121960037,-0.573671433478384,-1.00793274323646,0.380299484792562,0.187899833853611,0.457856900065247,0.376601651037559,0.0107949107472528,unstable,2
6.87164954769061,8.82891108424875,0.813569397359772,2.22966583067146,3.83904038481463,-1.79678793861759,-0.808431924290606,-1.23382052190643,0.976099430208299,0.548752397274199,0.313012594309434,0.102243005441771,0.0232700379583279,unstable,2
3.33338015810951,6.11651311009327,9.38111268302653,9.23954529765637,3.13474111829214,-1.37275837108656,-0.895739600398624,-0.866243146806955,0.225010143388446,0.0785711289227835,0.486136618560539,0.260963602125446,-0.0067033803435513,stable,2
1.83564488940928,3.86490823461957,6.6032767777294,2.67376469998859,3.90883663626222,-1.28652198933235,-0.873916301445907,-1.74839834548396,0.989818509353336,0.192119293872275,0.546716910138703,0.270880485502263,-0.0307102277580139,stable,2
3.37862935875776,4.32927626648619,3.97864696272702,4.49647486295811,3.59090177603084,-1.59570168372145,-0.637056714840676,-1.35814337746871,0.496961751442979,0.136693813752322,0.197503729024183,0.958764554074419,0.0187204084950892,unstable,2
2.97406026182804,4.00725233831285,9.6824423501579,1.89459241985225,3.70616889305846,-1.61104366897513,-0.646337123550137,-1.44878810053319,0.325168555172924,0.235628307815264,0.177919439190642,0.893719383457723,-0.0344925322817297,stable,2
1.30566099765062,6.83927311378076,7.37663631580838,1.84378718851783,4.4092595458675,-1.77064229167872,-0.948720371049724,-1.68989688313906,0.99870941731377,0.36732602039736,0.311486490217957,0.387281075602439,-0.0103967640258082,stable,2
6.21917249549712,8.28771103852523,8.98036450353657,6.4318739291805,3.87697067188032,-1.91272164438128,-0.757223373871657,-1.20702565362738,0.0530250794036384,0.765076820829437,0.629173650635903,0.884571343587209,0.0695904106750116,unstable,2
3.25210482156017,9.25531747276869,0.535665723328595,9.01787150209502,3.46104143008747,-1.77405430453847,-0.643455597153818,-1.04353152839518,0.413851740220928,0.986610403079878,0.174713832916915,0.435268558855199,0.0288166368478962,unstable,2
1.049968001138,5.62672418274487,6.24232091903185,2.45904519367918,4.0090373123424,-1.84465658193552,-0.527782855406299,-1.63659787500058,0.854848602440474,0.0534091032331542,0.381871696035855,0.355856622372162,-0.0298233234380197,stable,2
0.51887183384482,0.589952936664328,0.851472433249035,4.57550869669092,3.54751604445119,-1.43925913968838,-0.943584475307818,-1.16467242945499,0.726716058147234,0.134152369513136,0.646760565798294,0.239756983243097,-0.0395820533777999,stable,2
1.68780878899759,5.11229300511746,1.85239039794102,1.86504644723586,4.07524716748959,-1.93571739090575,-0.530728161073837,-1.60880161551,0.33843331727977,0.595936790165029,0.916848563382772,0.22273752565958,-0.036322258002483,stable,2
2.11188270847587,8.05653660781403,6.99747391103277,7.82274444938534,4.10862791126218,-1.60027910441225,-0.637830502460769,-1.87051830438916,0.930636158707896,0.800531373575515,0.269984764020796,0.0757458653405542,0.0058928690182582,unstable,2
5.21800052187162,6.50713337367326,4.0381768202025,1.22986376650825,2.84324438561444,-1.64784203668459,-0.526455983431067,-0.668946365498786,0.391927912934824,0.390966733553854,0.78812573460546,0.214378252395826,0.0103509495006362,unstable,2
5.22455108478389,7.00901954363895,0.540103984489758,3.63273729308064,4.19247440689924,-1.76576061484716,-1.11993038659594,-1.30678340545614,0.058730786247279,0.87939657060027,0.438292052087388,0.698918546807236,0.0013950720894859,unstable,2
0.60177937081235,0.602231863715639,9.65310900396926,4.33934159809455,3.55339100989272,-1.01491808103564,-1.10966063566941,-1.42881229318767,0.569559596631168,0.0927847980044142,0.823766288025838,0.243933390273978,-0.0272881949066571,stable,2
7.37446456188859,9.35522446876862,2.68867951382827,3.97345379383308,3.14514031223006,-1.54242834543433,-0.589756105087232,-1.0129558617085,0.310522767274415,0.103935532753187,0.871683306478731,0.290242849063111,-0.0262193185029904,stable,2
5.51462699572868,9.02832764206543,7.5720052181289,6.15611960665435,4.0504236511241,-1.70416749893468,-1.22218533255585,-1.12407081963357,0.295429968894533,0.0645712826255534,0.323938395772564,0.570903316253424,0.0077003641041736,unstable,2
4.21923804747304,6.06105309772842,8.87229944880256,3.21010463891597,3.94594775870664,-1.67915483137331,-1.01615397644492,-1.25063895088841,0.948310193909253,0.815608233671318,0.721261490327124,0.279097575704333,0.0670331167951793,unstable,2
0.876033578706905,3.67968069432076,7.40060554258468,4.48488749006701,3.20594751510821,-1.559340922596,-0.746362214964454,-0.900244377547759,0.198062627103286,0.989684996798121,0.509353388711866,0.957852274917406,0.0529794703397348,unstable,2
1.22525301326003,9.82451162870752,1.17139568451032,3.01395701654339,3.07450281980516,-1.36805942196272,-0.722729607832373,-0.983713790010067,0.868892058367615,0.287981610897111,0.525749728110952,0.961433857066839,-0.0157562489934303,stable,2
1.50371640873946,0.864725157211372,8.46428865986499,1.97566156681321,3.58662237607715,-1.6559982459183,-0.540342759024375,-1.39028137113448,0.748954862599723,0.39775631915201,0.372557851056802,0.400335769516821,-0.039291879817664,stable,2
0.880468262818106,1.98679287330003,7.08575496285721,1.40694496095347,2.97639142768668,-1.54195869980919,-0.554452206164098,-0.879980521713395,0.756671812027368,0.537811516399444,0.389319362342145,0.162853492546401,-0.0334323159829781,stable,2
1.42812806839135,3.1541477716993,7.37101770668875,9.50847890086515,4.20216693070292,-1.62230367006363,-0.822004951727146,-1.75785830891214,0.185791359356078,0.650834557574786,0.292108305606975,0.984367882962057,0.0225046403145821,unstable,2
1.26516100113983,9.01014134316994,3.21661049486186,5.69085195038823,3.24159441121216,-1.85051118830477,-0.560074962062808,-0.831008260844578,0.546050728778674,0.336302157883212,0.760708627942908,0.573256593172733,-0.0107154639854215,stable,2
2.42121927211109,0.520429123666207,1.99550064336674,3.43823228899626,3.695970424315,-1.86129908155298,-0.619111732480046,-1.21555961028197,0.892710356851366,0.784515745176552,0.802296270957094,0.384897623349638,-0.0078810637968787,stable,2
2.51196759876389,5.68889885246293,8.67333804561214,6.76538706639007,3.11954160156314,-1.31230838232145,-0.753365834326867,-1.05386738491482,0.640457856598297,0.459205733251891,0.408307653994404,0.214294678655363,0.0017539445601241,unstable,2
1.12061885417323,4.11026270705797,7.0458131680306,2.75696695449522,3.96709238706068,-1.78230865697762,-1.1938993377884,-0.99088439229466,0.823504448348717,0.273524621862054,0.489883174289652,0.485687537677904,-0.0230615038299182,stable,2
2.25849423722442,7.49312854686205,8.29619019206733,6.18126626026618,4.13506291262956,-1.61175698109414,-0.868672900179261,-1.65463303135616,0.323275190244457,0.0551018971675402,0.931655623064413,0.675603939570475,0.0387331944538372,unstable,2
6.49865679279056,5.12873669162377,8.35864088734624,5.02286295209264,4.4170446656376,-1.83390755484313,-0.914264053806686,-1.66887305698778,0.0943813176591939,0.729856720879551,0.801766452910497,0.465603207733722,0.051075858065253,unstable,2
6.1407745314027,9.68295318440134,7.04778431339528,9.42130168732011,3.07132060519023,-1.34895955849426,-0.618358803873009,-1.10400224282296,0.0502119217372674,0.10601012312148,0.800213252274435,0.409977261700795,0.0234304450922111,unstable,2
4.47421660740089,9.89624464392917,8.40728683345054,7.36150164342851,3.53741631307454,-1.30008421656344,-0.879047528606257,-1.35828456790484,0.347841991760593,0.64866726938875,0.887258386137674,0.525065777781382,0.0672815592006485,unstable,2
1.34149302348425,6.17206020923129,4.40691861780842,7.94420558544068,3.99684077355668,-1.89681927968547,-1.07959967701206,-1.02042181685915,0.161076215914761,0.869085167893005,0.144689208795679,0.852451867622803,0.044363869076134,unstable,2
2.208604089542,4.11875376342031,9.15512946157572,5.54917865907429,4.16144244295797,-1.76093541671094,-0.603438749981509,-1.79706827626552,0.231274249415853,0.57072785392954,0.896285962592594,0.156000747602237,0.0189057219292793,unstable,2
3.36014165846799,5.32208335028152,7.70287940362972,0.666114820790116,3.70590326152529,-1.82241084957737,-1.04155871940262,-0.841933692545304,0.377035783153895,0.749450597427415,0.904645852566472,0.302146216201385,0.034587595942121,unstable,2
1.3356261883054,4.37256498819728,5.83235150840645,5.22229441411782,3.50920352251288,-1.62589719377968,-1.25204100870538,-0.631265320027818,0.696812323325323,0.223840876193278,0.685327629993417,0.195399103587172,-0.0196755899002226,stable,2
5.47251359277688,8.26300495369461,7.80979981579964,2.46427696126108,3.43784605987649,-1.46753879338508,-0.852309214916418,-1.11799805157499,0.0701992235133285,0.804962719040772,0.255606530228552,0.355485607108995,0.0105222018407569,unstable,2
2.35987804250255,5.50375644163395,8.61511757664913,4.26491477630959,4.55800667555787,-1.91534825127049,-1.24947186279896,-1.39318656148842,0.772995466229115,0.0704776121720474,0.380978001220148,0.418456046826931,-0.0180704629218059,stable,2
2.9159600082345,4.50493746092543,6.47608075435824,2.14178254635203,3.75281976071166,-1.63756683305223,-0.732338762095373,-1.38291416556406,0.122151182379427,0.527649532156908,0.726915697241485,0.0740292883957725,0.0025791829609477,unstable,2
3.78182133324097,6.95846422050716,9.53404051527107,4.36042143136393,3.10855958766024,-1.52666320233298,-0.61152339049438,-0.970372994832881,0.547499911469345,0.27534774923838,0.977965974253402,0.516395776233668,0.0440393488832923,unstable,2
0.620145470949705,7.46985039613065,2.20176659118647,9.96616338030838,3.21181379086652,-1.12583665107886,-0.52333577550241,-1.56264136428525,0.363938542644891,0.162562118768242,0.0628083513604093,0.951272658551397,0.0002029668121297,unstable,2
4.29304533046536,1.26042904940624,8.46931737985759,1.65718080003316,3.41542162264962,-1.89453890408167,-0.613153012724349,-0.907729705843597,0.344952700966353,0.0773823250698834,0.733615965964487,0.908617008585269,-0.0244795317893533,stable,2
1.44229563305776,1.22535592755473,3.9512890343466,7.99545257803194,4.01103193835187,-1.64816562094504,-0.620337417378253,-1.74252890002858,0.965078863653757,0.750468479776212,0.33848246151648,0.0673761173575802,-0.0256469327349784,stable,2
3.87977055207764,6.38411740240509,1.36219919267313,9.72093548750512,3.58235831537722,-1.37845756884563,-1.00883659410542,-1.19506415242617,0.835323852414963,0.596304768564381,0.061987519830442,0.287145678483961,0.0124200323788767,unstable,2
2.9232877025828,2.70123972589193,3.41163694800758,0.841633893036377,3.98250033067869,-1.52784445786948,-0.950187025379029,-1.50446884743018,0.0991288155105221,0.570666568285211,0.540001154449291,0.249425708078187,-0.0392893125338516,stable,2
4.15724743783504,0.566917395637196,7.48134134866463,3.09855260678647,3.53934727812164,-1.34190784168477,-0.671844193719514,-1.52559524271736,0.663575754915029,0.758243337993327,0.425387277049987,0.127695451155492,-0.0410296987573195,stable,2
2.35744983119062,6.44006313375731,2.79245524578895,4.72205969196217,4.24180529152898,-1.87312993541079,-0.558640556760027,-1.81003479935816,0.0635507481469808,0.158154296012438,0.827489450246305,0.242139687674822,-0.0299727138500936,stable,2
2.97596591702712,9.73773899273539,1.59733373880589,5.63138592837876,3.64133040253731,-1.416571072314,-0.652428217424313,-1.572331112799,0.199727330738074,0.247982805338249,0.479498342333742,0.900509251949254,-0.0100022692189445,stable,2
1.39418061317018,2.68674106838411,3.59845408443408,3.59800150661253,3.75220150230769,-1.7045708460183,-1.40572237350212,-0.641908282787271,0.955059771038133,0.317270253355799,0.376684748196109,0.480996168289484,-0.0170239998116736,stable,2
1.94014511220909,4.78517858795342,6.48339922057737,4.51086479851601,4.15795336970901,-1.87586867842919,-0.987389347893686,-1.29469534338613,0.973226045027821,0.681599718077589,0.810952159426672,0.265676880289518,0.0443701030238664,unstable,2
2.2284972028036,6.92290308377,9.42008132544338,7.02440933700028,4.09997292515962,-1.99556253633804,-0.801448028952104,-1.30296235986948,0.64878797560005,0.771129281427843,0.200912120621494,0.225314331769722,0.0098125003878223,unstable,2
3.25749142927721,4.80854850775918,9.1058490558968,1.97474664381241,3.97358712513487,-1.74981081601651,-1.16504634813053,-1.05872996098783,0.278259684455254,0.459401106906119,0.380370962940925,0.144004640130798,-0.024014178671762,stable,2
4.57201480242371,5.41660762226742,8.19490244312987,6.74824428146151,3.14479176937658,-1.84191449502939,-0.675690812097408,-0.627186462249782,0.579133759610126,0.393868294715624,0.758770887307963,0.704280810496295,0.0685331424283209,unstable,2
5.81025986615327,4.00397163305838,7.43183145334253,9.84976961796323,3.52065767713041,-1.64060253557597,-0.941816126939654,-0.938239014614781,0.971208126686449,0.115640748777217,0.496765614957405,0.155618174415099,0.0357715259174108,unstable,2
1.85746684865978,7.74421136080299,2.91509346458233,3.89582471605681,3.87004750730752,-1.77040064442009,-1.40124880003098,-0.698398062856449,0.126217032000851,0.129223024597964,0.636701053576564,0.422661401087558,-0.0535705510394753,stable,2
8.13695482916804,0.665661107895058,3.057608593895,2.96539649915523,4.03382010538552,-1.67639578363767,-0.723999629314232,-1.63342469243362,0.411536067170536,0.138491369887121,0.219418823950827,0.773303956456239,-0.0400650582266811,stable,2
3.12631227940108,7.14360238050389,5.65250919781054,6.59719975071088,3.4217066431246,-1.37561776196981,-0.747784371895716,-1.29830450925907,0.222023415592827,0.806574323871542,0.413696477395085,0.427394528485365,0.0423305180035056,unstable,2
2.40381338127701,0.669965693096642,9.08692200481516,6.60748539811107,4.29689598273314,-1.60910811954677,-1.16159513862235,-1.52619272456402,0.457960968577898,0.274849590304281,0.816410849735378,0.433693618643599,0.0054854726182261,unstable,2
5.58954968611639,4.34783058100317,3.14323452375018,5.79312032503027,4.32088476026443,-1.98443778683526,-0.704204830986401,-1.63224214244277,0.110466540940159,0.694418477714619,0.845850886007996,0.221329369330856,0.017285589145242,unstable,2
1.99187333731562,2.52734826232478,1.45184673204243,5.50016558295784,3.80997383693786,-1.87942880143062,-1.13930621379124,-0.791238821716001,0.912735717395816,0.992433377482486,0.0791187955610512,0.543892905887655,0.0057229313463621,unstable,2
4.40836362387805,5.88907724203714,2.9903239577179,5.15856920448284,3.62925132883872,-1.25623617894573,-1.12636283239576,-1.24665231749723,0.0578120034875465,0.672247966119117,0.973290449354217,0.477719018892496,0.0379632835069688,unstable,2
0.819743091835943,4.92257705081013,1.08653933117822,2.59031190592266,3.75698994121001,-1.67372100645616,-0.633565554608568,-1.44970338014528,0.309962182354681,0.775662662995267,0.689529792571564,0.309009949299308,-0.0204790101946714,stable,2
5.40697711853971,6.26536531335467,3.0674998690729,5.37743964789925,3.57635830985194,-1.52414029508495,-0.667241667036701,-1.38497634773029,0.500993906543357,0.972047455482316,0.122220694769105,0.394532506483828,0.0497566497644024,unstable,2
2.17635425342072,1.47141448444241,4.82589416162438,3.22227091983499,3.98357757015957,-1.70527462885458,-1.28955575138606,-0.988747189918929,0.318570815711439,0.204589124306765,0.34418423563391,0.0716812118793873,-0.0395941942226921,stable,2
4.05117195847465,2.39146664164765,5.14529092023415,3.95743376487327,3.1615352839006,-1.58613447155654,-0.572753489217779,-1.00264732312628,0.422215723641494,0.931627489607856,0.700250961676919,0.980033886872896,0.0799619290819987,unstable,2
2.69036735690383,9.31897142529049,7.75445539160523,8.9907885464469,3.43502270099199,-1.40992793746005,-1.23018726735956,-0.794907496172376,0.168872147012354,0.462639664349937,0.922229493902409,0.437686285692138,0.0510000655759817,unstable,2
4.42701643439608,6.20416871900022,1.91914856062578,5.43761173995386,3.20082885604928,-1.28325754087353,-0.504954936266714,-1.41261637890904,0.709838177357902,0.321612869960145,0.550089209957934,0.550675277636781,0.0282483062640587,unstable,2
5.79127480601968,8.08110093023566,4.14699372276833,6.02999529715402,3.90201770367333,-1.57300856463916,-0.787342380873288,-1.54166675816088,0.700215497638845,0.232338074783462,0.0677735821348487,0.342486925576326,0.0110432724721715,unstable,2
6.67165761681718,9.25276581591584,3.26153901350225,7.51811821462034,3.792635560238,-1.78966592904745,-0.50028962297187,-1.50268000821868,0.651137982136643,0.434275041584946,0.616845509580856,0.65075206326822,0.0537141186657126,unstable,2
3.5379201735282,6.12388011834961,4.39142045716684,6.83960501774963,3.51286957152828,-1.33304468046243,-1.21767554917919,-0.962149341886665,0.425886112144866,0.235391470951501,0.988112112958599,0.404549017731546,0.0398456127779536,unstable,2
1.56371382887572,2.30241126946677,3.50850696481512,5.95793634520777,3.27365612789492,-1.00490775728005,-0.815356808882812,-1.45339156173206,0.0707248426834925,0.210930846425147,0.795936834183928,0.968120069504929,0.0267638812980922,unstable,2
5.30203793130015,6.40434468365918,4.82971276804514,7.50889417493371,3.61351471085698,-1.47888069354019,-0.827352758261992,-1.3072812590548,0.178940144054882,0.499091408662175,0.353757143093437,0.267238146096198,0.0064027704071041,unstable,2
6.18600091048548,4.33666387757529,0.840434480895894,3.72506738868871,3.10252356262255,-1.28465670434278,-0.535545877284615,-1.28232098099516,0.285837761374086,0.384510789985429,0.519112753100636,0.172997334016721,-0.0390742463463173,stable,2
1.99440162191642,3.46740765782683,5.69177090308127,1.67424211466097,4.48598016244172,-1.89799366292752,-1.10454749721211,-1.48343900230209,0.296389831878238,0.715734978879527,0.155575403416029,0.183378305775591,-0.0512935659730162,stable,2
2.68014044449936,9.31230261179823,8.91961559424788,5.39923693441103,3.86620702824524,-1.91454345605131,-0.579847125950409,-1.37181644624352,0.725803130099204,0.981729885051467,0.504248136869359,0.843815472598723,0.0628503172070174,unstable,2
1.12353099713487,4.51711299072336,9.47068249088381,6.56915038195346,3.65889871111459,-1.11472056334565,-1.22724690292075,-1.31693124484819,0.14465630513608,0.89408182339776,0.119993414245454,0.395991665322115,-0.0019437416261987,stable,2
5.5232111475604,9.04796748436046,8.59067430997933,6.26560778347135,3.18871553558128,-1.46548710997055,-1.00327626713293,-0.719952158477798,0.823321657490134,0.170941377354477,0.946280172592445,0.173829148673726,0.056248096157059,unstable,2
3.38545653698785,9.48426221233599,9.62425428084389,1.31064677731316,3.46902194507687,-1.78083010031312,-0.736704763858474,-0.951487080905272,0.987619520159904,0.814956946287695,0.959774562751651,0.802410220955124,0.0317694008814048,unstable,2
4.16648852567619,6.84455543405291,7.71752332100668,9.76551947150045,3.50531945212106,-1.50700418253726,-0.65301188376348,-1.34530338582032,0.698703080182851,0.504039280399022,0.739624061659911,0.739704100627835,0.0699584071814687,unstable,2
0.665334247473453,4.89996868064913,2.99262725256605,9.33263488267442,4.15135148039379,-1.68807065253893,-1.31972439186455,-1.14355643599031,0.219727647321578,0.241586914721749,0.989717313883971,0.989025315202848,0.0105715811262031,unstable,2
6.76758163928411,6.28248953247501,7.84075842636694,9.5268317817098,3.73848608449612,-1.82828174919471,-0.681227234325279,-1.22897710097613,0.129743878719346,0.773388362617481,0.201650891308202,0.397718267392837,0.0277688954927932,unstable,2
1.70778131243796,9.72416873229112,6.5891141966585,7.92345575306067,3.7649390755851,-1.80879849310046,-0.953661399639689,-1.00247918284495,0.509624477889275,0.221593234983339,0.668675918306605,0.992786137476788,0.044707547204685,unstable,2
2.39474751548538,3.49454531186671,6.80431696506779,5.01648425599942,4.12301071683165,-1.38760217791952,-1.02386509135709,-1.71154344755504,0.205103915184371,0.742367786855879,0.809010140251913,0.578993907766084,0.0485828063581957,unstable,2
0.537671875319164,8.87166195881369,1.81613995814561,6.2929250537503,3.60549496565581,-0.948433698333602,-1.05968401973315,-1.59737724758906,0.12879985783183,0.396144891126411,0.25543405881023,0.409668915392158,-0.0295276456768882,stable,2
2.02635220749562,9.63162861672213,6.03511038699345,5.73894237953719,3.88334078963068,-1.5276134285355,-1.0334201460767,-1.32230721501848,0.170140203426679,0.717803168531327,0.946529206601471,0.396172954406718,0.0501911646449769,unstable,2
1.86834258498137,2.98212577836082,4.35791449294834,3.65408827010815,3.06648537973812,-1.08120872182044,-0.601049279859301,-1.38422737805838,0.4624778413721,0.826473155534645,0.396602499467008,0.646947634308441,0.0301966672850231,unstable,2
3.5284098378118,6.37299464176574,9.59114401842007,9.09074286569642,3.6831831830773,-1.87509000601879,-0.963999945516256,-0.844093231542257,0.790930551827404,0.0801636476219655,0.485227089269934,0.78656704089811,0.036640305991209,unstable,2
2.20349515549243,6.15404079740207,4.36529024624357,1.70790174617991,4.45179346300017,-1.94813256253254,-0.829914379679691,-1.67374652078794,0.230785579633565,0.703345248511123,0.578478790834693,0.65354285710355,0.0084076592918534,unstable,2
2.11848159257842,7.12148720764674,7.05106903612063,6.03803042045506,3.74043078120951,-1.7180987016715,-1.45690370344884,-0.565428376089165,0.23470138278257,0.128952922565928,0.865395091184445,0.861128656470368,0.0495980142937438,unstable,2
3.63603394452857,9.12802808344306,9.39404022250167,0.815978478542808,3.29604548167623,-1.21280693462503,-0.73329909626242,-1.34993945078878,0.426264009224735,0.27865916540704,0.568113981263225,0.927086347428884,-0.0259582802268609,stable,2
2.57574267905868,3.38366032133523,7.96521959117511,5.26723380149081,4.05973824095149,-1.55249610291173,-1.11617999600474,-1.39106214203502,0.73272524590997,0.378396557341622,0.166230323669879,0.770268904075775,0.0143383564680002,unstable,2
1.79396469600821,6.33095428724572,2.84355256302455,9.48381041516381,3.73374714325682,-1.28625559002884,-1.00562488194196,-1.44186667128602,0.289814136180138,0.101944002305417,0.656434314531091,0.561952825144768,-0.0265434321022245,stable,2
1.92922118944364,6.76380613625491,9.44474380558607,6.09864575779105,4.39662740972307,-1.76309625696787,-0.697272264140774,-1.93625888861443,0.539423685997659,0.532889345792099,0.338896138386413,0.757274301344464,0.0304839994606976,unstable,2
5.19882643056252,2.99836917157153,4.49281522116085,4.77228372147278,4.02833179453654,-1.72526869322828,-0.833659436878026,-1.46940366443023,0.65695154793445,0.909505251677232,0.576528981108692,0.989916584119897,0.095159367885389,unstable,2
2.75772243676982,0.661692673702748,3.42317037756072,6.31503911997444,3.67625877539883,-1.92109756736191,-1.00349898665037,-0.751662221386551,0.797586842188536,0.580338929332178,0.807853455135009,0.858331806424391,0.0302395168777782,unstable,2
3.88215173129076,6.65000150070019,6.96481862484486,7.86198154542604,3.94133624693093,-1.70931230205094,-1.31874372186448,-0.913280223015509,0.519847684311079,0.236443062491667,0.839050369856844,0.0901949280710565,0.0274637388033604,unstable,2
2.5565801584119,2.78437624418972,9.62654885346085,8.36779997850189,3.13662586246325,-1.42460031046286,-0.908834476866073,-0.803191075134312,0.138563065775814,0.796790632590558,0.42400837307964,0.942574923895724,0.029502291003488,unstable,2
5.06117000105653,5.49162683154205,7.35068505624519,9.34296387674743,4.05994693326729,-1.66168686106892,-0.854595350092312,-1.54366472210606,0.802621817032765,0.12386922515113,0.898161837512308,0.904434057543492,0.0770165335107034,unstable,2
6.57788124901607,7.79177480411131,0.508035291871696,4.53381793301634,4.0007320858296,-1.61702997477184,-0.901507250582869,-1.48219486047489,0.107720502572175,0.79040036424038,0.639180452306399,0.51012159815463,-0.008625695776484,stable,2
2.80061156218788,9.82664785970954,8.87132246932903,5.7648790696335,3.26950213684151,-1.4962214010768,-0.676681134025334,-1.09659960173938,0.311002862541045,0.305454797581837,0.578022548492377,0.971453625927715,0.0442831323741891,unstable,2
1.26624323560223,6.43699325006946,5.98039639535293,7.68540500888992,3.30618798423369,-1.18344173324971,-0.978771037233877,-1.1439752137501,0.785734091532668,0.113174113295055,0.572894770247044,0.926997131890416,0.0212498155810501,unstable,2
0.963612216963188,3.22151831146454,2.5944003581572,8.93402033062054,3.69751410614255,-1.35999840814156,-1.07130551200977,-1.26621018599122,0.458420620375141,0.0890968361321732,0.0763800537973258,0.928861661895587,-0.0117881025615946,stable,2
0.635064059080312,0.853877717192552,6.71776854237611,2.19080942284201,3.16366841726474,-1.83585434459007,-0.784403909350617,-0.543410163324058,0.576265900845371,0.550094067685751,0.133647474950178,0.614509377174389,-0.0267368305689028,stable,2
1.40380631243682,8.78921304903264,7.700115462436,6.00935197470143,4.11314211816369,-1.42804386296786,-1.29044103513596,-1.39465722005987,0.932264763516126,0.301056723128228,0.885100676349761,0.892494029619873,0.0430398289682389,unstable,2
3.79657496577951,5.14059565777173,2.00908473698424,9.30357259590848,3.00004897557706,-1.78654318046336,-0.700047176415392,-0.513458618698304,0.503963659701229,0.787857598062787,0.269361512238053,0.127773707813208,-0.0026995186507464,stable,2
2.86740289181229,6.38980954567849,4.42885920020409,6.7407223787524,3.0064260232738,-1.91025950385822,-0.570933952923701,-0.525232566491875,0.590645796858039,0.733434342051039,0.999279018370608,0.6680358761176,0.0815501899285008,unstable,2
4.87598680416885,5.88576450006188,8.03171581776275,7.7543149800112,3.07952419176477,-1.64109847617834,-0.651617442533304,-0.786808273053123,0.464117661230698,0.404250782164696,0.617823320496243,0.995530383057434,0.0733445762191941,unstable,2
0.506735963460943,6.39023885656897,0.757583214506449,4.36657832085403,4.2168623479722,-1.64501197923478,-0.572939694862289,-1.99891067387513,0.329633516648925,0.318989835943332,0.572650209948425,0.4089879745414,-0.0351310102066564,stable,2
6.85241093464886,9.85985893709963,4.24470261638943,6.94159377943275,3.77133173045291,-1.71586998135104,-0.569373786500259,-1.48608796260161,0.726210465713387,0.400766319847536,0.999839456697479,0.905144327757824,0.0842693128701604,unstable,2
5.01414293113521,9.00631697875379,4.85816737014081,9.80298205978165,3.73503903483142,-1.93439130756364,-0.858346061460348,-0.942301665807434,0.229148269414053,0.781613388771513,0.287913272428496,0.563237290488922,0.0434050976409822,unstable,2
1.06392070956193,0.509792051165632,2.54833615118651,3.98309244631586,3.76875653344696,-1.87034744494838,-0.67701677242266,-1.22139231607592,0.707422496233052,0.880852125534468,0.697815039620817,0.8154356075697,-0.0174977614781491,stable,2
2.78781375758909,1.81261919627193,4.00532767613789,7.75059626156399,3.72762410873672,-1.77321237866733,-0.594733208047447,-1.35967852202194,0.238266746680039,0.837112108638993,0.622683102069055,0.161626698126274,-0.0391064069765076,stable,2
3.11703079393628,5.35245539590283,9.93537699891634,8.36510050534715,3.69801372415381,-1.82270718745777,-0.607364913293533,-1.26794162340251,0.0992629765946232,0.621186042853048,0.337271877826338,0.248921201014332,0.0030980468445976,unstable,2
4.06115623542535,1.2452106796189,1.5873389210507,5.74618163278158,3.47320671905712,-1.30511999110724,-0.831621725647931,-1.33646500230195,0.866412210087545,0.423379414820939,0.549354213630988,0.743484757681001,0.0215463736153234,unstable,2
4.71899273802718,9.83359167139208,1.35787232207158,7.27577388771044,4.48666865140689,-1.81441145703207,-1.03837655070934,-1.63388064366548,0.300940373282685,0.777249199581689,0.729083653654403,0.240629039896815,-0.0041368226745381,stable,2
2.15192805042076,9.96991028020658,0.651846473119699,1.39395318387592,2.98254286403238,-0.999086578507011,-0.713355865778937,-1.27010041974643,0.263120480832609,0.378044225766032,0.788731638135061,0.49982751062037,-0.0442044388802816,stable,2
2.37573871419855,4.47454390704192,5.28080855732353,7.45743837819637,3.05308416315049,-1.73313345816657,-0.743333626288257,-0.576617078695667,0.435553951744415,0.106281042846486,0.721536831658036,0.375571978054204,0.0031598591407454,unstable,2
2.88515199601428,9.80849335676099,4.94511130368589,4.88005760332407,3.06893166353521,-1.66461950561551,-0.593625682308304,-0.810686475611397,0.787968727875469,0.0535913166906114,0.985871373030247,0.406148861078582,0.039893961800649,unstable,2
1.62651335843399,3.58897911620056,8.10634435823836,4.33307662526444,4.5353427912519,-1.86267831852703,-0.795873239071912,-1.87679123365296,0.695531237042722,0.144298904395724,0.263912190147714,0.730635349339813,-0.0306782649275181,stable,2
1.03881478623509,4.3830427456199,3.43798333557257,8.62879954666323,4.11929837272823,-1.73290429368112,-1.07514116285386,-1.31125291619325,0.213706916653302,0.391864027695456,0.437470464508928,0.0835689972161991,-0.0350091294086624,stable,2
1.55788620519944,6.69371156112904,2.64497382435505,9.02050080117888,3.17326602544223,-1.04568425917414,-0.892712694096228,-1.23486907217186,0.440184301184604,0.442517659948093,0.888615261469171,0.679145977945974,0.0025453777471323,unstable,2
3.39379330535838,0.952471800098987,9.86750369070087,1.21156062838144,3.79790322476761,-1.70327443190697,-0.961778811030439,-1.1328499818302,0.950537321339891,0.30522321352614,0.358088755534246,0.12136141436022,-0.0117109999661154,stable,2
1.32476497854819,7.05103814445516,2.88961139820798,4.58100874683124,3.71451296333485,-1.97410267978733,-1.00443668673499,-0.735973596812529,0.523602871707578,0.474079786694444,0.89370240744053,0.84048715439459,0.0316355883868197,unstable,2
2.21469857830352,2.88427798037363,2.56543425075664,3.76225373969215,4.01276203412463,-1.37503136322007,-1.03808651114745,-1.59964415975711,0.414309470459773,0.789583518877506,0.989206085295315,0.60708959108991,0.0592497381437737,unstable,2
3.08189362791247,3.62850330312584,5.72173812493602,0.663241266965924,3.83093456259171,-1.66034136526742,-1.34688785185701,-0.82370534546728,0.682556954698104,0.0818165104056103,0.177620731805785,0.219410006054176,-0.0537996210907453,stable,2
4.35412133398339,8.52440813341595,9.8319654374305,7.25424172923781,4.02768133371995,-1.68461921651877,-0.991834941427456,-1.35122717577372,0.388585884016429,0.916432959596268,0.609475363432815,0.0536585694824439,0.0480553944320841,unstable,2
4.59556076386981,7.14821296440153,5.89619107516572,3.99704818312573,4.18187038598734,-1.92761906676688,-0.581559505389177,-1.67269181383128,0.3600594669847,0.582426124912262,0.551169681255855,0.950420049944111,0.063785505513941,unstable,2
6.15899610556599,0.721618271907046,2.00290259019019,2.83557744400078,3.85952310930054,-1.79805583341231,-0.847227325195318,-1.21423995069291,0.572156255672908,0.0684026162951463,0.332282108287303,0.910305263254634,-0.0201070759635813,stable,2
0.587732491814543,5.75666509912568,6.03626954096825,2.62974812822009,3.76798922455802,-1.88981981350383,-1.22602229622356,-0.652147114830627,0.191431553435296,0.526321371067994,0.646991042890809,0.595699107736235,0.0102960187385566,unstable,2
0.684943690529699,5.9550972707183,8.33887190072987,3.10105379181802,3.58488733233596,-1.75368678028734,-0.578777239350788,-1.25242331269783,0.47014375155755,0.10088392028073,0.675898310641496,0.0777270175721217,-0.0380522190319151,stable,2
1.96671351459181,4.75161858398594,3.24979885287253,8.31368183482151,3.30377362069152,-1.69527442198549,-0.684356482253329,-0.924142716452701,0.983044226590304,0.528520426019467,0.157574301642843,0.426769297510703,-0.0214021653057204,stable,2
5.39986725733961,1.13097425075349,4.99389722251848,3.50533452039011,3.56532866535536,-1.54441220899852,-0.72210098102924,-1.2988154753276,0.63033776838158,0.962996681966223,0.85965360516392,0.600483044139629,0.0455639214165622,unstable,2
1.67194002120635,8.3963167383583,3.99245059260178,2.17338315895239,3.3797480168609,-1.82041660882647,-0.767622055939399,-0.791709352095029,0.295975086965426,0.357926946873803,0.372405937494003,0.754851400354218,-0.0250805990056774,stable,2
0.920894915602356,8.99988260773282,8.42146262274341,8.62706921677713,3.82147989993965,-1.68893301289967,-1.0703329852461,-1.06221390179388,0.15244920459733,0.553039311891293,0.689286743957235,0.708888027258219,0.0536677617452091,unstable,2
5.17370172132571,9.93228742262388,9.83028362560361,5.30947826265892,3.37526842596364,-1.98042407183551,-0.517322259280027,-0.8775220948481,0.178081362619568,0.975113285985506,0.679275792208628,0.264065299438566,0.0555607994776951,unstable,2
7.0642041203572,2.05558829724712,7.51287106848523,2.0343019637507,3.93117396201929,-1.56013461532565,-0.643763698625122,-1.72727564806852,0.0975312472983857,0.144854580065707,0.577197855509215,0.434691269466305,-0.0359520661393085,stable,2
4.44096318264317,2.12605305177763,6.52688142744559,8.91458527640991,4.36968062226623,-1.96258452745243,-0.617781669884582,-1.78931442492922,0.499606398372778,0.549462862583853,0.413616832375298,0.399592743160367,0.0036366070224608,unstable,2
0.979393670345377,0.747598692839639,8.69992236616964,9.11188390908538,3.86443516026732,-1.77438845358696,-0.549085389365186,-1.54096131731517,0.273091356489806,0.120542285589045,0.782444554437546,0.205144092582472,-0.0089792867342978,stable,2
1.18674637096277,5.0544738176066,7.88384982907947,0.909900586966705,3.33406842771279,-1.7660980350388,-1.00998588487199,-0.557984507802001,0.972811060718119,0.485675263063012,0.558110456864978,0.652926305192853,-0.0109625245588863,stable,2
4.56813054469866,7.15100423968337,8.1542818572383,6.27239866258639,3.64822103080916,-1.74101886249735,-0.6188325165182,-1.28836965179361,0.387153401634638,0.356833644963761,0.91656087087696,0.822814866644723,0.0730945517564685,unstable,2
4.63778433339433,5.46292736229755,2.30868494966482,6.68606978142647,3.35189648192235,-1.46696797590186,-0.686609857579449,-1.19831864844104,0.701447356313805,0.255649870646674,0.844182368389296,0.803626284529037,0.0505137059234908,unstable,2
2.54379131419242,8.97147086852359,1.77234985198425,0.953119300809538,3.7039800604185,-1.58174593254973,-1.08567698226118,-1.03655714560759,0.765760308360052,0.42107171937182,0.163298154256321,0.280840027521226,-0.0297317792750318,stable,2
0.927240868322016,5.62882686729273,9.16152253363427,4.77674259075666,3.77924391495098,-1.54135011048709,-0.972043660871894,-1.265850143592,0.691670373438608,0.831447535788076,0.199998899681633,0.528114966647674,0.0017826769354727,unstable,2
3.15718984385591,4.20328767033117,6.06114539631028,4.02281897095783,3.82315490315182,-1.88443925307207,-0.57742506015721,-1.36129058992254,0.103467763517941,0.757494872226905,0.231422934701185,0.851493713729384,0.031521256149297,unstable,2
1.17498543341209,7.87574455428256,5.03446861111093,8.67738722612228,3.84766014755775,-1.7282601168294,-0.756826771023579,-1.36257325970477,0.458975110249943,0.603315058607899,0.25903139553966,0.19361854290448,-0.0148226004268108,stable,2
4.40531112192468,9.79532290112406,1.13400176846264,5.2703734926383,3.95974076463191,-1.98139161632105,-0.894955965724552,-1.08339318258631,0.151689765395846,0.397346256084843,0.941341052717589,0.860491324860295,-0.0230228220500403,stable,2
1.9054930571784,5.02005858106173,4.35623557082912,7.04044734387022,3.79571597202066,-1.75694760674551,-1.29245791911947,-0.746310446155677,0.0994789246914338,0.685607173060803,0.616003339077499,0.35990946547233,0.0235084267118069,unstable,2
0.706961008942604,7.50450130162428,7.14213811023514,7.59886036693749,3.75573169473064,-1.38689089793734,-1.01689839993761,-1.35194239685569,0.402856979414069,0.644499457483884,0.302397634037883,0.92545666584419,0.0416258576411517,unstable,2
1.8234814930345,3.20826582074082,5.76533500843046,6.53322955433389,3.21778605953813,-1.90281569846704,-0.602736720034899,-0.712233641036192,0.117044984504322,0.162230719360536,0.820912674493055,0.71297499621209,0.0326556422554433,unstable,2
3.92819628945007,8.93843826440548,7.6343592551337,3.75297362373102,3.76630129549374,-1.4448885990502,-1.21313878891969,-1.10827390752385,0.204644382894034,0.767383233558462,0.518228814940198,0.924119680704746,0.0480770921989993,unstable,2
2.07558708913048,8.25827992048679,9.05444046580502,4.28932611602037,3.86087692414869,-1.22882278619114,-0.846101316751924,-1.78595282120563,0.219445766863627,0.470989514254846,0.82878577904348,0.932798481602558,0.0475332394372776,unstable,2
2.4694640014719,7.02972172012483,3.69299322893762,3.75442711594563,4.39754163430412,-1.95037878115445,-0.575729967156635,-1.87143288599303,0.608002420366805,0.0961802049559844,0.94641265737405,0.890427031611516,0.0519084097428222,unstable,2
5.88304225386127,6.77721601465162,0.780419169300608,4.43980647168353,4.39853420107108,-1.66939786280266,-0.849441136537225,-1.87969520173119,0.436195268587543,0.194176978017653,0.82780321844273,0.264410040136983,-0.0335950708467243,stable,2
1.40823817510152,0.638264163873915,1.66400157655114,8.5937997238585,3.50850258787104,-1.30948683428622,-0.967837251203577,-1.23117850238124,0.838925811340178,0.705136560493518,0.943671467514411,0.973803748320533,-0.0187417121899547,stable,2
2.92848091116515,4.2045887222393,5.66658406933065,8.61224859670256,3.48029785998651,-1.53191135284342,-0.761624421982502,-1.18676208516059,0.327073975253663,0.938490554320547,0.327347853971043,0.27780252233593,0.0160376228310999,unstable,2
3.5070145344534,7.15335566410368,4.61349234920467,4.31670363159023,3.8052833877784,-1.84332330649653,-0.769643329068296,-1.19231675221357,0.949405748970142,0.544777191030417,0.746886764686417,0.508727813144121,0.0719562881179954,unstable,2
5.63535753316458,3.45078705939437,3.90792485462639,9.87855813417318,3.7135169411844,-1.66630745649645,-0.522393046825251,-1.5248164378627,0.371773107572017,0.84095846689953,0.615647891919632,0.747250345695094,0.034932495962114,unstable,2
2.16426392414011,5.49418814608416,1.79528390920861,4.95550960247471,4.3631912433052,-1.5981095917517,-1.66490206321259,-1.10017958834091,0.20851894238909,0.282616982607245,0.417601485174602,0.398879252846992,-0.0473817736891727,stable,2
4.58766431156419,6.16759362567544,1.38539179517106,6.79751837513952,3.18415154053584,-1.67081635729276,-0.976461150364927,-0.536874032878154,0.516567122152806,0.250311909506795,0.147477800396302,0.474160131731651,-0.0036208334998149,stable,2
1.23429609067806,5.27219385480661,6.77610011905028,7.26150963128455,3.82516382809634,-1.69077658684357,-0.908912758689479,-1.22547448256329,0.652592251008623,0.560995513543356,0.0652164968216443,0.820547168323871,0.0099537878215043,unstable,2
0.745012827573787,4.0122276620416,4.2863207400409,2.43026583318794,4.0365946652871,-1.19564245559059,-1.24482254294612,-1.59612966675039,0.636266733771778,0.690137892407782,0.858745763668466,0.16896954971115,0.005725865635802,unstable,2
2.6666445394816,8.7979366434811,5.65907855259847,1.44686087141096,3.78600150942647,-1.81929245606718,-0.819920594767807,-1.14678845859148,0.642153730777766,0.761449912441811,0.282774339991232,0.257831899872329,-0.0033171248787441,stable,2
3.78039323287876,1.39572738940528,4.0605331838174,1.5441613857368,2.9882020267374,-1.8255265178752,-0.542251605473168,-0.62042390338903,0.134068285882822,0.110412080245806,0.303478745845655,0.833880170243415,-0.0539755497178989,stable,2
0.694473315306217,1.94140355296897,9.02365961639711,2.52242273631453,4.45673862217058,-1.51380679607389,-1.12774735094288,-1.81518447515381,0.369427024870098,0.26084781912991,0.692302501958774,0.230396928570637,-0.0185194664926132,stable,2
4.54471225849134,1.76483473150397,3.51466052782005,9.37463803235202,3.75595949694172,-1.73735972758448,-0.872101254375745,-1.1464985149815,0.669163988512807,0.873547512648113,0.913754885303162,0.212701191230885,0.0176766012184058,unstable,2
1.75384238794681,9.71216133606539,6.62995881565008,9.11275593199728,3.75280369050106,-1.21947846341716,-1.07586618346031,-1.45745904362359,0.0875650156481448,0.543917944200671,0.445879016755188,0.212161445493633,0.0133071144512969,unstable,2
1.65443256052781,3.02071760282002,9.24128676671129,5.85516512759734,4.24209089066619,-1.76212783747509,-0.905160592732357,-1.57480246045874,0.100741031486365,0.184704157109794,0.625249685709923,0.0742241028427856,-0.0236246261559647,stable,2
3.82516941995919,9.70455001716162,3.83062471722752,4.66976256432736,4.01540442932015,-1.8443267732773,-0.670859555100941,-1.50021810094191,0.938048712358174,0.490919583635749,0.756433070305096,0.689374806748941,0.0593946967148798,unstable,2
5.58889831948533,8.29393966795115,5.19778642845427,7.47733204257984,4.16888286153063,-1.76958297133191,-0.776061809872661,-1.62323808032606,0.566207420156447,0.3103496586904,0.502910141327459,0.136537253317659,0.0210373584409398,unstable,2
2.58280023472732,2.03097302137153,8.81498093257871,6.56671599553125,3.17570493282977,-1.92692013969549,-0.634857788197044,-0.613927004937234,0.0754851104565873,0.603069620544401,0.0736111945708108,0.655793597778402,-0.022012128324552,stable,2
5.65880525074973,3.28087740893203,0.788160403339681,8.78904168343564,3.07544198297776,-1.40680214294819,-0.509197799063684,-1.15944204096589,0.530761824613183,0.204855076870995,0.58619881129715,0.187338065854568,-0.026259613376299,stable,2
4.00857015137665,6.43448256951256,3.37734588655699,0.685653971297317,4.11370509210097,-1.66192842011462,-0.678411037230783,-1.77336563475557,0.554385102369906,0.664959189899047,0.674040076402788,0.857668510714276,0.0066404081937616,unstable,2
0.851940883089392,0.995871675389225,1.95182679924017,5.01892168022249,3.96595803232387,-1.82597522292488,-0.562379977722338,-1.57760283167665,0.0704314652033604,0.391633297997831,0.319625179373223,0.152895901957336,-0.0440922455427396,stable,2
5.34678983119902,7.06442805004423,8.61082009610485,6.19718147025172,3.87724947903104,-1.91285319094224,-0.89961785714305,-1.06477843094575,0.471393869519429,0.367408506294271,0.921857686665148,0.0856112516725739,0.045915668903436,unstable,2
4.49772328345067,0.984378264369466,4.0958509788882,5.59542016975676,4.16174095017811,-1.66178657545265,-0.980361266405287,-1.51959310832017,0.40661436928261,0.9461626940687,0.352232005031072,0.843938385781073,0.0116644417381541,unstable,2
1.17822208296363,0.741574637920782,1.17283993502404,9.04216044630643,3.17063570301512,-0.851870830109611,-1.04171350310225,-1.27705136980326,0.190124364571526,0.288451763642046,0.208313161590486,0.159532343350468,-0.0410799778378763,stable,2
2.68199145196695,6.3718707793292,1.3940221060987,5.68032120662646,4.03362089209993,-1.90721615395774,-1.08846375286108,-1.03794098528111,0.582705470855314,0.914112542977984,0.753012070821353,0.190104375962727,0.0071974383238891,unstable,2
2.27647919833062,6.59159490181919,3.59736045967537,1.71922284649676,3.44894827978547,-1.66543909970433,-0.620861079327238,-1.1626481007539,0.846069327862293,0.195124778827969,0.637618793219595,0.64189366929072,-0.0104806827882987,stable,2
1.91429681456416,7.40236191033164,8.86311993751569,3.35213490065524,3.44193398164833,-1.66844495597373,-0.758341119215859,-1.01514790645874,0.65883545408265,0.376915023617705,0.801928418988952,0.195467940379217,0.0094085886435844,unstable,2
4.33173378048281,2.11511250038991,9.12174772242475,8.63450367806884,3.9687035485365,-1.39168189857114,-0.90320722022535,-1.67381442974001,0.323348659045873,0.360316877825753,0.633904147690621,0.185780804350541,-0.0027545834593249,stable,2
2.76551526271947,6.85554646426964,3.65598447698429,4.31466128616213,3.71217772443085,-1.50332690718429,-1.20856605780717,-1.00028475943939,0.469963508342169,0.138413798954469,0.434462676917274,0.104296737497335,-0.0422238991150236,stable,2
1.72178548161042,6.63884829244512,2.9672388381554,6.3142291928868,4.27328645595111,-1.72998905513932,-0.802431547868694,-1.7408658529431,0.556932669774017,0.532496270937519,0.611657552964483,0.412628873447537,0.0045407108490671,unstable,2
1.82056013223827,9.15378797222061,3.10971212377526,4.41156383296851,3.37391099207833,-1.33826676626261,-0.877443293858482,-1.15820093195724,0.693991667605935,0.751250479674214,0.175387222305051,0.581325344072108,-0.0045160128853127,stable,2
3.09966346545211,8.45366156384404,1.63300563307601,5.90142908763776,2.78832162309129,-1.61818599043089,-0.520553935294668,-0.649581697365735,0.561420422863632,0.71236367119074,0.120643665010269,0.111952917113521,-0.0092397699425579,stable,2
0.695557942641526,7.51502743236304,6.70838411952514,3.22547629402498,3.19192097273451,-1.25159638157027,-1.05136246652718,-0.88896212463706,0.980922502046683,0.0823355183774035,0.151898024765867,0.781630065363059,-0.0450379591146441,stable,2
7.40335881339404,4.05277883741065,3.17823520529929,2.51263106346832,4.25630157724276,-1.85268068471055,-0.732436802205397,-1.67118409032681,0.222157151259708,0.269352218245442,0.532291941901372,0.366420593485612,-0.0383526499718555,stable,2
3.65677770893523,0.738951215381268,9.92921806043648,1.27942210076202,3.55108126827925,-1.74321690503994,-0.556594127645786,-1.25127023559352,0.984129043895518,0.920280677683401,0.132768119986678,0.954064651462588,-0.0208860736857399,stable,2
1.96995493482642,5.48063418967023,6.37307778599672,4.07579842893975,3.96288067009166,-1.42329214606127,-0.974606949535559,-1.56498157449483,0.313274090390283,0.444783580764955,0.44378101501391,0.642347977222378,0.017498399713795,unstable,2
3.6083244910026,4.72790614644228,1.1444479246679,5.10843476277868,3.63943838480698,-1.66136946069911,-0.78085158199718,-1.19721734211069,0.647897808882721,0.563657789201766,0.339839289874046,0.580810834732762,0.0249822815719895,unstable,2
2.03391499724932,9.44657478821703,5.74825179015894,4.97773361186725,3.79840212504703,-1.47362710576436,-1.04087099614698,-1.28390402313569,0.522480268771936,0.648201440732441,0.165666781885964,0.614658274826219,0.0077683853631152,unstable,2
7.49036494433341,5.78873730924119,6.53574324561036,7.96903801293835,3.32574523662815,-1.51160041594056,-0.581677776525717,-1.23246704416187,0.159925752347255,0.472481415224317,0.351980547215858,0.750381081810319,0.0425368912196257,unstable,2
0.543851815321832,2.09163343358617,4.36661905126377,3.66927504634167,4.11120241178597,-1.50757286701265,-0.784667077898024,-1.8189624668753,0.280255303270767,0.844982636886433,0.220802627324824,0.575317875802425,-0.0218330379225164,stable,2
5.76960485500131,9.08175430596728,9.45131913832449,3.01199046306334,3.71269841722196,-1.72860621381556,-1.02449864183044,-0.959593561575958,0.505760905819293,0.108219184550639,0.469241263264536,0.488964648522382,0.0042329766601794,unstable,2
1.71727283881581,4.46235671879259,9.23538812390583,0.886179149586032,4.31231382426335,-1.87481476742011,-1.01941697865203,-1.41808207819121,0.0744643180231145,0.703854500175844,0.658701985523519,0.954368026497461,-0.0097864729470876,stable,2
3.65100176668254,6.84657308290937,3.89674715396697,5.02163149320972,3.8079539637881,-1.56892810402624,-0.794224765770545,-1.44480109399131,0.0705311366901442,0.759139119209103,0.512699648757062,0.272672649775386,0.0180737780685215,unstable,2
4.41233587939317,7.63771780307557,5.87974306918288,4.18187810323569,3.38357313118593,-1.51275276529338,-0.596402502562699,-1.27441786332985,0.680386710717579,0.847381139375397,0.452870107262001,0.837140903264,0.0785152894671048,unstable,2
0.586591107147082,4.98400072437089,7.63293023804149,7.03454398426337,3.90559319829089,-1.30738211926299,-0.944983934693877,-1.65322714433402,0.235708695493662,0.0638727032395231,0.237275975010387,0.778897051151583,-0.0084326683010654,stable,2
1.81754205629468,3.01521528463354,9.87302172709567,4.87914570479859,3.84468271272612,-1.64686273554311,-0.845028236082604,-1.35279174110041,0.480732675623001,0.860826830591788,0.855140611401543,0.318768053643008,-0.0014184871238726,stable,2
3.95616363047236,6.37416526887793,3.05340034445233,9.92339368943767,3.65096725352377,-1.27644771820493,-0.820111442603066,-1.55440809271577,0.0607531877213821,0.643241039244526,0.110433301243538,0.515850338353158,0.0087482588073941,unstable,2
1.19032876628987,6.21165992456619,1.74090189064771,7.79927042151331,3.74084763014606,-1.44434205745549,-0.588275065680174,-1.7082305070104,0.255805177810405,0.394001463779102,0.23923293320749,0.0802605437384394,-0.0418366424347868,stable,2
5.00698438595731,8.69211283195306,2.31195661048988,8.71614399819947,3.74773586242385,-1.71424143843506,-0.639169029036432,-1.39432539495236,0.997113175488971,0.270083734256809,0.552247469503023,0.597882169499072,0.0389840194593183,unstable,2
0.84675653862264,3.1313299516149,6.43465071652333,3.13849991802616,3.99805677995304,-1.82138554824063,-0.949405217146769,-1.22726601456564,0.608255871869676,0.28061989410672,0.634328740331172,0.890542691582575,-0.0069231704423372,stable,2
3.39587942475795,2.15979209675004,1.07711537144776,2.39973796954824,3.71130552997191,-1.70373825361197,-0.970514035946946,-1.03705324041299,0.353863374554489,0.358303046782099,0.20349958823022,0.092010556274507,-0.032396126607866,stable,2
3.9018191425659,6.61485608279676,4.71086964229143,3.56386125610339,3.4241909920563,-1.43514326905874,-1.21529393976706,-0.773753783230495,0.442919149700637,0.710394695015801,0.733772581924695,0.601694468057818,0.0634296013827861,unstable,2
0.98595352342152,9.32782104093284,9.60508864160958,0.85222945814759,3.32264335853655,-1.82804708026875,-0.749562057354802,-0.745034220912994,0.805082492174541,0.415517260158269,0.904828822139686,0.474935311894652,-0.0143039770600744,stable,2
0.917710381672171,9.37026857033693,1.56654648572282,3.69791333759896,3.7237152544627,-1.17325829785939,-0.866689971754432,-1.68376698484888,0.704874573912366,0.787168312017302,0.104848517999615,0.399372146544077,-0.0237579900339733,stable,2
4.16140809638862,4.05587941047701,1.8478810966866,2.75234465207874,3.43590023987243,-1.72136897147142,-1.18551084730595,-0.529020421095064,0.712295857967411,0.393070235925204,0.492116123290167,0.110949973513279,-0.0164163062630231,stable,2
2.3418723777498,3.08124210459525,7.90112654282923,4.88873764629473,4.09995430163346,-1.57475874279949,-1.25454090028282,-1.27065465855115,0.0591681023058028,0.655697325060966,0.841083123457496,0.246114861074078,0.0135461619536348,unstable,2
2.7620997692312,4.49999310605383,1.64561371338597,7.7628289284092,4.13412254006826,-1.76621466632339,-0.921087006267486,-1.44682086747738,0.860717289030661,0.78697102853095,0.617569003963079,0.147799349908173,0.0106039574603821,unstable,2
1.17141163475686,7.23779321112101,2.1108315319103,5.39615329784802,4.11113166124632,-1.62101312681329,-1.21871364832459,-1.27140488610844,0.776169552668836,0.942306708079162,0.748814778543611,0.839932451515049,0.0331799139127941,unstable,2
1.34998146696417,0.976417498961196,6.10424275782473,1.04770641025882,3.92275717044618,-1.14882419603893,-1.06154309709923,-1.71238987730802,0.473188130804767,0.588499809070675,0.579755807439677,0.597424332542077,-0.0330084253270633,stable,2
4.1534876633176,2.21032002839935,6.16135413754319,3.3828378378644,3.91030298312333,-1.89383554059487,-0.84524484549599,-1.17122259703247,0.510083963453124,0.107421379964371,0.953607366661277,0.479088463114983,0.0361546616586146,unstable,2
2.09225850829657,5.04664218206208,8.41666161860088,3.07176824278019,3.49035540086726,-1.17286843041446,-1.13228793330692,-1.18519903714588,0.896733405115779,0.340060163185417,0.91273716548565,0.872709742627919,0.0242848030225047,unstable,2
2.37007144786743,3.57405598130636,7.6389078143331,5.30686984925626,3.03043399541608,-1.51790165206505,-0.697201435191277,-0.815330908159749,0.261633517189948,0.501071911414717,0.738027250529088,0.690394793549161,0.0394684022465848,unstable,2
0.506418908138538,8.30185820059054,8.77932770098017,1.43919121175851,3.29622970175792,-1.42631666642601,-1.06823289279049,-0.801680142541416,0.608140533412828,0.275079242312196,0.878814432031546,0.897554849892646,-0.0220664016587463,stable,2
7.37541307144469,2.00614307532018,2.07495396736136,1.6861918914074,3.93505910526146,-1.54857864086939,-0.824960120761173,-1.5615203436309,0.0908213637701527,0.0791754053728504,0.935969159541518,0.118717727286984,-0.0211200666685706,stable,2
3.95918791590476,6.5435383845748,2.57062602495548,6.13684378533178,2.92689005184557,-1.44085962711656,-0.600936844779342,-0.885093579949671,0.147854242534696,0.692964725185793,0.0899475716414058,0.109367785899877,-0.0230357739708164,stable,2
1.09368498673516,8.22083027720589,1.53417272955269,1.85561195070111,3.98282128509176,-1.91658689096799,-0.608277826057654,-1.45795656806612,0.141626896439679,0.531536708050637,0.553890639041783,0.984693637945357,-0.0410689794771507,stable,2
6.00639821435374,1.47468851511482,0.897609365146724,6.1106730957843,3.65430631784111,-1.36370345904251,-0.989168190990237,-1.30143466780836,0.565137530314454,0.460391117376027,0.776885223592187,0.170076793566308,-0.0497679554098385,stable,2
2.670951545813,4.24920148989775,2.66337276594609,0.673884840002807,3.181786951413,-1.16052162540359,-0.800339900496742,-1.22092542551267,0.281439151354993,0.442271963856193,0.643556466252364,0.450096471431673,-0.0324367192749948,stable,2
0.792929428386933,7.42664318308181,2.33171218098376,1.78481845520448,4.22340025384203,-1.62442333135325,-0.645340822541306,-1.95363609994747,0.957150420861993,0.78790921964108,0.11346796373975,0.762185551741151,-0.0397320789126236,stable,2
1.17414758773438,6.40285937050414,1.73986483726902,4.4098224243241,3.00603758109184,-1.24455563987441,-0.554742192874698,-1.20673974834273,0.264600044596731,0.943253327479394,0.503987131527941,0.749543338014483,0.0284284432385651,unstable,2
2.03439211382407,5.18150555389571,6.75000954464976,1.34097306543128,3.67411342779568,-1.67973465967104,-0.832577793241478,-1.16180097488316,0.725374661900338,0.801483142518358,0.375392877236678,0.994767182725221,0.0030548427221092,unstable,2
6.47964597389186,9.76604025985842,1.37897805400265,5.07389862387398,4.12004626499649,-1.63667423681513,-0.923783797371841,-1.55958823080952,0.671450442557796,0.418949107181253,0.58937283663787,0.761802648045014,0.0271151905266643,unstable,2
1.25026944232882,4.66911823913289,7.19061559987382,5.20780963884761,3.71176799217093,-1.86052055916018,-0.713845790561964,-1.13740164244879,0.389247728121595,0.117856467099343,0.328450329493468,0.854536107342284,-0.0028784643019865,stable,2
4.30637396917286,2.69856526602798,7.11159983386918,1.66714850504418,4.0365213516864,-1.72154534279947,-0.661914822850155,-1.65306118603678,0.502570408270964,0.78443232213462,0.357267870897481,0.283608418997247,-0.0125477290859263,stable,2
1.77073545009691,1.44277571096985,3.54282271155692,6.45002259388071,4.20392564471913,-1.35252356205531,-1.08421365977415,-1.76718842288967,0.714357113967902,0.432670699318758,0.99590436051356,0.073397551801434,-0.0201303127636621,stable,2
3.60926492407408,1.76616088600024,4.43939136650183,3.32131630733762,3.99147693573214,-1.9317992291781,-1.05010617358093,-1.00957153297311,0.586884646949364,0.61404701470025,0.168951953591123,0.341421448745715,-0.0294461680399636,stable,2
4.43943561537915,2.80862776805327,1.98470135617767,6.80488130958988,4.02942238975213,-1.95636595626191,-0.548400226940704,-1.52465620654952,0.699691933860758,0.638884179143081,0.0810020978238259,0.163152598300788,-0.0174370289478278,stable,2
0.65855380219894,6.4054897821511,1.77770209391179,9.80955416972881,3.90773586572731,-1.37540417436177,-1.24696234085986,-1.28536935050568,0.471324251248934,0.202991201607978,0.595310104248294,0.580120614090377,-0.0435837297503715,stable,2
6.43184930670589,5.27286798115778,3.01387090507752,1.49402903811157,4.33733193213724,-1.89119262604165,-0.534753935357963,-1.91138537073763,0.313671234986138,0.159771809005172,0.766249162677386,0.771192944524841,-0.035066221793886,stable,2
0.572904187040112,5.92345830958247,3.16639735773539,8.84924414548496,3.97498184700158,-1.88501335060183,-1.41100744544956,-0.678961050950189,0.0625764099771751,0.168703197037383,0.109515222191035,0.960911333042383,0.0094862506475731,unstable,2
0.564871658457001,2.06117389768149,8.37986672903096,4.32195057820147,3.0077774457647,-1.35989029106499,-0.665153245228226,-0.982733909471484,0.200725486948482,0.181963937839189,0.948610928084886,0.963033922572103,0.0258724566557629,unstable,2
1.26973265101842,1.42200979505718,3.55381072688953,3.73436409044547,3.13804559444092,-1.56094261945654,-0.799450801729236,-0.77765217325514,0.430657887608713,0.785557770613459,0.189001134334694,0.0844389122552285,-0.0289601077405887,stable,2
4.37505239045554,7.32488620768778,2.19061159151061,0.792997462285042,3.43550813444643,-1.43958440739402,-0.805035393100395,-1.19088833395202,0.0884270712931443,0.788389791244058,0.714531913987574,0.828226543637003,-0.0247248961780377,stable,2
4.2002226929412,1.98484605889178,5.99551133531701,2.05854967918278,3.3433590294397,-1.82963858685491,-0.64893881151909,-0.864781631065695,0.50352420841609,0.0905379385151714,0.402630441429822,0.456215437348301,-0.0340184351179095,stable,2
3.22795541984498,5.46196484803562,6.14519400863441,3.19597184986312,3.29880944891686,-1.19896208413292,-0.625317220361612,-1.47453014442233,0.0982163638416177,0.270648841605599,0.906895308958086,0.418552065570893,0.0196516387660138,unstable,2
2.95519016885832,6.71597162701142,5.79697802850637,5.04406505430826,4.2170405004536,-1.58740949249454,-1.39116030365994,-1.23847070429912,0.234335361241075,0.632683520069548,0.91365293549275,0.357463391890775,0.0542026636882328,unstable,2
1.86731814705132,1.99258335605465,7.40864790802621,0.606996962951892,4.006853839649,-1.85191779207784,-0.942956201374985,-1.21197984619618,0.0864617839041911,0.210294405202044,0.767162090172797,0.444289961262852,-0.037480568311033,stable,2
1.43522205067021,7.91238533277458,9.12675661836668,8.71440006784546,3.42173987459752,-1.86955366883898,-0.585736312968272,-0.966449892790266,0.363175310665361,0.508451140356396,0.470927641794101,0.882147204013232,0.0462234439476979,unstable,2
5.20954761342799,8.56640290437678,3.3641995705404,5.51666510761487,2.98835435669159,-1.41854506857385,-0.525065172935999,-1.04474411518174,0.639940134779431,0.205629818068345,0.967787905712179,0.191297653067752,0.02481183195688,unstable,2
2.11054856993434,6.11131688170822,2.14694275110312,6.52302276957276,4.0918993581677,-1.91014523451827,-1.06688268151104,-1.11487144213839,0.260752558550402,0.347433470065432,0.146031550152615,0.131572907120016,-0.0416810543506876,stable,2
1.38765958557228,4.80501340566389,9.09279191546668,9.93978308046544,3.91864919398221,-1.43191606024924,-0.815479992699984,-1.67125314103299,0.243927760778378,0.689480446696958,0.177012704783651,0.47718695058095,-0.0017532686333694,stable,2
3.74274284681723,6.1512770677242,8.43885209818905,4.2982581305866,4.03278661250292,-1.72939473986238,-0.607817177577084,-1.69557469506346,0.94696696805172,0.214513808883089,0.410226887474459,0.915467510841825,0.0525408424433396,unstable,2
3.12173377615438,3.38530065776202,6.75300833092141,7.77203514090949,3.78374390833843,-1.96159419525709,-1.09810465117949,-0.724045061901852,0.908862373498055,0.227685980377821,0.374005288542866,0.71553291895426,0.0314649408041062,unstable,2
1.16690402091878,9.92826076916812,0.771261996755679,9.05053105390057,3.94673650450242,-1.43568741605012,-0.765306087947486,-1.74574300050481,0.93078891921692,0.769880407656042,0.606396477039468,0.697526057857843,-0.0116407636336534,stable,2
3.3076912954987,0.58063797352988,1.7210251905892,9.15550810185826,3.44491973705215,-1.44122782396364,-0.697088582319056,-1.30660333076945,0.628883443577487,0.969729705892775,0.529251291494989,0.530080642407304,-0.0254805550684912,stable,2
2.73484617369162,6.89331399497599,2.70209107177141,5.64379412331051,3.67448669861813,-1.54520689793164,-1.37912304004378,-0.750156760642712,0.769621705296944,0.0810151080122648,0.120559481732934,0.46180162891639,-0.0363306017943571,stable,2
7.11381654950063,2.42400182725573,2.42366648401825,4.21658378625037,3.82138369605127,-1.92562308948635,-0.696623334190086,-1.19913727237483,0.435133481057935,0.136834962882447,0.482454730100004,0.103564140888749,-0.0332836687065161,stable,2
5.42533147885816,6.88453263619501,1.92017948009266,6.27772907760338,4.00966442898758,-1.54514794021775,-1.28296822555275,-1.18154826321708,0.206053573122753,0.419083941386642,0.331665822709287,0.580506882260821,0.005589030381058,unstable,2
2.81969534496395,2.20759266874621,3.26247212717941,8.79214524572021,3.64770570946044,-1.9126008967935,-1.04438906724218,-0.690715745424759,0.44850425118411,0.348314071170519,0.532082169482943,0.510593349469018,-0.0276399169331657,stable,2
3.61754398733503,3.36645430075466,2.25965455120583,1.98028546461809,3.73722210754271,-1.48668195833379,-0.815150004724006,-1.43539014448491,0.80877475364296,0.794062151767662,0.392707243967196,0.220368475315293,0.0242171903661205,unstable,2
3.46151752911649,3.65255377093132,9.46288343725741,1.4076738760913,3.32791718298469,-1.74179752894989,-0.78280663854843,-0.80331301548637,0.86417740157512,0.157756787213007,0.77787290248323,0.525914004905605,-0.0119534113747245,stable,2
4.67502967715467,6.82014165735438,9.29659288850984,4.76110253288469,4.41065807988395,-1.59163111020447,-1.00139350010809,-1.81763346957139,0.0906693972799182,0.0571600682263076,0.244288454846193,0.540007733828856,-0.0230194119720651,stable,2
0.673663947402639,6.88677156460673,7.0878724085396,0.641203352144035,3.31055442700535,-1.85337623637071,-0.575758251681854,-0.88141993895279,0.430320563932385,0.827883414083569,0.507670039413722,0.574004663055547,-0.0084570723227887,stable,2
0.992185721860279,9.23658304194276,1.18235764161807,3.25457697699883,3.44711011123653,-1.71831021881842,-0.714622854511335,-1.01417703790677,0.440326552222324,0.881868986243517,0.361093641035419,0.507202161867786,-0.0169376214441836,stable,2
0.68144567117691,4.29164784563149,2.20842265959911,4.44451030612889,2.82895858737422,-1.40064556979766,-0.874080897713569,-0.554232119862991,0.664105968562886,0.100567993709431,0.733841627204376,0.313064982412311,-0.0187972287366265,stable,2
1.21625167333419,9.7003178813449,6.16258926577143,5.65006570547167,4.67239536189193,-1.99950565714131,-0.792854216864298,-1.88003548788632,0.795077540791552,0.484206099435354,0.589057841431102,0.872209857436162,0.0271525293465786,unstable,2
1.08752583955564,7.60347228521331,7.51321591365038,5.83574635314973,3.27170025335737,-1.32686579818252,-1.11191871640773,-0.832915738767118,0.749052092256305,0.605793064968203,0.839544720664452,0.167653308055523,0.0211636576383475,unstable,2
5.18517690609129,6.82861818240873,5.77138212424008,4.73899327417514,3.40501992155373,-1.83036000932214,-0.785087844182621,-0.789572068048967,0.409487772284604,0.665590418077118,0.928040664111854,0.725713890605115,0.0857205801838366,unstable,2
6.45728409807663,7.27174576567422,1.78160747109968,7.94706557567052,4.12172731084444,-1.69469397892989,-1.04733247792035,-1.3797008539942,0.441705305453022,0.0504886453615502,0.114633462339521,0.444959933008944,-0.0127771861153146,stable,2
4.80123384468156,4.59918741843207,5.33328422005821,6.23078018546521,2.96541059513066,-1.81445816046384,-0.521909979512147,-0.629042455154669,0.70840967571352,0.789094953072171,0.768459892318363,0.224175595949015,0.0747414009449595,unstable,2
1.86285732744196,1.62774329934425,5.66875344369931,1.71865253083393,3.68778023945578,-1.10173551707835,-0.892201113897422,-1.69384360848001,0.138714012032157,0.755293466786733,0.104104602699362,0.446027307669691,-0.0545323152658034,stable,2
1.51330184241311,6.02695093490399,8.21314773066416,3.93761605424365,3.30085860298971,-1.39486432952726,-0.767121651783213,-1.13887262167924,0.399832209548423,0.134262445078415,0.919537721967672,0.413717135322269,0.0095532904671221,unstable,2
1.37062190834652,5.08222678260101,8.23329101657015,5.88832599325468,3.55894112191874,-1.42985631109665,-1.37518329988272,-0.753901510939375,0.992778500198099,0.88369104143011,0.593939796302986,0.141991895963214,0.0096153279318106,unstable,2
2.74426162231347,7.02802040497103,6.50838952645231,2.54094286256464,3.40116846199801,-1.48973040945244,-0.91785733929812,-0.99358071324745,0.347931314636762,0.685299909924114,0.383920413446318,0.117425272505485,0.0062906942910671,unstable,2
3.00262042140883,1.93360544218284,9.94086533997529,2.88857622177926,3.92640427890956,-1.62200676387225,-1.56628903190095,-0.738108483136364,0.490183022046604,0.361868995272857,0.497129233573496,0.359428148036457,-0.0443440603294347,stable,2
3.41826014941521,7.6892676514784,7.49407746949302,4.5322983264106,3.52575977338375,-1.78806646107805,-0.707553975248628,-1.03013933705707,0.951010912608072,0.0612862555300526,0.490644096015315,0.33973022065196,0.0128286316433433,unstable,2
1.53105026136305,6.55992769571593,2.75287598646723,7.53787082760677,4.08200853058824,-1.75115482971139,-1.61398880090782,-0.716864899969031,0.321294656467842,0.45996925106889,0.546215813671399,0.300621600766754,-0.0226692936686847,stable,2
3.15588999533224,1.48167964541327,0.989421376573737,9.50204220949874,3.3767536096876,-1.42927574758929,-0.878882325003704,-1.06859553709461,0.533861821466994,0.900089637813272,0.863526492679998,0.409224295066013,-0.051401552426996,stable,2
2.80912463296698,1.58228548932639,1.43405269127731,8.60909759261014,3.54520227232789,-1.02061140471974,-1.03284857744057,-1.49174229016758,0.282763523771883,0.438772019793284,0.628700944538367,0.116668283772964,-0.05210976437188,stable,2
1.29723178895937,1.09799432023613,9.79024755024714,4.63615809573315,4.31904618398465,-1.72837035811681,-1.59551015093323,-0.995165674934606,0.112118207881949,0.456801930470248,0.428417583041292,0.620092508750178,-0.0284877632262413,stable,2
2.14705152506101,1.89164766598233,9.20077789470627,2.84230655926567,4.20454954720309,-1.8855732166737,-1.54997761664328,-0.768998713886109,0.637816963361875,0.159101108378206,0.718157761736207,0.381590159580169,-0.0152493676479117,stable,2
3.0413090846163,8.31911615356627,3.93917227181388,6.78949814876721,4.46212103942757,-1.86624132030198,-1.00848495978756,-1.58739475933803,0.701658075029374,0.850530874458306,0.985444101475091,0.976559271804225,0.0869062332617104,unstable,2
3.79292540498965,0.786708711978467,4.99894600398791,4.68040689020638,4.17040781264627,-1.78845927261699,-0.726847321936313,-1.65510121809297,0.314094980784048,0.167957355538318,0.279096021058857,0.54557479394342,-0.0252765940902481,stable,2
1.45023853448887,2.45875104659476,6.97817284219542,7.86790886075372,3.02289867797384,-1.66527391861184,-0.531901181460871,-0.825723577901127,0.807904393439632,0.213460048752761,0.468167907946829,0.696201173590438,-0.0032170465295959,stable,2
2.89377766134284,9.59921106177571,5.97753717974106,2.66713222124561,3.48527986851136,-1.94961766687898,-0.656981576577574,-0.878680625054811,0.852528669315575,0.991587212122754,0.952624938720023,0.348601237638879,0.0531294520752424,unstable,2
3.02911760744463,8.31373993442231,1.32885165638111,3.18021897060695,3.39469406272368,-1.43441116426467,-1.31185736783184,-0.648425530627172,0.686996172782288,0.21075490183123,0.648647517939381,0.682407771394626,-0.0379227350424576,stable,2
1.31856783378733,7.31235093456882,4.8378356377442,6.19659843803736,3.72557759934203,-1.52889629085874,-1.09573401943645,-1.10094728904684,0.665031047276473,0.0994580499280302,0.861162420816149,0.827693886809978,0.0322034572452958,unstable,2
7.5975740680529,7.01662824668154,7.03170202440308,4.41864199411356,3.0920075934315,-1.51827365864809,-0.616138285002741,-0.957595649780671,0.0694696717285796,0.742712338394363,0.670236042047701,0.099994146156091,0.0343236506983264,unstable,2
2.97178111502045,5.33707544100465,9.99412479471795,2.51309921363902,3.11508096976499,-1.26133839329409,-0.783803151545581,-1.06993942492532,0.0999222360044252,0.541803649889614,0.196922124080273,0.492167852352167,-0.0399703977401552,stable,2
5.08025982741212,9.18214709569636,6.33102467716309,9.67273523620695,3.61717510773191,-1.8688219162321,-0.940502206385601,-0.807850985114207,0.428536944328103,0.285103815744191,0.729581439017456,0.938042887382826,0.0639344799077727,unstable,2
1.17325823560273,4.41799475117326,3.41338395838833,4.08450102677646,4.16558140314412,-1.68214427297993,-0.713562718417833,-1.76987441174636,0.214391377882606,0.615375739990188,0.193834353579327,0.43131753300318,-0.0249286832561696,stable,2
2.68966767433463,9.20621400122087,3.36829362525757,2.73550742459232,3.4266709471812,-1.19642486278851,-0.874683927425602,-1.35556215696709,0.546718600617806,0.959200618037344,0.102399587674621,0.601124195407379,0.0029495222974248,unstable,2
3.33741560162653,5.97584353140974,1.22656649634991,6.20475193839432,4.41281152016066,-1.70501877506485,-1.21295020818912,-1.49484253690669,0.11305096613977,0.102349066234211,0.135764895046613,0.841131321889874,-0.0194906853958775,stable,2
4.02799001033726,7.03310914150495,5.50283524729986,7.64868916589019,4.21274704859468,-1.52431635610329,-0.936205560240068,-1.75222513225132,0.781142097031496,0.371950599069282,0.638914271589316,0.295798364990411,0.0464878057894063,unstable,2
3.73366599386104,5.48402359309612,9.79685431504501,1.70606612425642,3.46300874819595,-1.65372284828387,-0.805826880597696,-1.00345901931438,0.329125587490734,0.0609375841949985,0.133350300086157,0.318923612418489,-0.0503821201681014,stable,2
0.736545638050081,6.95947370621187,9.08720155205282,8.01103898631261,4.533735083957,-1.87528966721013,-0.869293459736637,-1.78915195701023,0.930452948537886,0.79423547389156,0.523847007054358,0.174147108612837,0.0005422096279207,unstable,2
3.84338461405616,1.37314185926158,4.23644671268065,1.08009247261408,3.24896846812128,-1.35648926329574,-0.826760356586822,-1.06571884823872,0.368804078944584,0.314367176058573,0.917689958895001,0.397859954207371,-0.0168460153940841,stable,2
0.98726058831251,9.19572193595232,7.87394121175618,6.16795630450866,3.81555078802365,-1.51123466835425,-0.518466003404243,-1.78585011626516,0.669400140388818,0.888952090860275,0.151099595514341,0.117538375026967,-0.0069375020409732,stable,2
1.44639270938498,5.73101887420272,1.16210531816998,6.85807227527258,3.21509764990462,-1.73833911743663,-0.511691503371519,-0.965067029096466,0.385296010558914,0.142368151719124,0.547924064422593,0.522352903238173,-0.0317511347577739,stable,2
0.592020746144489,5.56316194961925,2.89342600002531,3.03678721612428,3.89365326455278,-1.31150148818993,-0.695672299065848,-1.886479477297,0.893517480186879,0.948463161144871,0.477447789158918,0.436633994113893,-0.0035507555876145,stable,2
1.43608851783429,8.86210821559835,6.28331488320812,9.24620179085761,3.09400054194649,-1.33483860517509,-0.964522756978078,-0.794639179793326,0.395613405966709,0.0764074644726969,0.500476963066435,0.679908470238791,0.0068768800413887,unstable,2
2.6117816640122,2.70446325958234,4.03132319501167,1.81306501646597,2.96457012492714,-1.57262018398676,-0.644983719356323,-0.746966221584054,0.264619749229456,0.921713747566055,0.54782877685839,0.492345867313482,0.0088586153692626,unstable,2
0.884329734717205,8.80126678259644,1.65859272733686,7.2172220371777,3.99451969743205,-1.91190350912726,-1.40430549814139,-0.678310690163402,0.591812813685029,0.657336193882651,0.992665895796509,0.0883940340714424,-0.0261423433555278,stable,2
3.14957633978798,3.27316042337925,9.48514621179156,7.14769336832123,3.73828733480377,-1.75163246593474,-0.970340215610748,-1.01631465325828,0.920094616971497,0.236041797650803,0.48650540037665,0.870286670196604,0.0399961229251592,unstable,2
4.20064133523363,3.4939499249662,2.13830315024585,3.63797292110751,4.44627477139126,-1.6142539861199,-0.85417393014339,-1.97784685512797,0.0767053479358554,0.262831863611033,0.833061447102944,0.572190587580128,-0.0275442226672342,stable,2
1.94044525175755,6.71376575070526,8.92234049056721,5.25120700031983,4.0804535972911,-1.99785405408018,-0.954171177544002,-1.12842836566692,0.164186469870774,0.652855920369285,0.401763755846909,0.488211609100788,0.0257687193716209,unstable,2
1.88200071966788,2.6432846284411,9.69541877641229,3.93443747294289,3.81851867854254,-1.49291222409294,-0.97405280360257,-1.35155365084703,0.648317116209985,0.334389484906333,0.328191559276315,0.442264877106453,-0.0424356958165788,stable,2
0.767006075929012,3.1231572406202,6.29959613999231,9.17924926648994,3.67258235268365,-1.82179467012994,-1.15585529110822,-0.69493239144549,0.647106835119398,0.273719601951709,0.694063100796571,0.0773459660375374,-0.0365192570478555,stable,2
4.39300958368992,4.03427166296837,2.19260042818405,1.65676862975139,3.97586555007916,-1.55151220364443,-1.19222625278498,-1.23212709364975,0.238050168817417,0.233798741037642,0.793816201052699,0.643248573485209,-0.0235943079608018,stable,2
1.4960750531555,0.845238611340593,1.96308284632707,9.63671230109833,3.67174727390948,-1.89436143357441,-0.552821273430553,-1.22456456690452,0.355702928016778,0.285446006466944,0.584974101594529,0.525777223405956,-0.0392637884150639,stable,2
2.94138690040967,9.87483520880595,1.5531160985611,3.82953925323909,4.14723442538943,-1.90054384569803,-1.01749135315147,-1.22919922653993,0.562166399253749,0.863604047994509,0.656490926769136,0.622534150402402,-0.0124282416845099,stable,2
1.89412027219334,5.47824954439543,8.91995330391467,6.18467087685266,4.05963588948503,-1.78125101722094,-1.45110149576981,-0.827283376494283,0.373391884277888,0.517112473958591,0.900434843617027,0.196962816263472,0.028371737155863,unstable,2
1.69091255668722,4.73253582962245,8.05136021305028,6.44377484575828,3.96289336863784,-1.70732344066037,-1.19284865699252,-1.06272127098495,0.641017843972173,0.986174846134952,0.550601597952604,0.872293632313771,0.0642400427417567,unstable,2
5.06238095707621,0.974466587292519,0.542723237191606,4.30081814905165,3.39693093063799,-1.16924101565537,-0.804780522673309,-1.42290939230931,0.274376476063663,0.299765540478323,0.0828022368624457,0.898363764359456,-0.0218191935283591,stable,2
4.43230466499082,2.1178570213431,7.07443126927874,8.39726031138286,3.74869384436781,-1.56869984455416,-1.21941110681631,-0.960582892997342,0.733648116500686,0.326267700265805,0.722548257773664,0.596874706934525,0.0485804204500607,unstable,2
4.73346781087794,1.75755526475928,5.98247062825734,9.97879469134805,3.63848942441724,-1.45788320589437,-0.98497835639487,-1.195627862128,0.592961767631519,0.803940974660347,0.697387656226165,0.273380292602865,0.0124429081127993,unstable,2
2.07798029514697,3.78113780875733,4.86646313676095,9.59743317307626,3.32100676979333,-1.12278983954855,-0.86825987775675,-1.32995705248803,0.491674358059182,0.597038221840474,0.656090845274712,0.535753594364889,0.0105593120886965,unstable,2
7.16819439384409,9.64069016549753,1.49819458808828,6.84045706416157,3.16311957326535,-1.68982734745188,-0.666787121363706,-0.806505104449764,0.312881427933623,0.71760145486682,0.716054206811099,0.290944617304227,0.0069711076135791,unstable,2
4.2552865930096,2.70013398751114,5.5512022966558,5.91201454135218,3.29561324080951,-1.57689829419709,-0.647561909173196,-1.07115303743922,0.133102575850246,0.34073619911472,0.157524826948959,0.207827962963209,-0.0459922167058892,stable,2
6.51709285956498,1.3908771273253,3.92542881031594,3.55528806508929,3.38415506012806,-1.19203213755726,-0.857827961117856,-1.33429496145294,0.186099295204524,0.310674617700374,0.747465594212218,0.223460333994599,-0.03961062427492,stable,2
5.3168798356,4.92406248306998,7.90584794862499,9.84535552550987,3.72281681212527,-1.49257934977466,-0.913422114167467,-1.31681534818314,0.256295152261184,0.467053074021728,0.220590650718965,0.73242956613765,0.0292050658839949,unstable,2
0.84072670515771,9.43651723086535,1.07579481936445,5.5120500605233,4.02811425459957,-1.66255648274373,-1.34524770056666,-1.02031007128918,0.915449131425086,0.724659588213556,0.32843667823088,0.673762491148221,-0.0273719956981177,stable,2
1.82331138926608,3.2013672252688,8.1756675141193,8.69152141824226,3.60575388640518,-1.71619478777477,-0.890279808504425,-0.999279290125985,0.0837856407734472,0.140651469574678,0.723572558323224,0.74170578024931,0.0343621334552,unstable,2
4.07675073923768,8.70746361992491,5.62688745305574,7.83684266036532,4.08578529614192,-1.55206119910456,-1.13388093141332,-1.39984316562404,0.132699166887271,0.597499010047938,0.346744000223849,0.395304594524598,0.0243627172724553,unstable,2
4.3214024349499,4.04816947536608,7.05764979490467,4.06329126996282,3.33356450304194,-1.382767162523,-1.06524130324225,-0.885556037276692,0.635636950134229,0.521986106793008,0.557061585971409,0.135323879841119,0.0279042352924288,unstable,2
4.59896083826378,2.48263795646987,1.62280957363201,1.86752965715952,3.7002432201006,-1.97937537378895,-0.623618623036693,-1.09724922327496,0.614100140838199,0.346509479394312,0.519099110058674,0.404390066885342,-0.0230453270532163,stable,2
4.14202400296237,8.55639218658897,3.336799778853,3.30644173230758,3.80331524957354,-1.62061887910765,-1.12140808006156,-1.06128829040433,0.232717870192359,0.659618953588104,0.888085953761727,0.209897791881267,0.0094198462712507,unstable,2
1.50461230293125,3.19277594936999,8.47099017688447,2.72080347998817,3.87138083366687,-1.66483894950824,-0.774288345440512,-1.43225353871812,0.426831138540896,0.726227688331467,0.472619446033114,0.0548528744774905,-0.0450020129900593,stable,2
0.622507513923582,3.62220327122015,9.30142254134059,4.76908828785611,3.34980915238465,-1.86566478104241,-0.941027981977561,-0.543116389364679,0.632616261282075,0.507177235147265,0.116081543233854,0.914244945963679,-0.0171835515765508,stable,2
2.92488925797709,3.30756315985612,6.0129920217457,4.58389659879648,3.99025310915122,-1.70179401831466,-0.522304009242868,-1.76615508159369,0.128008979029284,0.843159062933141,0.414114008425322,0.767694098335038,0.0392688365066241,unstable,2
4.24234076934067,9.98528132895328,3.67379399113987,6.21810359308057,4.41405748704232,-1.94780863400487,-0.783681558701326,-1.68256729433612,0.293068100845697,0.730782655158747,0.738156565658074,0.516901933477871,0.0362232924467743,unstable,2
4.26077948238247,8.8867022309984,4.63400748653268,3.05932775573494,3.2077598073108,-1.59335137081238,-0.954337166247401,-0.660071270251018,0.155337666684976,0.124592719464166,0.438224618055785,0.719150755330754,-0.0295360122503882,stable,2
0.771871926539671,7.62482770665491,9.54622199465863,2.23608466940904,3.40487752413258,-1.36358914001082,-1.18630302214337,-0.854985361978388,0.0539173635462381,0.991418505150831,0.809691406423502,0.953636176447183,0.0404079751116154,unstable,2
3.32365385973593,6.08871503633492,4.94114541193302,7.76563332858531,3.79477752401306,-1.56855559936694,-0.519200215440791,-1.70702170920533,0.908980640633908,0.405884339844774,0.299190899765624,0.417302767754373,0.0288621677734163,unstable,2
2.69846925186807,5.03353990392056,2.38447122238085,7.46439721036034,4.21723709938821,-1.63272740760875,-1.43679965963888,-1.14771003214058,0.121843269103153,0.370617763113195,0.591032241553983,0.683038057819291,0.000920366571584,unstable,2
2.32490098812106,0.65216490533083,8.31235495513263,2.44611397417152,4.04413425049485,-1.93330828377828,-1.36810219933727,-0.742723767379299,0.322284029793048,0.118549555085612,0.663958628681027,0.483532430459692,-0.0349992804237786,stable,2
1.5666243409762,2.56842613100701,1.64193808102249,2.16582881399128,3.45515883960117,-1.30301765816273,-0.94031200132469,-1.21182918011375,0.692000315125575,0.698927236953661,0.721144801144152,0.0617518500810012,-0.0265748795052789,stable,2
1.20266829941142,1.07574380679727,9.04314519151113,0.987461313984601,3.76661129514085,-1.3821922739264,-1.08736572189325,-1.2970532993212,0.946152761079482,0.537492152218941,0.835115286776191,0.467033120591929,-0.0058076106722051,stable,2
1.86399898398645,4.39946011610456,5.98849789434995,3.60234731249705,4.04371474947558,-1.69836141306775,-0.783229130170401,-1.56212420623743,0.742996438232627,0.323310270167466,0.86110240769264,0.445748375387791,0.0280128164855885,unstable,2
5.28333648044625,6.60405273793812,7.54634892141968,7.10242755103672,3.84521323748926,-1.82947291385268,-0.729907857267745,-1.28583246636883,0.968531475815437,0.419468643680424,0.156430732035586,0.277250003663364,0.0423743870188657,unstable,2
1.92821489446618,2.95480544048373,4.55133117067161,8.44483861902216,3.92418806556728,-1.56151036274346,-0.921248727160459,-1.44142897566336,0.881175670763738,0.36076954211309,0.841755591986632,0.365667858509618,0.0029386104296035,unstable,2
2.66231704674984,4.26732649157979,3.67910796196318,5.28156528881495,4.45564456383628,-1.97717923926486,-1.44973693190567,-1.02872839266575,0.792034051525311,0.871207163022752,0.951698953453596,0.0947679453582945,0.0674543593448963,unstable,2
4.49330417502458,7.97574089537812,6.34070176972797,3.75993228129804,4.24395022430703,-1.72790011942431,-0.655204416625958,-1.86084568825676,0.341718010309485,0.596623144515884,0.964857025539613,0.105964441207147,0.0496021946305432,unstable,2
7.7407913659429,4.79431960032189,4.84080733684049,0.783743259323738,3.30226017706337,-1.72512382613629,-0.596017545350816,-0.981118805576267,0.106530391585145,0.281405751168617,0.914736080643075,0.951476901767341,-0.0140648895233714,stable,2
2.49163980843413,3.95408746689755,1.97365665093202,2.54951295875113,3.3913718531059,-1.84483067212737,-1.00691053525729,-0.539630645721243,0.675263982389247,0.55340210985455,0.743221135855649,0.207344504067346,-0.0012713145980627,stable,2
3.76525808288591,5.43166811298141,4.08442443156091,2.59221125578703,4.00659626625753,-1.7749222426014,-1.30643422782759,-0.925239795828541,0.46205112156345,0.294906380332958,0.117407577337903,0.89290087066854,-0.0101901701397885,stable,2
5.02406655126581,5.15205265577909,0.6721704294472,4.91445499540396,3.74911939198302,-1.82408879847963,-0.85747487389578,-1.06755571960761,0.74273103542075,0.52636177554231,0.903931664479773,0.273903917368475,0.0021012550937353,unstable,2
6.65720970436889,4.27120364074378,2.95136262710637,5.95060640226468,4.18312791718145,-1.91376904690751,-0.96692907492934,-1.3024297953446,0.0554583941194322,0.40334248850663,0.763107773000463,0.0634456122142309,-0.0411201466376974,stable,2
2.82183873393316,8.76885661167293,2.20356489338832,6.00431411007722,3.98322587565839,-1.41436140948178,-1.01012558500643,-1.55873888117018,0.922763442437504,0.806035807162275,0.514612332172918,0.62311954859047,0.0329139142694267,unstable,2
0.672028779582994,5.80840399565351,3.74098478029299,8.65703923847727,3.85182146070771,-1.53565196971552,-1.14045167950378,-1.17571781148841,0.560356831244407,0.190413553303673,0.275093280918878,0.564756026902415,-0.0342725833176847,stable,2
3.06280473072169,5.55953332325538,6.32534016769549,5.73426403522054,3.92938664448612,-1.60787884134781,-1.14185025654002,-1.17965754659829,0.315203710919706,0.209449515726513,0.0866176782214746,0.511413952401719,-0.0282783237405034,stable,2
4.81923136445141,9.46102604326102,6.864794313823,9.84009984643435,3.69888577974691,-1.9070856929297,-0.864610040511703,-0.927190046305512,0.376193242257072,0.519682854743757,0.122160079677063,0.338829852906699,0.0167575749181266,unstable,2
2.24632322064764,6.52815237949019,6.74237111039555,1.2375115857554,3.49281000661317,-1.51531914092995,-1.00006581479404,-0.977425050889177,0.671361734078622,0.585033020224281,0.878774396661561,0.371473309410221,0.0264905835434198,unstable,2
1.3812762351293,0.951395920475631,6.89090936852264,5.32336642809946,3.34582742043436,-1.81034840417977,-0.992904456647648,-0.542574559606938,0.651476059456541,0.718031402295274,0.921264389652441,0.513474594570553,-0.0027168087158826,stable,2
3.04275324309632,3.74375884257093,3.14740452133052,8.62968465593649,4.1007198366887,-1.57229896392389,-1.05119723749498,-1.47722363526983,0.370243555813491,0.46135744076966,0.740634349312617,0.469156065638488,-0.0019010431342987,stable,2
4.15987822185962,9.47509610840213,5.93874029399352,4.04704453072178,3.94449951729369,-1.98276896371468,-0.700293381957279,-1.26143717162173,0.322698645796248,0.877389578442547,0.680771458177558,0.0628431570703222,0.0399339477447049,unstable,2
3.964843079082,6.97985952132411,6.38911579879851,2.73361816911972,3.36309258995853,-1.72711632550221,-0.676065394446871,-0.959910870009451,0.733452015589112,0.983927551782497,0.299816178746795,0.129204307127355,0.0472796480620407,unstable,2
1.52658509830934,6.71001954366515,0.850327351954568,9.86013484560809,4.1096504928599,-1.96528532085164,-1.20550946785883,-0.938855704149429,0.124252239086659,0.185490740575136,0.664907797214856,0.255056493800756,-0.0468147168647198,stable,2
2.24796142538427,8.02059046953307,9.65460478892442,2.92887177531773,3.54212984993302,-1.77926861298895,-0.624962894414319,-1.13789834252975,0.698342099370582,0.580783373410084,0.699832501697183,0.878604902610148,0.0184800030269361,unstable,2
2.51955037379853,4.24189962039479,4.59035947038416,8.53462155770818,3.31859878570551,-1.59375706031213,-1.0359230874154,-0.688918637977983,0.87746417738584,0.0867109650161199,0.275202217602701,0.288713105189963,-0.024572972390494,stable,2
4.43021884888974,7.78720439457234,4.00980756699736,2.32706727617523,3.29009736669897,-1.43482738339467,-0.551742424354993,-1.30352755894931,0.733123971746593,0.413048643231908,0.523174029422494,0.0711163330786268,0.0144025064525791,unstable,2
7.67365258703177,3.31553537912249,4.22517105002953,0.512047836098052,3.71090761691633,-1.78273763372124,-0.54425714338317,-1.38391283981192,0.228857347072231,0.57767990077653,0.880352052793123,0.414601310678257,-0.0104620475373756,stable,2
3.65931261184625,1.99138111518302,1.6376474999366,1.56981707729517,3.29235844737698,-1.23709594788661,-0.893677398999245,-1.16158510049112,0.284699179670343,0.797661695094376,0.782697494635818,0.307094201151424,-0.0353962457672026,stable,2
2.91386219874265,4.54075703809275,8.76951052699556,5.421908265136,3.46216990915916,-1.75014249233829,-0.883855497190694,-0.828171919630177,0.464093855298696,0.574325857352967,0.382258527169682,0.592130119064887,0.0265791402751012,unstable,2
0.712268081095617,1.62033635515915,5.77696611584019,1.57979576250904,3.15270993278925,-1.40615924225678,-1.23055293115851,-0.515997759373963,0.286673710428443,0.816980747529044,0.621780956750241,0.286267667010804,-0.0583776379582298,stable,2
0.533819193121896,8.10740193753749,7.81240127790492,2.36772995542173,4.28060757372595,-1.97618123632201,-0.658256425889011,-1.64616991151493,0.052323229732879,0.836522633356306,0.139865202037857,0.454411061438068,-0.0031973235812221,stable,2
3.09751238737452,4.65643339127674,8.60471108473449,7.4998839441171,3.58155237718601,-1.94377809349529,-0.709110810079402,-0.928663473611314,0.43074117033869,0.964675487720422,0.787140251955075,0.18081225575759,0.046495651452258,unstable,2
4.26117142976028,4.47810226253018,1.20117629633464,5.24834374722567,3.66431420520118,-1.32854732796268,-0.57895289093809,-1.75681398630041,0.0778815871988982,0.629703410700827,0.193633597764756,0.564021891108566,-0.0116060706308311,stable,2
3.59019878119379,6.79405421740286,3.347823987152,8.68098483973159,2.78164344730497,-1.49712905971354,-0.538393736433389,-0.746120651158038,0.437458317647161,0.116557582988548,0.994838291717914,0.50976414697035,0.0095953041610283,unstable,2
5.37993231882486,7.43274176268484,5.39120700617378,8.83920974233621,3.28597925531004,-1.87174072733948,-0.678783727529924,-0.735454800440639,0.187341807719062,0.644931354404643,0.271883847024157,0.749405393909983,0.0471098913306166,unstable,2
0.8071054467218,7.30969185981654,9.08132819268149,7.48767820882502,3.42960963367626,-1.6713841011858,-0.511882503569976,-1.24634302892048,0.601661086877139,0.670932097213637,0.336640783239943,0.449032715794949,0.0121197835092425,unstable,2
4.39368047597626,9.16651450836763,4.36876365332874,1.48267049172057,3.72098601436301,-1.82879616205713,-0.565964951380517,-1.32622490092536,0.215641974236034,0.19753569675101,0.500587466760515,0.0703604951900675,-0.031458914068264,stable,2
2.66081553801149,9.66910995472299,2.41639334113795,3.54912957457379,2.98795550637811,-1.85753206832219,-0.501092439432384,-0.629330998623534,0.133780427488759,0.28709867067698,0.0720474698225176,0.182905104264654,-0.0503246789385423,stable,2
5.0566180512665,4.71067267241178,7.51959652342446,6.39121864285092,3.73316527790747,-1.36804862797175,-1.35739168234143,-1.00772496759429,0.0556934551300947,0.151271502171964,0.584615687427376,0.166358163668332,-0.016364634450717,stable,2
1.80305189976015,7.93592768174484,2.6713862113707,5.57831319252275,3.38499351433636,-1.48770024895759,-1.01264173693256,-0.884651528446213,0.793456548080405,0.280702458925145,0.240049111088491,0.272523983813886,-0.0524447203647067,stable,2
4.76174318663498,2.5772275063851,7.02936165593028,7.83984433597903,3.54675084230862,-1.67737788785249,-0.508058531012211,-1.36131442344392,0.8333394179447,0.298769167440694,0.156176306066676,0.389743312074424,0.0121270103278715,unstable,2
2.8395870545506,0.816488262335933,2.63003378134801,8.66963878481672,4.20971068267934,-1.88061323583714,-0.775729975027649,-1.55336747181455,0.705302796624894,0.27938601106024,0.954497160033925,0.0761903247129347,-0.0227021815155906,stable,2
1.55381698470652,7.40635455241364,1.05984312551101,5.96750990176646,4.28026050816213,-1.96270657028544,-1.53827926586124,-0.779274672015454,0.73889083408877,0.618743135229922,0.690393850126484,0.643339713862928,-0.0121966237626414,stable,2
0.559362228872708,9.0985436881779,1.29285043725803,2.42286553785817,2.98789440955835,-1.20903955677921,-0.97184189897721,-0.80701295380193,0.280070702164221,0.456508357011564,0.674670607843895,0.199490171164197,-0.0261379785595474,stable,2
1.28513656363941,5.52417158662675,4.5201420563106,3.11270306718003,4.1886080313732,-1.47822836490312,-0.837903589178831,-1.87247607729125,0.462779759660439,0.814472836214561,0.799768207034164,0.500560479260945,0.0453703148616284,unstable,2
2.07105792547518,1.0357124799762,9.03528917803426,7.84271066520767,4.24979684678705,-1.92205754168893,-1.24347860375236,-1.08426070134576,0.584901068582024,0.0630163886624901,0.889789500412068,0.566183108379634,0.0249365109176095,unstable,2
8.97005176454011,6.08392607744028,3.29457883206222,1.26216928303679,3.92911772374583,-1.87977546771201,-0.774384437207319,-1.2749578188265,0.0864836621352413,0.123997344053215,0.58707942770368,0.494023913007016,-0.0412416036183826,stable,2
6.11875212146462,6.0406794827325,2.8527684645984,8.04767813163492,2.90270413671577,-1.72413502995153,-0.628681455455779,-0.549887651308463,0.144308955512757,0.355805793636264,0.589482782962816,0.40834914258612,-0.0047336014853202,stable,2
3.59445089500283,1.72186327795804,7.83056294340547,3.52345091011324,3.64455383380488,-1.84965593850081,-0.587015658184071,-1.20788223712,0.273178270651588,0.581204107111143,0.978953038786844,0.17720436753723,0.0040282775436921,unstable,2
5.28786123425623,4.17340431686573,1.50813627784441,3.61365009611327,3.29940788879916,-1.94796559975438,-0.682080221053318,-0.66936206799146,0.901529660470869,0.416101971289869,0.919202787370729,0.122167482978459,0.0134140197685389,unstable,2
3.96649147644514,8.18745021993844,0.537317000761535,7.85911866971789,3.22734322563887,-1.54729841266836,-1.15538718129703,-0.524657631673478,0.480069148416937,0.289809753321544,0.569983115381773,0.888707622707048,0.0081207066250448,unstable,2
3.7375382223074,1.45014116612915,3.47670193921953,9.12370889067212,3.69880422646426,-1.43082105442063,-0.774160665036587,-1.49382250700704,0.256204899963608,0.259294445910247,0.877425472718503,0.608579933612593,-0.0100898301950233,stable,2
4.89207141986701,3.88362599378271,8.17923747263582,8.76009956009112,4.01944822114727,-1.96002939631782,-0.641260925446882,-1.41815789938257,0.282688423786347,0.748123382443008,0.881214145572656,0.341240539335118,0.0487208574118847,unstable,2
1.5360091764034,9.20563952628791,8.4432084003863,4.9163996399614,3.67402463335201,-1.57587272556254,-0.532030308743194,-1.56612159904628,0.497616401266633,0.83925161054323,0.843820538455761,0.495224589325642,0.0495590260240223,unstable,2
2.46007693256368,7.38363967430553,8.82183874197963,3.59946700067751,3.8273613043388,-1.2129889012858,-1.20953955737243,-1.40483284568057,0.660489941759552,0.578013860717034,0.609592844387008,0.689889748239078,0.032041727502014,unstable,2
3.82131810837706,9.24503874245788,2.42988676134554,6.8184346027143,3.29524714779016,-1.89364171355099,-0.69755627784644,-0.704049156392727,0.457837999029329,0.754587430944289,0.195332950809202,0.17761503514912,0.0072539986088702,unstable,2
1.00488796157318,3.50747081273958,9.96446200423025,6.46605856061443,3.661015051159,-1.82941039472164,-0.955675239706074,-0.875929416731291,0.14919679790455,0.698466123004067,0.730138091777377,0.196442090651947,0.0012801734407191,unstable,2
3.02435424463049,5.02112927197362,9.02512143236365,9.11514213526271,3.73361093829022,-1.41342307504858,-1.01911404761057,-1.30107381563107,0.0610490658325411,0.643166730454499,0.227559673903894,0.0815054746275116,-0.0279485937638346,stable,2
5.52390762288903,1.29139999945005,8.43004758672316,7.98719907997416,3.84439489408114,-1.89246251058734,-0.806358549456985,-1.14557383403681,0.0893656514933018,0.484823064935096,0.274774337969458,0.0891395410961635,-0.0462995604015524,stable,2
2.48349516089598,7.37666025697651,4.89458577242616,3.86182749198165,3.65986613849688,-1.26184036343625,-1.32258725168875,-1.07543852337188,0.261942145514702,0.391112823478017,0.293224325827431,0.47242591182432,-0.0157823611942268,stable,2
1.550849118482,9.99321284475693,9.52565729159459,3.02485587516603,3.70806874247608,-1.98880038236156,-0.815740469612682,-0.903527890501835,0.940626722273887,0.142287078727627,0.339720917897717,0.503321153683924,-0.0454558402764886,stable,2
1.01631205027378,9.15250983329719,3.17735699918359,1.53637118695684,3.02866034794946,-1.30172437137831,-0.721628123233397,-1.00530785333775,0.931005047177881,0.842055806057879,0.445074438962797,0.078824504693622,-0.0158461439404676,stable,2
6.12507849943652,7.04556385842477,4.9959430523966,4.39894427554883,3.81172129297791,-1.84116068418849,-0.523195508411876,-1.44736510037754,0.716576028304165,0.212485175750648,0.817128321844552,0.268487473689042,0.0498941854447024,unstable,2
3.16838123544627,4.47264381724467,4.28836753711929,6.75008613435039,3.92823839038862,-1.93502944772538,-0.673622423489753,-1.31958651917349,0.937573049943125,0.135988508365508,0.0820947336890164,0.906466320376335,0.0288583819735291,unstable,2
0.656023084432085,1.29077036117542,1.78463031870134,5.0579622091698,4.60056346850353,-1.91316675632417,-0.776581337572762,-1.9108153746066,0.498530484841263,0.255064921025103,0.282199040863423,0.390727947275491,-0.049462632517242,stable,2
2.11484748618021,4.31890314381053,6.66762353460302,1.39492682933323,3.58816720778947,-1.83810645287421,-1.09390145421884,-0.656159300696419,0.504256235944508,0.664782772702012,0.143463833756343,0.0985580758217734,-0.0254109335669305,stable,2
1.65956178475823,6.75549132628279,1.00963356658557,1.37960207532644,3.31917436763317,-1.60601470589875,-1.0166391988866,-0.696520462847815,0.282064782644323,0.943980885826473,0.378683822569704,0.968813022932261,-0.0195162756304485,stable,2
3.97168920020263,4.09106174004511,7.02820644856135,6.68836441832276,3.07727815662597,-1.48798129377492,-1.08909857955913,-0.500198283291923,0.123106837652561,0.403792163422218,0.367853601839427,0.195829316520065,-0.0232081534518407,stable,2
1.41125118395647,2.20635922374787,6.27464859110997,1.11008462875439,3.8650978707927,-1.91667595895238,-1.05143010923701,-0.896991802603309,0.98266997165403,0.479680362768818,0.576798274206163,0.0507947430746642,-0.0244171711814116,stable,2
0.96608983490119,5.92755169299976,8.07692732978331,6.47482792535811,3.87523588404745,-1.70751583898151,-1.04190567033446,-1.12581437473148,0.990128010472851,0.810061241175674,0.675689995479973,0.472726031800038,0.0290306070879508,unstable,2
4.98340735693958,9.70836703592321,1.96632080165239,7.83178017062219,4.37678235972659,-1.76439493248231,-0.912922057368839,-1.69946536987544,0.989058207942075,0.167381149212437,0.958445237280963,0.805074465189503,0.0423924755714187,unstable,2
5.52900898274217,6.70376149648598,7.47112262549769,6.02255686336182,3.38391497315468,-1.23642597202249,-0.958449193604395,-1.1890398075278,0.16780510823278,0.680769965062735,0.522336718217927,0.639492661637303,0.0567666699107404,unstable,2
7.594846336006,9.73242851675424,6.91128232557429,2.59750030567199,3.8483302247961,-1.76510016289939,-0.859337804121559,-1.22389225777515,0.389081233900659,0.188935141549002,0.976765074476065,0.471418459739403,0.0367583236653585,unstable,2
4.14982620898373,8.65897206642713,8.62379240609402,3.35921447352386,3.16716715146502,-1.66378703091013,-0.614664797227725,-0.888715323327167,0.850949749966052,0.44354968723327,0.943301333997394,0.235848108717041,0.0538708836589507,unstable,2
5.87810879876816,3.57140575552619,3.55833469944054,9.5286608780639,3.84666724348463,-1.88300788776277,-0.596776485347049,-1.36688287037481,0.0880029896108981,0.0501297829456604,0.650920961947446,0.2967930061927,-0.0451308503001456,stable,2
1.22272463893055,6.31172465230672,2.78518662244431,6.67919248867092,3.12398703332258,-1.80059156793237,-0.635539988824911,-0.687855476565298,0.155357036089987,0.573847677876853,0.14307979897706,0.408130927363093,-0.0128934352189752,stable,2
1.79365536687102,7.97689228051294,4.10142199733816,2.83053265801382,3.98161848744935,-1.24361289599733,-1.18370126862057,-1.55430432283145,0.514601895320411,0.672418786144974,0.317293467750966,0.609602718190554,-0.009583505873923,stable,2
0.812401177644217,8.41222974652723,4.95796876667968,1.22777255899557,3.27908627780186,-1.82291513211511,-0.54110602915436,-0.915065116532392,0.27607182256919,0.857871139522012,0.275009600191122,0.23473377264426,-0.0116677503104959,stable,2
4.92111992397512,3.77151304899432,3.54617390127627,1.33939145127365,3.55705977262796,-1.57956720305226,-0.752451025685214,-1.22504154389049,0.527365750758614,0.198823086172439,0.475122406529046,0.657217035982413,-0.0241565897321245,stable,2
0.877996028436173,5.3459356484639,6.11488656370916,6.07099218596505,3.22920265328003,-1.66666856480682,-0.968934014755802,-0.593600073717407,0.868449830771118,0.187733523686347,0.475283973527025,0.156683201939889,-0.0510099797135031,stable,2
1.69829954876244,7.24370353766397,7.09882462158905,7.41005395542392,4.16266313924915,-1.79435089013252,-1.43100816283966,-0.93730408627697,0.0950450214993174,0.349506910928224,0.351237002329066,0.771615606202631,0.0301139579780796,unstable,2
3.83898384775661,2.49339066351517,4.73458001268415,1.97983296113444,4.06369959007016,-1.48591605240465,-0.759913329818996,-1.81787020784651,0.186994684558485,0.138587924064804,0.672882307998828,0.599206203225444,-0.0217812118473252,stable,2
1.05463382516732,4.70873240786766,9.07887996436811,5.64915151952165,4.05269450475531,-1.75080166706668,-1.3043381657949,-0.997554671893734,0.202031546387029,0.560131211350226,0.829311530045695,0.436960605216351,0.0300921812345066,unstable,2
1.90278832830341,2.85666349046058,6.14311548647565,9.41448210473981,3.6094250731103,-1.68508218695751,-0.714671147905721,-1.20967173824707,0.13013356920045,0.329251004409208,0.910920762979035,0.1910101145465,0.000642699710396,unstable,2
4.01404551080662,1.88379391037626,2.13240062947504,4.56803019491564,3.95918499273013,-1.50349442607679,-0.859874390682799,-1.59581617597054,0.249546719617785,0.833711729062834,0.275446139138287,0.178016427677039,-0.0319973099211672,stable,2
1.42647966581102,7.82894757355188,1.68002575890144,3.88735107658076,3.27904768055712,-1.173716566977,-0.568642149924894,-1.53668896365523,0.30583359918131,0.758931040855297,0.94793150650306,0.225137400045054,-0.0324552825144446,stable,2
1.92257817788022,3.10283180268508,1.57595567101997,5.89064187823527,3.74557444308516,-1.50902240730705,-0.65583884445501,-1.5807131913231,0.127079412198359,0.236526724768778,0.425229168247217,0.66908373339092,-0.0439341454921907,stable,2
2.00430741545679,5.11126487430049,0.509790474557737,3.04018732890496,3.5899226629392,-1.44221922731403,-0.83171373495711,-1.31598970066806,0.880248028488545,0.466233033786915,0.676788462465676,0.697059053642189,-0.0176971087578725,stable,2
3.43153554493013,8.3847245736942,6.67155424168294,3.41998774968567,3.55213942816181,-1.69448271357227,-1.19122792005835,-0.666428794531187,0.1465484699984,0.110587415196148,0.384348159855434,0.547266534386827,-0.0334514484922348,stable,2
0.822528092099691,1.17717381363674,5.44831921784311,2.39236225079037,3.13024997801262,-1.78378052696091,-0.716444447366474,-0.630025003685232,0.611471159681942,0.422428759253351,0.410954697636007,0.263620106077038,-0.0478711012818677,stable,2
2.72214206724791,4.04695025241619,5.36780793851127,5.55671655797534,3.9172805672045,-1.69755014843241,-0.573621231440408,-1.64610918733168,0.137981307363489,0.605680802650261,0.384606288131841,0.362576154596355,0.0015121323310083,unstable,2
1.29508036369759,4.01764947399421,4.57078061829143,0.585604615668952,3.97316549842931,-1.52316393594451,-0.742930146456766,-1.70707141602803,0.127837689235003,0.875204160906272,0.0697237939742708,0.473844238148873,-0.0398624141380681,stable,2
2.31523827748301,6.21719325301288,6.02395665114063,2.95244498547891,3.49098674512409,-1.59632680897336,-1.12172071826631,-0.772939217884419,0.787039398585658,0.298552093541118,0.430208998734728,0.427883092942265,-0.0049869591865298,stable,2
5.59796336011041,5.85863688065334,7.35216762189282,6.1676915017292,3.30555570829507,-1.901450586593,-0.541601635732304,-0.862503485969768,0.956428547928758,0.165869057577095,0.186680340706228,0.188271352509465,0.0223952505773172,unstable,2
2.94498917603317,1.58707278241045,3.37095821044375,3.44091958597441,3.7239675954144,-1.3146286556166,-0.823262603349064,-1.58607633644874,0.522840508744034,0.130372605512069,0.276342655546436,0.786887308356152,-0.0168305844844773,stable,2
5.85321990815923,6.0601206157187,3.23877504796076,4.22683169431681,4.11323389764143,-1.60744640624417,-0.84558843206258,-1.66019905933468,0.948052782422019,0.373647865269334,0.334612815614864,0.228793928121806,0.0366989313336071,unstable,2
3.31104342727553,3.49754486892801,3.55752533513741,5.34786957992005,4.4915838975694,-1.97534140058132,-1.60909549240082,-0.907147004587261,0.149562429248634,0.542022156754974,0.797697770264981,0.0983085659293726,-0.0114346460504448,stable,2
3.47079551297827,7.53608929286229,4.40457248257916,4.91287979584979,3.20196323752476,-1.30919651636874,-0.96466220721642,-0.928104513939598,0.53688643208964,0.62445770608237,0.547419262063135,0.682131762499206,0.0557699037049598,unstable,2
1.83455933972135,3.07828384868858,6.44572913065159,3.33635592628695,3.60103131167831,-1.85811378080554,-0.820583531027997,-0.922333999844769,0.646142408651416,0.95767640612836,0.46972612392799,0.261179642250375,0.006001363751025,unstable,2
1.21191542455717,8.2719913379021,0.500788152733829,8.10862000685256,4.36137422039746,-1.98187415331086,-0.585580103633588,-1.79391996345301,0.597473370467403,0.841466751046648,0.426015858350573,0.186603703859551,-0.0242118276031289,stable,2
1.72769496888934,3.44112053889553,1.05033574482363,2.67826780573268,3.45432916143722,-1.65077899867966,-1.08247686745786,-0.721073295299697,0.562764823205862,0.948656421739394,0.72715247284699,0.57134527721295,0.0179785135220514,unstable,2
5.43161794271762,5.34076143397825,0.81600009462873,8.91702392623344,3.56424950427567,-1.45909063542656,-0.649421670999832,-1.45573719784928,0.366680400680938,0.97853664722771,0.65256894028259,0.543973473076677,0.0215953741236374,unstable,2
2.08650630320311,7.86008813453908,2.17990436352813,2.39902993773087,3.25818117858177,-0.998415907191148,-0.951557707783603,-1.30820756360702,0.518698907061134,0.107508153198098,0.183448286853494,0.582178426816922,-0.0249020837378803,stable,2
4.50676864914016,7.17537720820715,3.16888148816563,1.61978566658627,3.58053727702499,-1.42736609548317,-0.725995549800142,-1.42717563174168,0.392039961511291,0.229181711372811,0.873776503464861,0.964561882819609,-0.0015261090699745,stable,2
4.24871522149323,1.00784650997967,5.02940526914407,2.06544312306927,3.72133238672066,-1.12254189570363,-0.917344807580952,-1.68144568343608,0.198496421807886,0.0619610729865578,0.678595522480605,0.211517807066644,-0.03474550585058,stable,2
2.63841351468884,5.19639975577969,9.6732367411595,4.64923644678876,3.96201386346956,-1.65270762520515,-0.685437113695405,-1.62386912456901,0.939485157513345,0.928137181456197,0.0972725801750005,0.730907369696572,0.058821247080182,unstable,2
2.59612136993904,4.28504276172665,9.64396689993852,7.24073362547776,3.46429424918461,-1.2262570645919,-0.842797509568953,-1.39523967502376,0.0643318504955329,0.887867695349911,0.570539526273989,0.901547512918706,0.0559429013127424,unstable,2
1.09561462868215,2.75286902506616,1.84827036300575,1.88832519184365,3.76623626190073,-1.50244676183049,-0.644301080618112,-1.61948841945213,0.114847131751414,0.98898845656057,0.847610514162088,0.905259191511165,0.0318455963454895,unstable,2
2.81332295999948,4.87466454037003,3.10650684607327,1.18153528561344,3.76125868468989,-1.39695688458637,-0.623897790522047,-1.74040400958147,0.59347792475151,0.574452588516336,0.995202448336815,0.996156484418438,0.04426031944689,unstable,2
1.7408919443635,3.0192987313273,3.51722303454559,8.83680518307436,2.98221135181118,-1.87635834614626,-0.529188109203801,-0.576664896461123,0.80541238241646,0.397190344520183,0.0962692567748728,0.604310114299693,-0.0287745974988194,stable,2
7.01076664231818,6.02772651504854,8.45818679937448,2.78487507387898,4.01163640040885,-1.79820877899647,-0.975246320084657,-1.23818130132772,0.554854535787612,0.0716117884084617,0.81703851173135,0.507659183705945,0.0334360727478017,unstable,2
5.45102946227099,2.0816863178603,5.88901297396107,6.5399653926363,3.58825307516318,-1.4171212000707,-0.571387939134415,-1.59974393595807,0.112213942509647,0.330281495463035,0.794023216046135,0.508501895072242,0.0218186545063172,unstable,2
1.08474884918819,1.05414237352377,3.64688457262104,9.689823948649,3.88610797375777,-1.597635545703,-0.605536358936201,-1.68293606911857,0.873479341751019,0.377552000127305,0.360362619239559,0.374339079372417,-0.023618830586943,stable,2
6.22402611832911,9.22794461539861,5.8764083484284,6.90451889539538,4.33481857991642,-1.83634279849769,-0.957160322574933,-1.5413154588438,0.286175162971843,0.11185668915859,0.831211731160921,0.549451163159346,0.0423949815606704,unstable,2
3.16598370642662,9.1795092417007,4.79451688030381,9.16812598215573,3.1339815895031,-1.33517083626133,-0.727165226088953,-1.07164552715282,0.581986528067347,0.256627259567233,0.780768931251663,0.649754218287946,0.0349246286646612,unstable,2
1.0735472355983,9.10985902131227,9.46766351597614,6.74469428411123,2.80775428107202,-1.58453223890482,-0.55210773295575,-0.671114309211448,0.342341668455533,0.253729621888513,0.19851818327055,0.673494369490161,-0.0038318876702324,stable,2
2.58498134371317,9.50960494560722,3.64014547607384,9.82182323275437,4.07572835143804,-1.90169461623913,-0.913630198284483,-1.26040353691443,0.520500571501198,0.278711801653531,0.537911323847149,0.327832810942293,-0.0210225770631595,stable,2
4.0524187314368,4.66464118033876,4.17289553950143,5.78163661889998,3.52523239728817,-1.2377500497909,-0.612904552294256,-1.67457779520301,0.24854674061014,0.235883339258002,0.872427233753897,0.873467417151064,0.0565379092442599,unstable,2
1.46063760329362,9.28486784557882,9.06342984017564,6.71887393111067,3.24242682897554,-1.53629731142222,-0.57347693775522,-1.1326525797981,0.892753917524142,0.562417190367312,0.482150253114338,0.243654659785271,0.0013148674509577,unstable,2
4.44634039124013,2.37588058363431,9.94470140184024,7.28653116473955,3.33260304872777,-1.2678838022389,-0.837642395794566,-1.2270768506943,0.586206268686805,0.259483183977372,0.911691267805787,0.469996967484202,0.0398385242000783,unstable,2
2.02700662542295,3.66833777420282,6.56413131991754,1.40152640408485,3.88466745722255,-1.63004094964572,-0.934130919861863,-1.32049558771497,0.309143483487659,0.789435904531678,0.726851974760961,0.622656676799868,0.0075892552628488,unstable,2
2.63415504332545,6.70197276948579,3.33841963012959,3.47233582830818,4.14512792433755,-1.40805842623643,-0.859178314881108,-1.87789118322001,0.472512494721853,0.312848118070086,0.235152249441004,0.127033117009433,-0.0404742028266097,stable,2
3.32572172429174,4.92078028209205,4.84746089340082,8.72528810879501,4.13540086440599,-1.92315880041639,-1.44435923489021,-0.767882829099393,0.619955458688262,0.521643273851099,0.988192280753454,0.741596942419745,0.0687374707690865,unstable,2
7.45047792685865,7.68415956372734,9.5502103230044,0.729047111527307,3.71653272503807,-1.88033510093098,-0.61577111147648,-1.22042651263061,0.0996215442911955,0.447865897881867,0.912229785618567,0.79672034456357,0.0067185193960399,unstable,2
1.09117479936671,6.23621134602274,6.62236500022659,2.75029889630097,4.07673078185886,-1.17099061490399,-1.43417135941352,-1.47156880754135,0.415944368498555,0.140034323155337,0.262090141698077,0.32070882275222,-0.0376617432262926,stable,2
0.732236938246619,6.45720518620021,2.51963902990423,7.46727580750087,4.08932640655503,-1.62136375336708,-0.552015493368905,-1.91594715981905,0.41177767488684,0.936109349322465,0.420461259200537,0.363010109671156,0.008597125725102,unstable,2
2.03542146989645,6.42065190060978,7.51704289730637,4.39476059111961,4.25642499647021,-1.55620844212039,-0.753090975813649,-1.94712557853617,0.0691136392194976,0.328191277975811,0.57158414111573,0.151852761775195,-0.0075155596425139,stable,2
4.60978396993214,4.25272759197642,9.2045058685086,3.50194536438813,4.19864478454977,-1.77120783201737,-0.719773156230606,-1.70766379630179,0.733844150422063,0.930135054095414,0.480887177723263,0.0888237365119648,0.0386381696851701,unstable,2
1.80392036011152,3.24364276527835,5.39989255251888,5.48659734510109,3.19593175519584,-1.77097983815676,-0.874225422188034,-0.550726494851045,0.759497488406298,0.333878868408201,0.237177559177958,0.593029804488542,-0.0104620424370986,stable,2
3.25891251179265,9.48247284023001,9.32218678677381,8.43049781220559,3.2837785257834,-1.38203833125345,-0.890419857279875,-1.01132033725007,0.827466625657155,0.0647256696399045,0.481887724996592,0.689164247397406,0.0288377322284632,unstable,2
1.06468513202746,5.9881603981134,6.99901250957707,8.43192752797934,3.588192240397,-0.91124112690062,-1.13569513591869,-1.54125597757769,0.18477407646534,0.224443373916644,0.601741192966314,0.112094873304541,-0.0190312510460037,stable,2
4.13410482826761,1.64000935784199,6.88102601037832,5.23389309693041,3.60568928174236,-1.48609308650614,-0.675130384413654,-1.44446581082257,0.172936477102428,0.993617806265613,0.870019597297182,0.587219692135841,0.0287115306019805,unstable,2
0.913176336903591,5.19183015029499,0.599266167462023,5.04871583269058,4.74350067645453,-1.75284764102419,-1.04995524786437,-1.94069778756597,0.467830941524869,0.515434907350608,0.556390680143102,0.46532297327016,-0.0360964889586866,stable,2
3.36979299370438,6.09472905064701,6.78480652580883,6.39362594146825,3.44106069073083,-1.42176595816498,-0.902167469679448,-1.1171272628864,0.129831684236551,0.885262454904286,0.282055538091881,0.325693160971964,0.0303369207957574,unstable,2
3.0605623834078,7.90057920770204,1.5115270343719,3.85455229298974,3.66585967388416,-1.36342991535967,-0.864728149737604,-1.43770160878689,0.152747963851786,0.585707714872058,0.341113878938684,0.606545199072076,-0.0165840902895493,stable,2
1.70873388746608,5.67585495179236,7.3979195342742,2.63036249889485,3.04875509232884,-1.56270706556573,-0.593493663136358,-0.892554363626754,0.331199619589057,0.851889648259707,0.568369263199867,0.671412755392245,0.0319633028233416,unstable,2
3.59729142319072,6.33514054990654,7.43770819502339,8.56855687305234,3.373758355856,-1.89031303409396,-0.765126003565127,-0.718319318196911,0.270231553241251,0.954095468255519,0.691453773214386,0.94924953663912,0.0845269116341952,unstable,2
3.75706654953392,1.89191882907725,5.19414980360348,2.55739367432981,4.25088530518081,-1.76434215331669,-1.15243667347166,-1.33410647839246,0.63531045680681,0.496708434666616,0.467886007438329,0.250990279286907,-0.0081554750747728,stable,2
7.97863044054469,9.70443492189652,2.82115428421414,2.27273354508234,4.01915882278386,-1.97808294857797,-0.510322301147028,-1.53075357305886,0.212843124499303,0.417881723043724,0.62731972842471,0.551984138094307,-0.0248425927108369,stable,2
3.19713391968129,6.57836929691464,6.84623134386332,4.26220571438746,3.21064017806902,-1.35230912138533,-0.577917671527085,-1.2804133851566,0.147632371904668,0.220005324958652,0.657397029334168,0.304391057004641,0.0019503760175217,unstable,2
4.90604171780538,6.11941220905326,5.13142651331992,2.85540971319773,4.46778808761329,-1.940931793943,-0.704379694161867,-1.82247659950842,0.164935748606827,0.324597721067457,0.291342951619555,0.32696544535524,-0.0365413252495672,stable,2
2.41929855134052,4.87287706619558,2.04460002075564,8.41826212031704,3.60751216570494,-1.54819680029578,-0.928105386747245,-1.13120997866191,0.403777132412897,0.265646017507102,0.151671688226551,0.368521230012033,-0.0347807394718902,stable,2
2.12125970301767,3.3916556492566,3.49138356765386,6.22369415533814,3.17273999408853,-1.81559618461538,-0.814895087873924,-0.54224872159923,0.970112153118553,0.0624471263062349,0.192897307220637,0.365569417630818,-0.0329143993731092,stable,2
1.64748227866562,1.78439345067004,1.26681597441677,9.09651669693283,3.73634857100576,-1.32933436169627,-0.980747556609567,-1.42626665269992,0.416247135084473,0.617615973374484,0.0885078391929925,0.480448507466543,-0.0284300251768689,stable,2
3.71684756937919,3.72970502627679,7.40597204753684,1.89777482538667,4.17608317700122,-1.90637094109495,-0.822271761825774,-1.4474404740805,0.375312823971952,0.47236382616085,0.855798296546793,0.30106667131013,0.0175712625218759,unstable,2
0.670385273626388,1.59073925502802,2.22345960779609,8.77836505346928,3.02236658466265,-1.73903797180891,-0.673277803945099,-0.610050808908639,0.737471140827718,0.431736762404547,0.0867716777541523,0.368778225308309,-0.0334571589570394,stable,2
0.91840291911664,2.2771960634849,2.02416971788096,4.47610212837603,3.01929224013293,-1.53234991916544,-0.715561826030328,-0.771380494937161,0.673846107891032,0.186228495254036,0.369991411020642,0.533568155078669,-0.0270438776138863,stable,2
2.82133932841565,8.18874929589986,6.28255210646014,2.75131177679824,3.51209338859559,-1.818546523486,-0.755728159116593,-0.937818705992994,0.210833804603841,0.193920060782576,0.137983162709037,0.270048383465946,-0.0491995786446558,stable,2
5.92276157809052,9.71185846812779,8.54947513770863,9.03606731240321,3.77637596261609,-1.97838396761169,-0.717398273584631,-1.08059372141977,0.715210863168339,0.580730525768513,0.68378771877088,0.284152167592655,0.0639590660093289,unstable,2
4.75148769269221,8.53440795507224,7.43799983340015,7.59355582322597,3.89416014406504,-1.86078218707592,-0.621904238528118,-1.411473718461,0.503536960341535,0.644194973699219,0.811425930116073,0.544472653428738,0.0736797642969147,unstable,2
5.1057174455381,7.45754408395804,2.81800570151254,2.18507914979117,3.57575230414575,-1.58482723210771,-0.545990496862296,-1.44493457517574,0.839431791397547,0.797138566806904,0.684607930099474,0.965323620869987,0.0578111549502474,unstable,2
2.57360672513075,2.47362007633923,7.895555899921,6.73109170959846,3.78886456756002,-1.6651318964816,-0.703825470845681,-1.41990720023274,0.0953662909029157,0.251804289447109,0.813283439307137,0.972497439553794,0.0491607681376801,unstable,2
7.39647817539294,2.51494057829297,1.54394871221391,4.5630553694366,3.54892236373157,-1.42099384526461,-0.977210445078486,-1.15071807338847,0.0943587781216716,0.0539510219616781,0.361988492581084,0.821783778737758,-0.0180829394454255,stable,2
3.1138450682166,8.82172743101913,1.42843113701958,7.42765453132027,3.60909125275108,-1.38019961217667,-0.541459548805771,-1.68743209176864,0.187847954430239,0.591214882744312,0.795012964465605,0.370108412887447,-0.0168966879525395,stable,2
2.54268321559883,3.73495804975408,2.0258454722547,1.48171807689155,4.15241782532466,-1.46466300601768,-0.759996146398177,-1.9277586729088,0.294024195202133,0.378774606388474,0.900466470275309,0.11145314292406,-0.0292109336992865,stable,2
1.73566752048439,4.19555927615589,9.85394546307587,6.86946679820594,3.74608871076352,-1.79622256547158,-1.34903032286305,-0.600835822428891,0.567071400590797,0.254823532882123,0.544903858004817,0.304850979432114,-0.0154389495288612,stable,2
2.18247890801962,1.66078865316373,5.49309505659603,6.05279457718346,4.04387278944942,-1.75373998371179,-1.38644163780786,-0.903691167929769,0.350845257745418,0.974611750272571,0.0750339463532332,0.613947411547077,-0.0380394465751866,stable,2
3.8142774454453,8.1175308877377,1.46173463805098,1.97423883073508,3.29308778312816,-1.15093171845326,-0.791849581394287,-1.35030648328061,0.610977841929343,0.352379600112964,0.319044913713523,0.985746866971144,-0.0300889286868925,stable,2
2.63870198820952,6.92976537190205,3.70336295717461,7.16252826752519,3.85248490196534,-1.55296014776734,-1.4565381332046,-0.8429866209934,0.384567751541,0.949214496876954,0.30106534469457,0.426042765499748,0.0380654151021946,unstable,2
2.93233002082449,0.649265313874709,6.3686449965753,9.49875547502524,3.6431598880262,-1.62007308698299,-1.15091215063698,-0.872174650406232,0.324159177714009,0.423820501964387,0.185661858930205,0.188478295475276,-0.0450778215402109,stable,2
5.97901536582659,7.17442360801086,2.16422816414875,3.97860262191045,3.64252117411599,-1.77344629408234,-0.56999928761787,-1.29907559241578,0.603010353390792,0.511733258582146,0.166364309444334,0.90375954284341,0.0436702944954118,unstable,2
5.51191635476933,7.23848927007751,7.10474310545439,5.06116352154005,4.11318164524242,-1.97862413363077,-1.26510359259722,-0.869453919014428,0.63125606877378,0.0589818406598258,0.877815312358086,0.281280138393533,0.0448774973908575,unstable,2
0.617813829639507,3.90751572742371,2.54067535388633,2.81631878925053,3.87014666552483,-1.878871442457,-0.584954084024963,-1.40632113904287,0.21633777442912,0.32938212607905,0.143225318694892,0.754968328719705,-0.0392835905093849,stable,2
4.82776482428289,0.651192978022981,4.95629129739756,8.89655892365288,3.39641394784588,-1.89857146290541,-0.647432926621335,-0.850409558319137,0.572383051296285,0.526660437068051,0.601625049869419,0.550880520299021,0.0072479338961241,unstable,2
4.22543947376321,3.0581692750003,4.71872055030821,5.54185979231684,3.35570591481844,-1.45328837445399,-0.799732736656873,-1.10268480370758,0.396945303731705,0.112627498248969,0.715160696828733,0.220894189510356,-0.0010874596303489,stable,2
2.64509774031545,6.68178869287943,4.69649965997124,1.48096739709484,3.18598098799469,-1.76225713895553,-0.570274181879836,-0.853449667159328,0.0940122572068893,0.847874731207716,0.748103518483099,0.173980639290274,0.0255333455538989,unstable,2
1.56885998624387,2.33863535868437,7.5629330912218,0.931340813974768,3.18004606086365,-1.88782826742495,-0.67377427051469,-0.61844352292401,0.321078741140486,0.0818755128983734,0.298655607769383,0.0780524476252776,-0.0515477472117339,stable,2
1.44395072497036,4.86081376127329,3.6547087143311,5.31992882654428,4.1981389877616,-1.59612424338002,-0.877100150118349,-1.72491459426323,0.552633056465837,0.0850890857167053,0.666304320195847,0.322050605142838,-0.0376529252015592,stable,2
1.28807948114402,6.17020545389558,9.21332894526756,0.713803896420647,3.83757901377424,-1.76824907755378,-1.0218037496123,-1.04752618660816,0.863501929870309,0.197411718577947,0.495514343959448,0.257584597410742,-0.0140252184235224,stable,2
2.04073698208095,2.66958379306665,1.50728419148019,5.96528578776843,3.41545810903053,-1.51896395669656,-0.789248590406845,-1.10724556192713,0.778674241334252,0.972891947597293,0.0793788326612243,0.565657268607283,0.0001702880669813,unstable,2
3.64480614441478,9.380228351778,3.6704749546779,6.62253254139706,3.48418880260305,-1.71851711093028,-0.796619028694672,-0.9690526629781,0.423684641571646,0.42130402283798,0.645728279805997,0.527749353363903,0.0240977518282747,unstable,2
1.11183845801633,7.08060790225048,6.59959705308557,7.61520407808176,3.81160669063381,-1.84249194606645,-1.251649821358,-0.71746492320936,0.760074540220568,0.690313202053669,0.242088768469967,0.648844418159724,0.0199920605485265,unstable,2
1.10896489630586,3.07849494517579,8.06721717662828,7.85556165265577,3.62903402861348,-1.64195245202421,-0.90541640518537,-1.0816651714039,0.220993751906316,0.466092130610921,0.94668371900835,0.835170336256295,0.0492203964723802,unstable,2
3.19561193928197,7.65883165803874,3.03857724280625,2.76714175391822,3.24300028019651,-1.89205900394375,-0.700617422955425,-0.650323853297334,0.572444627837895,0.566164646782889,0.58952907250631,0.218758095565056,-0.0026826504327386,stable,2
4.41600185536598,3.94467536534827,1.64867408331186,0.661948922886036,4.11968005303012,-1.96893680723991,-0.973252771331661,-1.17749047445855,0.321998312701863,0.299630905336962,0.390802973567494,0.760513593984945,-0.0462597217955378,stable,2
2.76605979246203,1.35160549205474,8.66448398128299,6.37038914027638,3.38378454941448,-1.59061057292754,-0.958359867564228,-0.834814108922717,0.958088333622149,0.27188558431141,0.376987449576982,0.218161182533622,-0.0350508740739471,stable,2
0.846661198084441,8.68948120314534,7.08527722822611,7.33397133968098,4.26314551310343,-1.84594024729206,-0.843792447456776,-1.57341281835459,0.511409104140797,0.496961817159989,0.792086382410723,0.563318461692344,0.0371481570638566,unstable,2
1.65148129022849,3.8477188628315,8.63027775791964,1.06480772425928,3.94381713401106,-1.76654148824482,-0.564346231678745,-1.61292941408749,0.71996840226211,0.556117300224996,0.212256111924925,0.128608919118667,-0.0474427672601946,stable,2
5.09007893079219,7.16455675592327,9.94885246567002,5.19653770506955,3.67795693479488,-1.64727404106369,-0.540514359926875,-1.49016853380431,0.730605832474958,0.754758796126123,0.612167455366574,0.357118414444296,0.0640987078392241,unstable,2
2.10983234059368,1.33214130827551,0.697644390592969,6.5260249936649,3.3654834523486,-1.79218128113491,-0.685393512932456,-0.887908658281236,0.980125272964666,0.603935162673126,0.737246094578584,0.178678145731662,-0.0352010507058035,stable,2
5.92886689985398,8.96333075177764,6.39957591939124,5.00974713887646,3.58410124150141,-1.39767378776607,-1.04113246791293,-1.14529498582241,0.317626913579163,0.21443891866656,0.446920230618544,0.855535735080718,0.0385968116525127,unstable,2
0.57627596453079,3.10703753936215,4.42949064981848,5.40096743194034,3.76791536992691,-1.90088191726112,-1.21231030338467,-0.654723149281123,0.215208732227704,0.709609415318245,0.437015091593149,0.505941775228392,-0.0007494648321087,stable,2
5.70788647270522,4.4354423646106,8.30567580909628,1.08167373038761,3.20178904223138,-1.62308076265668,-0.803970328354754,-0.774737951219943,0.124566543824697,0.384664696350289,0.50330171452487,0.125976661103609,-0.0229018808637033,stable,2
3.9451857378225,6.38843281454649,8.64866127324676,8.82229660483011,3.77297290055043,-1.8528964212265,-1.16820780699808,-0.751868672325846,0.754360004253535,0.729796233656646,0.927822708897048,0.181051247302236,0.0658836398078613,unstable,2
1.84839515946714,6.39181742474528,7.94854083569617,6.18651100524196,3.66562552247434,-1.41414454647884,-1.31045468827941,-0.941026287716092,0.440369578003935,0.731984366173649,0.191629308246447,0.306504708444919,0.0073038373964928,unstable,2
1.73132668188865,9.10882804840344,5.15989973699112,4.47476208168886,3.50432547365668,-1.73006253492181,-0.834045703348529,-0.940217235386337,0.17774934639278,0.520174988203227,0.791095122613994,0.629821182350001,0.0328965484667711,unstable,2
5.26015794181958,9.36625777683213,8.26368789644691,6.8940893435068,3.69712685983506,-1.62688428217091,-0.651373174540314,-1.41886940312384,0.618977342797925,0.866911569078301,0.996749406748734,0.618373758954779,0.0914502725748901,unstable,2
3.6391463861835,5.31337866470936,2.56961566729299,6.8442648836919,3.16154717715274,-1.99127618669325,-0.642920906855748,-0.527350083603745,0.936912468263023,0.430269900888454,0.911098789113829,0.0570883620603057,0.0337919673063035,unstable,2
3.1939596975156,6.74644725634167,4.13232663656607,7.13241675532672,3.77604466379798,-1.50959995897276,-1.40304559076021,-0.863399114065012,0.594433071977984,0.344542768470392,0.941064253277265,0.322575851058014,0.0386623237919736,unstable,2
2.97094098993675,7.09375322643785,8.3673556471959,7.50214526491464,4.01677549177887,-1.52084477984498,-1.54423332198765,-0.951697389946238,0.146932419964953,0.147476531444677,0.633510317337071,0.124577356022098,-0.0057152161494303,stable,2
2.79561867835245,7.36744289222452,6.42485588894087,6.96880052922712,3.40052506703987,-1.64669129347788,-0.955542694561428,-0.798291079000558,0.979195455439639,0.528835766950988,0.437853673752231,0.61825615172724,0.0512821896683388,unstable,2
6.81103769817512,9.09608060189206,4.43319639995361,7.65988809878042,3.43925733571997,-1.62081826479953,-0.726653054777731,-1.09178601614271,0.618006752064433,0.490820420484211,0.288307171630342,0.360699604220613,0.0397824829573958,unstable,2
2.18612923413375,0.71971031123373,3.60554436292051,3.03904404761143,3.57475881875101,-1.21879812546461,-0.970719020478008,-1.38524167280839,0.540313875561634,0.0830649194902531,0.87906015875774,0.422509218263357,-0.0103584585486142,stable,2
3.88421718325553,9.38276997040187,5.53671618328459,4.54310259274794,3.68600489084203,-1.38406432502681,-0.924525869005034,-1.37741469681019,0.638441884597617,0.219550741826333,0.821641366540722,0.779083292069309,0.060483012760531,unstable,2
2.13629393965203,3.78522765431849,1.27327646702023,2.61437274839837,3.6281253677145,-1.41314192460009,-1.24176012501594,-0.973223318098474,0.272196564674381,0.540204630465295,0.540088234193396,0.675964424893454,-0.0294099370263282,stable,2
1.29037200413995,8.62143262023646,3.95500856074919,7.58381790477842,2.9698967439897,-1.13653980425635,-0.645693164959934,-1.18766377477342,0.368458927890067,0.40777724159873,0.70351011998062,0.535145164959107,0.0115226561782856,unstable,2
2.29876560097289,1.2054694624537,0.78491905108334,6.36202515134217,3.76929909880516,-1.406553051323,-0.685938944933994,-1.67680710254817,0.335245387115064,0.952251242146906,0.699757872659519,0.484389231014131,-0.0355784201975906,stable,2
1.7880288651603,4.72579707482614,6.03298798786893,1.64491169505643,3.59510983447944,-1.58816669856268,-0.768948783185601,-1.23799435273116,0.990813001768257,0.617206015722022,0.894943233020742,0.635313751261515,0.0341092559793,unstable,2
3.62093266030799,3.53848641345429,6.4089036600418,2.89415402221916,3.4535424314411,-1.28663781201631,-0.947453746880416,-1.21945087254437,0.171471729070237,0.489247101933345,0.554098769913892,0.29174997148794,-0.0109576642253593,stable,2
2.67785395862024,9.69123349372407,8.73584700749139,8.02965989680781,3.79853951129906,-1.87789389268761,-0.887835016025358,-1.03281060258609,0.905131601119471,0.934876703630922,0.164559099329631,0.222654484816993,0.022912623837113,unstable,2
2.26071272302569,6.42717142958023,4.25097931261095,8.41621012824896,3.64113161495116,-1.2251187883193,-0.966652365033957,-1.4493604615979,0.289289864977406,0.501958726043068,0.0897687861008896,0.225221207783025,-0.0300290410300695,stable,2
2.00678699480583,9.45084602751021,2.77002474358365,6.20353720731176,3.1876740373517,-1.24634060874886,-0.671628530216368,-1.26970489838647,0.780569326957781,0.204689410264731,0.355275219462387,0.365197443092549,-0.0411554494175724,stable,2
1.77983403088708,1.34199951707209,5.51204423713622,5.61881919690052,4.33422792296727,-1.65978804367114,-0.693636039540521,-1.98080383975561,0.736797245782252,0.384706406157039,0.732971454382996,0.709538405171891,0.0219182171609653,unstable,2
1.10334912565855,0.656255790665501,7.64399242322803,4.55584236703961,4.58973836331143,-1.65410279224049,-0.981346777108952,-1.95428879396199,0.161712786132899,0.868928588747911,0.89529646759661,0.257940109153751,-0.0320508993257778,stable,2
8.28045984363063,7.84737937539988,0.618214579620224,3.54339909269012,3.49931356167378,-1.54558547377366,-0.52554335524803,-1.42818473265209,0.491891446860047,0.266200690885235,0.909264181569976,0.848075483927896,-0.0332382136959991,stable,2
1.4402536346422,1.22403348415522,6.64270842273206,7.10907221916525,3.4730143556004,-1.1649864121577,-1.23160235169994,-1.07642559174276,0.353964560568817,0.368187600661991,0.532758116679115,0.280876544138803,-0.026775145040867,stable,2
2.79070315217607,1.9902755778169,1.86361381713763,8.0241892160343,3.4368479725644,-1.48192167292844,-0.523454937050654,-1.43147136258531,0.866472162071242,0.252764134436726,0.565942405231396,0.659984791610962,-0.0254115368929481,stable,2
1.11559649380952,7.30829478041832,2.2554993731962,6.05703749224874,3.17765667135803,-1.94427008288901,-0.596276148311817,-0.637110440157203,0.65408433119206,0.190667769669335,0.753780749601488,0.167547683840267,-0.0252723721497109,stable,2
2.30966450003819,5.35105347329939,5.71234803002671,6.75933493211404,3.64106907946438,-1.9507697311263,-0.865248823421565,-0.825050524916511,0.259411441871767,0.584736229864573,0.126532086014173,0.305136191163931,-0.0149321576589188,stable,2
5.80284119405079,6.2713711002135,4.73153954805811,3.81986743835037,3.57956924235607,-1.70947983818672,-1.067510674082,-0.802578730087355,0.0775265794609161,0.416478445014842,0.912846165890273,0.861306203887713,0.0554139558062004,unstable,2
2.31785828591418,9.85565217760386,6.18000617942619,4.3581626619547,3.6251940704456,-1.59848976992241,-0.988174548353301,-1.03852975216989,0.565247760205854,0.219016377824187,0.272921667337586,0.946910103495647,0.0030625052521924,unstable,2
1.61862516400996,1.97700579985689,6.2703207429074,5.24418527756131,3.72020233421331,-1.62486279923638,-0.728235677835776,-1.36710385714115,0.657924217103545,0.793356302847203,0.93273221397139,0.282759255511345,0.0123131362535801,unstable,2
0.941709650435217,2.99338430670646,5.97925272320762,5.3543269469276,4.09349590110243,-1.83423451979716,-1.32480292622233,-0.934458455082937,0.306008413995238,0.753819793218134,0.545648488420681,0.752080739481165,0.0314194736516988,unstable,2
4.43683932509224,3.5443079018967,6.79933167792152,9.10447483282437,3.39708673442882,-1.59891439257809,-0.691865358328889,-1.10630698352184,0.475573467804458,0.809231033430845,0.551679533080269,0.645709295795232,0.0495999043816886,unstable,2
3.13166756230044,4.16676322120745,4.15956812293167,8.14166351192611,3.92845381746265,-1.92457724990591,-0.810966280574503,-1.19291028698224,0.862159159488182,0.427043144091208,0.176211203540671,0.341649563674683,-0.0027148980375193,stable,2
4.53335528274807,3.97006468144694,6.11934106897301,4.5045172544128,3.40071053599403,-1.21785134246232,-0.657862825250195,-1.52499636828151,0.418641429491047,0.267533666987362,0.716140167269753,0.144784406969687,0.0146667723789749,unstable,2
2.69286231913164,1.06893758838832,3.92430207174544,1.63119693317903,3.54010061265305,-1.35753893699852,-1.1256444218587,-1.05691725379583,0.49627779313587,0.290711775215463,0.439887693877156,0.560933284778339,-0.0527038731834986,stable,2
1.29349488187693,6.55860319601703,7.31786118922234,2.419979465644,3.51027635477818,-1.97249876292184,-0.660394183531951,-0.877383408324385,0.0997040920973686,0.802197578111758,0.967380282252462,0.125158354950908,0.0452914152753634,unstable,2
4.572866727486,6.84352672138206,2.36056240380653,1.09831023866885,3.02027015998081,-1.56418091870924,-0.619778978873894,-0.836310262397677,0.15077109499505,0.263059412824563,0.242109279375955,0.619558876922014,-0.0336144662959174,stable,2
1.90417850596189,5.18206666680551,0.607085835423239,3.94559688658571,3.625117022003,-1.14721612965517,-1.02298408100684,-1.45491681134099,0.328891692096369,0.259394452950645,0.845912799701068,0.509029936050393,-0.0452752609842965,stable,2
3.16056940036902,2.94019092542876,4.67800125316784,4.70310870962985,3.38411132413689,-1.85151158508285,-0.998939158065547,-0.533660580988496,0.391035365309278,0.865200921640542,0.962227969429555,0.100996036256903,0.0441919084186088,unstable,2
3.67083149976408,2.65632568695965,6.43622447366039,6.83635436881429,3.84542688889929,-1.58213818104549,-1.16214379478951,-1.10114491306429,0.350499441849362,0.110639679397577,0.165921257435696,0.102693047736061,-0.041822573323859,stable,2
2.12888560543581,3.42728359891006,0.884730788205215,2.01132532521563,3.83789161102928,-1.60260457553574,-0.982270505294472,-1.25301653019907,0.803805877411735,0.72707475762359,0.624693017650396,0.979119054398516,0.0342710951105679,unstable,2
7.75936395514961,8.07514354549557,7.38166573173646,4.22324882919488,4.02585591277859,-1.72257725172215,-0.806245816647005,-1.49703284440943,0.574398316781983,0.378958113503496,0.798143776927658,0.847904759223111,0.0715339728331666,unstable,2
1.07240552729401,1.43149686310373,4.36207093650386,3.12786219234397,4.30108877052247,-1.92842840713079,-1.01193301911469,-1.36072734427699,0.136756656540481,0.194730355881472,0.340122603461638,0.934457922095724,-0.0416989699409847,stable,2
6.24091219471547,8.78379203838005,9.03828332559798,6.38352215929565,3.69099978057545,-1.96509530390491,-0.515243295069551,-1.21066118160099,0.853170947595752,0.239379263797859,0.210815875389668,0.786271321088989,0.0583340930707555,unstable,2
0.687309804513724,7.88311391609965,6.97566392744295,2.81728279437838,4.09618327804098,-1.27583868847379,-0.927547718007537,-1.89279687155965,0.899904003334002,0.111801146555454,0.835390935654658,0.478787493755294,-0.018972330445564,stable,2
1.28439729827452,7.20926634804582,0.869786095633172,8.85884837634391,3.76674821989012,-1.71471398223996,-1.10781165627238,-0.944222581377777,0.692259452034815,0.155349063691944,0.904098811604119,0.183388438381457,-0.023244085090187,stable,2
4.84252193031462,4.08452036808609,3.75794278594643,5.31626861168696,3.03033666632879,-1.2773288562335,-0.592638369233976,-1.16036944086131,0.15011511074253,0.293572562912829,0.238620848301055,0.503146760247353,-0.02485605900088,stable,2
6.34267781861194,0.954887401346897,3.26404775778006,9.77208045488127,3.89722440476296,-1.64740688903864,-0.71074184643206,-1.53907566929226,0.577606763113262,0.809386566491034,0.246046488836544,0.326749731252422,-0.0395478334491713,stable,2
0.641619699401688,9.14763404101898,9.18007675553075,5.98085798202207,3.79212835439789,-1.59494256312024,-1.09179853298347,-1.10538725829418,0.571042284705712,0.297388180326292,0.933312182143059,0.695463002708525,0.0306325734901246,unstable,2
1.12007271009675,5.03534233297219,7.99566557548495,6.95348299355003,3.08089879268072,-1.34378876910543,-0.911572178519925,-0.825537845055363,0.400063248142459,0.469999356057441,0.691841889378738,0.752161470651964,0.0411339051796272,unstable,2
0.59797442755223,4.37748246750337,1.93737619475782,4.33814551265776,3.78704577892535,-1.73943749384022,-0.813359162552632,-1.2342491225325,0.88371826136763,0.608002976133312,0.863990338284993,0.498209310168847,-0.0121452761986426,stable,2
2.72114985546943,7.75313182081323,2.15670524433713,1.27185090821845,3.69469097121914,-1.98006793842093,-1.07061720361165,-0.644005829186563,0.898068289581422,0.788156049126956,0.150269594104624,0.632703508927252,-0.0223931875912738,stable,2
3.39786253444605,5.36541189715009,2.71687033072964,7.42307666381553,3.85182257782119,-1.33650557725276,-0.939344712362718,-1.57597228820571,0.118984516772109,0.464619863313589,0.690060237114267,0.596677888910378,0.0125299034503464,unstable,2
4.14486644542037,1.87448862067731,3.21027778715455,2.30513777566724,2.91054154325979,-1.59183451321534,-0.514441727972042,-0.804265302072407,0.334546138556148,0.776971674425,0.0515604465164163,0.276822455060043,-0.0349802514821618,stable,2
2.53018190181645,6.3929599636191,7.06282436250679,6.1263701033055,3.72016850995501,-1.47913099257766,-0.935724988588761,-1.30531252878859,0.0575139371761528,0.917899942952857,0.685429656302879,0.556530077303574,0.0654073383931674,unstable,2
1.68011035232698,3.29167319599363,3.51127784536488,6.7256452343667,3.42715535855711,-1.16193239537387,-0.981095418971358,-1.28412754421188,0.612670804009214,0.41682625530072,0.701971227989811,0.176491722724829,-0.0244721908615804,stable,2
7.29172945176617,1.15330663947047,1.30503766950829,6.47970856227839,4.06314533250115,-1.90030255289548,-0.564353462845413,-1.59848931676026,0.745316566514801,0.0828581845985213,0.305595973433199,0.0817282327931153,-0.029861317625642,stable,2
1.25783293000495,2.01635746103124,8.98778824599731,6.49001037904191,3.252222533238,-1.32424048396369,-0.760505441656755,-1.16747660761755,0.503706760454887,0.539533930974024,0.922905306646678,0.735365718244017,0.0219167582223129,unstable,2
2.14406826837225,9.48405935643426,6.24145635538764,3.39990440142506,4.44010209002714,-1.75896227712511,-1.40190001009671,-1.27923980280532,0.384948605610509,0.116136779288611,0.28633016058869,0.306982641445848,-0.0428108676263966,stable,2
5.80330371615523,4.28880847795651,3.73568984546514,7.7410885636306,3.95302304675082,-1.49637636647328,-1.02063665368934,-1.4360100265882,0.389038197072134,0.354210728137628,0.243502648400747,0.610836986318142,0.0188508774159864,unstable,2
7.18344375235644,5.20540179629971,3.85442635342834,1.40228555725685,3.85660277225581,-1.57663843084096,-1.02118306814196,-1.25878127327289,0.455986512655219,0.079953733805588,0.283046573184073,0.416833091214864,-0.0525112378964979,stable,2
3.11751599055768,4.8103967134473,1.68523151113444,0.959933842022612,3.16581203306071,-1.37675700626508,-1.09431456847006,-0.694740458325565,0.0913152108965546,0.178647167123656,0.859498173300161,0.0865044396932633,-0.0460878736491797,stable,2
4.43186424036695,3.63372348405765,8.07405126000242,1.50172202395477,3.22063293047268,-1.72572271171644,-0.985926727709908,-0.508983491046331,0.0975970139423211,0.981965205041732,0.513594026192206,0.173443998618907,-0.0060398228671558,stable,2
2.06519027296209,7.44026999883803,7.13370463902068,7.51515448790579,3.26463385821021,-1.15013171656815,-1.08999380552024,-1.02450833612182,0.110867882719311,0.928003972028759,0.27324537259468,0.765038999826292,0.0572633759040044,unstable,2
5.05782771995846,5.83042552932504,5.61939379281331,8.58955509160925,3.55707981812444,-1.83836324558451,-0.861690282705799,-0.857026289834129,0.103696700686731,0.299408893600757,0.230406844378372,0.370671510959258,-0.0144385626008697,stable,2
2.31946603544521,4.47296205724954,6.11919961541259,6.42706850878833,3.65000595470842,-1.20482895504913,-1.16242917845044,-1.28274782120885,0.49194599445655,0.344244209788077,0.95183652164145,0.999575727116268,0.0737942026095334,unstable,2
0.962351241965999,2.89245329413887,8.93627615482907,4.98376877523839,3.42398895082378,-1.44476796727856,-0.508807238515723,-1.4704137450295,0.502177155363397,0.137076265651672,0.74732019998459,0.166255093991782,-0.0170219598880107,stable,2
2.5582774135586,3.64136814845885,4.98119416994555,5.8933796279638,3.67371054808208,-1.78941880173845,-1.09381892766185,-0.790472818681784,0.0871163826948498,0.482656405714432,0.306557930388565,0.254945456530303,-0.0395115027162034,stable,2
3.94414470292942,4.73451772737249,2.28174887234713,5.30987728850413,4.04921787177092,-1.59874406949366,-1.06251196789579,-1.38796183438147,0.686450927423077,0.54270845319215,0.535420756232409,0.946590254145255,0.0693547802247124,unstable,2
2.86635189110644,2.0929160604391,6.86649849503803,3.06106252413956,3.39877987698133,-1.77470682593846,-1.02747135762005,-0.596601693422825,0.542000027741435,0.278568382795409,0.717034570162126,0.420692354588527,-0.0008772490889151,stable,2
4.04179640928956,6.9239109322955,8.5740587998752,7.57547827811814,4.01073150200082,-1.88941345864221,-0.983729393609334,-1.13758864974928,0.886683409323874,0.356617259368912,0.519348840120151,0.653184023859142,0.0596897211567388,unstable,2
1.43157926694264,7.28811778727891,9.84231848691781,9.22974021271332,3.70635115120666,-1.86474423519231,-1.32387197667554,-0.517734939338814,0.178687007181267,0.71638802629331,0.799603477146335,0.332225244488006,0.0467682928334815,unstable,2
0.566695180911187,0.549380104482244,3.76824174874268,9.72617873730422,4.05925875166564,-1.51295146128825,-0.790205917054031,-1.75610137332336,0.554127651419593,0.463856738848025,0.235918722979765,0.951961054932118,-0.0239802216306824,stable,2
1.36693145880582,8.17709473251979,8.51786471655762,5.18214368414853,3.99157771097571,-1.44154376090044,-1.14888189139172,-1.40115205868355,0.521748638894273,0.239509411338733,0.381439547149201,0.0642161604308104,-0.0344526075108898,stable,2
4.25385254758772,7.87706711083932,7.00658923332774,3.86898583443796,3.45799655809445,-1.75391865245639,-1.07561869787157,-0.628459207766491,0.483531593059016,0.671951163344507,0.885621316649442,0.237775425582969,0.058863250912963,unstable,2
0.85783754319303,9.31667506921886,1.15891837011703,2.10039830500731,3.21085513981898,-1.12408743367315,-0.618754825369606,-1.46801288077622,0.244121978093954,0.947484112794366,0.71372079129984,0.366217336176934,-0.0134602711089811,stable,2
7.82834906648367,4.92830253948033,0.756704589555669,1.01566303461932,3.53906332538769,-1.61939467000223,-0.628367580996512,-1.29130107438895,0.464702181632321,0.504537528100647,0.442992639482704,0.486348345899496,-0.0303854902067446,stable,2
4.86841049295865,9.49459326154207,4.98966979941005,7.96446944239441,4.01058714702943,-1.86393359887742,-0.84648345811764,-1.30017009003437,0.672077303422997,0.959827214751164,0.572276504517856,0.873057687695781,0.0842814976467838,unstable,2
2.56858692585715,0.933153048245481,4.343190674806,2.10668531149764,3.99182664922335,-1.83367128424422,-1.04844404303344,-1.10971132194569,0.420601065528195,0.140927489437517,0.198108061123306,0.0997757393443643,-0.0409806383985422,stable,2
2.93296483987919,0.633721364338556,9.18798999799658,3.81861034970958,3.12514174436191,-1.72396806280462,-0.639767554235749,-0.761406127321546,0.874979620053045,0.955993435796661,0.895509135497606,0.764829058138605,-0.0228968778173417,stable,2
5.29378759445371,2.8537639828692,4.50575240107516,2.14091135892405,3.1033148645645,-1.73357324878984,-0.703896705049649,-0.665844910725008,0.597923206113864,0.16947127078932,0.175715860647078,0.922660115965705,-0.0151836064220874,stable,2
1.37963975299201,7.66535836592764,3.03195517947344,1.53744401942437,4.50893339692333,-1.80115843286325,-0.713126314201625,-1.99464864985846,0.371470679518445,0.947584819346103,0.242433809942908,0.244543182767613,-0.0139264385775238,stable,2
0.802791150298761,2.19625580875759,9.60651088166626,1.07247649218518,3.41643987230935,-1.59033636320174,-0.642209540125029,-1.18389396898258,0.631024925633869,0.426666149733827,0.877875549190117,0.95749666301592,-0.0340847037357,stable,2
3.32184886684216,5.63400855947023,3.44498226317494,5.03559571971755,3.23928896515374,-1.62522495526634,-0.712345013256988,-0.901718996630411,0.236868597415064,0.700564184945987,0.321273622768604,0.587893079107286,0.0299976487667701,unstable,2
7.82303604415798,3.17782184538727,0.857794856856414,5.26607390234228,3.52749880920238,-1.68422824014365,-0.536391883742751,-1.30687868531598,0.213190844659577,0.128247388217682,0.82169531627781,0.29540937730119,-0.0422696380162024,stable,2
2.75820010789399,8.60254781135055,7.15238577601677,8.2178646150415,4.34059713361932,-1.93010426931948,-1.0807861612146,-1.32970670308524,0.580497301746981,0.114060841578697,0.0880928285923542,0.256189220729448,-0.046573697091032,stable,2
5.08331533592007,9.4440582881443,3.53442272656527,7.15556410116107,3.70353066439029,-1.70277921994368,-0.587305890415702,-1.41344555403091,0.36399095761822,0.515198396652729,0.968138332266641,0.644653057404104,0.049183557483817,unstable,2
3.14324965227674,9.13797559592801,7.81874987197183,7.19144267371192,2.95367559917882,-1.44005019296971,-0.566114263975783,-0.947511142233328,0.0550679891600064,0.684656929010403,0.163238204898492,0.275605476928432,0.0124100885385049,unstable,2
1.38273690901019,4.14885896946081,1.69851770339952,3.97083324384028,3.76365098119411,-1.15055054547051,-0.728316914594302,-1.8847835211293,0.0811807083590084,0.248604884113661,0.189232274051593,0.853533401899831,-0.0427811216977817,stable,2
2.66993356472955,3.45813758729063,1.08723872445197,2.88111354797209,3.8741545227141,-1.68076985064682,-0.938605083566892,-1.25477958850039,0.773487101443057,0.223531684444471,0.17973438640221,0.357684530913972,-0.0545918370976814,stable,2
1.78303874807352,3.51113532360881,2.95345767447043,2.26627099908547,4.04289607824348,-1.67994076063375,-0.829617574046354,-1.53333774356338,0.407475523022924,0.750424569326013,0.199161578681485,0.191809083755306,-0.0443898988550347,stable,2
4.7875799005066,2.49484181751624,3.24681335746596,5.51361753982367,3.82071736746474,-1.50607961149595,-0.717586151742574,-1.59705160422622,0.849271262300088,0.599302133643727,0.411183773131468,0.121243702653296,0.0169970015526371,unstable,2
1.7034019932551,8.44337616901372,7.52753846705761,8.85429257493213,3.62449727037378,-1.54923914781533,-1.41289877647659,-0.662359346081864,0.738581708278494,0.388227162149564,0.323285222150331,0.531306138175704,0.0074409238079067,unstable,2
4.09372325217288,8.33572959767032,6.75678606913183,3.31451088239374,4.30062596700535,-1.73213463050319,-0.797391375680501,-1.77109996082166,0.702082719024286,0.149828821823898,0.326601637920224,0.755244997167501,0.0170421973452139,unstable,2
5.51624235941219,6.44542113744023,9.42400042424158,8.74542653303577,3.88556924156511,-1.70115399480378,-0.671249673079385,-1.51316557368194,0.789918310587631,0.685377286099488,0.293857623932137,0.677182387829726,0.0695051998473965,unstable,2
3.92308535201772,1.13568231271955,7.31979813825536,7.12511850369506,3.38661036438223,-1.7453422830107,-0.698273493829404,-0.942994587542128,0.152171891549608,0.944076414832261,0.08112254965108,0.429843844131679,-0.0391902621745151,stable,2
5.22175826180248,9.15756237612949,5.15116851082422,8.26120966240721,3.85363265489865,-1.68043428273107,-1.0632714516222,-1.10992692054538,0.136524645900304,0.114169024712801,0.882565581844526,0.0932322565097956,-0.0087603773429448,stable,2
1.02978804520804,5.06482593859576,1.50424545511372,0.587821419029974,3.74682014470371,-1.29984091672493,-1.25061011946754,-1.19636910851124,0.551579497919657,0.539063001123216,0.548449321672516,0.922573588315661,-0.0322472766285607,stable,2
4.08590046339654,2.28585052743383,0.592498574174906,2.07387354846498,3.90147735972192,-1.90792704281671,-0.953331008641096,-1.04021930826411,0.837991395050281,0.267816126452736,0.677273170679865,0.301469807032511,-0.0354094640499277,stable,2
3.34937150499548,3.20664231234734,0.946580749227351,5.29155757366594,3.44395459819339,-1.74260369762986,-1.0664902239652,-0.634860676598328,0.156896051945216,0.927398752953247,0.311044012597494,0.147067654888879,-0.0431107425767327,stable,2
1.85299334258592,7.18983351967758,1.06577788933291,1.59608038009743,4.22115341544401,-1.87677562226816,-1.36149870928106,-0.982879083894787,0.345603675052188,0.213497550611516,0.644539018495682,0.877870236617107,-0.0615160683612116,stable,2
6.34892304433246,4.84825231131482,1.91115105728052,1.47934722867022,4.08324210920917,-1.95907344082961,-1.09337136167063,-1.03079730670893,0.0689429448152764,0.723260131992773,0.771859239409054,0.392593169184843,-0.0257428451115022,stable,2
2.0917760675913,5.53929891033879,7.08120509776061,8.88450286121415,3.29123265631415,-0.889329705117294,-1.01282933711779,-1.38907361407907,0.147948902392624,0.145785762848718,0.866507967903957,0.22191998051525,0.0113310238682,unstable,2
5.39264829628845,4.1830296917163,6.48701706064383,8.80544371770712,3.20630868851793,-1.26066436508335,-0.774705780294177,-1.1709385431404,0.071631020544616,0.113716797379046,0.68315612892083,0.319314773179914,0.0022232316003978,unstable,2
1.69630105430109,8.79368686545009,7.28219701363911,4.7317925602259,3.60348823071724,-1.93847044220226,-0.961180027961312,-0.703837760553672,0.774329887520357,0.580081099774586,0.279504312641895,0.117707172466011,-0.0189997586890795,stable,2
2.21564254750586,5.18502322657192,5.30278258772673,3.353347380239,3.63974704077233,-1.40198577772464,-1.20988882121738,-1.02787244183031,0.106690989751877,0.708631392180068,0.458666557988718,0.391620290725107,0.0134711649179612,unstable,2
1.4232432417067,4.4326419192133,6.89929556375739,0.944326692200161,3.27394504897306,-1.95482266246175,-0.718031622222695,-0.601090764288616,0.507504802773432,0.26723947194025,0.574043156787591,0.103009432003614,-0.0232535103957414,stable,2
1.13281656861905,2.63361273411696,1.40517411925418,3.37212724158913,3.75141273871868,-1.38813088402114,-0.561868251627218,-1.80141360307032,0.916472600918559,0.301715526835574,0.55925105878474,0.593262840217734,-0.0133597988330715,stable,2
5.29907249304616,1.85144560872671,1.59442896955177,4.40912308155225,3.25987629395131,-1.34869324944111,-0.879518082304928,-1.03166496220527,0.211782531368645,0.139093199883625,0.262834133531443,0.51730887111144,-0.0303821977196059,stable,2
5.89207489159495,1.67172182240975,6.68341638370442,0.970326473158086,3.23912029492993,-1.74753871912736,-0.62975214216701,-0.861829433635564,0.982319497055788,0.230511068394069,0.858463609945081,0.482463618996723,0.0374111758592389,unstable,2
3.22157999718317,5.70998408870038,4.09986247079099,6.26669732204391,3.40932683548738,-1.14329915607721,-1.08838432706316,-1.17764335234701,0.0838406614521635,0.71113861954966,0.423673290701143,0.97023943940676,0.0584578318723426,unstable,2
5.60905835934309,5.0390702571806,4.95267448653731,3.58490782890685,3.45688074219476,-1.7379386486541,-0.906500974642008,-0.81244111889865,0.350011153299138,0.188042765336921,0.561913440692887,0.139166099100363,-0.0115216447877354,stable,2
2.60376143748682,2.13733856324952,6.59430952407615,4.84403035829562,3.84795448212947,-1.18996188492662,-0.940624059328588,-1.71736853787426,0.623190294161446,0.148626987598146,0.771576608126389,0.727018738504656,0.03668531689675,unstable,2
4.92376913210179,9.84410074520329,2.27658124260139,6.2127763688917,3.33802971147637,-1.92111419389091,-0.604645029748313,-0.812270487837144,0.674953789606293,0.779293232500156,0.930714687658942,0.872666220656735,0.0566151337885613,unstable,2
1.25202328094839,6.10056422553508,1.2897985767522,3.4908398473951,3.977798643489,-1.4697926746106,-1.08608389586814,-1.42192207301026,0.718831088176952,0.263206093219517,0.313246684819094,0.398308564405969,-0.016448959880469,stable,2
1.75666629850642,6.98806819156971,7.6751979699365,8.50707556604904,3.35104238237519,-1.91054766977536,-0.6070903626721,-0.833404349927732,0.246349789246656,0.0532955726871407,0.862456452278028,0.371899194042429,0.0179422141696316,unstable,2
0.82123934577395,6.53351593552833,5.49570634729587,7.56279271450862,4.02279906614302,-1.62199761739052,-0.547487663038971,-1.85331378571353,0.461472942846729,0.721645250535251,0.579246858786565,0.390485444088804,0.0262809223841168,unstable,2
5.10157450054889,3.9481556759387,1.85048550732457,9.77168051954492,3.48588617747189,-1.91962949454008,-0.853296201440145,-0.712960481491662,0.830970402507726,0.0557264573990949,0.387334062875586,0.592436289284544,0.006030129787504,unstable,2
3.15209905851693,9.2145182691264,7.7338740658844,9.21773097399666,3.40158505140734,-1.77382716610836,-0.575253157461889,-1.05250472783709,0.212559478192282,0.444479746070841,0.161783765257967,0.0975904281999858,-0.0192095236030045,stable,2
2.60986773709394,4.60944625900745,2.09650742162414,9.87057256178363,3.55685897630845,-1.43224064212989,-1.07279682701192,-1.05182150716664,0.551843710524337,0.596096310082554,0.616631434908949,0.0572341341495619,-0.0228590491076694,stable,2
1.78552916955253,2.88822176785563,1.94049566290313,6.15476910155364,3.50854072209439,-1.54874925977441,-0.550541010261886,-1.40925045205809,0.260477487514067,0.890143075848386,0.794102393280679,0.720287027515905,0.0157994837872886,unstable,2
1.73777414798518,8.28434588269291,5.00449520218931,9.75232643440193,4.04542786639386,-1.68526476407463,-1.11320916870502,-1.24695393361421,0.740640286308593,0.661016409041894,0.161353998394258,0.26083045902634,-0.0096191249925244,stable,2
4.69786937210409,7.58807207735975,5.21334802477094,6.29557537084884,3.7051230098573,-1.63651656412012,-0.894313873210514,-1.17429257252667,0.0668731173010392,0.38242204061722,0.972708872379957,0.67618146277955,0.0563016318059998,unstable,2
5.94481068707459,3.46867772348217,4.23354425325709,2.29648433637489,3.84257326167236,-1.95799788572531,-0.525761250106001,-1.35881412584105,0.131293587798334,0.562935344700583,0.616937886791175,0.0778079171488783,-0.0240668135360223,stable,2
2.73292745293556,2.80099168107008,1.18707335492137,2.90071325006955,3.84915598623039,-1.49956730791421,-0.867684527736553,-1.48190415057963,0.399973213288733,0.434808133516634,0.91202654750886,0.384081718727677,-0.0416237442759459,stable,2
2.46545363237746,6.88323164847066,2.92985720172848,3.12300259253074,3.55074393136821,-1.55775161389712,-0.69491557716619,-1.2980767403049,0.373590405058881,0.10951524088689,0.534826699600775,0.0842151995527919,-0.0383545158405207,stable,2
1.86516329895109,8.24653211529928,0.811129075251671,1.45709542113217,3.83032372400636,-1.52249638309459,-1.0035515482505,-1.30427579266127,0.688096829789828,0.117691568672998,0.652908799277507,0.448755753392907,-0.0641559026794624,stable,2
3.17955197711071,8.98272341763674,7.86335712290908,3.51201690245192,2.94872988323851,-1.28951656681589,-0.531226118695538,-1.12798719772708,0.359434604122424,0.338106156034427,0.81165573428157,0.508350249230175,0.0287231247282064,unstable,2
1.14615456777945,9.31986282384256,5.70656605476736,8.70801985912573,3.62434058805878,-1.33032883759119,-0.796485167637048,-1.49752658283054,0.663366867378615,0.212230826610515,0.300513618260663,0.918889886491206,0.0095415437526478,unstable,2
0.514628822678619,4.45720870967896,3.82198759391458,6.46791622634231,3.6020410576604,-1.02475387529165,-1.07796245633666,-1.49932472603209,0.329309886484296,0.623645331512993,0.709337054609284,0.55364368299382,0.0221684089278493,unstable,2
2.49336780452627,7.53496752157636,1.86458867019216,9.22268115840462,3.79312664712158,-1.63888957993493,-1.02474302053311,-1.12949404665354,0.824551308945604,0.684124427728936,0.737904325474036,0.866454910808066,0.0232007654057179,unstable,2
4.56924686594327,0.918529925963283,4.20461291793217,6.81051888188574,3.47454177968331,-1.92139992433499,-0.865542177611217,-0.687599677737104,0.150931094602835,0.342425812855608,0.37992247873441,0.237334064045692,-0.0341797452006802,stable,2
0.683331799439143,7.39098148838574,9.42947860917178,7.7491194327455,4.32796692481841,-1.98241916589171,-1.75798194977689,-0.587565809149807,0.123827551247642,0.177325046007853,0.843208820652295,0.316930742345877,0.022366567624847,unstable,2
1.0125403913846,9.4040390261134,5.97288184409641,9.02325376806444,2.87694156713711,-1.18889632142446,-0.717083563720144,-0.970961681992502,0.206920963635475,0.534868046104277,0.266553736969184,0.114084766984073,-0.0143407968139886,stable,2
4.80867865224791,0.504128181013721,8.28549690881192,9.53811884343048,3.95999549228575,-1.67005403454453,-0.761524756109458,-1.52841670163176,0.662996344388095,0.189568381334566,0.79485520280687,0.849067729720565,0.0535389710400685,unstable,2
4.48977306332552,3.48348656390787,8.58657572841266,9.05677607029036,4.19264713908669,-1.93152006653515,-0.774812797617307,-1.48631427493423,0.262713809124689,0.95016214441005,0.328876339630766,0.106346504772604,-0.0087611663860849,stable,2
2.98008060088175,9.28194702326969,9.31161910185048,2.00542809649141,4.13365238541515,-1.92262412878129,-0.880010593006713,-1.33101766362715,0.884973551501846,0.879714426048185,0.682799881755479,0.629166679251657,0.0305742042836837,unstable,2
0.602986527088645,7.06299423452432,5.16941660763475,6.06648085580042,4.06824467381178,-1.69958273821846,-1.61297532331717,-0.755686612276151,0.201571717438741,0.20219190856398,0.602133926484821,0.141088164770827,-0.0367961380865448,stable,2
0.948659488631645,7.35590576428946,5.51623724012978,1.44042558697429,2.91328013927574,-1.50725078584118,-0.86239909085118,-0.543630262583378,0.374030154842242,0.26346574135897,0.664206786188938,0.242058159110663,-0.0388424763291244,stable,2
6.1194454945235,7.07110291932784,9.34167335637332,3.74081665216581,3.9679948808532,-1.78891526581256,-0.646993678437674,-1.53208593660297,0.722412379476195,0.591077530504515,0.189701552174303,0.967795236852353,0.0591911016714986,unstable,2
4.58602642412466,5.64200063952965,2.4910471975481,2.56112976991673,3.43715192624362,-1.92863546756845,-0.960358540015516,-0.548157918659656,0.294137015732824,0.132290451047923,0.567128829796001,0.932666315652272,-0.0092428694613474,stable,2
0.585803083623527,5.76359616091774,6.69660112183458,4.03574681373722,4.08046546825755,-1.2414474496028,-1.22715135607418,-1.61186666258057,0.209682560583914,0.337741051979638,0.436234482699566,0.883150800406354,0.0124873418765946,unstable,2
3.55288696787034,6.59606667307854,2.61497609645638,3.44444174119638,3.82844474439415,-1.88713635223106,-1.01139876714119,-0.929909625021904,0.368825834035807,0.998255360386211,0.644739352797419,0.170245987523486,0.0290495721882701,unstable,2
4.73309995913589,1.84059667017224,8.41770546405994,4.85204930861092,4.13234642128071,-1.71381898926523,-0.719482728783437,-1.69904470323204,0.208593232285143,0.252928336180652,0.651628377854516,0.167064388308688,-0.01354511450462,stable,2
2.94964427765731,6.07463396072831,2.34711873539505,9.72521154730112,3.95999879338445,-1.33633463927889,-0.976920284525084,-1.64674386958048,0.147518560397167,0.863227753671778,0.886133750550342,0.733723272831007,0.0288625174336581,unstable,2
6.07582795180812,6.46757282226514,1.64162683471784,2.34354715153271,4.23179380571433,-1.76388656627556,-0.766734977609781,-1.70117226182899,0.112730017320061,0.620369726861101,0.966060868704765,0.311006085560315,-0.0281750476328812,stable,2
3.99778616521666,3.91056041770162,2.80084528192772,0.520386805392918,2.99747694548256,-1.35009280422692,-0.589092773017369,-1.05829136823827,0.348946073706056,0.691095722833714,0.381508984769041,0.275271591915939,-0.0311398186139574,stable,2
5.62162329559587,5.45137921610958,3.7239696260263,6.78143627352656,3.6474845159402,-1.94280047440019,-0.6511667400109,-1.05351730152911,0.627630845269658,0.842113171677362,0.837840955935736,0.168181307017851,0.0680080078549556,unstable,2
4.70306381024375,8.91183249168995,3.54891056946215,5.19102297330909,3.46545005572044,-1.31467094875533,-1.20751672674706,-0.943262380218052,0.495124858615563,0.362369320318029,0.086865267390688,0.394706631450854,-0.0033739552950762,stable,2
1.59738046296787,3.7051049442646,8.03535637201666,0.778843201681622,3.94002822480741,-1.8793345107255,-1.28483088397942,-0.77586283010249,0.757136314829827,0.357419088443684,0.924198896112085,0.824158203997759,-0.0388290735992542,stable,2
2.40818037988574,6.01761229546608,0.619625644626794,9.94935395098628,3.56786239416286,-1.44581929358632,-1.21159096626136,-0.910452134315181,0.240936153598715,0.152200055489431,0.541669730237453,0.876248625065674,-0.0179129533693739,stable,2
5.04833312935805,7.25935696630735,2.05706322047098,7.05662705376849,3.98892618591251,-1.4317622166338,-1.33599411050609,-1.22116985877262,0.124435660460487,0.756308672082984,0.678940724254847,0.381787720926914,0.0146596301843156,unstable,2
1.03742238095497,0.804445944222959,9.97700683020547,4.44623095690799,3.70456940430917,-1.80726069903857,-0.562917129789805,-1.3343915754808,0.318680907842147,0.874213056020134,0.183278194657576,0.298550675232828,-0.0435658879236873,stable,2
2.59713429195462,1.27382340198911,8.58147528843881,4.78802965359102,3.54603553809444,-1.98715467994482,-0.650347681291902,-0.908533176857722,0.39791137631385,0.892977245354538,0.451671974206789,0.617807351272363,-0.0314559820539977,stable,2
3.1749528996226,5.48740446533739,3.00996961384972,5.21237714025076,3.25087829783856,-1.27749450969873,-1.14159663310571,-0.831787155034125,0.199442613025502,0.429591973368826,0.475605991872597,0.9396218745866,0.0375115455255308,unstable,2
1.97985115134165,0.729004622787994,9.79610327328958,6.92040831184224,4.32414620499284,-1.99637807476912,-0.842215706616547,-1.48555242360717,0.907755817320818,0.443455100336982,0.418085514154897,0.761317154971964,-0.018424661716632,stable,2
1.77929797765362,5.82601008917682,5.76694360272031,3.07088118049444,4.1199925039549,-1.34475855573488,-1.328281567514,-1.44695238070602,0.40071241240581,0.501219952549846,0.232519090027341,0.811915071509822,-0.0004396348700275,stable,2
3.37177591158856,2.3555354120651,1.39610652055778,8.64335252240287,3.1358995800363,-1.38841336007512,-0.659456905818975,-1.08802931414221,0.256136752747243,0.29651348031257,0.59277257860359,0.830240863758757,-0.022809915439813,stable,2
1.46180175263649,0.909072796755692,6.12340310449,1.385971062574,3.80355639829052,-1.335012714416,-0.778526850412157,-1.69001683346236,0.442074146433085,0.337223420464412,0.66363115925358,0.303979666211345,-0.0455955220057443,stable,2
3.547118617772,7.06176230186892,9.1986932129313,3.96555340870654,4.23384358369043,-1.5209883065709,-0.872924893811811,-1.83993038330772,0.749574534356229,0.0897788250159589,0.0617085689549649,0.0724579447158298,-0.0173321053303584,stable,2
4.19872518903587,7.39898283788937,7.68038258894804,3.30260686725643,3.72284159376284,-1.61633697446812,-1.17953361270217,-0.926971006592549,0.620238608829001,0.126477012689528,0.364722345427625,0.557131881433802,0.0031304551994683,unstable,2
1.69778500634371,7.91854947146884,7.50300473965367,3.99826110811492,4.04946309011372,-1.15989736524697,-1.21392274870892,-1.67564297615783,0.670816561022836,0.116073086927143,0.999981832400081,0.738513988079542,0.0289448024561501,unstable,2
0.532178864084592,1.98948460899421,2.66485632322476,8.97153499189465,3.25916093144417,-1.93853420098395,-0.544063293035433,-0.776563437424787,0.646382540169043,0.0936794307903538,0.975428640764416,0.760994480348411,-0.0114177244503432,stable,2
2.66004462465371,3.47154133920969,0.704292561086733,4.90911738628125,3.37344834495072,-1.66825666223523,-0.917193901468162,-0.787997781247331,0.419564404521842,0.948085068899985,0.218269035206792,0.496107916573854,0.0073287123266424,unstable,2
1.06943762427511,6.58143888271251,1.23089212732296,9.93748336063939,3.75682786783142,-1.52472044393833,-0.516321677147341,-1.71578574674575,0.501100743061384,0.381436791794781,0.773236128270705,0.822149435134472,-0.0253904805256592,stable,2
5.35742267559342,7.2573205981038,4.83659658803872,4.11998677842238,4.11270824369481,-1.71754112157758,-0.837426735153282,-1.55774038696395,0.859285712169821,0.743908446675048,0.430500163677076,0.786229334735244,0.0834217582375063,unstable,2
3.8487252242535,3.63203160592624,1.72192965746887,7.0569949015643,3.38083444730867,-1.75272885914284,-0.734855181161873,-0.89325040700396,0.267012901857217,0.657214206140746,0.126032842029654,0.627651666346836,0.0019844319582116,unstable,2
3.3582108729107,6.9868387418238,4.845903711888,1.52377524303708,4.26621986252381,-1.52010091692287,-0.900232997680653,-1.84588594792029,0.279257718651001,0.311876547175444,0.278852959523147,0.20001915751056,-0.0319874653462468,stable,2
2.86295369031562,9.04592509507808,1.68600633541764,0.844074914878001,3.21602141177195,-1.60191029565047,-1.09708531313662,-0.517025802984857,0.120562241639758,0.544305619181398,0.907553923631533,0.972090028147304,-0.0457077095073718,stable,2
1.07492638047639,9.6277732337943,4.53038405851915,9.3386882065619,3.66651197385778,-1.69032744241729,-1.44630069049756,-0.52988384094293,0.423304359730002,0.332823250148086,0.0627228128137032,0.930044085353257,0.0135182349315447,unstable,2
2.24313804108104,8.78600664158006,9.30786324832543,4.88621604362278,3.45244192667382,-1.59945444437973,-0.789450190882769,-1.06353729141132,0.854410009814673,0.0863755963414744,0.484554989770146,0.369631911309132,-0.0189612744997784,stable,2
3.74744203643149,3.17899972190579,1.56006954344639,8.73793228849708,3.27470373949266,-1.49652685108607,-0.77331832678112,-1.00485856162547,0.486198969692106,0.169731542369283,0.763802533697846,0.784293647196412,-0.0151033845578116,stable,2
2.07918067202411,9.6306679199844,3.30878195550315,3.94179949151506,3.600997197947,-1.31829448179869,-1.19622476431667,-1.08647795183164,0.654962559559478,0.778022640120374,0.127205077309242,0.393784780405358,-0.0121572176280182,stable,2
4.98590930499748,5.34309703575514,5.9582380697525,6.9295330697661,4.20412191376651,-1.89611951329199,-1.09023597999813,-1.21776642047639,0.646489091578884,0.469206657610332,0.268825910369094,0.563687760432541,0.0483535926743156,unstable,2
4.59745340363402,2.17641675462291,6.22271358585806,5.83274364493766,4.58454982481821,-1.84415297852424,-0.785855069268635,-1.95454177702533,0.206414741653643,0.966932303934576,0.698762372450138,0.245713040135034,0.0126713010269983,unstable,2
5.9741061106639,9.87206259343416,2.90775688202364,5.86617957083326,3.767020943698,-1.80708145688804,-0.900768815675157,-1.0591706711348,0.272748121815738,0.172489033478561,0.657715165693648,0.982097914058003,0.0318856776266766,unstable,2
6.09651419350769,8.18209497656955,3.05875315264877,1.664287441271,3.30423546242426,-1.56756483026951,-1.0315306055387,-0.705140026616049,0.454971922987256,0.243472584784987,0.386100834080508,0.125548068951006,-0.0317322084635543,stable,2
1.50688986602171,7.27546086197565,7.38871577534776,8.23704916468937,4.40769787991072,-1.95083004683342,-1.29671392529962,-1.16015390777768,0.447389689733027,0.0804032358422224,0.466341791196853,0.731349341405624,0.0125751302462273,unstable,2
0.567539412195119,8.49718256036914,6.06746409383755,8.69026639493909,3.46197846818827,-1.99735478834469,-0.876548795706686,-0.588074884136894,0.959177129087653,0.318448498796518,0.320978681531067,0.301893363784157,-0.0437633302229587,stable,2
1.64603776498486,6.60551751546938,3.32027067000765,8.37487468275973,3.76851378536818,-1.85131428761844,-0.582115028848522,-1.33508446890122,0.0717532712272008,0.0526722164662869,0.0635309986141708,0.290087288234995,-0.0492510609292048,stable,2
1.60682742687112,8.76376298011492,8.16639834221673,7.78418744487682,2.86625645059556,-1.51313170804246,-0.826613310156076,-0.526511432397028,0.073363409744146,0.704048528460241,0.743981478011559,0.891648935191728,0.0716433219596062,unstable,2
4.45339027464902,8.89307396510904,3.38002224488576,5.52050779924056,3.70177765421272,-1.10627585801668,-1.02790116193272,-1.56760063426332,0.0809210690120666,0.302974613347092,0.999653995252106,0.388074261142876,0.0010333368344567,unstable,2
2.79334819632504,3.50222559200372,4.39486197433022,0.688020525254356,4.10909845347586,-1.89525355045793,-1.45415076939263,-0.759694133625296,0.0998506970640272,0.330929069507685,0.933950757693887,0.549095209783588,-0.017969063936154,stable,2
1.88542795522719,8.00826502249834,6.96948225604381,5.12901885241008,3.79468598675848,-1.89368245642683,-0.884043354957004,-1.01696017537465,0.268568515892961,0.2939246678508,0.844586510804526,0.252619402806606,0.019332984644173,unstable,2
2.54485017057356,4.81247736621416,6.52529383271771,1.45337159264095,3.57062052117336,-1.51468676876845,-0.827121590851317,-1.22881216155359,0.178554122811954,0.084727522075153,0.0522903068136366,0.650868653553339,-0.0449359603938165,stable,2
2.94430485361667,9.62521118381609,9.84629853923586,8.95236474323166,3.15685926063551,-1.88429842608989,-0.605334866644838,-0.667225967900781,0.926490774907557,0.38087587374091,0.236583028182541,0.521166437934581,0.0167572669671182,unstable,2
2.97917865399702,5.77943087690694,1.00346658417748,8.68774088928595,3.60789995352721,-1.93562756558956,-0.788465959513839,-0.883806428423815,0.743653814242692,0.343530656051002,0.474119939423855,0.855283390505838,0.0052587010971158,unstable,2
4.51235751120374,0.630101977137651,2.93253198812529,9.15913868970262,3.83872419838548,-1.8714843109073,-0.951480075534398,-1.01575981194378,0.224901257021651,0.169539411524182,0.707290699462765,0.987480432746405,0.0082820073198656,unstable,2
2.19658922655912,9.87157709827293,9.57929081161211,0.762849004355015,3.60569414078635,-1.71535462834233,-1.15890999799523,-0.731429514448787,0.0981218378180987,0.666540793331148,0.786688857566539,0.843487237095087,0.006034457019399,unstable,2
5.96375152606178,2.24556475368212,0.642817268060765,4.13396647346402,3.93584382411306,-1.53424913320008,-0.791991000831418,-1.60960369008156,0.658636684419625,0.656062503516163,0.838150952503864,0.881031105093269,0.0126739665537611,unstable,2
6.22042856514888,0.674386201464001,2.47660905699056,4.59614864321816,3.39340149855029,-1.93418434388743,-0.631237852249178,-0.82797930241368,0.599592390846312,0.552995960432914,0.686934873574619,0.70039879562675,0.0076928959381161,unstable,2
2.63008407280352,6.70056836878018,4.59127406405959,4.44864106418577,3.82325585668883,-1.924230587563,-1.26671713888864,-0.632308130237192,0.0503240372125583,0.0869296577967901,0.487156746052407,0.329253348106405,-0.0261163296981844,stable,2
0.522494882348832,8.52139823221206,4.27864381536816,1.03433438560041,4.44299392478978,-1.85897361955834,-1.31369650210424,-1.2703238031272,0.15741571825718,0.278290656089255,0.868891941820905,0.404002761076342,-0.0235101360320283,stable,2
3.05625989292549,5.01898662027793,3.00682924473173,4.87194933764648,3.1162646372164,-1.73035282323414,-0.725671270215558,-0.660240543766704,0.137675133068357,0.69656326713501,0.99787636017347,0.890044432915545,0.0717982692805927,unstable,2
4.31167727995593,8.43882403767321,5.04249988893708,9.77479395370812,3.06210138027681,-1.9381311244536,-0.556154748835717,-0.567815506987495,0.0970539755182841,0.301472440111578,0.621973717821294,0.459785480218169,0.0162011682179642,unstable,2
0.564411946005479,7.75094558925234,2.37433614584256,5.59373898894679,3.76507943609316,-1.55786276170852,-0.89095962342734,-1.3162570509573,0.173159255667352,0.649696426517249,0.401338145681347,0.983894400349333,0.0304320178027047,unstable,2
1.27513197638409,4.02090889971372,1.33143613067247,3.92618072118709,4.00617719448264,-1.45313819794798,-1.4538293442109,-1.09920965232376,0.99962804868358,0.609568403671077,0.137235898241006,0.235506805633425,-0.0112669777784543,stable,2
3.09346699028666,0.921854149478686,1.24647756467877,3.72394732038598,4.02797550408672,-1.63280480552802,-1.25233598607111,-1.14283471248759,0.668203103625719,0.688094318362273,0.061960527674288,0.558885479972761,-0.0453259948403725,stable,2
1.82987448346963,2.89403776178003,5.05490779138716,6.45127838191516,3.65885568541635,-1.34793860111275,-0.508295227231656,-1.80262185707194,0.315313111826389,0.672853472142998,0.33439348819364,0.137394893886499,-0.0440578271362666,stable,2
2.76674289286023,9.26488858914786,6.29066451818008,1.54718402486042,3.34428690763979,-1.48257306979693,-1.02339887902039,-0.838314958822471,0.0903342394999112,0.567871864531209,0.536240513552369,0.452293637635654,-0.005121025045298,stable,2
4.03760692321173,7.29281497765172,1.08231846849791,2.85088449423568,4.19960237213122,-1.91305585787162,-1.08038486090624,-1.20616165335336,0.277730224761516,0.627848840677754,0.14659570347105,0.916103124759966,-0.0037692920349933,stable,2
3.67158291449832,1.84146388214796,6.17410081458986,0.665268599340564,3.29060509424794,-1.45542917949157,-1.13316639116893,-0.702009523587441,0.841943142020321,0.215070397347184,0.172746406339098,0.71378452609332,-0.0339497671760903,stable,2
0.530585128193651,6.88872910836128,2.35341648811903,5.43267857094078,4.05563975818718,-1.75748055029244,-0.702648004072509,-1.59551120382223,0.533987528641919,0.928932001814204,0.75459272508415,0.150307526823488,-0.0029424409935082,stable,2
4.22195572839187,9.33594643985973,6.08798534540946,4.17961469129749,4.44490782719082,-1.83993544143899,-1.077720516924,-1.52725186882783,0.289755380999407,0.865712202444182,0.172844598300741,0.0882265294927743,0.015269737799474,unstable,2
5.88204346621479,6.57280096566089,0.789880576909683,7.76772608335586,3.98697963628414,-1.50427002074562,-0.875855027396663,-1.60685458814186,0.297106327506629,0.395546288840112,0.340291573348561,0.864950450752984,0.0240309596411225,unstable,2
4.21278235099537,6.05560309867719,4.95648383822847,5.2830449698208,4.14870519407261,-1.97145194710204,-0.506326330482028,-1.67092691648854,0.865742319704518,0.618384361897726,0.535864277703899,0.197284231736953,0.05776046206322,unstable,2
1.33708240904541,6.80963964099473,9.55950065761339,8.05133278420254,3.06839325441018,-1.5019606662075,-0.960203669335833,-0.606228918866848,0.475646188467723,0.32716461999509,0.284124303847819,0.76794727364725,0.0155713178702611,unstable,2
3.58814582889999,8.12765664297399,7.73546052834699,8.31256605620399,3.59425427695991,-1.7099617959389,-0.860521938935388,-1.02377054208562,0.915029555110761,0.56661523733518,0.305078114179961,0.406361403708438,0.0413730254747942,unstable,2
2.84400114819175,4.3517220655726,7.32127624537217,4.62152813878991,3.88955091363927,-1.30963439992066,-0.990133601303154,-1.58978291241546,0.523083146657075,0.059911422283547,0.655074741633461,0.774364774964269,0.0279881888189776,unstable,2
0.731604397834814,4.56599247582526,2.45199292748625,7.14426774048116,4.0407598088211,-1.77132949024413,-1.28303862076313,-0.986391697813838,0.432310001645694,0.115285495018041,0.2319704904042,0.520222235695617,-0.0291230164833303,stable,2
0.869183947920031,6.52479839663057,7.31612188292624,2.52779920253536,4.21267849238761,-1.82045842588155,-0.581225769874349,-1.81099429663171,0.704639043001184,0.924270521761335,0.804800715793743,0.174420415189412,0.0273220696758816,unstable,2
1.1170722353486,4.85538521283465,6.16335117139773,4.09566877672966,3.55699534781898,-1.43860684471492,-1.3462401141264,-0.772148388977663,0.510750771602179,0.527105054951317,0.834877217637275,0.39748810829276,0.0268956272640076,unstable,2
1.04335867964395,2.60781208839604,9.82381936204873,5.99767232257412,4.11204176377467,-1.40811852626252,-0.971329433791048,-1.7325938037211,0.303806737286373,0.573985597100254,0.789324155726908,0.281416456858529,-0.0078333340707119,stable,2
3.77326828875467,9.66386573189331,9.8650919246722,5.08091241967239,4.47078442706375,-1.51197652066268,-1.11515941720938,-1.84364848919169,0.19234022658396,0.100384176359981,0.730091771260815,0.53990000883699,0.0181634677333179,unstable,2
1.84592366044588,3.84454685365247,0.753735810823867,4.80358004841332,3.48978262529984,-1.72002608320994,-0.793277622404846,-0.97647891968505,0.280484879991261,0.702815215332501,0.987127542967246,0.923553069501296,0.0129166692150449,unstable,2
6.0267248202262,1.54056180793433,0.522493033316906,5.06534501196528,2.95405341183697,-1.66641848407571,-0.538694821170717,-0.748940106590546,0.768205012698637,0.0528236180070823,0.833862933107145,0.564154655985771,-0.0167231535869976,stable,2
1.69318542727766,4.28299121989056,5.01271825704277,5.17149069179811,4.1815045914888,-1.47016489516491,-1.42628442808997,-1.28505526823392,0.558782192247211,0.628004400970858,0.517771346771343,0.0819125888852752,-0.0074018399977655,stable,2
3.71311521974776,2.2983442447938,5.92617588971029,4.20360349373197,3.41386010150613,-1.93707447728164,-0.858889314237225,-0.617896309987269,0.278497095831258,0.829542277430795,0.538400077611846,0.565700089527166,0.0243486911668274,unstable,2
2.13213947814693,5.25667262094363,5.91727715967315,4.77192421071396,2.81943208086281,-1.57343054185511,-0.537101029364159,-0.708900509643543,0.794916209486763,0.24005786487465,0.803159488521945,0.757788694184057,0.0521027224656121,unstable,2
3.87295908936467,5.15371069103529,9.43205580286251,7.90912407939046,3.53889928041415,-1.9774038558274,-0.922257227567479,-0.639238197019266,0.0512128807723313,0.744520300947684,0.712860019137794,0.299155887324626,0.036594508185638,unstable,2
1.45232310816894,7.76338790267864,5.92774564426471,4.90782611290176,3.72340576944773,-1.54333865925065,-1.41314400764304,-0.766923102554039,0.913557770533848,0.0764844191847602,0.0924008556764724,0.182537054282136,-0.0323218741235851,stable,2
3.00190787652204,5.13114827481974,2.42495836698277,3.42261111553221,3.10168495927001,-1.85772233726239,-0.737222162694135,-0.506740459313488,0.759323159004285,0.26156845754321,0.743764983366961,0.382901164872521,0.0138447202056871,unstable,2
2.61835957968337,1.29029682967559,9.06110002933164,6.22153389433557,3.16903649637509,-1.4799803680444,-0.78794760824996,-0.901108520080731,0.844997240980221,0.789384817739221,0.400666252027025,0.2217438056471,-0.0336490302466637,stable,2
1.15143498178235,7.08716846835804,2.67546535946199,3.71737078061171,4.0097898591497,-1.78500156955259,-1.57070495113841,-0.654083338458696,0.717166150155958,0.0848664165071468,0.760974742335218,0.731144061294718,-0.0190816364945852,stable,2
4.73682691179171,2.24646211765896,9.48833761600596,6.86839572099545,3.28665169655731,-1.90921837964838,-0.615342909265589,-0.762090407643339,0.270786543558475,0.63252100251926,0.984527514226623,0.911367532545342,0.0549724885205394,unstable,2
5.4241341553589,3.08465884686857,8.59880974706773,6.19465520646339,3.83376160384286,-1.46015704017456,-1.0736765768814,-1.2999279867869,0.824755512474979,0.155539812110054,0.89739994565848,0.829267716280861,0.076917913030781,unstable,2
4.55550363020222,1.19673432726539,6.02940337010244,1.08694722910891,4.11039022369904,-1.77283761906342,-0.505983542921755,-1.83156906171386,0.198002753998346,0.479901551375779,0.0637175211928727,0.182735984556525,-0.03717442362021,stable,2
3.81673374947245,3.98148221139559,3.5674233673016,4.52941767030755,3.39400292042824,-1.85807276943359,-0.609834389483486,-0.92609576151116,0.278802968981153,0.576769217654098,0.295529895454852,0.545795958618383,0.0122425317439302,unstable,2
3.05071422070215,8.07979902411554,0.86240443396559,4.66894455260119,3.90690774375193,-1.07454197098112,-1.14149567233578,-1.69087010043503,0.263852407867447,0.158324435378306,0.483875358478702,0.395478685061593,-0.0385139734137554,stable,2
4.16528396312115,5.34905471102647,6.16099474856446,1.87372745643334,3.33928122765105,-1.83969350817791,-0.881495031062432,-0.618092688410706,0.372142816179376,0.178353970809107,0.119306961421162,0.691669310109668,-0.0393297968509717,stable,2
4.45175257565222,2.31643559625745,5.80391402316133,6.79819984892029,4.07000988261195,-1.92907654701987,-0.69238488847434,-1.44854844711774,0.331310704201766,0.565443885083644,0.441175210519374,0.854389590164323,0.0382496557519465,unstable,2
7.87182311343009,6.12817948133091,6.75070493706901,7.62204742639891,3.75164304636802,-1.96345209322873,-0.615396503376064,-1.17279444976323,0.383491957870317,0.512999096280346,0.697642444177581,0.116832185879655,0.0418151400546392,unstable,2
1.63766140023983,1.1396651393518,9.61365269811678,4.94701004447176,3.46936206089929,-1.07476066049174,-0.826058530506957,-1.56854286990059,0.245759886195132,0.397116895766684,0.423308904312829,0.659239242054494,-0.0262990166105077,stable,2
0.697743839828845,2.13908666853628,9.28131606426071,3.47643281725795,4.17164647794147,-1.98362600229547,-1.51923841209622,-0.66878206354978,0.965229069147522,0.696224349986002,0.410542428458702,0.05472712184723,-0.0200930376310935,stable,2
3.7999224732529,8.26036056568235,9.99207304686388,8.09955976990024,3.43975011845021,-1.73204012172495,-0.906395246799698,-0.80131474992556,0.304935462715496,0.411023269096164,0.387039000192773,0.358264235460558,0.0208941539106566,unstable,2
2.81593724841785,1.87778538661627,1.30572890748332,0.573310666891141,4.16342077126455,-1.77303321369778,-0.75229804776056,-1.63808950980621,0.256440653174646,0.295529196405644,0.240919789294233,0.411671722306218,-0.0464176527885905,stable,2
2.75332860448548,8.4090622926977,9.53595484346752,0.659879762913857,3.21298043511015,-1.54320657400343,-0.983351981159719,-0.686421879946999,0.262924877327437,0.516357753564978,0.176910341407973,0.586622204946401,-0.0475999677515504,stable,2
3.07121685816587,3.59927308198707,5.31619960738134,7.19588292069189,3.36727345232213,-1.00349661782389,-1.08086376981668,-1.28291306468156,0.630551713830517,0.0814860357809754,0.351762832523331,0.306086381592694,-0.0229325757848144,stable,2
1.30706434942924,5.83779794706944,6.41575218933212,8.56778086327093,3.72853612651339,-1.97894777321249,-0.551507446739462,-1.19808090656144,0.145697915961075,0.370722068908589,0.529608928375469,0.118986769025348,-0.0146842573432762,stable,2
3.56682625519835,3.70104352083716,7.2592395901983,0.60600175681056,3.36346029559029,-1.20962797896344,-0.877729021429352,-1.2761032951975,0.705722901668631,0.180772101755125,0.857915680928375,0.181356092640079,0.0107503675934924,unstable,2
1.77112199514721,6.62118316028144,2.19149059297636,3.87204846216232,4.42408945506919,-1.96139232921873,-1.45683006966319,-1.00586705618727,0.914388574126201,0.256845579313639,0.938503036006956,0.766736408590866,0.0213739135037432,unstable,2
1.83915935545452,9.64490689703963,4.17997835082615,9.19950732139361,3.63320826695563,-1.64602534382676,-0.958814008601615,-1.02836891452725,0.395955225924288,0.611884460179138,0.474983825933966,0.737255432028396,0.0311580370600824,unstable,2
0.897412878580985,9.21921989887305,2.10221109422094,7.34506174963596,4.6088378570465,-1.94107763496635,-1.17999110162189,-1.48776912045826,0.373812977133285,0.686184974051263,0.806673339496313,0.9988130327263,0.0249075302029524,unstable,2
5.29475077702703,8.87639265542626,3.07570298776156,1.59468751953226,3.82762079353001,-1.98984503777892,-1.0785427918522,-0.759232963898894,0.604678380528853,0.671767347548136,0.934540499844444,0.511658790202207,0.0187340474154195,unstable,2
2.01448874329234,4.82351056276385,0.783931869992858,2.63181034976677,3.70430178894351,-1.88769991228107,-1.10221427361749,-0.714387603044952,0.238652086569484,0.32192895709481,0.932516855763246,0.518815573393701,-0.0279703585198559,stable,2
0.623488466494798,5.94038916698492,9.62051382261849,4.16110979230347,3.35084823114868,-1.52715939520351,-1.27511486817331,-0.548573967771861,0.201373149063071,0.609160294191088,0.408778673594596,0.631340208951178,0.0086204741664817,unstable,2
1.40236147430857,5.23046146863143,3.20844040372964,6.24580325650839,4.49915149357317,-1.89779715805916,-1.22403142559218,-1.37732290992183,0.19174259280168,0.0568718038384581,0.485068090458628,0.457569821429623,-0.0478024031924667,stable,2
2.36346512087095,9.94719361405303,9.98654680706903,3.57706389062135,3.94700524498324,-1.93679166772218,-0.892367582650087,-1.11784599461097,0.153199720786263,0.106078199868167,0.542113743658102,0.677361410916642,-0.0142542585197176,stable,2
3.56515857748418,2.72615941317778,7.81713539149046,9.02342166422817,3.46534431833695,-1.81163957048836,-0.849591933834506,-0.804112814014079,0.443786139058261,0.317588254711509,0.809250977250729,0.346508416083332,0.0242437221725276,unstable,2
6.97933487681401,2.95439680723969,5.38951227040866,8.09482261828358,3.85935956695826,-1.49882368930841,-0.934736393850227,-1.42579948379962,0.200347102039987,0.0652284602722502,0.455193804494811,0.388617736635734,-0.0080412306154055,stable,2
6.89992299092612,0.64650715607818,2.40859815335087,3.70441674022648,3.81056512835749,-1.37998708326158,-0.764741867797321,-1.66583617729859,0.0581727622794092,0.509516225361821,0.844343842560751,0.813448048761764,-0.0222556266346753,stable,2
2.37125485396311,1.479485320307,3.96581293092265,5.00282509175657,3.6672475213758,-1.42109666851072,-1.00304023056385,-1.24311062230123,0.79577853045571,0.574602772004859,0.118935677338662,0.910773143287952,0.0109462099484324,unstable,2
2.23978419126977,2.25340000202098,4.22853454995168,3.29377234284328,3.91326159531664,-1.39886444641151,-1.21814367110617,-1.29625347779896,0.271867966202863,0.0844697447737318,0.943994450945192,0.554815975059244,0.0062057490496621,unstable,2
2.28854632828705,6.4005643617706,8.1815100582502,9.49026550374634,3.88862941875891,-1.76701586579453,-1.02912189536741,-1.09249165759697,0.690761303887648,0.957434617074011,0.79843249899942,0.0540329209063633,0.0469251077288755,unstable,2
3.98351766716153,5.91878200097383,6.84149533478752,9.15645080883919,3.42317508691766,-1.85591121076045,-0.693394626592437,-0.87386924956477,0.89912116869758,0.306862557863472,0.706807717827666,0.162585981741177,0.0424933613004375,unstable,2
3.33496475031177,7.68243152342392,8.20064111016305,8.08485789619994,3.96503891699264,-1.67471760483371,-0.551077538141527,-1.7392437740174,0.0508240689896792,0.14121292563461,0.289477341708957,0.50539688812339,-0.0028251319701882,stable,2
1.2459694639293,6.18034301977996,2.55962331245511,4.76223338720216,3.72205032259194,-1.44310101469317,-0.818644097040314,-1.46030521085846,0.962264003822664,0.323073687932715,0.158731542363615,0.721960148588064,-0.0083685007086006,stable,2
1.31602006964741,0.879278099931462,5.77264013051067,0.985784796398494,3.8622693332388,-1.31903586614237,-0.567472230551078,-1.97576123654535,0.996787127235518,0.523351282089157,0.583926566168641,0.721563697968202,-0.0086856261279355,stable,2
3.00534601313212,8.84543979697294,6.5460705522907,4.79847227313457,3.70170208356571,-1.58353399599622,-1.45629850160268,-0.661869585966808,0.693172644974036,0.0755259571255616,0.335230421674933,0.466564964746009,-0.0086545584751482,stable,2
3.65167105974241,1.58306848944748,5.93410410432175,3.73282991967808,4.11239187773306,-1.64461269762527,-0.609482937013742,-1.85829624309405,0.473867808478705,0.585173921843813,0.80529395893242,0.653685580637554,0.0372428781590242,unstable,2
2.71464068314651,9.05738779571455,7.14867177583678,3.3777471002901,3.72190880543925,-1.7337504171836,-0.791073594956973,-1.19708479329868,0.284822817449376,0.318839663233332,0.963522184824225,0.308157223882893,0.0268608666926594,unstable,2
0.890179699611629,3.44022679444603,5.68719883910769,7.71624438550429,4.24216597680519,-1.33790026021287,-0.946351493522618,-1.9579142230697,0.292300232857121,0.13976675255281,0.992228278003766,0.376124588108463,0.0113937554651834,unstable,2
3.39538558977165,9.08842294520299,8.56833235986555,0.964926014015079,3.30845179049196,-1.24575522381535,-1.05814745177005,-1.00454911490656,0.763699841346629,0.159431668743482,0.297619395043286,0.642920615061501,-0.0187523974173745,stable,2
4.63914066451713,5.60153486102772,0.80108272575289,8.72699736857906,3.56891544807565,-1.32702698475784,-0.556054465557309,-1.6858339977605,0.241943854530584,0.0597297701420996,0.153963919206095,0.828766902803216,-0.0027022632786784,stable,2
3.47734961430562,3.87904432486374,1.00749635453884,3.80817504172849,3.13058816832506,-1.51060322784949,-0.867974231104983,-0.752010709370591,0.819672437459113,0.0674705424891587,0.352081295756942,0.704775729777083,-0.0045383693032486,stable,2
0.509123997739132,8.02516578821749,2.59138711622423,6.41072294700984,3.51208217617323,-1.27998504500043,-0.529047613619093,-1.70304951755371,0.709429696812475,0.808054207353266,0.955087240814107,0.487140152630134,-0.0004961509684983,stable,2
0.726278043068899,2.70998978478768,2.06448079754956,1.43387574767822,3.94095940676001,-1.75918635266455,-0.880262665193155,-1.30151038890231,0.570417143072672,0.642736829505375,0.726504947240212,0.396549646468635,-0.0370507195292045,stable,2
2.75387710618108,1.37724533994168,1.07116845398491,5.77245379602172,3.39904714042316,-1.40746999998488,-1.18534690824739,-0.806230232190888,0.168136046050484,0.886861714140557,0.314307951863097,0.881364850874406,-0.0322094406441397,stable,2
4.07024819438618,7.01951262615402,9.84868308850552,9.53698821154343,3.65444823735258,-1.51223182834516,-0.886224396411458,-1.25599201259596,0.0843130631023087,0.893780696642752,0.440128626517701,0.269752697066667,0.0387369545096686,unstable,2
7.07338327448735,6.11498821967205,5.08762210611971,7.90550783110857,2.95227887580137,-1.81126657225793,-0.534096814806794,-0.606915488736646,0.68228005661624,0.178332116554338,0.639248824857955,0.36148957279327,0.0450602216423394,unstable,2
3.09717831627835,2.51084975694566,0.55899783765577,9.07502414040093,3.99858440960418,-1.84284256876718,-0.828857434802165,-1.32688440603483,0.423898046406103,0.120139648499781,0.917781823658523,0.553163382502315,-0.0201347450741532,stable,2
3.17548386163502,6.01581353225769,9.32808724215635,4.23792807460564,3.66539247791738,-1.3355303435266,-0.560381220743293,-1.76948091364749,0.0522285023813718,0.0914996096067247,0.550747448358842,0.0559360759359493,-0.0271656595228105,stable,2
0.711071596716845,6.60247332930712,2.69874951989558,7.15866090801875,3.4751974211592,-1.52341826316378,-1.0410128004058,-0.910766357589618,0.883241882190193,0.503400247839219,0.148651244535145,0.74811530612948,-0.011648178064894,stable,2
2.14767387029224,7.61956755632377,0.527312867524952,7.54144800118449,3.40597683022977,-1.46623175019693,-1.26087387099348,-0.678871209039364,0.0993781126234878,0.638987534236332,0.626108875535099,0.718858159763465,0.0031426946686571,unstable,2
4.17595219683289,6.25076265975249,1.92582936518631,7.84777442912417,3.93456485170284,-1.75597499403472,-0.793170790717227,-1.38541906695089,0.623316415546736,0.385525679055083,0.143943973656857,0.163956663901126,-0.0172670377433809,stable,2
4.7506520531275,5.66256270456649,1.58626919364898,7.38864684663883,3.53826581037455,-1.28586816114563,-0.810286158185883,-1.44211149104304,0.660854488567038,0.157470105562358,0.313525177885577,0.361225722956449,-0.0110584320084178,stable,2
2.9730311398609,9.24020905029241,3.47050072679202,3.2674366799721,4.29882252628114,-1.86432534214733,-1.35741020993922,-1.07708697419459,0.355781540704602,0.241258579676112,0.339969824377617,0.187256164298436,-0.0416481035478143,stable,2
0.855840482834063,3.41502726904711,7.28455956588057,7.04297222933851,4.13250751518201,-1.67987150783412,-1.04348667748272,-1.40914932986517,0.906056013673807,0.18597062948783,0.391325714178049,0.532601570180649,-0.0245227331174727,stable,2
5.29989688520472,3.03777809220696,6.49133257308896,2.89581121727569,3.59955743754718,-1.98840532495049,-0.529354717587691,-1.081797395009,0.35248408476455,0.244270724995539,0.0546433114428015,0.168372081247558,-0.0487645698716768,stable,2
1.32352252524681,6.97233139979842,5.46976392803374,4.70947708172129,3.62154853141542,-1.37743485913597,-1.09591885161438,-1.14819482066507,0.526635531273347,0.382979846595678,0.761238051296292,0.816611354480113,0.042875889981766,unstable,2
2.35871860793299,7.6128780967459,4.24955102427339,4.88058690631861,4.11259016313746,-1.71598977279749,-1.34320200728754,-1.05339838305243,0.14545542627325,0.496049239750096,0.823991481622245,0.237920095162664,0.0131018027636135,unstable,2
0.633781416756311,3.6476916443822,1.40147762039145,6.5026310281661,3.9411551384842,-1.11402685851209,-1.27256721827155,-1.55456106170056,0.575190278639756,0.112735894191904,0.81834698527641,0.192090377947536,-0.0464942779039675,stable,2
5.8339522121762,5.33528645228023,2.16488541666121,5.52771594788448,3.35699110159637,-1.4996042371218,-1.04013646960598,-0.817250394868595,0.390800998271512,0.239686713939634,0.253252582542999,0.334141030462148,-0.0221629173094797,stable,2
3.06960156090102,7.09723751763026,6.36814094238043,8.63032453222541,3.26729555181437,-1.52258919930598,-0.683993304239702,-1.06071304826869,0.678101881394979,0.0546651099510363,0.253658579747176,0.860208452296187,0.0202728775685406,unstable,2
2.70133969926483,3.34008938866683,7.66451876478984,5.16073576675621,3.19630144232093,-1.59074047660254,-0.782922132148151,-0.822638833570236,0.241734757467232,0.999068832771007,0.518997946683229,0.206814775913287,0.0097833498449047,unstable,2
2.65809052549201,4.54010648212731,4.15165349231218,7.70280386890382,3.89103411776499,-1.92749810833285,-1.12786458148549,-0.835671427946654,0.350690383691489,0.384414926742765,0.707103112781934,0.74718807677618,0.0363881942621678,unstable,2
5.77158410822363,1.46525263683315,4.7125327699737,4.91268268136643,3.74581685015916,-1.72977526678023,-0.742073496462859,-1.27396808691607,0.871531974878751,0.259610937505791,0.907287288100091,0.266365837746523,0.0515984109851366,unstable,2
0.914535299392266,9.59599461174711,2.81031378316361,6.80202373372457,3.75301941751826,-1.70929745434878,-0.771551389000157,-1.27217057416932,0.797494687221228,0.366972576273232,0.498614538588264,0.399676483676778,-0.0285269647505898,stable,2
5.86024833525771,3.34700099856398,3.84533152479669,7.63784272832255,3.38649209536649,-1.67664241092927,-0.731158415361564,-0.978691269075661,0.83155921494212,0.218990227299725,0.877532307877102,0.222339241644336,0.0433912608668934,unstable,2
5.36574054610707,4.61019291574382,7.57116422904093,5.89256685306126,3.98641104068382,-1.55589887659603,-1.05258231373479,-1.377929850353,0.72231886882085,0.502943481854885,0.941827498796091,0.293031332818781,0.0710473009906682,unstable,2
0.535430882696342,9.32443256978699,4.67140643748775,5.30091316851953,3.04554793063011,-1.98246918228621,-0.504731259328825,-0.558347489015071,0.111109571036707,0.893419731590715,0.14899355938049,0.235642555946672,0.0089863261480072,unstable,2
4.02688375764047,7.25315233045722,8.51666263720094,8.79331236524688,3.97700570615925,-1.91579827248299,-1.26936193818669,-0.791845495489566,0.242882925026732,0.674183766178023,0.399462924154932,0.22247738062799,0.0280911652446217,unstable,2
1.02413804271849,3.33032209683391,2.16343868876774,2.52047847935385,3.7474776616193,-1.90691937161562,-0.52890496229938,-1.3116533277043,0.622876954135825,0.716682617468134,0.108034017007224,0.636335201497028,-0.0321024202081674,stable,2
3.06772815519384,8.51806022838542,9.99008970665581,9.97293118805493,3.54325899282382,-1.40024172935676,-0.554903421710839,-1.58811384175622,0.148211052280196,0.892840029535913,0.205939079236271,0.835989274155932,0.0561193592223762,unstable,2
1.53189583237085,2.22146045834445,0.545663660741202,7.45530397731152,3.82323469441894,-1.06271232714421,-0.827556573765806,-1.93296579350892,0.455236771043127,0.0703030702206574,0.426394981747644,0.794581679897656,-0.0330302701485011,stable,2
5.66382796402707,2.04002917396318,8.32741166032128,4.67863952576426,4.07561327880789,-1.57401297586187,-0.970040320353943,-1.53155998259208,0.778288793880675,0.307338319579139,0.620105463892079,0.795638586183839,0.0556969188013408,unstable,2
3.0129923875835,2.39960725262231,5.8910191839879,8.58541391238996,3.27405469567791,-1.57914357504102,-0.776165753379336,-0.918745367257553,0.830380562450485,0.725366248621058,0.486798261364348,0.135485659386572,0.0017609902303679,unstable,2
1.66874151711632,1.72490281782205,4.96031986604048,4.67158361192953,3.86566264883933,-1.76185494777547,-0.669880493506987,-1.43392720755687,0.224145489703168,0.122848173195699,0.496585702345759,0.617663157870955,-0.0187120384206075,stable,2
1.53762329092827,2.58087948182482,8.97932290235624,5.42663482640778,3.58256908831261,-1.61404661885034,-0.507229057017795,-1.46129341244448,0.32795408346726,0.230034926925098,0.501683715635332,0.441227794652228,-0.0216906748937173,stable,2
3.24697707784204,2.39351462504596,9.39560320037204,4.16420669446025,3.63956270695314,-1.59383735544063,-1.32287190924158,-0.722853442270926,0.483901365741166,0.348203471846632,0.502974158987683,0.188608699721243,-0.0239145546914136,stable,2
3.8917822489357,5.54185007563954,3.11794022508108,8.49689943265928,3.20166901834781,-1.28781227480375,-0.778306612012582,-1.13555013153148,0.112842386122799,0.779446677040068,0.714644627002175,0.462055963683522,0.0285179962376113,unstable,2
2.84541858329874,2.89187709172646,3.65105899484248,9.17402119338531,4.16209989551161,-1.91813745798107,-0.714961018569116,-1.52900141896142,0.298277417626439,0.336707653160634,0.730252303283599,0.365108424156541,-0.0277250681418228,stable,2
5.56720682024518,6.19416867635875,3.733002876295,2.61131295504083,3.788588250097,-1.46310388606769,-0.92592067209346,-1.39956369193585,0.539161193275192,0.274401373116465,0.526354558576903,0.999409449792932,0.0339422935665706,unstable,2
1.16604429485849,8.29955147361023,6.56039929445181,2.36243032838759,3.95518860654464,-1.39791563681486,-1.3845459118937,-1.17272705783608,0.212955159437516,0.59621746569722,0.906642412645126,0.109428550278842,0.0257665432111133,unstable,2
1.50124433094703,8.5341006448099,5.42008345907495,9.34190205824728,3.56871633532141,-1.74352547573298,-0.701282844008773,-1.12390801557966,0.614916009583219,0.658645990589116,0.918212595274412,0.994544531672701,0.0602668347642464,unstable,2
5.41251253020694,1.41724476996219,6.27893515782296,4.91859161794242,4.30891877118672,-1.95255441143553,-0.733236273001181,-1.62312808675001,0.190553340804068,0.919447757256242,0.097310241108496,0.124022520178572,-0.0496693586292545,stable,2
6.55305012520348,0.524683577706479,3.20023070229089,3.34681054180984,3.76112081524035,-1.53863613412016,-0.8167756690062,-1.40570901211399,0.880035247375928,0.236269896443208,0.57664932098747,0.212242841583807,0.0009451191907602,unstable,2
1.80930552864545,4.23637421370652,3.68441779242116,1.46275483808303,3.44425229171163,-1.25724498128123,-0.562419745134644,-1.62458756529576,0.0514293853641802,0.0628013846433419,0.796429243556708,0.568579869694256,-0.0504206463980787,stable,2
0.806756969078025,8.45596071305416,7.35587080874653,8.57281802992383,3.17096991952822,-0.978707243217039,-0.827876757921628,-1.36438591838955,0.46081046054984,0.262762357621019,0.30895962509783,0.0640549291131436,-0.0468969976600362,stable,2
2.65331245651613,2.91915202322392,7.12056950659674,1.20909217655672,3.5545862810426,-1.59154053510035,-0.591599732346146,-1.3714460135961,0.550582503204859,0.338002223624567,0.0864465024437662,0.595519850341968,-0.0507781287587393,stable,2
7.68605444753604,3.52510887946703,5.29475680636971,4.89779474586863,3.47025400556512,-1.66419889786553,-0.790550079525751,-1.01550502817384,0.0546838055587164,0.543506846127033,0.917969645966541,0.264976730802489,0.0251352990920285,unstable,2
0.879426362217613,4.78906636786248,7.23277823151723,2.6701494799379,4.21883011316731,-1.93770678207664,-0.538782171306852,-1.74234115978382,0.652023922138766,0.090816420588909,0.884502796088579,0.446944499552862,-0.0171561718323234,stable,2
3.8424994781754,1.31113137437603,2.27489054601929,7.4399300471002,3.48385304629927,-1.7654745944172,-0.751745647908689,-0.966632803973381,0.0751737194991182,0.456313793189133,0.431185986279531,0.755537062617637,-0.0317126724587582,stable,2
4.75826082617069,2.58013964255027,3.15343749483567,3.16582220839328,3.49763484231098,-1.76917613394973,-0.987616876549309,-0.740841831811937,0.0623087042633363,0.336442939752772,0.941921000262533,0.797577064794864,0.0215979842214704,unstable,2
0.85335761040207,6.96354166114585,2.22448827172173,2.97179005476813,4.12065678580772,-1.66333030796162,-1.31924557805061,-1.13808089979549,0.104235485299719,0.884557485996365,0.318862524432797,0.120964233157833,-0.0095501169174349,stable,2
3.39935151586501,5.08831871111714,3.99351388618004,8.43956852249508,3.77817892353345,-1.86346142562634,-0.677401550691004,-1.23731594721611,0.78100967128637,0.768020115882687,0.113576446936193,0.538776934725807,0.0359343989755356,unstable,2
1.70595000465702,4.31775859834204,2.22929834737186,4.69129476433863,3.47434400955427,-1.68661406792824,-1.08483149438598,-0.702898447240051,0.7056570802903,0.690106298658148,0.598212933803231,0.924755118578826,0.0537056814913232,unstable,2
0.982124931889458,9.34950580831734,3.10099971680199,2.24285906998438,3.83846612379852,-1.6112696089842,-0.946991706700984,-1.28020480811334,0.160380726672668,0.543028529432426,0.636416761744072,0.155063968204007,-0.0301211040520812,stable,2
0.601527516130055,0.677248536158854,3.46132243422066,3.61723217814855,4.30782600109273,-1.96970869987496,-1.49464596930932,-0.843471331908449,0.405362075485497,0.301292829250187,0.396280780074467,0.507401664994613,-0.0644903593388771,stable,2
1.42831837009724,1.55567531681327,2.23741005936271,0.657727165434509,3.60719572021914,-1.67510084864524,-0.574434466443327,-1.35766040513057,0.0856656204763881,0.135507464938352,0.749502976933379,0.830525056702419,-0.0236889953051658,stable,2
0.875215839001979,9.86064316473359,3.04819247321857,6.33643887317867,3.50655135613009,-0.995975294309086,-1.05523810016039,-1.45533796166061,0.707711879287354,0.219732959252963,0.132999298205058,0.352110470815453,-0.0453443569898651,stable,2
3.89069596044472,6.17970543559329,2.04345353081035,1.31752596022721,3.47260477556661,-1.27962368584967,-0.771481753823976,-1.42149933589296,0.532501927485897,0.89782840963259,0.887523650311135,0.315234304993272,0.0220084198325909,unstable,2
2.26315385190736,9.19891901199036,7.77287197860054,3.53681488954084,3.99215744422776,-1.81585430809049,-1.45412624643722,-0.722176889700047,0.747240003551983,0.22562077507879,0.739922874934255,0.0600302643054724,-0.0041540870038551,stable,2
6.05771079223363,4.13795415133242,4.9418079871188,6.77600775984823,3.46133727239855,-1.88688944943916,-0.626496236644941,-0.947951586314454,0.304833771265005,0.417538655974555,0.994412196081447,0.776332556277331,0.0722382786835508,unstable,2
3.78242631315417,0.92704993719199,4.41723360417098,2.07541635707682,4.13770070408309,-1.73565030459268,-0.84068848322361,-1.5613619162668,0.102691930204596,0.197074784409407,0.243279510846381,0.218321323638427,-0.0365554042184036,stable,2
1.76343610912967,9.6009914547462,8.51078515146269,8.91023414068666,3.14777738236226,-1.69613475558427,-0.872733103549096,-0.578909523228893,0.629721504420332,0.322625496490161,0.959047186540578,0.864756303963114,0.0547998914067138,unstable,2
4.14823757574157,3.41994288727333,7.28495071308288,8.07626899498057,4.24207397496235,-1.90480038961435,-1.11058702257799,-1.22668656277001,0.657897116186559,0.206179358031628,0.449859943871796,0.679643767921528,0.0380816474087478,unstable,2
3.91731258814242,5.66708756999845,2.50457588680544,8.88800380811321,3.50401546918117,-1.94475085383145,-0.530030454755679,-1.02923416059404,0.883503769402668,0.898087693119297,0.395695798755214,0.0607152081101609,0.0410765561869612,unstable,2
2.76388140055349,1.90325285587091,3.80843807103267,9.82002671592135,3.01942070689802,-1.13163866004602,-0.564574411280511,-1.32320763557149,0.274457849337229,0.717234344794739,0.493434434065906,0.261577991812866,-0.0430157888507154,stable,2
3.78944125890835,9.36407986563831,6.42028413292535,3.99991042769819,4.10754961850509,-1.63802799354013,-1.37452224553197,-1.09499937943299,0.649533313859713,0.500701336206867,0.515386704893693,0.858429740891317,0.049085474506942,unstable,2
4.44988691001406,5.22642073754645,4.29091216989359,2.19264443844677,4.33240168141608,-1.68496250647855,-0.77286965841729,-1.87456951652024,0.0660876256286679,0.447713529077836,0.47821221526914,0.683827884932553,-0.0140582721276907,stable,2
2.39328859319907,8.33379388955068,4.46715250724235,2.76197734825682,4.54291317586759,-1.94334590708786,-0.842963125730422,-1.75660414304931,0.907401443880282,0.515034841287398,0.790102172109387,0.281149489942599,0.0159831330918248,unstable,2
0.546197413867572,1.9553093703893,8.80720031626647,6.96477150549247,4.10439084520648,-1.95690010180245,-0.846982064744725,-1.3005086786593,0.20875338627439,0.205456019910044,0.181126615238495,0.519321237142745,-0.0272512997860262,stable,2
2.24164354246465,3.63825680274842,2.00767639447831,9.80047827384042,3.13676142159904,-1.39083022733381,-0.746253935664706,-0.999677258600527,0.439711985355923,0.592584249959855,0.30115993380651,0.121660909134408,-0.0323139400773922,stable,2
7.19260002227395,9.79386548525903,6.7414710858238,6.62145036161107,3.59110893576345,-1.67553924368663,-0.783365305905323,-1.1322043861715,0.135912052742698,0.410529253242195,0.489493567246788,0.624640220796544,0.0377345982210122,unstable,2
6.6599291501375,7.35101018979407,0.703373424506572,4.43400041351231,3.39536705846462,-1.48012220250431,-0.6097445661098,-1.30550028985051,0.996252777761228,0.482017353100076,0.683963976518059,0.408248102941563,0.0280084712857801,unstable,2
4.53031502336716,5.55758220230464,7.82152367185091,3.91873542663044,3.53403890296282,-1.58023489342609,-1.22322130827422,-0.730582701262506,0.152633663734773,0.155604672804242,0.242738575491911,0.56165206737675,-0.0327957637244721,stable,2
2.57901037900896,8.099824472414,6.64835563321052,5.61378528254374,3.17676318655475,-1.57703640125361,-0.577303877512331,-1.02242290778881,0.529388269702406,0.804295788418796,0.433312443603496,0.963755137295248,0.0672677296062024,unstable,2
1.21845904219549,9.14823782983346,6.0805718032558,9.70823308825913,3.72385247901804,-1.22006234029043,-0.872429278171039,-1.63136086055657,0.0595154865180817,0.431466069252329,0.981938521131937,0.842501436265226,0.0603762557668523,unstable,2
3.42530073823711,8.41333321025429,2.98703063329726,2.8669106931932,3.30387419115098,-1.34362153896764,-1.03020064891428,-0.93005200326906,0.617766791070274,0.792585064056165,0.264792362210755,0.349164134596061,0.0079298248708103,unstable,2
0.579414754413825,8.42821218341569,1.34616549814305,5.86236611188701,3.22192389945545,-1.63297980141276,-0.683689396829077,-0.905254701213609,0.339061669895434,0.802255857897478,0.156839501013693,0.268637453686679,-0.0139276234197183,stable,2
3.08040398919533,7.95536801692802,3.52929369896932,5.20633134906686,3.94286165122351,-1.91873493312461,-1.05795551167376,-0.966171206425142,0.0881637468332832,0.552308792905506,0.32701106354081,0.847766701390822,0.0271646432920611,unstable,2
2.4967816571512,7.96972411975466,3.54681849795228,6.02712105081105,3.26518563465335,-1.16772874381907,-0.843216368165985,-1.2542405226683,0.568965949671541,0.517582359040591,0.822866205924661,0.963819324046276,0.0610096646562165,unstable,2
4.41785219907513,5.57840155392382,7.95770376733978,6.13795969514253,3.52076517653104,-1.74952172478423,-0.938152026540961,-0.833091425205849,0.538006043183537,0.36174171540285,0.701565494123591,0.323072006390736,0.0430618493801952,unstable,2
3.4525487564656,6.1565844100617,9.65036384621328,4.5565824451201,4.17895493977591,-1.72331985796416,-1.43779752635177,-1.01783755545998,0.229387755724568,0.0956894019288477,0.87519778954414,0.533412512117241,0.0216629986669742,unstable,2
2.40120171959149,8.16905241529748,8.07955439367068,7.81785212895604,3.37217884240972,-1.47691995164799,-0.533206885221938,-1.36205200553979,0.285701284123621,0.545614230371735,0.426547172941376,0.987054582612532,0.0573915057886566,unstable,2
3.74401727477285,7.55792441016155,0.755573994727968,2.31891958401983,4.29243683498795,-1.60550378356815,-0.993435906832759,-1.69349714458704,0.545914690610272,0.335814159618216,0.0679152814067749,0.380141331277896,-0.0387444999903157,stable,2
4.30182450429274,8.68165805618995,7.78882017904758,3.60290366380248,3.95631390691842,-1.49042140622003,-1.16792084377452,-1.29797165692387,0.488225916654429,0.539314343471078,0.474545827274873,0.543790373991687,0.0342643746884772,unstable,2
4.51888059394399,1.28108898219715,4.23069877774075,8.51739091994384,3.93937696060786,-1.72239423819499,-1.19079782406428,-1.02618489834859,0.610276293818152,0.229741693272765,0.105378232953617,0.526115007289986,-0.0130049721840197,stable,2
6.55927615701965,4.2972157779052,1.69893936669283,8.70743257676215,3.53433534055243,-1.82084507432561,-0.695124198473932,-1.01836606775289,0.320616843955271,0.447801419315492,0.186721174592705,0.731855230984991,0.0168775173624918,unstable,2
0.816127620669035,9.18330838001826,8.41398521982834,7.79620894684513,4.6293707146094,-1.88855143146607,-0.834544685328973,-1.90627459781436,0.799583130923758,0.351825278680372,0.193828745008881,0.3565323097034,-0.0335724515180913,stable,2
2.93406454921348,3.48562260391352,7.28857063214495,8.76561467345235,3.00650284409223,-1.44839215893747,-0.591903370528854,-0.966207314625906,0.561635941962989,0.80900147423178,0.31663625339234,0.586896295348153,0.0215025499972183,unstable,2
1.26368201856359,9.58046418281145,5.65003905635426,9.20900099177964,3.79315390243552,-1.6400051856438,-0.679408506763598,-1.47374021002812,0.486580425899867,0.278026995338026,0.204824965070271,0.159776141959388,-0.028583472599482,stable,2
0.525691629012628,4.04535241915755,4.72683577612654,2.69038529389485,4.31502767317079,-1.96647399206685,-1.56744075245989,-0.781112928644055,0.668410335262453,0.73707725527835,0.812395005999196,0.817700376525174,0.0384681946557158,unstable,2
1.91059744748295,4.31929671419817,2.47215626840902,8.50804994890838,3.92976916744925,-1.82490164173401,-0.769205785070907,-1.33566174064433,0.416410400819605,0.978341840824195,0.0509213534187677,0.483337499936747,-0.0005327603745598,stable,2
3.02853748471203,9.99426343668363,1.05771598536267,5.0908363757344,3.14121112238543,-1.22400199036862,-0.557151745323185,-1.36005738669363,0.182873240255149,0.39375788261089,0.678463213097695,0.673634593344184,-0.0400819625914333,stable,2
2.40192547713098,7.07367367699516,5.20471784337807,0.634572362495482,3.48897276682091,-1.76065604408996,-1.03390296704846,-0.694413755682495,0.221394491479355,0.66902407789738,0.533404437521601,0.928062195841778,-0.0178463778912591,stable,2
2.72527705156122,1.16614888035946,2.11846286760406,5.06879846198107,4.22161769474145,-1.8082202078386,-0.682991999054328,-1.73040548784852,0.478894103132674,0.937752725736039,0.924895831185515,0.59183167805571,0.0052172253566438,unstable,2
2.24125251055982,4.58787428680155,6.78982452563159,0.790292136825633,4.14374395785407,-1.64478621755908,-0.519381555166992,-1.979576185128,0.351853558356933,0.396901052473499,0.475544988099616,0.418808274750317,-0.0213154362472391,stable,2
2.62754980038763,2.16269903657803,0.970056694688427,6.40735428859375,4.16869896092824,-1.97161058791602,-1.26645896859044,-0.930629404421779,0.861966312214822,0.57270288522232,0.639507965290715,0.670359976541886,-0.0146364898404982,stable,2
1.91238759185545,1.82231497166778,4.66927272974343,1.99299767082967,3.47671341686994,-1.95290648743691,-0.720912094057235,-0.802894835375797,0.497838390930686,0.493132874768513,0.710128415650388,0.185520328685822,-0.0201932245682686,stable,2
2.78570759508001,6.64261175467853,5.90605132190587,2.92432489784325,3.53563152330987,-1.67019944256361,-0.60867401090106,-1.2567580698452,0.182106643684921,0.705722282702599,0.349207060123684,0.0998203889660398,-0.0006533768165451,stable,2
3.46680920071484,7.57717973536648,6.37084510069855,9.66197810588196,3.74227072888088,-1.69652883254429,-0.882654785306961,-1.16308711102963,0.718270603513373,0.0529805608813686,0.37052777066892,0.350611799861876,-0.0070567274759233,stable,2
0.51230259054018,4.14083742915462,2.15727623601559,6.28651002496288,2.79172719645342,-1.76585346923847,-0.503114847702521,-0.522758879512432,0.460969921259751,0.806410937713139,0.42052550446168,0.692644073518349,0.0048597380136752,unstable,2
2.84648128118664,8.69800155321475,2.64072709671941,3.17573365434353,3.85084498574707,-1.69575785844198,-1.0031956035288,-1.15189152377629,0.80566629024919,0.262912905608406,0.102954113353968,0.56102531553157,-0.0404162793633296,stable,2
1.34437014970569,3.57855200976088,8.30367727910465,7.11608872409896,3.3479776667701,-1.41975545125372,-0.718404754087306,-1.20981746142907,0.152837742031695,0.0694628139808588,0.212928425598171,0.797763583965462,-0.0044258759165897,stable,2
1.63561919850415,8.52867002735194,1.1903778619037,3.53494325287254,2.9245921504442,-1.5099785274824,-0.829262923825264,-0.585350699136534,0.221037962684636,0.433573528856117,0.328067445563719,0.201244182645797,-0.0449768103903181,stable,2
2.427245003802,4.19168391790971,3.06596120676553,3.76428612579827,4.64631749772961,-1.91447451248737,-0.736668006813643,-1.9951749784286,0.693025634066633,0.115232635718057,0.478909442315118,0.151737874781204,-0.0219335530351808,stable,2
3.28098653214797,9.43241895240097,9.12221438220994,5.47360119000954,3.87086765636386,-1.61158028557586,-1.16934185589717,-1.08994551489083,0.798051214198245,0.821746082021239,0.510034242875559,0.372044308880605,0.0469553443008147,unstable,2
2.22910106788253,6.93694895783688,0.955466891548317,4.40126077474593,3.9075285928353,-1.56038853314329,-0.92657822355883,-1.42056183613318,0.242503278501951,0.629830730559349,0.78195898553744,0.42243813226106,-0.0190240098784368,stable,2
1.09028211829116,4.69792122159535,5.85737889402744,5.89658943785258,4.05956672856003,-1.75135895323942,-0.70295499548692,-1.60525277983369,0.980230217974717,0.532096481939263,0.514437171691349,0.19151085385802,-0.0160286971739431,stable,2
1.96135937229148,7.46571604133246,4.93588488578522,9.75809346886833,3.61647531576312,-1.62427023144233,-0.775045381379558,-1.21715970294123,0.489107243409016,0.866782118487087,0.766689323765793,0.137104519482683,0.0343651147380311,unstable,2
3.36141649580263,1.50461910413898,1.95833748249398,6.77891684376335,4.15330433629852,-1.43297323917769,-0.9258350219063,-1.79449607521453,0.0899163178866869,0.169240750884082,0.150887831967855,0.654453705945687,-0.0208060360399541,stable,2
3.28999651223279,7.82631596789071,5.14695430322705,2.5336230468119,3.94657899078308,-1.78866145553086,-1.64205530085549,-0.515862234396732,0.462313688086859,0.0765151681427285,0.932285070575268,0.796472935675714,0.0303372345728843,unstable,2
1.14396297783558,8.54033280778121,1.4209392174691,3.14586680933097,3.40956785781876,-1.54954771145943,-0.593848224547761,-1.26617192181157,0.0526507853591163,0.772707199132185,0.45495398997635,0.825054835489098,-0.015827415839692,stable,2
4.39193505201956,3.05600778989582,1.15156722947075,3.74470896702674,3.76971946428605,-1.93733656262062,-0.882885012214142,-0.949497889451287,0.475896890388746,0.876564476545835,0.129286361780372,0.506103777192634,0.0123845564216252,unstable,2
0.525102061576187,0.960550408716395,5.50837426069954,8.97652266162456,3.11063820717735,-1.93278354311496,-0.595420158947841,-0.582434505114553,0.173660228632189,0.603403207746791,0.584510087716136,0.453317397367839,-0.0375963531545627,stable,2
3.44480172275822,3.30941291266939,0.64138119983637,5.54147941597206,4.07156626957886,-1.24170196795224,-1.14570012144408,-1.68416418018254,0.173444951665102,0.253311938222041,0.482228760251116,0.944653797195122,-0.0170344895912565,stable,2
1.71491525240528,9.46647523740418,9.99100379527422,6.49747848602759,4.04252016347368,-1.97429851654592,-0.51748698239557,-1.55073466453219,0.996553368866634,0.522677240464807,0.273015241189005,0.0743889330398105,-0.0286249377149921,stable,2
2.38020912880842,9.5594018440978,4.03268777183186,7.30174391446834,4.04265504719929,-1.39188437280128,-1.32123107832127,-1.32953959607674,0.455798249781601,0.254337871163147,0.381254792562628,0.0793784286421922,-0.0331068071590821,stable,2
2.22779835759843,3.6728871642655,1.45209675500283,0.927714934793592,3.82651659181615,-1.21997096423358,-0.737353322364634,-1.86919230521794,0.282497653823025,0.353296005388907,0.726400386255467,0.585355729462891,-0.0380876631624071,stable,2
0.8210775221352,5.42019424608821,9.43479898736477,2.4849033976494,3.04288366533802,-1.46949261547191,-0.935002218373527,-0.638388831492583,0.702304492213962,0.116806477179137,0.570495464862353,0.578609919129304,-0.02272667279614,stable,2
2.26207828535375,8.92389954922332,1.21988032465262,9.63481492857415,3.58404734121775,-1.42315197535539,-1.38037273638031,-0.780522629482055,0.247172310313726,0.879767262305329,0.0936714325460978,0.416764417139239,0.0210512758874872,unstable,2
3.1051505471003,2.32983220593298,3.75524936095735,3.10366260174441,3.13911143006684,-1.68782208689954,-0.607403640036646,-0.843885703130649,0.55814891338421,0.115814469789688,0.237496165672041,0.788493674241663,-0.016423850719154,stable,2
3.5665254932505,8.67369349174964,2.32440940451543,0.681020978089562,3.38560255126523,-1.80321686992103,-0.851433645099984,-0.730952036244213,0.96734997792785,0.835040452480981,0.4639070617941,0.210208176101693,0.0040395109797818,unstable,2
2.15452011957713,8.78143012638485,7.51485246564207,7.8442773374989,3.89441345095587,-1.83889433827063,-1.20342590038774,-0.852093212297501,0.0589287629723118,0.735227684617405,0.473288221036027,0.546870896386895,0.0478982983444712,unstable,2
8.96633654382577,9.38369946681865,0.634768946207699,6.52740269986398,4.02285146966184,-1.77659783677934,-0.780194609482365,-1.46605902340014,0.167651800064272,0.210657454966963,0.845621513141558,0.718452660534278,-0.0234565148323047,stable,2
4.27622845906839,8.48230923786138,3.62357070007353,0.538584425322665,3.23771497483944,-1.47237567746289,-0.841816287398187,-0.923523009978363,0.784097507247592,0.979807529342954,0.537525900764277,0.223894082739707,0.0347268409512752,unstable,2
5.26446081636028,1.65612725362777,2.28351296483051,3.71061024831164,3.99872258814264,-1.58981707937894,-0.716651169229241,-1.69225433953446,0.187692461242992,0.653575490746386,0.941985786253593,0.387957668151177,-0.0193063446661746,stable,2
4.49909212686018,9.99060631804166,5.12504300141663,1.37658337423187,4.05342141567006,-1.85000315763919,-0.837726402809075,-1.3656918552218,0.399515423235353,0.432421263027189,0.699554709977224,0.355279681970826,-0.0010704101861304,stable,2
1.26125724901109,4.79274390440475,1.51833647443056,4.05517998029918,4.36888678880084,-1.9806083781731,-1.39216611649331,-0.996112294134428,0.104044686143746,0.0544064733845287,0.669895413268934,0.250518815269769,-0.0466292763395242,stable,2
5.59638245632263,6.86047951340973,2.9687574876836,4.50631089106144,3.20734361571313,-1.63425696845587,-0.528460441062809,-1.04462620619445,0.973804558487786,0.150412974092896,0.783237441981084,0.985416675142605,0.0800690337852217,unstable,2
2.03961049796795,9.33054440865669,2.51614302340067,1.75463668623895,3.6201456876239,-1.27283901447185,-1.24659338037153,-1.10071329278052,0.202697620524043,0.622291503410941,0.525988548836865,0.965405205134762,-0.0156652069629118,stable,2
0.625803662462242,7.18613334167374,7.60752001412611,2.25468317847643,3.80281188692398,-1.88726053569105,-0.553328795480716,-1.36222255575221,0.665380660964511,0.853409130093291,0.398084925928692,0.240152463417253,-0.0063296906954187,stable,2
3.28817524440854,5.84920200294451,9.55588173209808,8.7939133587698,3.43654383751437,-1.42841841749296,-0.704055238359154,-1.30407018166226,0.242601232597531,0.0954498809579329,0.438682800058903,0.561531624814798,0.0132200393536385,unstable,2
3.10831099583971,8.01901573131877,8.1741721283313,7.64746893149005,3.62328618129724,-1.17191529293264,-1.18782225049883,-1.26354863786577,0.366844581023623,0.622183108569926,0.211639414781281,0.599335096020364,0.0353612397285518,unstable,2
3.63572992205149,6.17822508763281,6.58479858786206,1.11442575086789,3.90302983487402,-1.51686990462857,-0.550345178508933,-1.83581475173652,0.983631707632603,0.0801067830491264,0.120854473843259,0.333866047254833,-0.0161954014919649,stable,2
5.14003420015087,6.94345236222883,3.64955524099794,3.52748735528139,3.31221913607911,-1.70846939336463,-0.850056233625277,-0.753693509089202,0.520336739742599,0.954623972747441,0.663749189943449,0.241332808310434,0.0572080351393311,unstable,2
1.11845702220087,1.17482102526749,5.89791222215472,4.73549624163723,4.23832521355807,-1.96111455419796,-0.723918899399333,-1.55329175996078,0.848968326419342,0.793627076883634,0.814334928818186,0.299793161453931,-0.0147669299798252,stable,2
1.7109909896584,6.85683572980718,3.48998086383835,1.51512047182551,3.71591690988556,-1.32754476238221,-0.933827071819734,-1.45454507568362,0.325040541076787,0.509286658495876,0.323008129276152,0.356034620168163,-0.0310773531804259,stable,2
3.87212747928981,3.68869668453024,9.53106036571733,3.86978478152535,3.64131055083579,-1.69590295437735,-1.20152307580123,-0.743884520657209,0.301298138168467,0.664105923093306,0.680362940001471,0.111721145520114,0.0036548225778731,unstable,2
3.60085963176561,0.841992876762815,8.23292608351709,9.72304389377402,4.19464538501368,-1.96662825356434,-0.965837773374887,-1.26217935807445,0.366541240353222,0.546374824341959,0.975715483487763,0.337410799560124,0.012466826697719,unstable,2
1.20720844716892,3.17453326402827,9.69631819039459,2.52281435759633,3.95680122439968,-1.31656616591018,-1.43831684741103,-1.20191821107847,0.120309598726486,0.656988394062977,0.22452066248527,0.360034404564239,-0.0386825193285766,stable,2
3.66668009143845,3.76834888432982,4.98826816761433,7.83032782929743,3.80408932480084,-1.7603538877971,-0.629250138328725,-1.41448529867501,0.126622979165991,0.229716484354442,0.563182073953971,0.128121621682014,-0.0400747884257879,stable,2
2.21977718527173,3.18671043320337,1.84646532540236,4.0458018833493,3.94718184755092,-1.49685405771346,-1.42311870849467,-1.02720908134279,0.321134640697945,0.798415437865472,0.737386219082045,0.158217732311257,-0.0193222735218727,stable,2
6.30959236371285,5.41926064026019,7.19213018137682,5.03370523549343,4.02579692479743,-1.87402553344172,-0.943125056253129,-1.20864633510258,0.583039034929021,0.514386807597264,0.811245940213762,0.326060879719586,0.0651255415161316,unstable,2
1.10860789869308,6.96607982061554,7.61846342763546,7.25735563211645,2.87370209072874,-1.39356039793057,-0.542544235546817,-0.937597457251349,0.410089663406984,0.807579891697358,0.931715636791679,0.65185860371148,0.0672961698791831,unstable,2
2.03123320146865,7.87032881719865,5.69631640616115,4.6028279730777,3.73236018448794,-1.72475969971465,-0.789976351715904,-1.21762413305739,0.188316037682866,0.393268175730589,0.471990546366656,0.219219282752555,-0.0109270217246054,stable,2
0.888307207536686,9.34430613081965,5.37673586372259,6.1079722722351,3.9853504259861,-1.49371462452426,-1.51761398217755,-0.974021819284291,0.279677296271713,0.322107792571887,0.118341613837867,0.587326547906699,-0.0194739879852831,stable,2
0.922309549864405,5.5751081677724,3.60802491028401,6.15872650474061,3.10315336489272,-1.14098528488881,-0.682589827627828,-1.27957825237608,0.643835368110476,0.526048027381881,0.869533001362901,0.452752549008672,0.0182409708072498,unstable,2
5.84564795610047,4.0304392339448,5.5428720435426,3.19949620795191,3.542543455023,-1.75469516220386,-0.697814929840353,-1.09003336297879,0.4720194582844,0.843885160442594,0.308271435167594,0.186294069792706,0.0252672096048333,unstable,2
3.69491273153459,6.43007712411949,0.910537726398918,4.12332382337564,4.03814061248136,-1.54699775631987,-1.23105535080353,-1.26008750535796,0.603127701907208,0.368903363446197,0.317681348161147,0.376372257184123,-0.0206282364422493,stable,2
4.61166450322553,9.13273693941565,5.58272981823907,2.07067284057935,3.71210668469005,-1.39716195193881,-1.15564212791855,-1.15930260483269,0.579316437145586,0.434095220592749,0.910412483153621,0.897706000918127,0.04273164033208,unstable,2
2.19780667347524,8.35269861287088,5.56380045250561,8.17117090640168,3.11535259719601,-1.20559367679653,-0.568156988606253,-1.34160193179323,0.681788009458568,0.417795293805936,0.150977949862145,0.980619127163303,0.0323019183299245,unstable,2
1.74454833077838,5.87258973597006,8.71562863217799,3.43538468763977,4.47100231112544,-1.86900325564729,-1.16437792278777,-1.43762113269038,0.333446372260946,0.647996989144188,0.757931709759088,0.355206171217577,0.0253659304692226,unstable,2
1.27753962435148,6.36679561494014,6.37823227653636,2.49995292327616,4.00098172484507,-1.68910562025082,-0.588563474828971,-1.72331262976528,0.801459933443121,0.462852247496728,0.271178617857606,0.630771740886482,-0.0171349351273014,stable,2
2.4254839343529,4.44874584993587,1.37774398553259,1.48528427233519,3.77348769795156,-1.37914046581044,-0.530195092497696,-1.86415213964342,0.293675800019428,0.396515545665527,0.917336819406961,0.262302642160109,-0.0323212587153161,stable,2
0.581340643037506,9.12681250846786,1.32617529653166,4.30254215730583,4.01419573088652,-1.48081566929978,-0.650260634440684,-1.88311942714606,0.0594262077062565,0.777612845796208,0.984332662078368,0.269379933389307,-0.0151269531786889,stable,2
3.8560968078294,9.40894598186709,3.14067984748724,9.29037674531875,3.34394125553337,-1.62956946518755,-0.669046037756675,-1.04532575258915,0.585056607408281,0.396223821314637,0.608246202338786,0.534941900595514,0.0182463288818398,unstable,2
3.315544525749,2.27819394041552,3.94809249009937,6.35093297757123,2.90405416965092,-1.57318303298162,-0.579446781784529,-0.751424354884774,0.260947472663127,0.597836374561638,0.845438915419711,0.767143919772778,0.0429508029978128,unstable,2
2.60696576378167,6.25614783143792,9.9683143445521,5.52474514420773,3.39398633451511,-1.91546466856918,-0.809318105370738,-0.669203560575191,0.177494562546457,0.895160034870806,0.902697214760769,0.865390056605051,0.0729363558718949,unstable,2
1.00702769788777,7.10433722915944,6.10995127171612,5.43904124974083,3.66474795473674,-1.47481101307462,-1.38957085610665,-0.800366085555474,0.0619920200696075,0.404793397696121,0.688172991422869,0.167869243631216,0.0072253816606746,unstable,2
7.07116374833039,7.05227321076505,6.00495025272247,2.18046126658914,3.6959242249498,-1.75789122653158,-0.673027116316697,-1.26500588210152,0.401822412508484,0.572543987832104,0.839076439696673,0.347514770936857,0.0484706302793065,unstable,2
2.87261977408563,2.74969478259375,7.48612452168211,8.35588823724639,3.67075095529501,-1.95774877216017,-0.559761481309671,-1.15324070182517,0.0568491901126923,0.328500635546446,0.98928531379685,0.822211691939544,0.0525789436619182,unstable,2
2.89518014523179,4.75067531065007,4.94757597119296,8.62760701948308,3.84492938468875,-1.74223974430115,-1.25661540801349,-0.846074232374108,0.320408692358163,0.896910399615687,0.919770549255655,0.07745579750453,0.0500589599727487,unstable,2
1.29196380325258,4.30991333887494,9.42475617666417,8.88486643622646,3.48307070118565,-1.3344170834129,-1.06111989832281,-1.08753371944994,0.483683828122378,0.370712313625424,0.828436412678334,0.724061376623604,0.034745632788814,unstable,2
2.91061690819826,9.68519252865522,1.79918013024448,6.7138407827966,3.20773540317739,-1.44664516879028,-1.22044901384196,-0.540641220545152,0.549685373642422,0.571005352561894,0.61808288558655,0.380375528132737,-0.0134443080087891,stable,2
4.71163769013475,7.79852589570399,5.78825192879173,6.99900582100347,3.78785281452425,-1.64232061208081,-0.898521833452512,-1.24701036899093,0.507587458264728,0.33852636669811,0.226203231288615,0.959659427951182,0.0532380227354547,unstable,2
1.5181844326739,3.82319473870961,5.75648114716441,4.96398537419788,4.16437419294248,-1.47287460084698,-1.31560199331596,-1.37589759877954,0.790063931567232,0.473158133941713,0.899291413392022,0.209706739866968,0.0202888373768865,unstable,2
1.48774790149321,0.938687831467553,1.5545967209748,4.01274636664352,3.52238532362326,-1.07243923952958,-0.898739824522298,-1.55120625957138,0.132009250851843,0.693295028976832,0.795555599966514,0.838443888901034,-0.0375481139424319,stable,2
3.47868452299025,4.89276430059278,6.49961346120454,9.91205530751069,3.56785344070449,-1.91419523972619,-0.528120963383559,-1.12553723759474,0.410151967279795,0.733797658909442,0.780629597970629,0.319162026979438,0.0473479809174694,unstable,2
3.55382140911149,7.40923765382181,1.47181324171228,0.692904634343798,3.58629195518489,-1.43872390331606,-0.991528400543483,-1.15603965132535,0.589134941831497,0.598030445094748,0.495771986166744,0.0535961630719574,-0.0280474568546857,stable,2
5.56280484731368,6.48754498282797,5.78387839192267,9.60297876664299,3.63530499420175,-1.94849494909645,-0.506886690907157,-1.17992335419814,0.168576036012595,0.866843774094647,0.841694889714716,0.493653487423027,0.0668111775165924,unstable,2
2.05828486834054,2.55884607272423,5.63815878546153,4.78936419432779,4.03973290153791,-1.56989718829412,-0.683146619528718,-1.78668909371507,0.519767974461471,0.973636238500944,0.204133574422157,0.576364014806487,0.0119958614104687,unstable,2
1.23939945441009,1.2942206600796,0.8891070046357,8.34090385476738,4.07541336315191,-1.8790650148684,-0.754998577569972,-1.44134977071354,0.349577512129907,0.265515967661609,0.680030471235475,0.807281576367193,-0.0369970340309436,stable,2
4.24787785108921,3.27180371560501,3.83401719051497,8.25215971385118,3.11189727343996,-1.7907273987601,-0.526951694573776,-0.79421818010608,0.271424476260111,0.334727298213934,0.356882040768825,0.0850138607169862,-0.0530023992379244,stable,2
2.56469059042603,9.24366934674114,2.02909258354889,0.675187176617771,3.83856443213039,-1.92925629720754,-1.04396661112333,-0.865341523799521,0.131870154829685,0.651967064697307,0.357848194059492,0.963175679274411,-0.0254015662427498,stable,2
5.67888408447178,1.59056396137119,9.09749899549,4.90816741554656,4.26550717052584,-1.83316402329383,-0.744434300474718,-1.68790884675729,0.447649280349199,0.498444155621519,0.654127238860896,0.871264818473915,0.0348018128114112,unstable,2
2.32922312947336,2.86374422252118,0.963971817316429,2.50263517798928,4.19882020353555,-1.61207149992503,-1.40946576339361,-1.17728294021691,0.109970390112926,0.594365419905101,0.100768229343416,0.854241280389511,-0.0190080102375475,stable,2
2.99886713128885,9.35317882763117,3.7893138452361,9.94299138800062,3.8661410690692,-1.16456301520832,-1.16855539841601,-1.53302265544487,0.170078074751438,0.196184735704543,0.768585923800298,0.12075589967537,-0.0420317331916963,stable,2
6.72316179165477,6.68140290501497,9.71076189584146,4.47971416426148,4.05918631244944,-1.5945062002572,-0.706432005525182,-1.75824810666706,0.261153939884028,0.415037662902905,0.876010696047185,0.59436514939398,0.0499800471193289,unstable,2
5.73911120759431,1.08466769263644,6.21596210715369,5.47065869193125,3.8621337426073,-1.36604070692176,-1.10185895855809,-1.39423407712745,0.336681259334165,0.214319203065162,0.948505317009502,0.158384446007354,0.0166150305262062,unstable,2
2.83803620006406,4.9804500930517,8.18236520186665,5.27497597783155,3.63681957797793,-1.60228378387686,-0.523969745737035,-1.51056604836404,0.0747938010895217,0.523468123161697,0.687427124865378,0.333769897188419,0.0235848848974083,unstable,2
3.94687436696943,6.06919630451789,4.24026982840552,6.9776132382864,4.0917823233733,-1.66459662449304,-1.03566998066417,-1.39151571821609,0.595385344407408,0.31116112360613,0.423497064502808,0.0738387793785788,-0.0071414357938118,stable,2
2.85675157033901,4.71894870000988,8.02733639191608,1.56887194708401,3.42367878760864,-1.23516280036203,-0.66158653957831,-1.5269294476683,0.175448422356449,0.475910048976012,0.981031849961807,0.76494891466569,0.0130938774152073,unstable,2
7.33475448043831,9.2973784227457,6.54709817773987,9.32044297866793,4.00501529004778,-1.68637168860347,-0.995838087625778,-1.32280551381853,0.447377481763521,0.263456730453231,0.859418545352302,0.485002176654059,0.0575840370181,unstable,2
6.31716369444786,1.334746667527,3.77375653040672,5.87564266354724,4.20634783467346,-1.5548039436429,-0.986016483739158,-1.6655274072914,0.524904891903399,0.216964442874105,0.198647075779606,0.125698598158177,-0.0455465143087148,stable,2
0.704366159655643,6.79720659624599,3.97026192988839,2.56211739096695,4.20261284031484,-1.31578210514419,-1.36795054858783,-1.51888018658282,0.146307038736549,0.213721495221556,0.933475456385191,0.496764174918568,-0.0154112974479187,stable,2
2.39911322375513,5.74342687468558,7.59181175564381,1.80077507229137,3.13151068477971,-1.44861583431866,-0.84413304786227,-0.838761802598776,0.927548784196354,0.829752979471979,0.568708212603136,0.141330027599729,0.0297427540018248,unstable,2
5.98327163271889,6.51057211837424,7.64778749047528,8.06797574923018,4.18174465005045,-1.95839326410411,-0.839034047216223,-1.38431733873012,0.482441787724011,0.519392603890715,0.631467388639261,0.687248633532944,0.0706779946299801,unstable,2
3.07231067195545,2.46065960234619,6.70525661900828,9.23792492918456,4.13532853835308,-1.53982944938093,-0.633199157106387,-1.96229993186576,0.788473849826894,0.292663643462614,0.488654334747945,0.438879127641893,0.0045148155951723,unstable,2
4.29568305629167,7.97250705285774,3.90911875039072,4.22828090979593,4.3732142878904,-1.76108979991443,-0.916775731772033,-1.69534875620394,0.570824495084732,0.586804739651536,0.159550643548681,0.395575000406771,0.0172113127093166,unstable,2
1.35257860904039,3.02416656393352,9.84072979898774,8.02210492547143,3.14615509241883,-1.61716710998922,-0.969328127595258,-0.559659854834352,0.44842526076235,0.243764393630648,0.773698234688764,0.498244986762911,0.0119793840412144,unstable,2
1.89578951691291,7.72790950287085,5.61660305686131,3.35388657650603,3.39267439359392,-1.75519339824539,-0.945501339186903,-0.691979656161624,0.190328450678481,0.552001066594814,0.0943432460437645,0.263430285427986,-0.0344592857102333,stable,2
1.56126240857055,3.95630069470009,6.6536060178422,7.16196436894159,4.28577640005617,-1.68886594833009,-1.00480707281246,-1.59210337891362,0.888350344518378,0.934449517122183,0.993909397616109,0.997862604746935,0.0793120852385705,unstable,2
3.27396910423855,3.98720702782186,3.15782945800765,4.54740662021167,4.02499121030144,-1.49897976713282,-1.17976808808087,-1.34624335508775,0.0925983129957889,0.110433389538913,0.276981746645375,0.416099402598842,-0.032524502680269,stable,2
5.63706888703818,4.83336365222604,3.70996302762164,4.15406361947596,3.96049914030231,-1.6578730597402,-1.02602969723037,-1.27659638333174,0.743185370212928,0.122360744657428,0.25778454456124,0.202611355628349,-0.0057190575660975,stable,2
0.950520658464194,1.45436346246504,5.82129314142948,6.53679128402688,3.06622475133192,-1.6428735363283,-0.699569640111446,-0.723781574892171,0.16400102055674,0.189415654578604,0.433873231533692,0.644768460390774,-0.0128334156656227,stable,2
1.48602145576156,1.28020709862181,8.3438954121062,5.24295783708601,3.82905343438469,-1.22038954768199,-1.20279603861043,-1.40586784809227,0.504714866261104,0.50865914188638,0.84524061981138,0.744562938445147,0.0087983834720015,unstable,2
4.88360349055221,7.57825881525321,5.5645375126321,5.93023377676024,3.23428637028466,-1.90905986631857,-0.760882800849539,-0.564343703116546,0.693315587429322,0.0786139928433555,0.239276476362774,0.826204659942788,0.0409859655543065,unstable,2
3.38216724102368,3.85106682347272,4.72602627073528,6.22907576598107,4.25631658729026,-1.75932886885869,-1.04655998431635,-1.45042773411522,0.650999803879071,0.845728935127057,0.83426239608924,0.800533035635157,0.0934027732005745,unstable,2
2.96861867442399,2.57017272861437,4.8511414202416,6.30495046160932,4.08233331221491,-1.5269899398791,-1.33234342605228,-1.22299994628353,0.57604907298318,0.672923644862842,0.860982184253805,0.64538330202216,0.0605668855738252,unstable,2
6.11778005489765,4.91910491536771,4.25878295061151,1.46232531750794,3.55904547831326,-1.82794651193704,-0.807676278851635,-0.92342268752458,0.612706021526891,0.0605047774284019,0.33281398380438,0.226254688897362,-0.0294648080151715,stable,2
2.45164167683661,4.25958634614858,2.28496191782872,5.37492413288936,3.57242594191142,-1.80494813870272,-0.954734124066983,-0.812743679141719,0.808693702615033,0.629965468497353,0.543123954195591,0.590430023764659,0.0408658303993901,unstable,2
4.76700154041594,4.22953232330453,5.67003366782424,0.568597869480099,2.90035151654487,-1.64913950223792,-0.725813691513601,-0.525398322793353,0.0653401646708068,0.24408874522252,0.0832893260934122,0.89698428725282,-0.0395269199394564,stable,2
3.95440182226821,5.41836997002171,7.86241816649633,1.92752647952933,4.34846275906587,-1.94396722703745,-0.555919915676874,-1.84857561635155,0.603210805776349,0.73186861249235,0.12238167841011,0.546445202256287,0.0122084634759198,unstable,2
6.31276329452286,5.14916076041806,2.01946501612234,4.08356549403715,4.15665750249684,-1.70138299825478,-0.986502559703437,-1.46877194453862,0.451358571238666,0.642803654637196,0.251136988298733,0.62479093015342,0.030356433236878,unstable,2
4.63978615724772,3.22626625133172,3.1030227390511,1.42360735239148,3.80923971446121,-1.63249717028541,-1.14797294004663,-1.02876960412917,0.519554257877063,0.0572257006075454,0.715372265882683,0.201860833712012,-0.0272740906534944,stable,2
3.95149564732898,5.60933990846763,4.51453896688715,3.57519704483377,4.17422994185671,-1.8540025822381,-1.49871071589527,-0.821516643723345,0.0900218218434358,0.176740345162431,0.728314989283013,0.57225943211742,0.0025381263916193,unstable,2
1.49784375712352,1.0229784766186,3.61458803080397,4.60501114947792,3.99528547344087,-1.36843302389239,-1.13818968362703,-1.48866276592145,0.393397638823921,0.908284010595923,0.151244327394073,0.598344200320577,-0.0310939009429025,stable,2
4.15016083956825,6.1583857687321,9.73095097141331,4.5229480024201,4.13086654056926,-1.96944082666435,-0.896935385947919,-1.26449032795699,0.638808058350642,0.842363864630538,0.414487315576207,0.835181514074232,0.0691007393102303,unstable,2
2.38925814116405,2.36679048183631,7.70359905767988,8.07986477278728,3.80137266598837,-1.28214973996761,-1.02582618942506,-1.4933967365957,0.286380717502856,0.258147249331154,0.0874828783047956,0.927541759807543,0.0015283736220516,unstable,2
3.87533414146643,1.46204226768473,7.9949970854588,9.97933591875001,3.84475263213079,-1.64626818205385,-1.08503421034849,-1.11345023972845,0.266447753042901,0.672678065326965,0.377676831026131,0.957270479125824,0.0144524042715148,unstable,2
5.63380519917813,7.54840363266615,1.33832467668994,3.88146202444803,3.37904033191691,-1.43931067720867,-0.569172612065647,-1.37055704264259,0.0902259284324583,0.768291035021652,0.806926184097691,0.185012223973438,-0.0247308938870495,stable,2
2.88035665470627,7.79762461309816,1.0129614268324,3.18734166055056,3.70833215004907,-1.83396655717965,-0.567914652705716,-1.3064509401637,0.244029592919787,0.255953894009393,0.692649182693329,0.932495100150127,-0.0582732746260121,stable,2
0.890741359051631,3.08316758694364,3.8165613084144,4.99316913129394,3.46987861406825,-1.15378337342641,-1.08137723736848,-1.23471800327336,0.296914514237443,0.377789330586427,0.524391367487294,0.327031946413625,-0.0416085234142862,stable,2
2.02971863375127,3.79522048004586,2.25622594051425,2.50175650051737,3.29045451535854,-1.02598188501743,-0.508511836653738,-1.75596079368737,0.582767093515053,0.0894794411506807,0.884939623046485,0.245143377897243,-0.0176949483463462,stable,2
2.66745555001367,8.38580330496323,2.93113921246578,3.02050688242574,3.15289899583255,-1.05157374848425,-1.00077190658337,-1.10055334076493,0.460030732289494,0.228237156040334,0.555233966831752,0.41273039403163,-0.0510591603303681,stable,2
4.7719810326278,9.69801859760424,4.9676318035542,1.5354888107188,3.03234441616615,-1.5204290642669,-0.712612515905825,-0.799302835993422,0.521074769080025,0.24598924720893,0.052578764879494,0.604696637444426,-0.0372124090968128,stable,2
6.03928569628099,9.45901441640641,4.82161102721653,5.65795292040551,3.64985312186451,-1.45996846848824,-0.909874016046012,-1.28001063733026,0.0909366944360349,0.0600265116289898,0.877185078302997,0.562673485193393,0.0196854744185448,unstable,2
3.71065548813964,1.68952367236859,1.81401293920891,5.93454163380554,3.96512093157826,-1.50658341888853,-0.996179009088653,-1.46235850360108,0.822413275212031,0.42992878578873,0.539816175415667,0.406777082126361,-0.0040976682085968,stable,2
3.4505873515753,8.72973482037226,6.9820272293856,2.82959489200547,3.26321058986446,-1.21073775613552,-0.779497047083092,-1.27297578664585,0.651560774502405,0.897510387387935,0.936940782196866,0.417762477813358,0.0641244807108554,unstable,2
1.5931357738186,9.40261554163616,3.5444742548271,7.65730330250384,4.1952922809464,-1.93633649072933,-1.08724606590548,-1.17170972431159,0.653004746522155,0.245073455658696,0.378953438471692,0.393131566859398,-0.0379058627357867,stable,2
2.95238219921018,2.53556212812322,7.24098423455392,0.551307383609063,3.16073930465018,-1.5867066702383,-0.938104820027086,-0.635927814384794,0.327194691611968,0.378634558022972,0.39169896959707,0.840211794134735,-0.0305189074742123,stable,2
0.755820151580742,2.4186655058958,4.16304576018229,8.17892654322969,3.58179590622035,-1.64977648946497,-0.808225908542308,-1.12379350821307,0.619139004337328,0.652168426539829,0.414633285305698,0.535379110474903,-0.025064471390767,stable,2
2.69617895216998,6.3062179750449,8.8971045967056,6.98304455484153,3.40148752445429,-1.61766354249392,-0.728845799853304,-1.05497818210707,0.117107272253508,0.193474260729551,0.947518976744765,0.0746303208115906,0.0168541480419682,unstable,2
2.28660633537998,5.39383704475367,9.83401032461213,7.81384156731161,3.02087251570885,-1.41763209629985,-0.885050010984519,-0.718190408424486,0.552458865147452,0.44678835526983,0.389629357875771,0.427783183304637,0.0077989197006114,unstable,2
3.57757886648889,9.33911130550128,9.35483713527446,1.2917554152205,3.962239805683,-1.81299241234539,-1.42893363366469,-0.720313759672921,0.0821579463803302,0.796022286742438,0.75703806113667,0.288387678295631,0.03389481491238,unstable,2
2.05426730691077,0.93670652526191,5.39787938076074,7.02517088844287,3.82715191903512,-1.35115113478423,-0.750632093055558,-1.72536869119533,0.421318942962943,0.956709722172322,0.461853136786094,0.926489397418789,-0.0007795920762754,stable,2
5.31821268740528,5.8475937803457,7.65681374354942,2.50969925787318,3.91631856081117,-1.67796823539281,-0.649773961040157,-1.5885763643782,0.919750290469244,0.516330849225259,0.994645720657974,0.710018779902647,0.0801010102997016,unstable,2
1.79601459032539,9.28355111022423,0.957381689166673,4.33437604109377,2.78864676064571,-1.55522420214472,-0.576796043317439,-0.656626515183551,0.572716567586928,0.527444116636063,0.289148242572257,0.311404154552226,-0.0281758910266737,stable,2
2.15034465232849,6.71855778490184,3.92010561390935,6.58889708304554,3.50974061287249,-1.65649071222739,-1.19799456671024,-0.655255333934864,0.0673421516693453,0.279808335933303,0.780516991845135,0.487442841631981,0.0114536094545797,unstable,2
1.51669542827737,1.92400358888431,5.96899103284212,6.84688690758741,4.22282812510816,-1.64401360670836,-1.04233792404354,-1.53647659435626,0.62074527996368,0.14671879980013,0.888218446091168,0.133224451956922,-0.0177008411150285,stable,2
3.827648183064,2.83731663468973,9.68158527402987,5.25440068252683,3.99678570757562,-1.83140360928641,-1.37882198243896,-0.786560115850251,0.0543559934981877,0.0618215699892421,0.987336111413306,0.667358867460386,0.0319378104100121,unstable,2
1.48964821712675,7.53723310806873,6.79078373385839,7.15410667937348,3.85721840167036,-1.70378717160154,-0.719237397402979,-1.43419383266584,0.482136718849333,0.95441877457279,0.324971611820726,0.45092975995578,0.0386823006475365,unstable,2
1.03438531128517,0.769136207791907,9.5704733188457,3.90204125758251,3.99291908603546,-1.80948399283784,-0.749929034746275,-1.43350605845134,0.166779635711341,0.0778061173813196,0.272848426011299,0.3091428115995,-0.0482954667440698,stable,2
6.04339891358766,2.16802833858423,8.17684697464227,8.09851669399127,4.27947358193072,-1.96749917345004,-0.542351890966808,-1.76962251751387,0.76528310523099,0.918832995350789,0.823284916516128,0.218042094941441,0.0455690998852984,unstable,2
3.31176495271872,5.29476841833953,9.75059225648267,3.33914234055385,4.02722721311449,-1.39710300022465,-1.12460820794379,-1.50551600494605,0.521286298520288,0.441343043171571,0.676087184806879,0.332342703665467,0.0123861815625675,unstable,2
2.18960871934596,7.53936772162471,3.12305843813907,5.83959701889482,3.17061240603091,-1.69544170876696,-0.896826193339273,-0.578344503924681,0.387931808194622,0.359747256658312,0.703625020993997,0.621988932595126,0.0154866908745029,unstable,2
3.57231155095835,4.26373947909013,1.41482077696794,5.48811698422605,3.71554708307735,-1.53976263596875,-0.805120306352444,-1.37066414075616,0.395139825320471,0.306587036092987,0.964778063611037,0.939795608709325,0.0246488652474914,unstable,2
4.96912548306042,8.19486567103244,3.93672041683451,4.80224351040833,3.10746128302422,-1.39979680402161,-0.952714404800371,-0.754950074202241,0.157018844196025,0.457786517482722,0.635493392746007,0.150005890113754,-0.0049504406526969,stable,2
4.16894404408784,8.59111425486259,7.29310693265561,4.66127079810015,3.44334508436825,-1.29317630431692,-1.12188298208187,-1.02828579796946,0.734261338827269,0.242787698787276,0.525448266557182,0.56588534533749,0.0412625449332039,unstable,2
6.79210843622668,6.97539273972858,3.77952363486509,5.48003994496331,3.53723629017984,-1.65882471040053,-0.646809461344616,-1.23160211843469,0.317964919625249,0.734770696780768,0.868663781244144,0.909286962319113,0.0819045423287704,unstable,2
0.510631116073113,7.48580365774797,5.47658729627829,1.78623635260623,3.17872479576679,-1.25332383637039,-0.506114311236306,-1.41928664816009,0.358024528054229,0.268553874704764,0.206275163537762,0.671862348563062,-0.0498275927565396,stable,2
2.43047971700169,6.73660657265921,3.3763255743188,1.94844283911176,4.04345678836335,-1.73441247129573,-0.792736962949834,-1.51630735411779,0.68660674679074,0.635384711503182,0.483717679438324,0.784717100732415,0.00800126632345,unstable,2
1.19323964140194,1.80982006395583,3.66962438351616,8.43071454675858,3.19862742130298,-1.97440187557924,-0.662746288769774,-0.561479256953963,0.619889043297371,0.875523831114452,0.801551836769659,0.430008439058716,-0.0283211243471347,stable,2
4.13533612731508,5.59029895501189,6.2739935650391,6.48244922413254,4.07685793572354,-1.81817374557795,-1.32753510296713,-0.931149087178463,0.567257764632491,0.269017983705491,0.973527357145564,0.416014349174757,0.0607825119699577,unstable,2
3.19228546773957,3.63656315089135,5.65948668189984,1.55507609864242,4.19187315957775,-1.79262817518967,-0.64773086464965,-1.75151411973843,0.904593738664725,0.757374204014877,0.618856720649172,0.596274239766928,0.0537690229489635,unstable,2
2.02207299252764,4.06160313431445,9.14347121449824,9.48881890455971,4.07264744159379,-1.86641906751863,-0.770017817590595,-1.43621055648456,0.795260836207978,0.593350864873871,0.352365825500928,0.123316056748511,-0.0354181695558295,stable,2
4.79613411686078,5.08474915162688,4.72186893124818,4.02517986738821,3.96932026044871,-1.96453528864075,-0.50743577284182,-1.49734919896614,0.0773562365159963,0.551059528832026,0.0612128215433157,0.676930948906119,-0.0087552393527381,stable,2
2.30829794854623,9.53454952403945,6.87957636756073,5.63787127196331,3.96591133191936,-1.79352580053175,-1.63590057969963,-0.536484951687977,0.497085413489134,0.23997748911662,0.54128991383552,0.354591008926677,0.0014142989066864,unstable,2
5.20286438949587,3.86201490489249,2.02538967638263,4.42846367096656,3.21023161318945,-1.95314580336001,-0.60612618562904,-0.650959624200396,0.689962241239868,0.462087657258456,0.564701820903984,0.343021563566618,0.0212529912966934,unstable,2
5.44694674399544,6.4230994329399,1.45929990368857,3.16964322953137,4.06488057767059,-1.92369360673327,-0.536492370790045,-1.60469460014728,0.517785988028971,0.864480926081676,0.424612113161727,0.409827889538689,0.0286628701701595,unstable,2
5.9511340093981,7.37188630539391,8.4507196161745,6.35179269270876,4.22480492665116,-1.79121556017256,-0.895400633588794,-1.53818873288981,0.825357917194605,0.653307901027192,0.597094337207483,0.425327383909008,0.0766232413616671,unstable,2
1.37333854578537,6.84104479793275,6.79822722514117,6.65433866490219,4.00798751521429,-1.91995936990156,-0.510009844203549,-1.57801830110918,0.407753531789986,0.422908817193655,0.446287418129357,0.0846276189813169,-0.0189528166663793,stable,2
4.47628201639282,8.62313047807019,9.39740332759684,0.740404474586423,3.16354517645597,-1.66062813077124,-0.543669143619796,-0.959247902064933,0.658085399350828,0.321149696359456,0.538544489524784,0.623782150103557,-0.0067287930554447,stable,2
3.80435591805412,1.30754923019878,7.06168981262136,7.52681565511484,3.17142981886847,-1.37200126979053,-0.732766675855324,-1.06666187322262,0.128327602696357,0.227621494838946,0.854498952346079,0.886578852640196,0.0455000635687259,unstable,2
1.58355100201267,6.48263599857349,4.29157043004521,8.56964315439824,3.69060118856805,-1.20535738206208,-1.02225523869906,-1.46298856780691,0.363869782494962,0.53818002480051,0.287864944937093,0.131076520163917,-0.0281240896504022,stable,2
6.54366244410485,7.59548075988512,9.22516851984597,8.64559051698424,4.16967183697079,-1.98589382649582,-0.691380625788635,-1.49239738468633,0.362648462942945,0.820029603981235,0.627271678044267,0.297482728479826,0.061882419242234,unstable,2
3.45748904445245,0.527134542556061,0.663257300862425,7.49774513498236,3.95673890318746,-1.62001813025767,-0.599778106945695,-1.73694266598409,0.71643318912546,0.310399204308705,0.417443110916299,0.0615310991327069,-0.0207650671555688,stable,2
5.554124503797,8.41014406550745,1.21336506329692,3.96628331359265,4.21929224033332,-1.90464949633087,-0.641712510724994,-1.67293023327746,0.364816364201495,0.929827109866556,0.744234507179215,0.279983624617917,0.0081431054639283,unstable,2
2.21106066407923,9.8511174788211,6.77554687013292,4.3062926155759,4.02778847379003,-1.6778914787798,-0.513666686861764,-1.83623030814847,0.80106167494401,0.346599238813138,0.174835861735253,0.973675041822694,-0.0009160846404699,stable,2
6.52488788755951,9.68030505604448,2.92733555603701,9.57525604662941,3.90689341394208,-1.60966442930268,-0.805866890134895,-1.4913620945045,0.210874239116169,0.72901076873566,0.19133104265176,0.721388973502528,0.0433531454738813,unstable,2
5.91014240568434,1.35937750282964,7.72694304309594,2.89710186217508,3.78985158639352,-1.98755852178921,-0.635407121658616,-1.16688594294569,0.217840172254705,0.819262573381788,0.62783992351028,0.429959709581849,-0.0257806049495814,stable,2
2.03879763272359,2.91579620254445,3.10475938622319,5.05926351761217,3.4747892770958,-1.86518377469659,-0.636741359169933,-0.972864143229276,0.943057056088414,0.242919881146278,0.250743726208787,0.535182281828724,-0.0161414203373258,stable,2
5.62957522264601,1.414392598932,2.90236162071526,7.0742610634614,3.42054713089579,-1.58339115193216,-0.599578356181108,-1.23757762278252,0.529979341029738,0.638091746394703,0.417988214530029,0.123153637550912,-0.0264549585840657,stable,2
4.03057389129171,7.13721369543099,3.79935666978734,9.96192156455409,3.17272932743709,-1.82757124188602,-0.548515668953094,-0.796642416597973,0.756200126382457,0.724137371767247,0.158364287292737,0.811085400229166,0.051960965505544,unstable,2
4.8232192566441,4.31633705040953,4.79885054145775,8.45925984880618,4.1143192545809,-1.91715163334446,-0.691030559960462,-1.50613706127598,0.793569801488516,0.149382312343516,0.545285931815089,0.395880297555757,0.033163379055969,unstable,2
0.873947184574755,9.09215266480143,3.84309892464085,6.32805072473061,3.52056551728524,-1.3712804600297,-0.800648869564733,-1.34863618769081,0.848272896376899,0.460532103614439,0.982324032827414,0.472506774874593,-0.0043707719947116,stable,2
3.67892996979874,2.40419895339848,5.86482476262248,2.96728309308734,3.76410024622009,-1.47101799133291,-1.22418699747293,-1.06889525741425,0.832619277673211,0.534886334038969,0.369384485082992,0.742623547907136,0.0411796233376293,unstable,2
2.06270848093982,8.41882804316987,5.93684994057931,9.96761143454821,3.26145585981544,-1.67872417313501,-0.894762916843081,-0.687968769837346,0.274615184067646,0.660149304916938,0.83863165737974,0.155219752310675,0.0333024493021257,unstable,2
4.02632916589662,1.26212648218527,1.50654849050903,1.70685108466601,4.03570432733319,-1.74366695241289,-0.614841687032371,-1.67719568788793,0.0609862183321698,0.490665547827843,0.0507590847488528,0.660522364415779,-0.0516393763227966,stable,2
1.4151399593426,9.03803793738157,5.95952512634096,1.09271687670723,3.94247534072511,-1.71899258713712,-0.884974120684818,-1.33850863290317,0.525118542377943,0.340136981639259,0.282364424819532,0.61693569121008,-0.0320520460908881,stable,2
0.83964705790896,7.1946757544497,1.84422601100924,2.03417091356268,3.80351154929563,-1.06092200225424,-0.990414764167648,-1.75217478287374,0.854302372905156,0.181645922170066,0.969595023733554,0.146735313777755,-0.0356545813357462,stable,2
2.08070451501823,9.88993583822205,3.66353836487536,3.27535299049083,3.25966180496043,-1.79652637016684,-0.743778746018,-0.719356688775588,0.485539593524247,0.478302515014346,0.0926782141774066,0.237107425397927,-0.0439592854469929,stable,2
2.65128531306752,0.559821376155305,5.41561363053858,3.30053672155299,3.91335278671539,-1.77091304752449,-0.569747830894287,-1.57269190829661,0.199179640929407,0.290774442817156,0.0551819448672805,0.762503189574326,-0.0496809926864623,stable,2
3.70126649434821,1.35528405603946,4.19875104454578,5.1027690214766,3.42996550734871,-1.51985152411271,-0.535096254497988,-1.37501772873801,0.548647289554519,0.60045515134596,0.459746243492479,0.589116508999179,0.0153802497621365,unstable,2
0.779209687287163,1.91743623501953,5.2219729711588,0.557163832144043,3.42890493043632,-1.36789474883748,-0.715287485174823,-1.34572269642402,0.511699741309911,0.449613138770759,0.593605077456801,0.704702422082782,-0.0429788293420462,stable,2
4.3791799092368,5.68547214881565,3.69939309649258,5.86365897560936,4.28668592248836,-1.63631356265976,-0.988816131119244,-1.66155622870936,0.820163974401786,0.0701792254328798,0.806066363457604,0.826788262935918,0.0686328040998378,unstable,2
0.774945130127214,2.99452206405918,1.24382323024627,6.75392537313863,3.94604436391315,-1.43588865457748,-0.941939968812885,-1.56821574052278,0.597627068498951,0.32228907110201,0.489746075808887,0.0609968278799555,-0.0523287639127774,stable,2
4.95872484291561,7.57379226646078,5.846612480823,2.74072920733498,4.41782113725493,-1.9516574114414,-0.558472440276842,-1.90769128553669,0.478750880049034,0.0762695739664102,0.460102107754285,0.301367765146447,-0.013413043381854,stable,2
1.05639353042815,5.40921413287884,8.89338472516836,7.37088229729178,3.55996845013221,-1.82474297050186,-0.593204750584008,-1.14202072904634,0.239079906876909,0.0580070407185995,0.165326022880891,0.792772406596728,-0.0092354225649616,stable,2
1.01334043954785,2.18904688017101,1.33751471893421,4.1171109714741,3.28550573165889,-1.3594735471293,-0.923736772883846,-1.00229541164574,0.854220826400237,0.221976648533981,0.736212912946496,0.561409093718368,-0.0334238864413062,stable,2
1.48288739401675,8.53929287664105,3.85859004522783,4.80760605192987,3.68432457018144,-1.48384170439111,-0.686455431461905,-1.51402743432842,0.176034264243151,0.190007225737676,0.770586834564551,0.479546480779346,-0.0115131604564826,stable,2
3.14837598130205,1.62216097235898,3.24036425430303,4.86391681137833,4.11669350696682,-1.98869517102857,-1.13336838810716,-0.994629947831086,0.655677237730069,0.842543778181906,0.404313050699538,0.321193964844666,-0.0017523077444605,stable,2
3.67696065885423,3.86727684243341,2.76299791318057,3.91068510634548,3.46692978210573,-1.50214842512725,-0.581328151346208,-1.38345320563227,0.737869242483643,0.790771833105392,0.698739345237628,0.303658253232855,0.0597466041924489,unstable,2
5.13042753731785,1.25966058687668,1.22327687305593,2.67889779813174,3.14817301973192,-1.98167629333303,-0.562716290955839,-0.603780435443052,0.10230449563197,0.11876055248462,0.514231475041444,0.494999747211143,-0.043579630254389,stable,2
0.523580329242663,4.10057724646995,4.16627287181206,6.4582639215188,4.56573207909158,-1.68723634913932,-1.06386489502569,-1.81463083492657,0.406431363760127,0.425894641218283,0.636822439090657,0.54132612635963,0.0019722918878924,unstable,2
6.66255593619278,2.26087447863795,8.8407327537869,4.53167363572122,3.85079231368935,-1.63914582208191,-0.741797874340869,-1.46984861726657,0.956824917719682,0.316864539077755,0.674255432277321,0.264833304428316,0.0467170944620401,unstable,2
4.48876277309541,7.63290914914898,2.30533303542439,8.31756238356791,4.2079062854173,-1.99885744172977,-0.616490979718731,-1.5925578639688,0.411264268379019,0.73691125207928,0.78103093126709,0.719005597606862,0.0458614241181345,unstable,2
3.44401245830646,2.2323450823009,2.31121234984671,6.87394981830497,4.0693744233163,-1.84150776427686,-1.55983091309444,-0.668035745945002,0.332416887516625,0.752876811877218,0.957677417297635,0.247399947653244,-0.0009388770294584,stable,2
1.46395407964446,7.44991057303238,4.08762793814573,0.907271929047699,3.27421783523297,-0.972734245966189,-0.638087885182526,-1.66339570408425,0.431653503848084,0.29757509561518,0.3625166076097,0.903901928152122,-0.0493464120749113,stable,2
3.41436532013286,1.47877784680324,1.42165390197368,5.82320034490788,3.13867792056998,-1.46042722197414,-0.996486995361384,-0.681763703234459,0.534511155448817,0.864402670443376,0.158051001401957,0.216428630608935,-0.0247022865843575,stable,2
2.41199585723858,0.987557115036319,8.87253034750598,7.09472954600759,3.92928793262167,-1.35140434775524,-1.16534940218637,-1.41253418268006,0.361793891893506,0.323976540018202,0.775922730018898,0.551391003870725,0.0129626864888872,unstable,2
1.20990843591348,8.50630629792374,7.04228817324077,2.46841642121456,4.44098321748194,-1.78609787435955,-1.49440258279059,-1.1604827603318,0.385412914446751,0.247147963114339,0.52771962464759,0.350133960543538,-0.0223729797084766,stable,2
1.54576567848481,0.818059606659226,5.25977446513603,3.3877970659579,3.44856747516452,-1.19948143383444,-1.17603215304145,-1.07305388828863,0.56328350621692,0.564532278766478,0.354071163865819,0.535536826693056,-0.0565347491754303,stable,2
5.53856565442017,3.4790141141299,4.23941506385523,3.56624868626966,3.45338343129821,-1.59331205661171,-0.768967400628142,-1.09110397405836,0.894725262736079,0.720867640465159,0.850312796591196,0.198311538595884,0.0740989351818565,unstable,2
0.7496485933583,4.58565735368326,2.69268513815725,7.85419187647585,3.40847568089654,-1.8494124563163,-0.797186766258604,-0.76187645832164,0.520603028554955,0.114528180499042,0.792957117294759,0.712364460060047,-0.0284380652874425,stable,2
1.74888128764784,8.10469450233254,1.0309794128859,2.2070886768435,2.82129769391528,-1.47613725660457,-0.679891620436101,-0.665268816874607,0.631685285381067,0.0772600999619579,0.740975395689768,0.619853281637757,-0.0305756165692166,stable,2
6.09569536130175,7.22694122189025,3.1878462244293,3.94304891712699,4.21326147945982,-1.85782355033645,-0.560931440212054,-1.79450648891132,0.663843411380493,0.577368838787765,0.934853170672163,0.168935537302709,0.0465354456652028,unstable,2
0.664207064902748,4.39063464576842,7.85928707076346,5.53082665747228,3.51041310582028,-1.96722330108713,-0.892431853310589,-0.65075795142256,0.661061577887314,0.574863375428122,0.632169161618337,0.867472604163265,0.0308863884727098,unstable,2
6.18414339087711,9.29036995092917,1.16006943382757,4.00528996060209,4.08074169012277,-1.84780742120794,-0.75126052040502,-1.48167374850981,0.506326226234577,0.615585590695317,0.561540759200796,0.166419223677383,-0.0059185380813766,stable,2
0.844502971255279,9.26719372462695,8.35101198096054,1.93717267400674,4.20476106810094,-1.47797693792412,-1.48185713145277,-1.24492699872405,0.114495778808866,0.420201916771908,0.508226463223625,0.224415663341242,-0.0079647382885289,stable,2
1.75082898518967,3.35736922055356,2.62823393915413,1.50384403625093,3.53849437939961,-1.35672858083453,-0.885582740400778,-1.2961830581643,0.107964839542231,0.73387771920108,0.536595978126092,0.437244947585268,-0.0384955987165199,stable,2
1.85591353116524,8.52577614225749,4.56560596550872,4.45450210201945,4.54357455749855,-1.97658985761364,-0.767936257346149,-1.79904844253876,0.587793278062763,0.923736111319341,0.507346595387914,0.791056210122168,0.0446322549329478,unstable,2
2.96319471735371,6.72434028859857,9.88581470863448,6.70590109657064,3.78090365254074,-1.39877116078509,-0.553688240880868,-1.82844425087478,0.0923902842236008,0.573343801379559,0.353242062890609,0.585086105216101,0.0300708292264518,unstable,2
4.97568651229573,8.91649477395229,8.4544175440255,8.68573579466405,3.84697854717612,-1.71026473501591,-0.951161049342551,-1.18555276281766,0.773964989245186,0.268799412281576,0.914800743267015,0.520777435412994,0.0688618828935464,unstable,2
3.05679743144759,7.77379674691029,5.34153874422422,4.99891038364296,4.0065488372022,-1.3697524129126,-1.24170494135363,-1.39509148293597,0.664562275773775,0.300931144509189,0.217390931205429,0.652204959098771,0.016131077085207,unstable,2
4.12088703586799,2.73936519199517,0.564127071883716,2.48414491245657,3.92702533949876,-1.54848407320562,-1.26993892552879,-1.10860234076435,0.492895166561631,0.756480476226178,0.100426789744535,0.329992044651475,-0.0268939881360407,stable,2
5.66050226308696,3.89451201606111,6.65410564960764,7.30255858822698,4.10100055853515,-1.90986495308654,-0.524941564624326,-1.66619404082428,0.971766146106538,0.221356709026796,0.393226548833215,0.69382063372812,0.0650581227661794,unstable,2
6.56204458671907,7.08567791874765,0.768948783107172,4.22013167891349,4.0473596116778,-1.42374062030092,-1.18890879828194,-1.43471019309494,0.393028898957717,0.0642567812009819,0.787696115303067,0.448932355165265,-0.0374243106048954,stable,2
2.11302968606285,4.54375325988944,6.13701082799995,9.1693103798966,3.64757308824257,-1.75421725321996,-1.19564072871845,-0.697715106304164,0.804682211031751,0.894516988926633,0.819235301882831,0.305555584070899,0.0490495260637953,unstable,2
3.77149467276109,4.77306345777998,5.44229540195226,6.79277065240839,3.57736102516595,-1.41103444610721,-1.05543183553094,-1.1108947435278,0.134295595031581,0.398687825907859,0.0934862287306762,0.350483850264904,-0.0281350536719902,stable,2
4.93107070731175,0.809140645573277,2.31329774976455,5.52582046519122,3.46603911690342,-1.37016866467816,-1.23973700830127,-0.856133443923993,0.206198590504432,0.387882251194323,0.645287577507582,0.411283842436225,-0.0287116561419594,stable,2
2.56657632024086,5.60552246952613,5.10463129465153,9.89823778466866,3.06652298598297,-1.79309107739459,-0.735536818144331,-0.537895090444048,0.571115478718919,0.99322413580611,0.658206349084106,0.233715347803929,0.0484257591458062,unstable,2
2.80596561766462,6.62186578784124,5.3215835151046,9.76812843357287,3.89042659315065,-1.90490438950651,-1.04307129261172,-0.94245091103242,0.720332793946819,0.837304062818273,0.17329117401826,0.44306883754944,0.0291172304899789,unstable,2
2.73958885628114,4.85051463479887,3.23940755525348,4.70379299930107,4.02059664298139,-1.3836835447132,-1.15067716322398,-1.48623593504421,0.46733748901621,0.870495700182809,0.712074399687061,0.987205801808098,0.0890303729045238,unstable,2
4.78525948865041,2.88221608533105,3.60011467490804,0.818844838164386,3.73772030716186,-1.33061088038739,-0.803039204415586,-1.60407022235888,0.653295609857534,0.533501292855868,0.932019080549168,0.198125648581014,0.0320452962215177,unstable,2
0.60870559580836,4.48964232871751,3.01361361914813,2.65696751206002,3.77500413715029,-1.71109410655843,-0.611222836398613,-1.45268719419325,0.753396441145779,0.173852790485398,0.335780442756937,0.613463363499153,-0.0287859932157689,stable,2
4.39427740547153,3.15230639976667,4.73060808392596,4.31326350578067,3.10915443749613,-1.70421385536896,-0.81166535640026,-0.593275225726911,0.29839606205354,0.234365914819472,0.110967962785582,0.36537539285886,-0.0357250045549072,stable,2
1.73849662419672,8.70429499238012,9.44380651429888,9.01759924258846,3.70234781452351,-1.99280696257728,-0.554201536449569,-1.15533931549666,0.595551066379718,0.333675414500071,0.298223045536153,0.27490961951463,-0.0130956350667967,stable,2
2.73063348776738,9.75910309885027,5.53874519816318,2.03079257188366,3.84546223996851,-1.98394901907614,-0.617464839831868,-1.2440483810605,0.495204375822416,0.626856884770093,0.714935089591082,0.0949691313752253,0.0120054887856363,unstable,2
3.6651987314794,3.52616772978184,5.72307648696507,3.74333595690453,3.52214883343029,-1.58921101965858,-0.770636558039941,-1.16230125573177,0.478349602872851,0.315626644772202,0.199571357417083,0.749001869077004,0.0086127435287837,unstable,2
3.84766579913588,4.62736675096761,1.12061541010769,4.49823345122167,3.72027777334275,-1.53009320108094,-1.44107362750784,-0.749110944753967,0.338883441392687,0.17255387919577,0.713433130887926,0.705736235861826,-0.0208786830992983,stable,2
2.06003713907127,8.40114982767156,3.20165480000632,9.74756404389112,4.06092124232529,-1.90246651539619,-1.39946697246679,-0.75898775446231,0.423747873151381,0.182963696188179,0.178790664740409,0.517955224758063,-0.0246165708864382,stable,2
0.826930046726903,0.645668178359687,0.977195509917685,2.06147095727641,4.05822936422232,-1.62936652238913,-0.817370971819025,-1.61149187001416,0.589525886517791,0.691646220488274,0.896654096573779,0.117226833669727,-0.0566592146007482,stable,2
4.435401692263,9.97804230154961,8.50729958063177,7.69049593704519,3.07225729197652,-1.5195787402114,-1.03046625793997,-0.522212293825147,0.121488425783133,0.156125114614809,0.86322243491567,0.216678194855817,0.023619254228,unstable,2
1.0075653795586,7.11807553417361,5.08160565116251,9.07287516582338,3.25248978555427,-1.61024005782813,-1.11129040915924,-0.530959318566904,0.163138378133258,0.947989787547435,0.971822388969074,0.218350483581781,0.0523757958090439,unstable,2
5.26573571820826,2.10674255455224,8.80976402280846,2.03759481377002,3.87017544188441,-1.42230113889271,-0.761029911716899,-1.6868443912748,0.262195785201333,0.249692391235117,0.749591585213222,0.833670776485417,-0.012653111500724,stable,2
4.04647100543905,1.93751219556647,3.30509180697871,7.06607300070238,3.8182427275776,-1.52625667218014,-0.891721154274314,-1.40026490112315,0.719249485276007,0.894056764061581,0.557297715880377,0.960189061670032,0.0530630644738775,unstable,2
2.83637586380186,9.36671653434036,8.94437037497928,2.53020644851079,4.06015850597466,-1.39614165973692,-1.46291911632845,-1.20109772990929,0.257333240461922,0.359687329395971,0.565438445085158,0.146109376174994,0.0002025566120756,unstable,2
1.00270385664341,8.28835413383105,5.26561944913103,2.26442524936756,3.91806244515303,-1.87215505314789,-0.916893123482086,-1.12901426852305,0.164656543712908,0.825725601231506,0.460935785477598,0.486679838731333,0.0079081261172471,unstable,2
0.927524075093714,7.48194107925014,3.14176034581705,6.06431534797138,4.05236259760199,-1.95393956531398,-1.22534527235845,-0.87307775992956,0.843266579889879,0.48821016436677,0.503166947978686,0.339221945525664,-0.0324971867683041,stable,2
0.527406897121074,1.02170953263692,0.964730742275459,0.991896902143035,4.0419101637944,-1.41211563937188,-1.01707116674597,-1.61272335767655,0.899597738932199,0.252020782859596,0.124185589819935,0.478406480530951,-0.0606413757435601,stable,2
1.62961612843575,6.28841480600003,8.13640139139676,7.95899088857872,4.01642627701624,-1.6104677477611,-1.23692241748945,-1.16903611176569,0.131133653015106,0.987025494974704,0.405819129451906,0.532202492905583,0.0510881179232407,unstable,2
1.59898243248923,7.5105593016973,3.22841563770522,3.93310270561248,3.51709338759285,-1.46572078669148,-0.518770094069012,-1.53260250683236,0.656959972606916,0.990048382229395,0.551371030651004,0.0851285934177251,0.0062729317453591,unstable,2
1.62747589504729,4.48834012198745,1.80656376185723,6.36966306301652,4.29581553531342,-1.91374259656699,-1.85996066226432,-0.522112276482105,0.738364443746021,0.314135465762641,0.793666763033592,0.279781335444845,-0.0333579510112333,stable,2
2.16826833559563,5.22007455292283,8.69045164063768,7.13380769359439,4.58357525042651,-1.94631150579961,-1.04071115369787,-1.59655259092903,0.470363721101072,0.34761993937589,0.427925164400733,0.437074697601841,0.0064084208026471,unstable,2
3.56185072244677,1.10839481370734,6.08376057698997,1.74295616908504,3.78804097242316,-1.82198491049078,-1.04975440058323,-0.916301661349146,0.442818050917832,0.95733656606847,0.469623471578006,0.727890510270891,-0.0322252615429625,stable,2
1.75864729677701,7.34886500904841,5.77804951391922,7.23536466508028,4.13003582594045,-1.92787907761046,-1.59544751662667,-0.606709231703321,0.125312588627943,0.130027898004826,0.426176430031812,0.775363711485934,0.0162704605519571,unstable,2
6.54549716487426,4.69474019723652,1.6525681114572,9.2553285352884,4.06959817339905,-1.9580504600098,-0.643217418394191,-1.46833029499506,0.303003941355352,0.860028087424185,0.973791112319616,0.908603046542224,0.0303150605805048,unstable,2
7.01249227212721,9.21136668898476,0.675848171462875,4.01085698813006,3.3783758311455,-1.91235712140597,-0.632114547945268,-0.833904161794262,0.433774237446857,0.587876350693675,0.991570840837853,0.0581468060482806,-0.0272643035504412,stable,2
1.37004636983102,9.43376282401633,1.0537421755092,3.904640471258,3.37271611233191,-1.76203183375909,-0.66920436084707,-0.941479917725746,0.848073431288584,0.529207044246123,0.8411652185685,0.428450205070483,-0.0220892680354695,stable,2
4.79895358148651,8.586602847447,2.56895459156809,5.77950908562959,4.0099951410876,-1.63522129979325,-0.586080185861478,-1.78869365543287,0.837136703148421,0.526878699150765,0.848669666698084,0.387800841969586,0.0440624182980263,unstable,2
2.26454051654902,1.55380167097102,2.89533792308347,6.48456951052746,3.14167548486813,-1.34154905704535,-0.735068520875298,-1.06505790694748,0.754815817760462,0.0601410362204583,0.96409385662101,0.931723335856073,0.0312569897801673,unstable,2
3.98843262798429,4.14621299027425,7.51649172772393,2.85390414083496,3.41743310849176,-1.47228042699678,-0.934065472716314,-1.01108720877867,0.067551510683489,0.496181371368249,0.388802940870553,0.591665121251106,-0.0166557876572825,stable,2
1.19759044641762,9.5475037699191,4.78935091133019,6.88528839521059,3.74397354887304,-1.88197576112152,-0.687489048877824,-1.1745087388737,0.0628870650325424,0.47571603490536,0.713347905157346,0.422973408045997,0.0210941112584598,unstable,2
3.75865792817512,8.88610815570597,7.67882626854766,3.11681471659166,3.83164860317734,-1.62123395685537,-0.504158485114446,-1.70625616120752,0.632256936540421,0.825466887432308,0.960118037759677,0.233358964661377,0.0627464861654111,unstable,2
1.7577276696381,7.77052433682393,2.9068689500139,0.842525398428098,4.18745034131814,-1.55674305541577,-0.814163591989293,-1.81654369391308,0.664697855409849,0.261214919737994,0.939148431552349,0.955043041568211,-0.0664009151136104,stable,2
0.542581898857665,6.16480212074512,7.14357198480701,5.51055710699602,3.53904075793839,-1.60425796697069,-1.00118768688745,-0.933595104080252,0.10872325660481,0.245810770028928,0.81910076702753,0.410147797358587,0.0216561026161047,unstable,2
3.50174250997964,6.01454383690013,5.71738980585702,4.34123430435595,3.17095970403826,-1.50919506543953,-0.93023811149745,-0.731526527101279,0.7286075257566,0.771809732272456,0.143154524529708,0.0896615696038131,0.0187718482029567,unstable,2
3.0144123305103,6.9442302386842,2.18518774577433,3.47853647502596,3.31278867191502,-1.17083154015116,-0.98308973174768,-1.15886740001618,0.181175598103083,0.293693533636777,0.594161530783307,0.885376424912786,-0.0102644847198144,stable,2
2.31312521593381,4.65728329801094,9.93010337447623,1.16656120591887,3.68857268775831,-1.26320795765084,-1.03887752719256,-1.38648720291491,0.141503628258029,0.100049571043929,0.689750599109968,0.448492736177241,-0.0311847521709742,stable,2
4.09174916979216,5.84187793561345,9.52723174486732,3.49758360000296,3.86016011238832,-1.52387654833071,-1.1603424955355,-1.17594106852211,0.608044435047753,0.619877431115246,0.756678583579108,0.128329613731568,0.0382793893387775,unstable,2
3.48747549358809,9.09663467641746,0.859529239337565,3.09961518500443,3.78917906550748,-1.5880591607212,-1.39396467912268,-0.807155225663597,0.608721718550001,0.501763019790201,0.519516041308534,0.618701903134387,-0.0226333425712143,stable,2
6.69167819675613,7.76942812055851,8.66975271876113,2.68420272657253,3.96533807048636,-1.83893757840394,-0.71217768870471,-1.41422280337771,0.487494838162668,0.780811402420399,0.991771458083197,0.986750419490278,0.0722118724627615,unstable,2
1.43683439856494,8.88911729798502,3.25224901619117,5.23000302265633,4.45426444604415,-1.53492038042244,-1.06606625492697,-1.85327781069474,0.537264086599816,0.999484209552365,0.493741939427255,0.480818893733593,0.0207781967852728,unstable,2
4.46895547775032,7.26417105944916,8.30435477660416,4.93079550177282,4.49837953196469,-1.72450929543233,-0.850889264492038,-1.92298097204032,0.577262279717746,0.221281564110408,0.651908614523642,0.481068244499251,0.0392600190666848,unstable,2
0.59262426062231,4.00852081218561,7.45718702842556,8.24027009557406,3.1809701416319,-1.83088405237691,-0.578218958210899,-0.771867131044087,0.202646253797788,0.893189465282377,0.0566535884733393,0.05939170798184,-0.0419686021284294,stable,2
1.35768861754372,3.0441253706021,3.99091589064253,6.77102087787958,4.44689591074308,-1.71633019681834,-1.23635675616834,-1.4942089577564,0.254983946123279,0.0686209123600728,0.228935421979142,0.124398651338965,-0.0416261371863986,stable,2
1.08818513939275,9.62626646645781,8.48267763827672,6.42166546382516,4.17130361428982,-1.8839495475714,-1.09933236723565,-1.18802169948277,0.883076051765986,0.857228441100417,0.124287926605961,0.527066932363874,0.0051253861186487,unstable,2
4.57611479038817,6.29149589855381,5.30028857118323,3.44230625886421,3.28237559533425,-1.98507416782957,-0.571703670046968,-0.725597757457709,0.910720051605316,0.687581626869865,0.553704125089567,0.288528272116844,0.0681989968401328,unstable,2
4.1111848880813,4.80675565821731,7.74635933139033,5.95402410116167,4.0906408844821,-1.93217583164467,-1.19448026636365,-0.963984786473785,0.461647895033406,0.236950753337259,0.315196534751679,0.314826720481685,-0.0027810414675936,stable,2
7.78509927749989,4.44712356485798,6.23341903942168,2.65872828606837,4.13555685073686,-1.77201941100914,-0.660201341342134,-1.70333609838559,0.349461132695543,0.0720795063999633,0.565590928260328,0.868824032396348,0.0049302124103609,unstable,2
1.63207276322579,2.18656227386101,1.63922892691736,4.55042899243302,4.13796685855875,-1.45490808364677,-0.918192305634904,-1.76486646927708,0.33326987322602,0.0907276068591082,0.469888810168951,0.235626268592465,-0.0378098561860047,stable,2
5.37276031665138,2.7736533455006,1.96580406599763,2.76162522552133,4.22205598880695,-1.87457052853223,-0.928304812006,-1.41918064826872,0.262469895022649,0.973885853564211,0.68024726251239,0.866822568770376,0.0435394766241688,unstable,2
1.33501666526541,5.15953401287156,2.9063146226835,8.3425073957781,4.03150022595453,-1.92970959414907,-0.97630029000825,-1.12549034179721,0.951694393140728,0.580496328187221,0.423542457914698,0.25829722510357,-0.0186693186996593,stable,2
2.12365241596182,6.58065491442942,5.24501297027305,6.92570124566223,3.03647012408223,-1.6690691782664,-0.557790411733498,-0.80961053408233,0.375601321529245,0.421246190761096,0.749041735807655,0.513666670050516,0.0380686889068402,unstable,2
2.01301474599839,6.50888737714618,2.20674986479009,2.20856533417363,3.67214015922354,-1.669469782955,-0.87905411739836,-1.12361625887018,0.914265665268209,0.796337090029873,0.784588375191609,0.60874999785565,0.0140187644584643,unstable,2
4.0015357922941,6.29741771710314,5.41095252612331,6.99089759832881,4.04288257762946,-1.57327057194852,-0.506643592251407,-1.96296841342953,0.467240959985959,0.694223983510687,0.220492374116257,0.158802892404862,0.0171907616676374,unstable,2
4.07645624022457,5.32534274455612,6.03960281078542,8.00677806294736,3.35695207988467,-1.25040857516965,-0.897281215925305,-1.20926228878971,0.352473571888638,0.0767651543502207,0.194173037810494,0.721795367479892,0.0081015751987882,unstable,2
4.09600639852774,8.72144192173925,7.76972817333315,5.00939970248949,3.97836141501395,-1.87012831470405,-0.552625931130908,-1.55560716917899,0.291804853161974,0.824860959930739,0.810023957761627,0.231431065715223,0.0565868368683675,unstable,2
4.83029299358334,8.51293634435026,7.80451021901908,2.0528499644798,3.06809407373487,-1.77307795143321,-0.655588736856962,-0.639427385444695,0.452951006630685,0.741318470354306,0.613538235427522,0.560779316501872,0.039851620979411,unstable,2
3.3565680063313,2.83373757085508,1.11196651333696,9.04373160918012,3.70253849891124,-1.3459395056157,-1.07821463964102,-1.27838435365452,0.638619851788254,0.540775262043132,0.105035432757671,0.991705881483177,0.0115884253770828,unstable,2
1.37569809254589,3.32329165612111,7.59126572154455,5.49504084170583,3.15756033035265,-1.45829443896296,-0.532309691013698,-1.16695620037599,0.764565011362254,0.805651535248932,0.849923506457406,0.998884096898338,0.059035203854418,unstable,2
1.13627935412523,9.26177882819637,8.73657130429923,2.39679784581054,3.8788831671047,-1.60756229194496,-0.842586946088646,-1.42873392907109,0.459413063795238,0.157157131307527,0.398017009861274,0.897054502509232,-0.0154994367337082,stable,2
3.13465008901426,5.73573560535483,6.6555354653978,7.68393528547613,3.35492332809608,-1.38907245393574,-0.791672933994455,-1.17417794016589,0.347021022033328,0.576383580282329,0.77837288121208,0.832509797642207,0.0708687302347099,unstable,2
1.20383592379848,3.00324590418062,3.32597590397971,5.92397163406759,3.05547750958919,-1.43363947691433,-0.697529972450645,-0.924308060224215,0.159234226047066,0.786873479757361,0.282498578848607,0.77923905255736,0.0112998559927527,unstable,2
2.22467819578017,5.89605124520615,8.06575223221581,0.754019228244794,3.54917095057532,-1.28228523033687,-0.665559213502042,-1.60132650673641,0.776832886135711,0.212683015116225,0.727781635813847,0.334206674878153,-0.0215654265216046,stable,2
6.29779228171065,7.75564789620176,3.75972176660565,8.15800483506274,4.1015605674603,-1.82189088245624,-0.998809149061842,-1.28086053594222,0.538787408123533,0.336377627087721,0.823629820078587,0.892654676868138,0.0660461401684408,unstable,2
2.4887777187217,8.47746098162114,7.02648621861909,5.55875276742703,2.94520058775938,-1.39198078100944,-0.747309822949628,-0.805909983800317,0.608804744520119,0.509664099504678,0.622356316671479,0.394017923572251,0.0333337112563992,unstable,2
4.40772041224865,3.14964136376368,4.73567006669458,8.23186508527309,4.19299695777884,-1.70269357556801,-0.52826677068281,-1.96203661152802,0.437217765973783,0.675921545544986,0.503557098013259,0.530752043877521,0.0304708599826206,unstable,2
2.46235586904144,8.48025329188531,6.60793558500994,7.54558553873164,3.959994439558,-1.84673483496767,-1.04612170744541,-1.06713789714492,0.92464674766616,0.513182774433563,0.223404883190364,0.33266296199238,0.0067360390675011,unstable,2
6.17901296984793,1.39396226389554,6.09866009580896,2.43756162181824,3.12648825445783,-1.48813105631847,-0.567678678577591,-1.07067851956177,0.165584902728215,0.0836052590657026,0.0723869582708622,0.317740484482634,-0.0408594513954851,stable,2
2.05094431318891,4.91442532710008,2.73850727640713,9.19667178694009,3.00915380901379,-1.62026010412027,-0.778987296633772,-0.60990640825975,0.773260472378554,0.919558840923323,0.353407936424374,0.545842718141958,0.0118255258690361,unstable,2
0.899136935214756,2.77529731522662,7.34960903735453,6.17472776015846,3.48189051601593,-1.80766121431713,-1.05732790962297,-0.616901392075827,0.17961224563314,0.0995866727914568,0.263258288786076,0.125305962171128,-0.0468765465364534,stable,2
0.809224511243508,6.68061132542235,9.58161571566123,0.570128401682852,3.81493585977206,-1.66397077955737,-1.2250739168035,-0.925891163411189,0.924737506623296,0.16888436110944,0.946482847704772,0.509178361532061,-0.0191874625952481,stable,2
2.68222857486716,8.67508031378328,8.42209938105507,3.68147913449949,3.41535974647609,-1.55036662203929,-1.11165246197752,-0.753340662459284,0.0562704786439473,0.124055450110062,0.576369296354185,0.059127202350226,-0.022796845056304,stable,2
0.594114406142093,2.48836495001876,6.47879471054998,0.816510209371196,3.37838620039407,-1.80895529277817,-0.714190964048123,-0.85523994356778,0.478505504941575,0.915515314810541,0.533026417544992,0.976076339893322,-0.0284543768108132,stable,2
5.75712494977151,6.89915977170458,2.80927563689748,7.01001117622732,4.37606451910118,-1.72639860013615,-1.03876799901065,-1.61089791995438,0.118078289620164,0.311961609408453,0.642383782997584,0.414909609994803,-0.0074143851760291,stable,2
1.87065508291014,5.5943629331614,5.48529575946651,9.20442789900352,3.76065814571196,-1.6595300364158,-0.620965804129024,-1.48016230516714,0.603615281658318,0.59517783101441,0.4885489626975,0.106631773151041,-0.002893307806737,stable,2
0.643945511572785,7.93258588575121,3.86314680912324,4.87108348241977,3.26210986335139,-1.47121104123718,-1.1130554003422,-0.677843421772006,0.914102064818101,0.999893486301863,0.494190049513954,0.160012406793028,-0.0081402273668015,stable,2
1.77816090702409,9.4674269420547,4.39900830004548,4.51682832574807,3.16625299209303,-1.66870204432962,-0.984706515663827,-0.512844432099583,0.615326518175732,0.901831939902854,0.342850479534459,0.825646795316524,0.0258441941823281,unstable,2
3.74705678682012,7.35017757123422,7.32214821106311,8.67882426623548,3.53687501995508,-1.51756584194753,-0.777285786994244,-1.24202339101331,0.303608131810565,0.687002468496572,0.616493195633729,0.0861577948245674,0.0343175861549897,unstable,2
1.78104637285516,9.96538629557599,1.49375803620535,3.33318759667837,4.13328132737336,-1.75333576126026,-0.535258789149043,-1.84468677696406,0.450466900370482,0.229311420597512,0.315346046178476,0.830469050837425,-0.0680621706354832,stable,2
0.828438644771581,8.85894828972811,9.71962522522798,6.1917372120179,3.36608128715581,-1.78297178457305,-1.05949955398144,-0.523609948601318,0.647424783612747,0.140156776381411,0.104329959280315,0.696752903406924,-0.0403369674133015,stable,2
3.8638106180561,8.59846600346218,5.49654989011919,8.83751800300229,2.858831955456,-1.75436351571981,-0.521762326237792,-0.582706113498402,0.193545321780478,0.732822398547951,0.504370149094046,0.747797213187056,0.0571028571776758,unstable,2
2.99609567721098,7.36033309510446,2.16867262953023,2.17648928520452,4.15759045044131,-1.6826352363957,-0.987281282290106,-1.4876739317555,0.448143528726827,0.280112234181729,0.68345045295769,0.847568033318231,-0.0108130611062882,stable,2
3.75465698811349,9.25796441363906,6.35356118167035,1.96380607285145,3.75731201773924,-1.7309347143787,-1.1744205578891,-0.851956745471445,0.273458820957938,0.336188146005715,0.266158913512024,0.626398950189116,-0.0313501079424069,stable,2
0.903178464893287,4.75909145007036,9.68328970232597,2.78347287570023,4.03778876451255,-1.2548222223002,-1.15670957486948,-1.62625696734287,0.450798828786873,0.374617683449114,0.706924161619656,0.737834017532176,-0.0216548643842594,stable,2
3.18691881222354,9.6220240680717,5.51443738322528,8.8790681940711,4.49760412446801,-1.98938229935528,-0.79073892773902,-1.71748289737371,0.0825352567705465,0.325847123544273,0.673460875908054,0.888206811870512,0.0468851343628226,unstable,2
3.04421130848518,5.86012445626443,7.33366724119514,6.12465646754637,4.02622912283371,-1.38391697184201,-1.22141348887156,-1.42089866212014,0.234221091380742,0.39087604160158,0.579202037784336,0.80746798127979,0.0490309179884492,unstable,2
1.38220596359448,1.02684951065991,8.80290881182376,4.52165227993864,2.92064585059908,-1.55177730359868,-0.580508258448436,-0.788360288551962,0.399214802436348,0.52555963844542,0.289288205481966,0.897474062388276,-0.0143097727308867,stable,2
3.87369475876528,5.61384958578357,5.95507203245785,4.94644544134443,3.38313274135242,-1.5103948550539,-1.00545049668781,-0.867287389610708,0.684528939494924,0.375820294417414,0.344422937722765,0.78039779600767,0.0544255291756546,unstable,2
1.35159717520745,2.57790181663556,4.88421363707897,3.45434656117752,3.5311075997089,-1.70810270159461,-0.908330728614912,-0.914674169499381,0.598296038255316,0.96580371937686,0.325548013735777,0.714731480931595,0.0234384499588715,unstable,2
1.06778352072482,1.32021722101576,7.49191033462408,8.98542401249277,3.36289840068589,-1.29397040475337,-0.606888891568128,-1.46203910436439,0.211876356189524,0.130118860393768,0.410430772095741,0.678961639569735,-6.77619211415249e-06,stable,2
1.20036883097277,1.56580204182956,6.93869910931691,2.32392691179732,3.65795817372051,-1.60046918208336,-0.543230280190287,-1.51425871144686,0.210448607116786,0.190564705658213,0.341771261805611,0.897197617809165,-0.0102722078524312,stable,2
1.2235525341387,1.95575529682224,4.73887918820259,3.69681629287261,4.13272711912795,-1.74205224413009,-0.50770201647334,-1.88297285852452,0.137447760623237,0.104666956231173,0.493894803825708,0.855481349131165,-0.0166448579827418,stable,2
2.27481417288469,7.88671288951393,3.22809015928999,6.83415095287094,4.25483177255901,-1.84524605012961,-1.31212754999781,-1.09745817243159,0.471752845067024,0.917222915485101,0.270915248913983,0.658065677060222,0.0421078216182009,unstable,2
3.0365733003905,2.82886205499027,2.17355229927413,8.39407304082622,3.55209669054451,-1.39934464173968,-1.2236706313931,-0.929081417411729,0.511162580412128,0.0679306372614147,0.200558889771468,0.996374053922477,0.0068708314746578,unstable,2
0.669658234587172,6.89991610739976,0.751601107424859,5.88184358206176,3.62529756541355,-1.24873860969269,-0.534614775006869,-1.84194418071399,0.536734923629767,0.906721005843491,0.219816585344619,0.598728986144724,0.006108831056053,unstable,2
6.90692443919717,4.71798688333904,2.93695584609407,4.01779275884166,3.74960444986126,-1.45400727172781,-0.737033647844521,-1.55856353028893,0.287745463727673,0.14628405937211,0.434720105316605,0.701639475259485,-0.0081688355827533,stable,2
4.26434915505785,7.86987243384077,6.28385866637417,8.13438741547243,3.65342536579915,-1.55303802967855,-1.10797839369193,-0.992408942428674,0.671040497786768,0.205775716324091,0.721950978339746,0.323652470326633,0.0406559006477238,unstable,2
4.14617274763316,7.4555634666753,3.95554570722553,9.65862351817342,3.15212600582721,-1.79481603409668,-0.66875316468383,-0.688556807046698,0.967291729819574,0.312152240602637,0.280130256522977,0.195027419252954,0.0113117097458705,unstable,2
5.91248826272495,8.72552209314294,1.3184422920633,4.57946813138176,4.02170744335601,-1.88097631009667,-0.949997629649786,-1.19073350360955,0.241135622891969,0.625200864455545,0.101692428584167,0.550251460709518,0.0089536425553779,unstable,2
0.606262698284618,5.15566792478689,3.28172433175412,3.71609138782981,3.92830808399187,-1.44562047087377,-0.799610371448984,-1.68307724166912,0.773131674887076,0.781008093716125,0.610369673969864,0.737120940929101,0.0286215047291582,unstable,2
1.71341581030183,5.03212607885057,0.777311665349314,8.56071382479045,4.05337584120707,-1.60178527670406,-0.604124838250899,-1.84746572625211,0.389188949897935,0.847466220505963,0.868173116269935,0.424514809958262,-0.033218364897442,stable,2
5.02485563845484,9.81517465471259,7.73169593315487,3.60623917858673,3.82454995551214,-1.61848948999624,-0.830006790975272,-1.37605367454063,0.943947406242474,0.438101217229082,0.207809696659772,0.602297707452849,0.036367800071171,unstable,2
5.23489913207148,3.30025762995848,4.79276702337469,1.884966613809,3.02702624063589,-1.71563058299709,-0.800547795014025,-0.510847862624773,0.202123867182423,0.388397544664751,0.721876730402826,0.92995360655374,0.0124192407980996,unstable,2
2.5381471910749,0.864824579559057,5.40160729211541,5.56152707852724,4.25587171968994,-1.64866492212104,-0.854368490703614,-1.75283830686529,0.13249236887697,0.368080976199093,0.949431348581959,0.428374178179789,0.0068842521198041,unstable,2
5.59745468330686,0.675145794125937,4.15063206808665,8.54630055420176,3.89835201744083,-1.71876916754493,-0.833531363836455,-1.34605148605945,0.189255473886965,0.893334706162159,0.945169502653871,0.100388549241973,-0.0289039325677205,stable,2
1.03823310270077,3.49152825562749,6.71954724289711,2.90524027577062,4.08819307467038,-1.90527178627376,-0.784785408731038,-1.39813587966558,0.302548053004401,0.814186602874118,0.0781620086245914,0.112386659672766,-0.0393819087115544,stable,2
6.9801302739115,3.53664392061708,4.35979347342914,0.967983369790751,3.64226277637831,-1.99348153533795,-0.665681077209208,-0.983100163831154,0.706057431739067,0.636385030064625,0.708036227341593,0.0839753330046358,0.0343318647889305,unstable,2
2.71991303996929,1.90271538540936,3.02596286843914,5.66469774299158,3.81533579653017,-1.60629383211078,-0.503600181268365,-1.70544178315102,0.954503814259439,0.943827460630412,0.699685264892193,0.310898246847983,0.0435291261207909,unstable,2
0.62706536559253,1.37266204574126,8.14716458705544,3.19234220728568,3.58386941990764,-1.16446930029392,-0.865775399277301,-1.55362472033642,0.483973288675417,0.385819768697886,0.185457826005296,0.714074202557434,-0.0649875944161235,stable,2
4.41118528837636,5.50786039798389,6.31612893795684,8.43798810696058,3.26876318222695,-1.2359294313398,-0.849871309767174,-1.18296244111998,0.777046100458571,0.154384790860149,0.488188621215326,0.699462206121186,0.0492643105146269,unstable,2
2.82621054457758,4.03650087113102,5.56987237944226,7.29265291151782,3.76469232268063,-1.83521650518533,-0.759710289149976,-1.16976552834532,0.776311257889112,0.633483492525034,0.471106872450099,0.889047172621768,0.0621347121371556,unstable,2
1.65378293815251,7.42817359656484,5.64660037570279,5.28471760461564,3.41003093291939,-1.99989095591106,-0.584133976394742,-0.826006000613584,0.122638980837486,0.603720133039195,0.976243734392695,0.142895275645339,0.036693495900397,unstable,2
4.31833453463718,2.31526411914979,0.571071633451537,5.10447542017373,4.26383177561574,-1.44718134123395,-1.01885847750433,-1.79779195687746,0.33776219446563,0.211275855098331,0.892586054449616,0.649366280117282,-0.0283061159140028,stable,2
6.38171972159597,4.64185539301499,6.86949215698615,5.12074299331362,4.10869492269086,-1.77004703373091,-0.565570927848108,-1.77307696111184,0.615350955530717,0.583640722522514,0.470184473986082,0.102620011473005,0.0373471790084251,unstable,2
6.13426234400874,3.85978227695662,0.598280053818692,8.92675631769529,3.49399752105904,-1.38105892495548,-0.541959426887554,-1.57097916921601,0.285405040166158,0.219318586948272,0.249013950431248,0.0829200757519808,-0.0451291978362931,stable,2
2.05562706662782,1.01104250009044,5.19890498218006,2.30975206855084,4.25767812387168,-1.81782176108642,-0.957648237209104,-1.48220812557616,0.257716897437861,0.134779930186578,0.749914579639623,0.343477914801395,-0.0378002770640188,stable,2
5.6511721458638,3.9608446534774,1.83285115745453,8.44026293593487,3.19855594138812,-1.84396527614797,-0.514961402534263,-0.839629262705892,0.0773665049986879,0.957895306960791,0.355985458477818,0.43336260373826,-0.007363694670224,stable,2
4.0508058744364,2.07497992227232,4.68316452461439,2.87221185934987,3.43516696765259,-1.37059893077419,-1.18053980499426,-0.884028231884143,0.575360610586755,0.286727989763274,0.210998381438825,0.463135753947268,-0.0288467595214158,stable,2
1.93116321770659,9.36839476838671,7.24369749022736,2.31119587504688,3.98224212067909,-1.2986671640216,-1.25998890951665,-1.42358604714084,0.0892847267210041,0.582334696723713,0.302054036690691,0.358159739877032,-0.0105586997558941,stable,2
5.80777058638124,7.57121034814497,4.32597537506904,3.26723817697166,3.58218462517341,-1.58276305216228,-0.925046553074871,-1.07437501993626,0.861258435436748,0.16087362257074,0.160172756597213,0.257558477003588,0.0059465078851691,unstable,2
3.48020106589079,4.13907985700707,6.03023163713922,5.79600453752178,3.59967766181869,-1.77377080826553,-1.3244223932708,-0.501484460282361,0.91601470364347,0.0560797085827263,0.370125704805359,0.0726895842117374,-0.0105266340308065,stable,2
5.29143038197642,5.1176890860401,5.08011324452796,2.3890086937647,4.22417221021824,-1.84500362262685,-0.639335374507052,-1.73983321308434,0.384832898418052,0.555027828604638,0.244222094467687,0.490362628014274,0.0052343199439893,unstable,2
1.85180994122856,5.6565984056346,7.52123414007366,4.1079310963891,3.62551638361917,-1.35849377419542,-0.527457276440191,-1.73956533298356,0.714836942772787,0.953519157941471,0.735590940601755,0.45588794920611,0.0551773354275833,unstable,2
2.04826576614345,7.5321259297794,6.41126346453365,0.820039262145793,4.09891750535984,-1.89816395887474,-1.47061448536559,-0.730139061119512,0.214739876760226,0.256318975059652,0.80044660182081,0.661664418456855,-0.0231994690618779,stable,2
6.19369239772931,1.57469754155036,2.17181075339958,1.62548188473355,3.59438336476721,-1.74132394869592,-0.927315380849608,-0.925744035221683,0.367147812432819,0.121310467920483,0.259861084195384,0.534133784544555,-0.0466357656701932,stable,2
1.27989430302655,5.47588920262416,2.07850889230273,5.72359591679942,3.52403196473782,-1.75737527706587,-1.19161391944216,-0.575042768229789,0.480279961314896,0.563302381138787,0.534554095627741,0.419580609295868,-0.0157981672663641,stable,2
4.1810309634627,3.13486715656503,6.51859606961233,8.74006586160911,3.59028454501294,-1.50752033288736,-0.952050152662373,-1.13071405946321,0.805200509218988,0.361625036078497,0.736715690852638,0.981867033699228,0.0703914056700785,unstable,2
5.02632870783769,4.66120894779625,9.41846024358979,5.87109554601158,4.49249174635066,-1.89216676221888,-0.986207658159174,-1.61411732597261,0.229217257165211,0.199255284750885,0.456008303938024,0.390765460924333,0.0022075957329681,unstable,2
1.07856549259742,2.02974653562099,2.16646247068569,2.74469872702657,3.17705167929515,-1.27693996597728,-0.754231969408935,-1.14587974390894,0.506900599011593,0.416316934526921,0.606244673986996,0.82144117649076,-0.0171643692533611,stable,2
5.57446035688969,6.24693359896927,6.73537050859068,2.77736185326917,3.2702371576986,-1.37377907260663,-0.846686514827074,-1.0497715702649,0.181695450439536,0.10073813712839,0.934592005448021,0.416270300620669,0.0162152930955618,unstable,2
1.2019574987388,1.11972842870461,7.80790269598137,7.69524847437604,4.30894797533071,-1.72610419314572,-0.653225709270046,-1.92961807291494,0.448262188209563,0.762486216418635,0.496314577858561,0.0736158619008097,-0.0254858670538323,stable,2
3.1310669411275,3.27653198032182,2.41783778021206,2.23406287967919,4.22184703166208,-1.83005863015328,-1.04866288275227,-1.34312551875653,0.653238277123011,0.877326361756867,0.47790239487323,0.106886742779318,0.0146289722212569,unstable,2
4.24425796222078,9.2222452721865,9.89373829632982,8.12025070526881,4.11381154538495,-1.53756390594809,-1.04246679855899,-1.53378084087787,0.401156802669622,0.117525933161278,0.0991987250328413,0.242972195118509,-0.0358648147129587,stable,2
3.97435980556585,2.79064467582895,1.21015461738261,6.55137413537902,4.45537341105701,-1.89867034311815,-0.948418656923459,-1.6082844110154,0.417398486019717,0.870402207460703,0.389114965727659,0.146252676075289,-0.0331747567586652,stable,2
3.09591267957753,8.1316651212468,3.78286573372346,5.76184356198971,4.40834062755819,-1.98152745183393,-0.702004465546552,-1.72480871017771,0.327580605573466,0.318903579438292,0.107353002488327,0.240557151651453,-0.0429008705849353,stable,2
5.30955512676124,3.13193032364663,5.74207662246088,6.43639258326786,3.20061496992706,-1.83430938432821,-0.548816473510431,-0.817489112088422,0.52621025903436,0.841950969268008,0.552465049337058,0.190479927035299,0.0387328210662906,unstable,2
1.08525370899583,4.30497548452925,6.3357848650942,1.26812035493503,3.22001543500879,-1.0178032721501,-0.812465258276695,-1.38974690458199,0.0659561645589536,0.348985754351657,0.872340256918933,0.193438409711705,-0.0072386671037403,stable,2
1.7775414949956,5.37086620230828,3.42565179701316,4.2104543762873,4.10824568896688,-1.52725067935914,-0.796014344993944,-1.7849806646138,0.150834755775601,0.368492652761532,0.616265990707466,0.772252563403086,0.0195468828958768,unstable,2
4.62252799565969,6.31107923804586,1.44774346682109,7.37678612229954,3.40612897843999,-1.6761613850166,-0.883490999337798,-0.846476594085595,0.706441782384896,0.253795080129687,0.555306205071657,0.334536199676619,-0.0038295786958023,stable,2
1.78836993964323,6.18998946077395,8.10519137388569,9.38887149801139,3.69028804860794,-1.2597262203161,-1.19550387232616,-1.23505795596568,0.998853840902728,0.13733045631527,0.273628147626172,0.779560686927526,-0.0028605806880313,stable,2
2.35049542681882,7.32147312270718,8.310655785987,5.76275791135469,3.64486836144592,-1.19151797115632,-1.05586083260969,-1.39748955767991,0.0790265012032853,0.854567314992942,0.204429546364878,0.459102905527961,0.0301700209339055,unstable,2
7.12981461582713,6.22083615262628,0.686639730597683,5.49802473277779,3.76535871645823,-1.90964128479256,-0.728589259754075,-1.1271281719116,0.918947664207901,0.182252998979968,0.670704775492799,0.477431946040126,0.0130198945738144,unstable,2
3.81237059705837,6.19198058744193,8.11690800271545,4.79185812126382,3.62665147402848,-1.57870661875848,-1.44598130822382,-0.60196354704618,0.232197129422567,0.467547854050279,0.278225705895693,0.0650023647222098,-0.0200051160285777,stable,2
1.72453056269473,4.45612248472058,1.16298187444982,1.95345037308328,3.36250116089804,-1.48853143892229,-0.822430712829507,-1.05153900914624,0.420992868562703,0.609485717541174,0.103858829945949,0.47980119612694,-0.0244342464587835,stable,2
1.09212362268134,9.66157610447032,9.28869248846675,6.27557415554392,3.4778395985584,-1.42869132188312,-1.13499130523973,-0.914156971435552,0.861369318750423,0.349128948183457,0.179569199546768,0.526801488892485,-0.027063540222406,stable,2
1.30164180836498,9.19300738680433,4.80432914201535,8.42207481120798,4.28284157261256,-1.42481404819969,-0.92809103132746,-1.92993649308541,0.11458957718902,0.620766643480966,0.998382493722546,0.320353908754095,0.0358262659404954,unstable,2
2.49531074136951,7.55042933498652,2.75374727240952,9.15503111912813,3.33975393961097,-1.37413056597724,-1.08402812784743,-0.881595245786302,0.637600297140551,0.872786455112048,0.849608592611271,0.882252651992059,0.0484367794400791,unstable,2
4.82215280831256,2.82990504532448,4.12904219076684,6.92734262240091,3.771533045364,-1.89348370695085,-0.549487027129741,-1.32856231128341,0.250764302700289,0.304388965340027,0.439557648527103,0.601039386115975,0.0065997267157659,unstable,2
2.97526278967949,7.62330637424656,6.96958404498183,3.01064851231417,3.44057976936921,-1.88057482578465,-1.05919367978936,-0.500811263795197,0.3887356148799,0.734499974370186,0.732900630478715,0.534581457682826,0.0463903652074711,unstable,2
3.20522841800268,8.29598354125697,3.46610376473196,5.50471898008313,3.93179837273605,-1.77863538705995,-0.884314776647964,-1.26884820902814,0.25021616865103,0.401333764552032,0.89107325893299,0.49534250759922,0.0220170016219607,unstable,2
3.65694376007697,8.63655551414286,6.17759412894655,4.4998860772579,4.08278342033291,-1.45064621497834,-1.06812648598354,-1.56401071937103,0.244679938342461,0.645080393908323,0.377654865971829,0.66578889698219,0.0343809678224679,unstable,2
3.62681976578145,3.90634033380341,9.43861272819619,2.90790106076264,3.60593168134752,-1.71236815339054,-0.716793803350476,-1.1767697246065,0.919324013135345,0.170456703041987,0.130576549589558,0.692681481824107,-0.005532469388853,stable,2
4.42175786463346,7.24307414846951,8.20377175154761,3.1329673456116,3.93314574178559,-1.56798376653378,-0.82858489013979,-1.53657708511202,0.200787232219981,0.402512087199916,0.245014333643543,0.0820970523334283,-0.025285223268523,stable,2
4.86367506934764,1.6291459332598,0.521761856063432,4.16932072022898,3.38638015904815,-1.34694669029876,-1.0063325450769,-1.03310092367249,0.652001423195329,0.546862575137017,0.882621714043871,0.21097873927236,-0.0370468098161417,stable,2
3.45594553208962,8.57265308587119,4.41792586376565,2.87158888880309,3.32010165136519,-1.97557477810072,-0.583638723518024,-0.760888149746449,0.798012299160776,0.175429751640507,0.203043523549564,0.103093005512978,-0.0157442691025995,stable,2
6.99271740523127,6.94753232190345,9.53856619064823,7.10741310105011,4.04536900886639,-1.66099096105666,-1.00642460140811,-1.37795344640162,0.102992354922374,0.367738498291564,0.950231444141129,0.135055411488679,0.0363785854702297,unstable,2
0.790359759001446,8.14578077292055,2.40256047378726,9.1710901057833,3.38629340999786,-1.10760296615983,-0.727783481350506,-1.55090696248752,0.790800774427774,0.332407750110577,0.285208518495872,0.999185109174245,-0.0023114017072703,stable,2
2.20781954513803,4.22543572920453,7.18987089775334,1.79382267312339,4.31289296782217,-1.55101111910464,-1.21073108116293,-1.5511507675546,0.145644475393381,0.26704855561607,0.569496243165703,0.216168372996378,-0.03069468985758,stable,2
2.84736536593848,1.89527741976304,5.86442161545942,7.68767197094919,3.29136466901182,-1.56700053462858,-0.740955696966953,-0.983408437416283,0.870216924599769,0.284227939931466,0.594943950146529,0.677956434552544,0.0298641100630696,unstable,2
3.75052653077428,6.48439077242397,0.88809138947503,7.36572584719533,3.16652459616131,-1.32036156367344,-0.587829835266492,-1.25833319722138,0.438913314377302,0.22676947526866,0.505945404107828,0.84086175462881,0.00359178768397,unstable,2
0.556453783995262,6.61203398831212,8.93492865749396,9.51306838072746,3.68707634141374,-1.41169901974481,-0.598890102532145,-1.67648721913678,0.0649083676181489,0.117425651143177,0.494807904680805,0.207417447956477,-0.0135230664331547,stable,2
3.67375848409684,2.53701223448197,3.28257798474906,1.98254741337417,3.40958611111609,-1.57770390763056,-0.714229517248645,-1.11765268623688,0.122706502588156,0.38776377158881,0.185207544338343,0.510558359260932,-0.0384388397434429,stable,2
0.700945119259832,8.39503821186024,2.65936457416958,9.13031050404393,3.74368569952526,-1.47050710673225,-0.597320747865993,-1.67585784492702,0.791698456407693,0.50168246556629,0.908166794925134,0.280658526390694,-0.0183057777413681,stable,2
4.31953408699099,7.42044476337652,7.03658825894956,1.75270027653687,3.8145373015597,-1.60171457238051,-0.511331561449601,-1.70149116772959,0.512400452846369,0.600101905885575,0.921136615343527,0.369905902126194,0.0502599956091865,unstable,2
0.791148661401577,8.7429270103198,3.49392267595318,5.56999535342414,3.04116876318165,-1.57564723129125,-0.848998062184045,-0.616523469706357,0.674001179082809,0.886149191283317,0.331849220192456,0.895645637073388,0.0254189344791289,unstable,2
1.41311197692126,2.9859570186451,2.56232418852899,8.42340984002064,4.14723678296664,-1.4528101894484,-0.785498572463216,-1.90892802105502,0.680429473326924,0.222717955923657,0.784731610123222,0.866934744523261,-0.0212548171666151,stable,2
3.37257152484598,2.40127546141905,9.66187505316314,4.06816691303061,4.17407687095263,-1.51846231264016,-1.08926018524095,-1.56635437307152,0.219618451741076,0.766111574674083,0.614120346550637,0.291992194747906,-0.0225556579605032,stable,2
4.88668248140953,5.14225814642009,1.58234073100793,8.87459916729196,4.00532112515091,-1.97951251942427,-0.81277412605948,-1.21303447966716,0.684000792876544,0.491906155201148,0.289923881701779,0.264487475422493,0.0048800922884967,unstable,2
0.547557718493068,5.02354209002703,9.43035324523993,2.60454439045592,4.16514532387634,-1.80547923770414,-1.63094003079645,-0.728726055375754,0.297771794033217,0.804482749700244,0.719692750667219,0.827963348428712,0.0077889025236055,unstable,2
2.29970745752415,4.30460908744935,6.58351455906919,4.75702032793621,3.93648469947298,-1.56241082746023,-0.847518216093001,-1.52655565591975,0.295711713001495,0.0931058985569561,0.510735077548149,0.313430364907518,-0.0269576763737614,stable,2
8.08084412737024,8.21146738211936,2.67908980085666,1.36634853135613,3.43275964923303,-1.60594688971888,-0.600737682762009,-1.22607507675214,0.382943188752835,0.106335123452544,0.736923282552907,0.661024979033395,-0.0313678301968181,stable,2
4.17906941381474,4.46947206005268,9.47174485113383,4.74074325175916,3.37707849935404,-1.61181070905561,-1.1237874581804,-0.641480332118028,0.53711427865988,0.286530940142559,0.647801256254822,0.452676159591214,0.0246321457486533,unstable,2
1.67490335935134,8.8463485699567,1.09352838005903,5.63063438147738,3.88421525699232,-1.40986210315806,-0.757495809048216,-1.71685734478604,0.133551837853983,0.164326443491057,0.630698965837746,0.801515141838334,-0.0398229859552999,stable,2
1.18098020418145,1.09225547256599,3.59105073180652,8.76366446446631,3.68673634428688,-1.77726581455322,-0.553410657054209,-1.35605987267945,0.819138897964397,0.81355157554709,0.818126152764299,0.745098512118068,-0.0117079532474783,stable,2
1.89506751143427,5.68346345904366,2.57173634259233,4.40393460519194,3.58242733007718,-1.6430365478327,-1.02036920579787,-0.919021576446609,0.953544576546828,0.6793068130897,0.535538294600438,0.735031206841788,0.046857691744341,unstable,2
2.87809786034271,6.14730706296422,6.74397796951743,5.0054111566405,4.02652538415024,-1.55727607493392,-0.709778384089575,-1.75947092512674,0.38499381028684,0.626162895381106,0.602750919079742,0.642425768157417,0.055112771623887,unstable,2
2.98252328200601,3.19015536147356,3.43373028560119,6.74041681904794,3.03710429022027,-1.26141511928176,-0.718133046923322,-1.05755612401519,0.2848949640693,0.449800629948768,0.439429869578615,0.307720446017911,-0.0284509353007196,stable,2
4.91697045980667,5.91942471687353,1.77958365514972,6.8495688405761,3.1220455043001,-1.34440542970599,-0.834857785402436,-0.942782289191673,0.285690897697454,0.68928573546426,0.639648761777934,0.0849057782431273,-0.0115076858988362,stable,2
0.764015214594034,8.61301293400565,5.5187875235971,9.7629221810331,2.82180570198759,-1.5064737119574,-0.636060076286248,-0.679271913743939,0.781904861394839,0.414450304191301,0.767671506050482,0.471742082579266,0.0038623090979789,unstable,2
1.45157839170854,1.52352584262736,7.920710699886,3.62575418714448,3.78271779724,-1.56665636577889,-0.93085268259726,-1.28520874886385,0.643172382349212,0.238023269387565,0.6537383055074,0.687913897037369,-0.0243018067192939,stable,2
5.18939885082806,1.94267137049247,2.07690780044849,7.94833379480996,3.38386120099038,-1.79693580645913,-0.891122139333386,-0.69580325519786,0.139811747144364,0.385303541056679,0.502564575300338,0.344151578811163,-0.0330049242267533,stable,2
5.08153385476838,5.2398701945429,3.52773093200144,8.48710926206846,3.82191478512688,-1.81460335129234,-0.761161428275565,-1.24615000555897,0.458856352249931,0.328731004105534,0.807628189021796,0.877467996277583,0.0526055307121304,unstable,2
5.53922623003029,3.41570533214045,1.08562542001585,8.63217251060633,3.82772100024034,-1.50266648515894,-0.64607290065242,-1.67898161442898,0.200581096175915,0.185149381981989,0.805406377760858,0.538732336623035,-0.0407015287053072,stable,2
5.85615264877847,5.29279922822644,4.27127839683003,8.96804267604245,3.84407871319991,-1.53068649359484,-0.769519855631084,-1.54387236397399,0.626441328798194,0.488316103583986,0.924170968108781,0.0702345899470616,0.0496432533898349,unstable,2
5.19082316400136,7.91297675232256,4.04941730164338,2.23530877177207,4.08420073388658,-1.7810984539162,-1.46064523870781,-0.842457041262567,0.192885515155052,0.462361176833509,0.852829137219023,0.0601912729979353,0.0031991484902131,unstable,2
0.745470185776439,8.04460913543123,3.02497371240571,8.38122723900887,4.29835498349236,-1.69444181482914,-1.09319103695232,-1.5107221317109,0.346003198141385,0.855564008177832,0.187179773798257,0.589838153865449,0.0228292160505504,unstable,2
2.46278746626445,5.03051356156634,8.48048417204999,2.55666219547989,3.42162700993322,-1.05427595159053,-0.89192178206949,-1.4754292762732,0.272988019543021,0.496282648450956,0.447355186905792,0.0974039362997271,-0.0198275347761645,stable,2
3.82912702199848,8.15302760991984,6.73242011665721,9.04640281411093,3.14551466544847,-1.28246073052305,-0.777495245416765,-1.08555868950866,0.7197155438605,0.262282875326418,0.588538436413484,0.569354250368837,0.0447839414082606,unstable,2
4.0025884698638,0.62579112871798,1.34260470551419,3.57209970773337,4.40701936270459,-1.90309171965721,-1.28412091682104,-1.21980672622634,0.509949128235241,0.296136844428596,0.327246303841858,0.820673773066538,-0.0269122919809798,stable,2
6.20103462335508,2.42127033782869,9.19693332637657,3.81149812183841,3.45610006386781,-1.86277724623558,-0.799393161790888,-0.793929655841342,0.264164526502875,0.522936088832718,0.927209480567238,0.547970119709676,0.0249081695012733,unstable,2
2.12201141309555,3.74660778149646,9.30850434673064,6.6369131543285,3.96605642736177,-1.3045052101295,-1.13391244057823,-1.52763877665404,0.0663957443341741,0.135743822717891,0.643370402147551,0.172650215602885,-0.0103206526645527,stable,2
7.23667157170405,3.02288136998254,1.55585936867129,1.70085739182772,3.54510667605016,-1.6594220913032,-0.575118363968772,-1.31056622077819,0.765117712854279,0.229493184130437,0.0976128833689692,0.678196661373967,-0.029730471582976,stable,2
4.71894040260689,7.1137650621676,0.518410014572542,3.00749614541127,4.06653471432079,-1.93691154389266,-0.755989276164351,-1.37363389426378,0.3477010120316,0.053773668463371,0.129511594512918,0.740412897728657,-0.0395585408310909,stable,2
3.08602004291693,9.82724970471985,4.12664982918977,6.13531526071882,3.04510232276773,-1.5508091751253,-0.920871724742895,-0.573421422899538,0.310296781458571,0.450138716327333,0.365943031494492,0.298091108623033,-0.0087857526101914,stable,2
7.19590482754218,6.25242390546844,3.66224876203549,9.48941608412343,3.98565235482215,-1.70553414735588,-0.666559061144059,-1.61355914632221,0.781401833146551,0.145292876446184,0.596984484682358,0.227853029852991,0.0250387516176525,unstable,2
3.43055485160184,7.34274599243366,1.814819136932,3.14899755382349,3.24771422755168,-1.68177133257496,-1.06432393771578,-0.501618957260938,0.149995882316277,0.141444417898883,0.376501701329511,0.613188658109343,-0.0459191635229726,stable,2
2.08370792945572,6.83046690287602,9.28242806928405,3.98078040584069,4.20040335226475,-1.58431454093178,-1.43152449159005,-1.18456431974292,0.723669424481978,0.292020224742725,0.881988619322288,0.581576896780215,0.0206371792529371,unstable,2
3.40663114061437,5.47409381419116,1.57145886819077,2.28884177030764,3.61335353426049,-1.47720769586411,-0.533616767403157,-1.60252907099322,0.697977799872252,0.904382249914655,0.855334875100187,0.287320104855149,0.0313437920188793,unstable,2
2.71067985671299,9.62345382237771,8.7998599969115,6.69358771610577,3.97474870494699,-1.53884159025006,-1.39712867917583,-1.0387784355211,0.662113567291196,0.629204956542149,0.710019707324061,0.592054568292049,0.0530349247753428,unstable,2
3.42869492229582,4.34851312701984,3.71014378948915,8.77135352315301,4.20064196675801,-1.94737048355842,-1.00501548686504,-1.24825599633455,0.874851865266017,0.705420835535256,0.554375839853945,0.730126247997424,0.0546784830471777,unstable,2
0.709986594758183,3.7597414842617,4.33255560601578,3.43654999385169,3.15085130223299,-1.28534656161345,-1.15450335790624,-0.711001382713299,0.222418561308654,0.22889623005002,0.0989955661857885,0.674134436037528,-0.0507168145728326,stable,2
0.588598244071752,5.4994455314021,5.46269226927923,1.53029791903821,3.3741181204787,-0.987191993783368,-0.881295093398029,-1.5056310332973,0.773637271154241,0.541107736656372,0.681031567491398,0.471886382387104,-0.0223331967185277,stable,2
2.008187450929,6.06422057327585,1.61506128523471,6.24397459022799,4.00938120523381,-1.8211967134807,-1.2369975436394,-0.951186948113714,0.0814200975045527,0.708307044466548,0.891721710267626,0.13292680800523,-0.0312779840995399,stable,2
2.23708814583138,6.52328992387581,2.55535885706118,4.39347193110916,4.06004835207164,-1.44829358025531,-0.850354437582637,-1.76140033423369,0.115630582423511,0.481594142759134,0.87796113644877,0.260069049221002,-0.0156705125297233,stable,2
0.859842413232336,2.32051919274069,9.44698550479795,7.93344192467129,3.35975330934122,-1.84911668480816,-1.00779589604987,-0.502840728483186,0.414466615505376,0.622190251304577,0.848209506379155,0.434796155767192,0.004204445624196,unstable,2
4.44203265540447,5.22130728403177,7.35836906817716,0.599550066534406,3.77431320374576,-1.28390148062062,-1.01854660496027,-1.47186511816487,0.605364278585571,0.0824595959018683,0.470269178680694,0.126732391371279,-0.0190567594637294,stable,2
3.2082944165321,6.30794380615748,4.84271351839555,3.43921322490087,4.2572931813559,-1.54109549540163,-1.63709969168833,-1.07909799426594,0.0601594159251638,0.226979883441618,0.774197144745408,0.0846811241907545,-0.0211719585142082,stable,2
3.28316743393515,2.01132493145699,9.26277141929537,5.41069608647231,4.31685236506531,-1.69689222989182,-0.994518257324491,-1.625441877849,0.382978778598254,0.189137961449001,0.161662727428892,0.144250826204489,-0.0397179376670462,stable,2
3.84088056123899,4.63091683642924,5.33521229351672,2.5377413175959,3.46141631636125,-1.67270203190618,-0.988604775540217,-0.80010950891485,0.627333862558457,0.35898096940303,0.884746097259555,0.544804145803001,0.0538706010963007,unstable,2
3.59613075127976,4.39548746664256,5.86003076933625,4.20222710621194,4.35955073250745,-1.62777320649585,-1.01785540197527,-1.71392212403633,0.69647129483005,0.272502756092028,0.647188336687714,0.302363241087202,0.031226520944726,unstable,2
8.61709441069495,5.93447074879018,5.27592670567667,6.04028250813959,4.27153630177028,-1.90423572819418,-0.757255732901162,-1.61004484067494,0.434579383065474,0.618602350985454,0.975896100089651,0.381909372117398,0.0693597922718661,unstable,2
1.95136320780449,1.93273667392273,2.76610615460512,3.55054500026264,3.65215821947657,-1.6558086753136,-0.889825963201851,-1.10652358096112,0.5854425557164,0.662408791298707,0.695650137195844,0.217508623050345,-0.0150506621778271,stable,2
1.54612951427753,2.75067087807637,0.544689335816819,4.14805061630446,3.67406885176249,-1.75298848431671,-0.80492170683213,-1.11615866061365,0.617605977241591,0.841253137223604,0.255178186134318,0.717685040207058,-0.0032071808655466,stable,2
2.06381166370228,5.89759010897035,4.87773303371731,7.5584328432324,3.76166263920487,-1.35979843308978,-0.836353190611908,-1.56551101550318,0.772044758388966,0.176533496582062,0.53323957663786,0.324699430570874,-0.0120211021203338,stable,2
0.654695391495211,3.99034719237576,2.69000994606776,8.40461751509474,4.56981898715721,-1.98826211685584,-1.11504853705725,-1.46650833324412,0.050888165811717,0.0540050728263392,0.851077583041042,0.377642963213237,-0.0285094137058754,stable,2
1.07126019081764,2.29207925863108,7.30483835934969,7.49413149469992,3.34850162858719,-1.74906064310044,-1.08626490168583,-0.513176083800918,0.580906926734447,0.678578463724307,0.699902680115544,0.984089819902757,0.0308549031214462,unstable,2
2.79882647790139,9.74254381186743,2.71751547440765,4.08779889738361,4.17880702973191,-1.81348703314729,-1.50806985771236,-0.857250138872256,0.234505126743552,0.322718490875234,0.442462075063443,0.288563569379367,-0.0407684999256026,stable,2
5.28853579854127,9.99583637345328,9.6849074517329,3.00242186978593,3.97554703475337,-1.76467337044774,-1.15875601984484,-1.05211764446079,0.412421606877854,0.163668151335554,0.291961486656617,0.567048037379087,-0.017165421550824,stable,2
1.93747175723341,2.85931566481861,8.8173717729719,1.15737199853103,3.62780848596155,-1.13547732089101,-1.03093834729592,-1.46139281777462,0.367748165489528,0.0951569933526474,0.706989312527562,0.320048100682261,-0.0229089496734194,stable,2
1.38631124499482,8.38354763234047,5.5811801740498,4.87672889314016,3.39548983880666,-1.10904397975947,-0.748333673873742,-1.53811218517345,0.292498041393072,0.898035312810903,0.110691870292003,0.315140278852899,0.0086098819925536,unstable,2
0.870594715469936,4.26082390493903,1.69667425653054,4.88570480025778,3.93538999472338,-1.47425859996093,-1.39074872404246,-1.07038267071999,0.685046666489925,0.477549096626616,0.885913711432116,0.326481893551059,-0.0337168096060461,stable,2
4.44903679459059,3.57720637425813,1.25939088878736,7.24552490418899,3.77491179293759,-1.70089439043421,-0.724279074024432,-1.34973832847895,0.058818785660452,0.143253225471849,0.504469104829056,0.0886827828761865,-0.0449467874231926,stable,2
6.29893121633047,5.8452538421251,0.874488646701491,6.9359180412448,3.40058674402015,-1.51250735730554,-0.505492949050025,-1.38258643766458,0.686324989792146,0.0784259443419997,0.387119453421958,0.989408653636938,0.0352315243326303,unstable,2
0.554256344041333,4.91769455722403,2.56372746617232,4.71058664461621,3.91234897357468,-1.68014089657713,-1.25092893504371,-0.981279141953844,0.125746340931873,0.469781243215533,0.260872735198118,0.728118030281751,-0.0085603822238647,stable,2
3.89503073461255,1.20119759041611,7.52946653167761,4.36909930483969,4.19044909104378,-1.99709157153949,-0.673429596487596,-1.51992792301669,0.538500049998059,0.552497717898024,0.968514976461708,0.542861068351858,0.0325730751438331,unstable,2
3.65860067681744,3.82305105165587,3.3827914387323,2.02569876483842,3.58980020283063,-1.49943186936505,-0.51787867717013,-1.57248965629545,0.767595854629587,0.188278977092961,0.154670105956115,0.257087270657477,-0.028126529775197,stable,2
0.925353962422349,4.56305760133869,9.23023921680821,4.13745176003287,3.13235411026046,-1.65134138931768,-0.736942287745874,-0.744070433196903,0.434931805301614,0.901008709023469,0.839690869751305,0.939989396647577,0.0438911446329092,unstable,2
2.08541715811183,3.5980848978131,3.12083639558017,4.68314827266812,3.91079639235284,-1.66919658240856,-0.868706572749629,-1.37289323719465,0.642666638678814,0.936577731280834,0.257985913638106,0.222177040665323,0.0078201605207843,unstable,2
4.51169381178713,1.40302182786097,4.05389783059651,9.18665876671762,3.66871566929638,-1.38874212953842,-0.763038018597697,-1.51693552116026,0.281157868758492,0.111313027543786,0.329077533900727,0.562115743504192,-0.0157541197815983,stable,2
1.79110625358081,2.57486328691745,9.46829393892313,8.87217600925962,3.26135518166958,-1.51041546491338,-0.584395511201304,-1.1665442055549,0.166010521605178,0.863893221916785,0.604161905551792,0.340939579682357,-0.0046956528985032,stable,2
0.930870765022736,2.3092799399237,3.66001935507293,8.74405426346023,3.76195285470776,-1.40160702349148,-0.911910988921171,-1.44843484229511,0.632171392209111,0.598922671080382,0.18617617764508,0.317393179983284,-0.0222737752536134,stable,2
0.50496005032399,3.99659996415768,3.15297100656538,6.60390168008327,3.80361260216029,-1.64158068578435,-1.56453256218855,-0.597499354187387,0.709080633424742,0.265774060036524,0.998247776539601,0.211351148116002,-0.0413674531635022,stable,2
4.26869959711635,1.29576408790239,5.12745982761802,0.653127557278553,3.10445059658373,-1.84738983841243,-0.521531513606396,-0.735529244564904,0.800515643535145,0.346851411477319,0.103620180523637,0.920392583550733,-0.050535376712695,stable,2
4.0800953935257,1.57034579339029,5.16696307579462,9.91075632771809,3.09128749192029,-1.38347322292029,-0.566540717163892,-1.14127355183611,0.334804084938928,0.484787867676505,0.373615604563483,0.261818792480308,-0.0492432409042955,stable,2
5.34501158935523,2.99920918875122,7.65052915621348,7.76847129503501,3.31731762139967,-1.31125189900271,-0.951724463529245,-1.05434125886771,0.0615078665475443,0.507514148550461,0.0506247378358827,0.0607682080851367,-0.0530127015257032,stable,2
2.89923726660908,4.40531242461529,3.0799007141234,5.06457516376888,3.44760105180395,-1.02302673240708,-0.941552125820424,-1.48302219357645,0.244759818205872,0.265041300259097,0.377948791337059,0.759019948092529,0.0036674669390933,unstable,2
2.73417638931522,1.07383801563103,5.58494508422031,2.25138282906661,4.24887853482436,-1.83947324583927,-1.6132188414608,-0.796186447524291,0.267771116201524,0.465762827869003,0.173627778451565,0.835479881351301,-0.0224538804556714,stable,2
1.29685863603075,2.15863014975729,1.21620774096587,5.02506662796483,3.943833369659,-1.97355724306217,-1.36244354837597,-0.607832578220859,0.14253619114952,0.814777638697479,0.356946404581824,0.200611751941425,-0.0212204436546009,stable,2
3.83775405936465,4.19347963992575,9.26135367509251,5.0432607164954,3.26678664690706,-1.45190489922317,-0.730662692544854,-1.08421905513904,0.893236556081525,0.904807498544092,0.12279887255462,0.569247163357525,0.0615431591400555,unstable,2
2.90052733188351,1.67740500193734,1.95487592881606,1.89338600548493,3.37079688042873,-1.0880846350241,-0.953969364726637,-1.32874288067799,0.860282483090253,0.470218270975549,0.149120192433129,0.349377184587644,-0.0425012362085719,stable,2
1.3559730270548,8.93418245911474,1.25236191292953,0.652026377095061,3.4387613187287,-1.95924716366705,-0.840824669349892,-0.638689485711756,0.492545057985274,0.372569637654659,0.0756054442815739,0.85005938708236,-0.0349460758325805,stable,2
5.36406365667597,0.935118042073108,1.00168056229822,6.17842417198702,3.40860459691153,-1.73133096832541,-0.74694846953121,-0.930325159054913,0.183887986226972,0.0655397641549981,0.483661666314854,0.324973778497115,-0.053125920262817,stable,2
4.17200904237819,2.86714255404051,8.34956072226558,6.07528827832736,3.90613457382408,-1.43985929907862,-0.821386114241101,-1.64488916050436,0.141875076438563,0.299229203113365,0.679781688824728,0.453613859632651,0.0147023982307355,unstable,2
1.01471173127288,1.67874602167191,6.77829733143755,4.82506726477142,3.69321619722331,-1.53599467949921,-1.22790640298376,-0.92931511474034,0.320785239556518,0.702121062060564,0.550519264955453,0.531925545706465,-0.0188638791678955,stable,2
1.64876826443424,7.92338284628681,8.18759295905108,4.90204937056426,3.35031490796332,-1.6307435077548,-1.1951725726394,-0.524398827569117,0.520862092042216,0.959567663141383,0.46178047213437,0.683393631346014,0.0492614015461835,unstable,2
1.04073099550315,9.54559203128577,9.87197984595938,8.75433199722075,3.42306115079261,-1.67395613625576,-1.00719105202537,-0.741913962511485,0.607205540596476,0.156812311564748,0.266640492247464,0.935708213118596,0.0109262597173003,unstable,2
6.28427584026243,3.54311511466495,1.82749591229998,2.5469068315118,3.57721488516497,-1.38589638590185,-0.75695489632698,-1.43436360293614,0.408418649474537,0.147150126015357,0.539641147438497,0.149939796769874,-0.0445770043293846,stable,2
6.85732085746005,0.784609131931933,3.73823137102545,3.49200656970328,4.1744646259378,-1.90937550667273,-0.544124762735155,-1.72096435652991,0.785118471872652,0.548553185299662,0.422883702804679,0.956887773939992,0.022990348599608,unstable,2
5.11478723699652,7.5401199916937,7.7534806887255,4.27625564868174,3.58471820755731,-1.71309444261029,-0.556442129561212,-1.31518163538581,0.8795518598892,0.498813296135014,0.36012211264001,0.711556322790417,0.0652469745359489,unstable,2
0.558720442812005,3.9098027707193,8.74046231063966,3.85797679800044,4.5466317829732,-1.7826042477164,-1.17291440018641,-1.59111313507039,0.127578362183265,0.324691005528381,0.815114616384534,0.675842359637551,0.0129314241186324,unstable,2
6.96948146402244,0.697082507306268,4.25514008364561,6.83261379498905,3.73412407756165,-1.92559438327411,-0.547920428482245,-1.26060926580529,0.302057167480073,0.446237810690575,0.33424903125454,0.81084356504282,0.0057350851501635,unstable,2
1.69008743234094,5.28405521235038,6.26337494454407,9.48554462000378,4.39019203237303,-1.96588611646828,-1.13784050804754,-1.28646540785721,0.459741752606361,0.18028186377683,0.393004072169198,0.364562958698327,-0.0243545981938181,stable,2
1.88655292542194,8.68769001070539,1.3390881033831,3.31997568358642,3.95729877120835,-1.20833009735332,-1.1011084124363,-1.64786026141873,0.278453553243169,0.758168829914499,0.533669411429232,0.106166927384026,-0.030269421361223,stable,2
3.73513131439342,3.38943996673999,8.47488297349507,1.52480031071332,3.34886999072806,-1.28065044280787,-0.838186163274606,-1.23003338464558,0.193190020773206,0.608710755250488,0.400193831622963,0.85088768247309,-0.0495968159337833,stable,2
0.990976819260337,3.14263906588269,1.10868157047824,1.22151396856533,3.30304110250239,-1.13592552404759,-1.09900727232865,-1.06810830612615,0.247771512034085,0.965005731146474,0.139753662385353,0.420058343665591,-0.0448295239437154,stable,2
0.51714477540761,8.18684212588981,5.72064017749752,1.61190473246833,4.29083543986373,-1.98369001639129,-0.819722515188646,-1.48742290828379,0.779429086683411,0.700936480868275,0.217920195757839,0.369533503554994,-0.0502101913847231,stable,2
2.32993606703253,8.05131749067245,1.6634568364918,4.24393810559756,3.62214455626579,-1.49332718455658,-0.715142508360127,-1.41367486334908,0.765711378159198,0.484292342749162,0.629278668727411,0.412275707938743,-0.0178401551644561,stable,2
0.57589663721032,2.89582474433469,3.80314100732708,7.49383975412804,3.41909006855653,-1.58441643614108,-0.537840307448059,-1.29683332496739,0.315474186474215,0.801444138361495,0.960380684558431,0.851314610489483,0.0355694627335654,unstable,2
2.62383121411573,7.97792920796735,5.80515148252971,6.33893569233752,4.43541294463276,-1.71677644986332,-0.812732721353834,-1.90590377341561,0.343328046849159,0.356328287464601,0.91317764598487,0.192703222652503,0.0272604977258615,unstable,2
4.67074344414771,8.30757036364597,2.97034479741639,1.49669611204664,3.85121003170581,-1.61214566908923,-1.0888895606249,-1.15017480199168,0.426989868144661,0.0584458218657819,0.603661249891472,0.967319834824156,-0.0330122201767218,stable,2
5.9849901529861,7.83382790712833,4.67035018974906,8.94152600447043,3.56226836302201,-1.50507136856203,-0.891232842722139,-1.16596415173784,0.379690361469955,0.0545422267248586,0.230356193110925,0.501272225441198,0.0001963994232722,unstable,2
1.48221376654059,3.12127256679117,5.2209198980386,1.6092882120804,4.39455677592214,-1.92454211669455,-0.881995795694413,-1.58801886353318,0.0973086415601929,0.0965988660722028,0.383333811220564,0.988508796468166,-0.0545414542918808,stable,2
1.97630569615246,6.89430391462191,9.34780582008188,5.76374565671363,3.40385989862953,-1.88029419596683,-0.589551136859949,-0.93401456580275,0.138940089940198,0.862088155809597,0.424148155223918,0.573790885668796,0.0454350142084335,unstable,2
2.04295370864732,8.51433487964175,8.17380889978696,5.46663458355881,3.78379714234363,-1.63991155082195,-0.66246875879534,-1.48141683272634,0.154128803304097,0.944485908555669,0.0532246669033612,0.499108588602657,0.0263114744193437,unstable,2
3.39229935014193,1.27482731916747,2.95494694167192,6.89475903672386,4.34951232358856,-1.66366078105983,-0.952437424983853,-1.73341411754488,0.502078873916403,0.567241981930112,0.285879732866732,0.366120104026158,-0.0258034112277708,stable,2
