tau1,tau2,tau3,tau4,p1,p2,p3,p4,g1,g2,g3,g4,stab,stabf,cluster_id
9.3040972346785,4.90252411201167,3.04754072762177,1.36935735529605,5.06781210427845,-1.94005842705193,-1.87274168559721,-1.25501199162931,0.41344056837935,0.862414076352903,0.562139050527675,0.781759910653126,-0.0059574643260369,stable,1
9.34612594367674,7.92002984757187,2.33527630767662,3.26918132842386,4.58117391713639,-1.10675268019072,-1.74707763942746,-1.72734359751821,0.836076237689777,0.713253578090513,0.161517853668334,0.515983284965043,0.0413744064662021,unstable,1
7.38317662850136,5.25317348290767,0.92451657169658,0.744899381035951,3.97610467765583,-1.42921878649353,-1.42495107828332,-1.12193481287898,0.425513660036568,0.5611657185336,0.139627347493963,0.076750679144545,-0.026877869998716,stable,1
4.35222308100356,4.95951535644772,7.12965669810187,3.80154992894169,4.27731258520936,-1.55141866270006,-1.21690465679324,-1.50898926571606,0.799212076099723,0.626340694692415,0.760878961771054,0.504879871496597,0.074753573664854,unstable,1
5.15020757152322,6.97037738335149,9.90406212069881,1.08482815456977,4.27491405755306,-1.56208863399057,-1.07971978081579,-1.6331056427467,0.690585361395691,0.68239335794254,0.808117505104733,0.481229080866883,0.0416894264810565,unstable,1
5.34140595787752,7.43879122360026,7.63658719677568,3.31298499437135,4.36683107246478,-1.87613827333384,-1.11484648877431,-1.37584631035663,0.378846094504304,0.896404340193032,0.478029595147583,0.734624620829408,0.0596550269561902,unstable,1
4.61926951420447,2.94415393355754,9.97102290267202,1.68178884195779,3.7439682057359,-1.13430772115339,-1.18131269458461,-1.4283477899979,0.367215290653648,0.0969923660876893,0.917105771422584,0.523630290638478,-0.0003615566714339,stable,1
9.03128158343362,5.50105436619242,4.79672076876771,1.10835474900228,5.04338065721232,-1.84188562717435,-1.48244462745436,-1.71905040258361,0.880337103410238,0.337439985722041,0.58695593721943,0.822864102796789,0.0117036646279851,unstable,1
4.49956953416833,4.82597508832392,0.563290827236278,0.766406706687761,4.53203165087263,-1.6384152163679,-1.8758409598653,-1.01777547463943,0.442322846737483,0.129092063733645,0.350993737472122,0.633641912992706,-0.0344467633539024,stable,1
2.95723900142198,7.98937459291486,3.8034504848481,3.53837719183596,4.56132593911753,-1.55862522221361,-1.62046347485009,-1.38223724205383,0.701205085498666,0.646816015174466,0.280255092490107,0.850290271456535,0.0310265038384077,unstable,1
7.98369659763934,5.01392464914408,8.83200107807614,1.09641361870235,4.04337985653615,-1.23944097347135,-1.77987872610779,-1.02406015695701,0.798566642559791,0.468871748876303,0.647609008091347,0.953867816023116,0.0249806946170817,unstable,1
5.27640202251348,5.93014375274808,3.82474747866434,2.93577003027309,4.12440021992325,-1.26099597170262,-1.40377292378932,-1.45963132443131,0.693814083560006,0.625105850279447,0.41277133491834,0.646784067499338,0.0541237844802887,unstable,1
6.06160137835037,9.76426957208551,1.67030194409804,2.42632592787256,4.78121801572336,-1.29507285169971,-1.84667855830892,-1.63946660571473,0.501965648446954,0.691036827880309,0.345429225404519,0.872048153861096,-0.0029644563957724,stable,1
1.03183580058891,8.84980677496971,1.76382741351139,3.2692968115527,4.6216722782333,-1.02109691298938,-1.92719787995176,-1.67337748529216,0.257257969459668,0.531583727919038,0.643608314904991,0.678749419827187,-0.0291585858071357,stable,1
5.69064844629755,5.80637560626256,6.26518990088522,1.1518431965388,5.55621559312387,-1.86652790692708,-1.7928191442114,-1.89686854198539,0.271208597900246,0.721082018301029,0.713273175930149,0.975824211763423,0.0272987419995301,unstable,1
7.52197769957477,7.03203911136965,1.00039311815348,1.92054200878093,4.48079950128176,-1.49359349726319,-1.65575911244268,-1.33144689157589,0.772430969771429,0.0884127054144116,0.869853111821399,0.434588020184485,-0.0414921905335591,stable,1
3.17135690422354,0.740372815864766,9.88027838859709,1.14891484062895,5.48282326340951,-1.98422597279085,-1.52842433492837,-1.97017295569029,0.0569417307211366,0.808285138769853,0.907384148148119,0.126883961966757,-0.0330414621334069,stable,1
6.8001644493956,1.20744966619597,4.32274491687124,1.77298870833766,4.63260799510303,-1.14752334605254,-1.59599716889022,-1.88908748016027,0.484776786919801,0.442254316408504,0.735396892594721,0.762264098903869,-0.0104703362388516,stable,1
8.30732338191463,0.869333506325271,3.68580271220721,2.66625945522479,4.54743688895954,-1.35925204332819,-1.81735524837874,-1.37082959725261,0.581015737133289,0.15807505725412,0.527870044883401,0.375293650324193,-0.0240270274866384,stable,1
2.72752024291087,8.42275928975015,5.80368948758335,0.830777792353474,4.3207218774698,-1.63028300148426,-1.87412075176525,-0.816318124220287,0.48019511904632,0.615761361860404,0.299650341644491,0.0940824440268532,-0.0113910393892816,stable,1
5.05420265993723,8.1209014485029,2.48412425038627,4.22976252657744,5.28982185183708,-1.73925497280068,-1.70981231861479,-1.84075456042161,0.192439881412085,0.260270601383816,0.580973613607679,0.608890851386168,-0.0161591766410579,stable,1
9.27648679438308,2.38425519083875,6.66181861544978,3.53341114754097,4.39436169138607,-1.29429798062395,-1.2790335153539,-1.82103019540822,0.0776149908974464,0.0648685055261431,0.810503809520545,0.523176317280656,0.0015563627179322,unstable,1
9.98289860434847,1.14693798230874,9.25856562455837,4.7276666058544,4.92340095041825,-1.61533557584604,-1.8490154099131,-1.45904996465911,0.747735402988303,0.579540043851678,0.468930431142684,0.180489547180269,0.0095445649071788,unstable,1
8.48159349184592,6.13512152691373,5.81289884054522,4.88224910352819,4.42868858361896,-1.46423283615726,-1.47687912018908,-1.48757662727262,0.91142057428779,0.561896131949673,0.517413658698037,0.864818182079555,0.0838783125128062,unstable,1
1.54186389957085,1.12072440108174,7.7777545365748,2.64132437743269,4.39099543081579,-1.38190958818675,-1.23232613824119,-1.77675970438785,0.326854787059925,0.341446212401354,0.320015666202193,0.182357402788438,-0.0496540228407839,stable,1
2.5329700589799,6.70329850372694,8.01183216693219,3.2496195615116,4.27883775538984,-1.38857668090297,-1.45813261654828,-1.43212845793859,0.555314148369817,0.786407442675658,0.513784246462741,0.169981454133722,0.0266156408783873,unstable,1
1.09976995845427,5.99841037894344,6.9901286147089,2.08308459829327,4.50263615006253,-0.894959250149107,-1.63221716993131,-1.97545972998211,0.246434896141595,0.8525003753331,0.528198084300236,0.683598652810848,0.0192766514046417,unstable,1
3.71185247265795,2.03521231827178,5.43586005135506,1.66365371537646,4.92886987919607,-1.84276469311788,-1.7720730468769,-1.31403213920129,0.944965276170042,0.771023377079607,0.850236554656089,0.714447638397295,0.0603255927080791,unstable,1
2.18827120816197,1.22166381646973,0.908972279312438,3.76855396181517,5.11909242221337,-1.4896253948475,-1.7589074471122,-1.87055958025367,0.171281738542882,0.209545433965527,0.493824892172718,0.692983878972097,-0.0448079757905784,stable,1
1.20535385157178,6.99504458298479,5.93086001679751,2.52385579328032,5.23012748826456,-1.7550473671254,-1.56792728699233,-1.90715283414683,0.861961442184024,0.202768378123748,0.848372629055938,0.739993362106383,-0.002037770807448,stable,1
6.2825949923215,9.00370788947971,2.61320787476114,3.90169947260676,4.50926162708049,-1.018220081532,-1.52602896384163,-1.96501258170686,0.40445737145801,0.990598499940495,0.544358037270816,0.2936946025695,0.0337726838134113,unstable,1
2.44994848324423,8.26217896975768,7.51461313911171,1.14705379195694,4.25958926933035,-1.91800298774142,-1.76789465753422,-0.573691624054709,0.89744520046865,0.528975167581297,0.494539978032112,0.293351470300306,-0.0042064653636824,stable,1
9.19613592877973,9.38683559321385,8.24663699012224,5.05218320832957,4.55847439946376,-1.3138442949516,-1.81506914275995,-1.42956096175221,0.183058072411151,0.823492283707702,0.605477929041387,0.271570674924712,0.0499627949701385,unstable,1
7.95114257355127,5.3969066109721,2.58602589988027,0.953997438057791,4.06992815884677,-1.91106185567747,-0.872840909687476,-1.28602539348182,0.364264718646315,0.400648271665745,0.26225971410894,0.112289649474336,-0.0302343355378839,stable,1
7.19412932926023,7.50090635002304,1.04359820446327,0.780260326858435,4.21397332695461,-1.89719114995815,-1.73273821694487,-0.584043960051588,0.175561254427284,0.0779726081863442,0.392257739180938,0.121337080739699,-0.054231386582264,stable,1
4.3822446098013,4.97230699959378,9.14135239256967,3.42642693621678,4.84414998496016,-1.45216240901357,-1.71070979863143,-1.68127777731516,0.89244631894242,0.944584738813126,0.3060885645939,0.87035504484448,0.0797941805463901,unstable,1
4.8510678546208,6.43343839710259,8.37085126499056,0.577057213252387,3.97016010318982,-1.53328243840405,-0.979517730319314,-1.45735993446646,0.976273596804333,0.764920292332779,0.390748056335608,0.293938219485522,0.0456372601814321,unstable,1
6.27249450112967,2.87329351296856,8.390792574598,3.06560269883324,4.87221362557177,-1.44297505174973,-1.88676309417208,-1.54247547964996,0.455172292948393,0.546527969095045,0.848136716255806,0.419497578130283,0.0325900749925196,unstable,1
5.41559414088228,7.32884186939868,1.88059883571856,2.71199533344093,4.98659947720554,-1.69934202744877,-1.72426677420386,-1.56299067555291,0.676422223426185,0.51341870370733,0.692913280499467,0.751074165365927,0.024726653664483,unstable,1
6.55637436034989,5.59166927385497,4.37179461759379,3.93963570307149,4.69512555241707,-1.70231792538158,-1.40655741713967,-1.58625020989582,0.540497118467124,0.261828701823791,0.0843665052493371,0.552801930058987,0.0046403235379612,unstable,1
5.32056829555283,8.71640388282399,1.53609547354227,3.67826601684057,4.49307642361718,-0.975992831861216,-1.68578734409262,-1.83129624766334,0.559361362133287,0.31492656653817,0.515460058895528,0.762985354226319,0.0024702032210025,unstable,1
0.923391489326884,4.31496755735875,6.12084544234016,1.26913044408477,4.53855588000447,-1.68244098519832,-1.41270404964493,-1.44341084516122,0.15355883624097,0.590085898726051,0.314436694440154,0.933402477970342,-0.0339758492415712,stable,1
2.34930233640493,7.46676022499631,0.560385977186868,3.66398419939007,5.08268353304526,-1.72737491643927,-1.72723653327074,-1.62807208333525,0.196556114246583,0.895618123308739,0.476498242965562,0.946786832251169,0.0090121306805527,unstable,1
6.48735299416073,9.65074871006266,3.18033360192834,1.41781418258575,4.08330467502884,-1.71322918427443,-1.0878681072603,-1.28220738349411,0.469462592005129,0.468638292650087,0.487089346111842,0.658817758996731,-0.0187199405149923,stable,1
6.52552522137581,9.50803735977465,2.10542625292185,4.6087822958591,5.65548739956901,-1.81323077776134,-1.84844238882244,-1.99381423298523,0.541402090886453,0.356416358629753,0.240625852112506,0.640548237667927,0.0161584668300016,unstable,1
5.21221558103319,2.04161852540794,0.766810595990496,2.77171999656257,4.6121571231937,-0.880846987798356,-1.94228243977999,-1.78902769561535,0.330926100483699,0.91440657021856,0.72372385947535,0.17063432012647,-0.0244916716136113,stable,1
6.2320637286511,7.42884819127533,2.50912467099287,3.46229717251254,4.54053108507089,-1.79202610576791,-0.826311366880557,-1.92219361242242,0.676690895251993,0.240395101469157,0.614767155953088,0.134572720811621,-0.0014533412358858,stable,1
7.96851025889864,7.44556875323069,7.82471978962584,5.82105966273511,4.40034357025156,-1.75619712982588,-0.90857503072113,-1.73557140970455,0.861771158243474,0.190179730383004,0.889382289363453,0.992311282229401,0.0914366643627262,unstable,1
2.77690268451332,6.09762997027894,1.60322821610743,1.13590893811194,5.02464009713143,-1.94576131378668,-1.39241019214178,-1.68646859120297,0.31430573514442,0.57168472863625,0.897028725915977,0.481863490719865,-0.05328809943722,stable,1
7.67182507803093,3.54059887241954,4.15473394912179,4.79980444629627,4.83513489530463,-1.32657190982113,-1.55925359843727,-1.94930938704623,0.601448099721313,0.172149668047284,0.300069401865295,0.135857141459339,-0.0116349862098765,stable,1
5.936028979512,1.90773163760568,9.33608120873638,1.98863955129711,4.43378202025445,-1.69212827364354,-1.3241501110856,-1.41750363552531,0.45276563093845,0.243988290386734,0.882208430566691,0.159554602387594,0.0145596279390306,unstable,1
3.44715248553576,6.3236302257295,1.73845664806153,2.91001849355524,4.28865350441158,-1.23971716857566,-1.15786379188049,-1.89107254395543,0.908763876136183,0.380288134470874,0.304712122455422,0.313603287356449,-0.0049994063698857,stable,1
7.16686270216242,3.6597238573609,5.43771091853168,3.22591754765169,4.61008857875713,-1.83759359865654,-0.833068416618905,-1.93942656348168,0.485295286959266,0.0752253341397038,0.631847766164859,0.694331485663703,0.0240230338645562,unstable,1
9.79346187284635,8.06794065654491,7.34824411004294,0.93240511673654,4.51094319641252,-1.32401554357659,-1.84432151774204,-1.34260613509389,0.415752818956177,0.281650684131009,0.299374305838695,0.905563760131366,-0.0284667690742988,stable,1
2.3260866665042,5.45507859685851,3.21228850583941,3.09419626858162,4.60236355767109,-1.30340868670972,-1.56480454923301,-1.73415032172836,0.707532106233429,0.377174072153312,0.448379957841116,0.351692201344992,-0.0098021373375511,stable,1
6.03269455016166,0.853207720148354,4.20232599374559,1.52183862412283,4.20201063510398,-1.30441758249006,-1.61272236581172,-1.2848706868022,0.494233464376037,0.461654965269411,0.75758035995236,0.702043195912689,-0.0159776511341954,stable,1
5.92648454859205,3.94910009731795,8.38532051551705,1.78121864453545,4.39784806667988,-1.62655754796477,-0.925507413832168,-1.84578310488294,0.991830608451675,0.153432481573297,0.901559493151859,0.0551308811068034,0.0521533515000497,unstable,1
4.20665332795266,2.8055116907253,6.34541983409148,0.939890486266289,4.14564961781848,-1.02798136554611,-1.76377395856782,-1.35389429370455,0.904869387836555,0.528187504844676,0.966116640168934,0.888155715862808,0.0429285573515985,unstable,1
8.63396302922749,7.9844205848375,2.8519983050206,5.03339714284871,4.61604401178682,-1.35413677000839,-1.84554111278495,-1.41636612899348,0.118837456151744,0.612041745938904,0.300713401876052,0.996915208130125,0.0370992105319932,unstable,1
4.54395694259276,1.21186016200732,5.96399803084923,0.852946503739106,3.97634805152285,-1.73366392881139,-1.31893713404858,-0.92374698866288,0.275787075529861,0.673544118750932,0.724886693140178,0.669583272978428,-0.0346404264582659,stable,1
8.05573979094013,8.62623097077124,6.5067751005456,4.94266479852593,4.7082562667096,-1.16689434744263,-1.54658070234676,-1.99478121692021,0.0933527677167708,0.374310441122339,0.632407008614042,0.165485562917402,0.0112302661206648,unstable,1
5.62769123127254,6.99741128338893,2.83175446948237,3.71156698229735,4.54417944104187,-1.45309628158777,-1.21824396502719,-1.87283919442691,0.196688029013055,0.800236702004598,0.123500525712855,0.385284347358658,0.0094424999288325,unstable,1
8.914093082156,0.591398637948802,3.40004557589769,1.32659462648843,4.55292930989724,-1.80519134501095,-1.92648827693255,-0.821249687953736,0.0919224903452117,0.431267812736253,0.368936787879257,0.104630848478549,-0.0458816055269077,stable,1
2.03785454998926,0.832228792030236,9.03966967270321,3.21721366506303,4.30107608771722,-0.913396341459081,-1.50638136996856,-1.88129837628958,0.524071278716654,0.250259796475184,0.771682198052091,0.542523843283073,-0.0192895299300022,stable,1
2.47770628929435,3.67189472559168,1.61371011409223,3.46058613879271,5.54400341996388,-1.68823076503829,-1.93113570078549,-1.9246369541401,0.783915253733494,0.489622475665645,0.276417056005171,0.687266618855871,0.0169855684325765,unstable,1
0.713953560281335,7.70164108990602,6.14043615835791,1.15300376135375,4.49866803482881,-1.99182061575743,-1.7474599985649,-0.759387420506484,0.280365922976279,0.689944131311183,0.12385576156204,0.294263391211671,-0.0395619059137888,stable,1
2.73864668626974,0.623652104497177,6.82466694212683,1.84064388585956,4.20709610697019,-1.25838664863257,-1.63071185466651,-1.31799760367111,0.999175384143268,0.148092454233289,0.912671342558021,0.858516943293123,0.0101496401453463,unstable,1
4.93450915405994,3.46528945631536,4.47113025358274,1.0367325960619,4.58536511304384,-1.41583290446682,-1.64497498504373,-1.52455722353329,0.565661659935673,0.091758118808096,0.399937502550525,0.979654289976647,-0.0372853772360155,stable,1
9.8227836314057,5.41346028944334,9.33865778726215,0.894587323298515,4.53055876318478,-1.61297885822969,-1.76107463375726,-1.15650527119783,0.0693241641178646,0.852797079326335,0.235355951487196,0.464867642517051,-0.0244765705304064,stable,1
8.27833513380275,9.41793190789748,5.82870022484449,2.88482915542431,5.3861226396678,-1.93259354500208,-1.77903292877562,-1.6744961658901,0.254880069914233,0.770618003046422,0.0757486233245593,0.862769411842983,0.0139505986796372,unstable,1
8.64290943790961,1.09050419328449,9.94350733568089,0.792266152851831,4.2670356098118,-1.10308945271716,-1.42870346038402,-1.73524269671062,0.505169630909746,0.344035751427197,0.782769426493148,0.732033883457828,-0.0102834184944758,stable,1
6.63666748991369,7.08285281320612,3.36609455893284,1.8831784790035,3.88882957788531,-1.16699653647818,-1.34849455399449,-1.37333848741264,0.993061044998785,0.0877717501744279,0.586752164822359,0.264213317352245,0.0195011543371932,unstable,1
2.84825369740381,7.55215966050171,8.81261895963419,2.68636096218467,4.61122473461572,-1.13699572574464,-1.72257852788476,-1.75165048098632,0.426021389713766,0.44297484839695,0.27046103571751,0.412515296652561,-0.0175935743112248,stable,1
5.59143609091257,2.22856967294419,9.07771391853056,2.43208480271333,4.82007644112016,-1.79892181500141,-1.32700003558689,-1.69415459053186,0.194982224497509,0.771196865327433,0.238159792802542,0.11979050409375,-0.0158816192362081,stable,1
4.25340930766995,3.5657159267062,4.11448146251252,3.74279630952673,5.32285968115852,-1.63464025103565,-1.9176115300324,-1.77060790009047,0.356987411666742,0.499529091103143,0.962065144257612,0.961324602915659,0.0827858617391456,unstable,1
1.68638231175558,8.99039988901271,5.27166882710009,3.65034115663969,5.38875438410357,-1.96902557037276,-1.85718518870778,-1.56254362502303,0.966451703162749,0.859122063673921,0.263463178627751,0.67064990107118,0.0029951869282186,unstable,1
9.06324816978824,5.66845247459547,3.61804092731702,2.23005812392158,4.57928274439224,-1.96764056076129,-1.44359517359152,-1.16804701003943,0.531829611687886,0.543283632400999,0.0814118274165341,0.219309473150667,-0.0030367375824484,stable,1
8.36386020158324,5.78490979887376,8.33596979112308,3.89240854085552,4.84317396950828,-1.75095107349651,-1.76333998413169,-1.32888291188008,0.27376632701307,0.728053579942911,0.642625194779575,0.826267146700086,0.0599522127936904,unstable,1
5.74748746259747,4.78729828803948,6.93150091827876,2.65023386084833,4.80349823418795,-1.429709672769,-1.48420013912083,-1.88958842229812,0.326667064550089,0.259238183989062,0.113216316464229,0.995170984416895,-0.01026502908182,stable,1
9.88238570897632,4.89732508363612,9.9856444769808,0.976994560741517,4.77404748185134,-1.34270568338102,-1.87893814434282,-1.5524036541275,0.479435811481775,0.725861105713355,0.0915422886870988,0.370579003803433,-0.0137717959440367,stable,1
5.81440220486092,3.0770797969835,6.6170448280184,3.18097516002535,4.48552210047907,-0.739595721898857,-1.75702922778262,-1.98889715079759,0.597081700215949,0.476929284665101,0.581495151257849,0.0884885764536215,0.0208785916922677,unstable,1
8.66573294780409,2.72836655002497,4.38157449478124,2.08675792210666,4.26679963839592,-1.48826451614783,-1.5853839589535,-1.19315116329459,0.984286899553764,0.518207110935519,0.881397336148629,0.387581268611064,0.0346714932809722,unstable,1
4.11434890510318,0.535155896768114,5.94579113450429,1.1114949299255,4.76568120548677,-1.9272217814266,-1.8545738610393,-0.983885563020874,0.967571580940376,0.670605013999079,0.511836644407345,0.51080231461191,-0.0151642678711266,stable,1
9.58927416606044,2.7314373071373,4.08928653201591,4.69948867399559,4.87725478841884,-1.44771082956799,-1.57331807525154,-1.85622588359931,0.771501467593306,0.497891053291295,0.620446144793441,0.776018529766817,0.0391811528535404,unstable,1
6.08522263028888,4.83839969331545,5.25866213495652,1.55307214280381,4.22305242246939,-1.91065288516959,-0.634620642341476,-1.67777889495832,0.910923907485726,0.971863911165543,0.400846027411243,0.789062129127049,0.0673741674480942,unstable,1
3.78686667590695,6.91352531707714,9.15917949838787,1.68291025566099,4.17331540782249,-1.13756181056626,-1.28238440619719,-1.75336919105904,0.251128026503326,0.847287866256322,0.325816582020086,0.581441321508489,0.0094504268251774,unstable,1
2.45298049061169,6.95030418327563,3.73591377495973,3.76724676672696,4.98044757919195,-1.91172595292582,-1.72502435832622,-1.34369726793991,0.581769845527796,0.841621874202162,0.297482231668268,0.303087427542418,0.0169178470686299,unstable,1
6.0657974764144,4.5647471781936,9.23967167002072,2.84152249700265,3.89056602801917,-1.24972453215707,-1.2058046659096,-1.4350368299525,0.318481504228744,0.294786551948315,0.729059825914924,0.726553463884227,0.0189639234827502,unstable,1
3.08280942691903,4.96923229551504,7.08345555911725,3.23130942350257,4.83293052063757,-1.37066342662877,-1.49016037177956,-1.97210672222924,0.0745738255602901,0.936788293906477,0.493025052386152,0.283949275384719,0.0254330825581041,unstable,1
3.48138952184735,4.9420851097553,9.9759495243109,1.71297315287364,4.55910349090621,-1.68133896572911,-1.06468445633586,-1.81308006884124,0.839301939962382,0.667081195904552,0.902796413269099,0.338021324925725,0.0264310119904522,unstable,1
8.19546817014208,0.546343992730731,5.24832774303022,5.06789552133171,4.34101505801155,-0.813397294280014,-1.79512172615412,-1.73249603757742,0.110662453886067,0.969685546790336,0.834135779791367,0.457267200905647,-0.0184826367089238,stable,1
8.55380335161776,8.84273441799085,8.49974190823282,1.85172253202538,4.69813284753563,-1.55553805482493,-1.26409634933252,-1.87849844337818,0.261315261604184,0.842959490502745,0.440633100239044,0.973309276920246,0.0253484712191741,unstable,1
6.43986674760213,7.67614541774903,7.32335421912571,3.79890975761849,4.62078420057652,-1.94358196471622,-1.2617811509599,-1.4154210849004,0.356178463707985,0.120352017804744,0.87691414054024,0.515002365001261,0.0387478143317794,unstable,1
6.01894627997947,6.38286440080092,7.48042701259223,4.18717432025723,4.70876461698553,-1.36169349547422,-1.74845033747239,-1.59862078403892,0.397052489101568,0.602866854287848,0.832829797271577,0.181451153838682,0.054602201561046,unstable,1
7.17999354958084,0.536978289653966,3.45573167881501,3.16095083807448,5.60494670606152,-1.80034949528262,-1.84719700700624,-1.95740020377266,0.235380940394372,0.35812041371963,0.497841690155002,0.103943058008063,-0.0481457692617077,stable,1
8.6231580651544,7.79401235448633,3.19830452944761,3.00483127484999,4.42676543398458,-1.50493548691034,-1.41145294635958,-1.51037700071466,0.381690264112056,0.939381248426152,0.382779597328017,0.897369094098337,0.0418128203530077,unstable,1
8.09672360124732,9.98063119196298,2.60431619817513,1.33310939027701,4.8876739803353,-1.48888096045349,-1.8887832391821,-1.51000978069971,0.30752561084101,0.929489544714514,0.59576514102172,0.56255043501091,0.0016742917666447,unstable,1
7.52904377867712,8.16057170292534,3.20468836563802,1.4905243345132,5.08779921850262,-1.93911351719112,-1.7964779763239,-1.3522077249876,0.168958323720193,0.663194028375908,0.302199776460656,0.257267845575702,-0.0136076524544356,stable,1
8.3526072976706,8.41484376106062,2.03289903883632,4.72876871908943,4.69671182660036,-1.44531526372724,-1.3862895177227,-1.86510704515042,0.290735352396694,0.731536069303429,0.498487394808596,0.978539509910498,0.0418354563962256,unstable,1
8.9447623770576,3.96109355256067,4.8046171876751,3.14490794129989,4.34366248340775,-0.678415523779788,-1.91001517681696,-1.755231782811,0.724805255958419,0.887172290329819,0.617046241780702,0.678326405469751,0.0570208604591365,unstable,1
1.68544333052806,7.65954420277844,5.0485640858896,1.74492104926946,4.98502887436061,-1.93227414973098,-1.7428650129377,-1.30988971169193,0.772147739649459,0.277497229066226,0.75817153657208,0.38586063959273,-0.0202309487576651,stable,1
0.793766736872378,0.837426089743653,1.16334782107943,2.80518302595286,5.10833387703092,-1.24306136983506,-1.94953756391553,-1.91573494328033,0.821520875147536,0.94508081325374,0.410714701815888,0.359613766890397,-0.0569145286125635,stable,1
8.830019898557,2.51168186456353,1.74335975088957,2.93255423307951,3.98969348697967,-1.16593474982069,-1.57579888360485,-1.24795985355413,0.936794487305424,0.485112257029251,0.548842861329648,0.540960408591896,-0.0118806604154116,stable,1
5.49822927523942,8.53059923913654,7.75169397846813,2.81188972447392,4.12312257072462,-1.48995022489213,-1.16168646465269,-1.4714858811798,0.322453615731217,0.0857692664533597,0.97556083591547,0.847966783700608,0.0340002613838295,unstable,1
7.88040191658263,8.28307600609189,4.29861807835539,4.83892676309139,4.5005572408394,-1.81501667263269,-1.09562377203141,-1.5899167961753,0.804421713215119,0.368417999609499,0.744832946791407,0.508037362715711,0.0609122180769657,unstable,1
0.650625031772419,4.02260009140153,6.01641982134654,3.07511548235796,4.39646634101289,-1.24848636750927,-1.69577544775776,-1.45220452574586,0.896120952657673,0.731452167565415,0.466994119053989,0.490140109535827,-0.0108927775720486,stable,1
7.2820453485602,6.03741908569818,9.81120433579573,0.891797325348412,5.02177860863088,-1.77998757237965,-1.45353355000796,-1.78825748624327,0.507725360599677,0.14788952086394,0.342698573526684,0.157767632827437,-0.0081965504160905,stable,1
2.55964224816519,6.62032886029795,5.11094708770344,4.4603949600413,5.16412116568436,-1.6174897863659,-1.84209478753207,-1.70453659178639,0.941180595402489,0.159499235061103,0.214868464778581,0.845487604245315,0.0240908072903878,unstable,1
3.59107977314013,1.24781576135901,5.03590259685112,4.0286524156998,4.22487099420722,-1.48490696195076,-1.40243608157589,-1.33752795068057,0.555194349474527,0.3035978858004,0.987572209690572,0.785954410225172,0.0601463636266573,unstable,1
7.30180725205402,7.59115867119175,7.85142527820192,2.33566767267721,4.60463061652744,-1.82894187185344,-1.48276510783223,-1.29292363684177,0.075752582438963,0.490060857111384,0.798079350206705,0.911752117958241,0.0274322776103452,unstable,1
5.44485169626642,9.16111705588007,0.622174750951096,3.28685816237541,5.08106923454317,-1.83826686594627,-1.51343161768279,-1.72937075091411,0.936575696734438,0.445675879331717,0.305011526078329,0.827669105624482,0.0234995397324203,unstable,1
8.71779675266119,2.06394995557846,5.60520226971473,1.90648267168974,4.68892453442401,-1.08185878565885,-1.88153443309142,-1.72553131567374,0.24147877251962,0.941283192146659,0.251092135519416,0.57766523868897,-0.0200865908825375,stable,1
9.21091334327889,7.98582204205507,1.91047065818642,0.508066913732188,5.36221546405528,-1.75551916999181,-1.83145293516995,-1.77524335889352,0.231480706502068,0.976338790910937,0.575755014326738,0.785628555092374,-0.0214393985748132,stable,1
9.22408043132088,5.85643095267498,1.25535498146974,0.5260610575028,4.11854998756663,-1.05642409849397,-1.06681379650363,-1.99531209256903,0.186694234524773,0.349189081533334,0.752824178856504,0.800346786051131,-0.0381598610615852,stable,1
7.54224260113942,7.2011280496971,2.79158489012449,3.0856605679923,5.00827519163179,-1.78982627877446,-1.80856327023921,-1.40988564261812,0.524244918972228,0.897338555751133,0.828618362995135,0.250052569991868,0.0443903072573129,unstable,1
4.41021510843551,8.46521147344295,5.63248602818239,0.543544691572129,4.81245950446859,-1.92216247211455,-1.53877661379853,-1.35152041855551,0.818144811384935,0.799443303351814,0.262329579233207,0.518048167799547,0.0162352139846848,unstable,1
6.4912627816204,4.41489891925304,9.21781078608313,2.92275117994181,3.98987530450445,-1.36908134350561,-1.10397518832484,-1.516818772674,0.405159722480212,0.879105616523761,0.74192379191682,0.0562514883202233,0.0403354984959856,unstable,1
7.11728885632767,4.70608763451499,7.67690016660522,4.92055037742266,4.52511228327762,-1.60852046898099,-1.71360903770203,-1.2029827765946,0.820872459853741,0.142210130658492,0.581733724017519,0.466395712525363,0.0527912848275876,unstable,1
6.72688526337414,3.4465236741242,2.39953972246051,3.59012490515774,4.4477662098258,-0.954988911021384,-1.59397514742878,-1.89880215137564,0.813716402193455,0.150831724506079,0.18492941736552,0.611000276001884,0.0111505068551331,unstable,1
5.91342540293046,7.09130138909189,1.56223484220881,2.20449473146509,4.56612292509859,-0.932599342303036,-1.63444796541604,-1.99907561737951,0.394789092049637,0.400869337595076,0.729900465882352,0.86501931421338,-0.0138301350483361,stable,1
1.14831655338246,4.91963829657764,9.05515003534369,0.648380397156964,4.08665683163346,-0.874471932446503,-1.48894119726599,-1.72324370192097,0.648502770267698,0.375239157310262,0.498850663638614,0.574548423445887,-0.0224698650357846,stable,1
4.15506526535801,3.9259909251799,3.21181209831024,3.31612882567956,5.32871445219632,-1.57437201079743,-1.78655620206178,-1.96778623933711,0.911700126774315,0.96752571132264,0.562990091341097,0.27324774579939,0.0765014619596755,unstable,1
3.69312375024655,6.30187834663983,8.22408415766504,1.72383014598073,4.70202586895437,-1.73453416839141,-1.78840959722338,-1.17908210333958,0.782525551323974,0.694675453080606,0.422831129759216,0.382270904195817,0.0289850869910305,unstable,1
1.78942787486661,8.93922746429833,2.1674518742868,1.28682552803206,4.7062524411664,-1.87295881889663,-1.7808910910213,-1.05240253124847,0.113516842783013,0.618506898423353,0.892754520961349,0.955781822215817,-0.0084579051005662,stable,1
4.0126710900013,7.73720674799481,6.10562178704724,2.02929077877619,5.2536592435942,-1.7754232704805,-1.94708596333025,-1.53115000978345,0.943381569388172,0.344156683532101,0.377020026768662,0.825396885941812,0.0271226766228233,unstable,1
4.36620912724258,7.95988719288012,1.93088465137319,2.71989073306355,4.71732857577325,-1.81337873370458,-1.60837167176283,-1.29557817030584,0.44882314456558,0.834483866071887,0.796788921906649,0.779335683363245,0.0177569428313127,unstable,1
8.82277599609864,8.0303373982029,8.38875318596291,2.07134282205383,5.05914703267274,-1.32306560337453,-1.91666892162448,-1.81941250767373,0.905805591349071,0.380945097467805,0.626416449420901,0.481123601392163,0.0514767362696666,unstable,1
5.88976259385848,0.626590166573867,2.34347060971376,2.41964354976738,4.93018563769735,-1.55430222146835,-1.38018962784029,-1.99569378838871,0.541268022969086,0.844057054426745,0.976987418025268,0.263683905838029,-0.0062443613161456,stable,1
3.89810006709403,4.1778648237597,1.80347472644581,1.02398976991789,4.44970002031013,-1.75672813072009,-1.601476085193,-1.09149580439704,0.313972669863838,0.709063130204231,0.791794845340233,0.572438583931577,-0.013881178968718,stable,1
8.51985806979504,5.70723922423851,8.02835012176981,4.32460958265188,4.27587354976838,-1.33743316980965,-1.18465667784014,-1.75378370211859,0.34053155213849,0.760425236119599,0.644271974765088,0.450740870527331,0.0561885040643722,unstable,1
4.00817911222567,4.40597206890136,2.54237967422643,2.21729963157279,4.92413348375108,-1.71372675881194,-1.57832479399809,-1.63208193094105,0.211394828465226,0.478604917681513,0.521471701143624,0.905360156330785,0.0019939721435229,unstable,1
1.77453843071529,8.80900836783383,6.57304277344823,1.00717413133679,4.39650175679351,-1.80786982006453,-1.38145980471163,-1.20717213201735,0.522203802892379,0.96097955047583,0.118504276424046,0.700140037438326,-0.0159153803933877,stable,1
0.502320629016124,5.57873694810712,4.15896278299472,3.13446876865376,5.48091144729748,-1.92595748639512,-1.71784094877623,-1.83711301212613,0.697492551723453,0.258903380724902,0.474774784638959,0.167509999648626,-0.0433673015225175,stable,1
7.12261814913307,2.55392694621111,1.27375761280924,1.852637857572,5.28891684262406,-1.4976448306824,-1.99929891530345,-1.79197309663821,0.852246371665741,0.753728264556776,0.963182126520401,0.896650862418654,-0.0239416327797274,stable,1
4.70021166972748,7.2690638765272,5.45056219014896,0.995161107245856,4.47950836390086,-1.5255211609705,-1.86952804502212,-1.08445915790824,0.204728698084287,0.426578036699966,0.779764635830168,0.175467256336963,0.0095614766372587,unstable,1
8.15550683580779,3.64222106095733,4.94423019039122,3.27835037052992,4.69578781809846,-1.07548210700267,-1.91706472670219,-1.7032409843936,0.653701128637914,0.116766644089448,0.880823262236789,0.175142090260183,0.0275683339070808,unstable,1
5.58688968305509,9.20365627212816,2.3213532887748,1.16714637346858,4.06703665303997,-1.39541488887385,-1.61591594029465,-1.05570582387147,0.950869694887536,0.979733394532165,0.611894707540658,0.199553173840874,0.0391064256405438,unstable,1
3.49567449431811,7.40167701944674,6.5628355857834,2.93999940575941,4.02183814797871,-1.38150045720891,-1.3271904245901,-1.3131472661797,0.632445741127031,0.153680835196942,0.510828067223332,0.783406461991451,0.0180677645107015,unstable,1
1.14751926294046,5.09039172340803,7.42314281677165,0.637103356677946,4.44692108353637,-1.55987217396628,-1.66716682155441,-1.21988208801568,0.897980034523581,0.408026948775361,0.594644837847288,0.294982743755874,-0.0218366721263826,stable,1
8.69290241493417,4.38877459964933,8.95702669568023,4.10927823741023,4.97731559083677,-1.80420251469994,-1.95990143554712,-1.21321164058971,0.159291275454374,0.799628315040095,0.566802814139585,0.707477304796807,0.0389906586776873,unstable,1
7.64497571907382,1.84691245804766,1.09670370982522,1.12379352992944,4.010783248485,-1.47628030013142,-1.2914452751547,-1.24305767319888,0.0622281562865793,0.483122993192216,0.776453718365339,0.36315521354386,-0.0477802074797394,stable,1
9.72344390377497,3.5516332065247,9.08833455751425,3.39821237204586,4.56383796251735,-1.76641646730219,-1.28596420809143,-1.51145728712373,0.286473774104621,0.196718800140941,0.902572792193853,0.644183920269456,0.0282243665502975,unstable,1
8.83462663758714,9.04303103871226,7.13620250035891,2.67346644409325,4.99913717201637,-1.80468659650657,-1.32166402378561,-1.87278655172419,0.15256143167518,0.117222045394208,0.442561467077143,0.405283524155887,-0.0262390688655531,stable,1
7.59708543484968,6.93815336187653,5.92732397114928,2.39323732094326,4.70465990209122,-0.929263776529173,-1.94023139830333,-1.83516472725872,0.935400485271768,0.0558728186482214,0.891320669631765,0.931596825702697,0.0567090658168615,unstable,1
2.94579345050876,1.50320989326894,8.10109067374051,3.31111943004688,4.40849624317586,-1.65294277750175,-1.33818316562338,-1.41737030005073,0.68250275127553,0.275763925843214,0.597186572009019,0.901456105912045,0.0047822333054872,unstable,1
4.01876465335535,3.99902782931041,2.0272208392816,0.558566649181396,4.40732592316578,-1.64837107561136,-1.07437272674636,-1.68458212080806,0.614539602393038,0.311397217350877,0.777014047185705,0.195940216272802,-0.0282902514410011,stable,1
9.53797733160774,2.31305856509339,9.6476057253801,1.72552977031166,4.77370048751228,-1.49861167837771,-1.49350492726943,-1.78158388186514,0.665575910550737,0.503570644548841,0.372296614084222,0.844718386616963,-0.016707103356569,stable,1
8.02294074621082,7.8328330741828,7.75535347733719,2.88448272795874,4.59216039500325,-1.85044838091851,-1.47353065151129,-1.26818136257345,0.869698119451401,0.193366354173144,0.07112374261791,0.127273982049255,0.012761668041491,unstable,1
6.28106979623638,6.08620782488062,6.30842471048518,3.0740897235478,5.10584234178099,-1.6709951022128,-1.98715494976712,-1.44769228980107,0.745444212730093,0.681917963372065,0.219912639201025,0.85934220803032,0.0607074099850598,unstable,1
3.08999508133082,4.80941154940731,7.59387444651043,1.45140996115103,4.06549458523976,-1.37136456120316,-1.0121293498641,-1.6820006741725,0.803094183057683,0.0511733580860146,0.864056021436563,0.935958565195507,-0.0043546061918804,stable,1
7.08882542517444,5.31049925114721,6.57104861038328,1.77608509344853,4.47306366598176,-1.51673110894059,-1.02771702889786,-1.92861552814331,0.151966925231356,0.389652187886753,0.172116762367565,0.4075809778474,-0.04258204580184,stable,1
4.05633207101311,7.73462792440619,6.44304274951381,4.87335021698117,4.58082799744421,-1.3401139393109,-1.49319232587859,-1.74752173225472,0.476952946063976,0.0509576716149587,0.794931179360962,0.736404702930484,0.048296395036616,unstable,1
6.47339054593992,1.78740494177485,2.95661076414945,3.20801215269953,4.48050773350307,-1.66349873992588,-1.15572803179295,-1.66128096178424,0.176612184826937,0.20210495063615,0.432520665616449,0.317911828164024,-0.0531913705940691,stable,1
2.25828223106712,2.05014308852011,7.5905015220549,1.10065301397291,4.81202728701794,-1.78632490328702,-1.63746675758177,-1.38823562614915,0.400542499551815,0.893055815531209,0.920676473633858,0.446753592561956,-0.0223519762676111,stable,1
6.14769390715091,4.74240097027521,7.93120876639029,2.23829334991071,4.69751556017494,-1.40876894945432,-1.83105809729447,-1.45768851342615,0.531641372459428,0.993833844720807,0.585196991070243,0.850592739367124,0.0608086810183933,unstable,1
8.35129140720665,9.63452078172353,6.42892445441276,0.929882232320134,4.92566502915612,-1.99536759466567,-1.07018002543914,-1.86011740905131,0.616286118098254,0.381044493533601,0.875394390126141,0.316122591660398,0.0401403772906199,unstable,1
8.66688061493376,1.03733362729381,2.19635260955025,3.15492234455638,4.69571109791941,-1.0529879851656,-1.65924813553727,-1.98347497721654,0.358247034799567,0.713290853743963,0.540601266101421,0.598990196094409,-0.0411566946923543,stable,1
6.67063472310188,4.58704645437748,3.09395289610096,2.01884031594527,4.13436528498296,-1.64418200315507,-1.4795153064982,-1.01066797532969,0.763307051648963,0.988180224296476,0.870851273239306,0.530573441869444,0.0716059470029067,unstable,1
5.8259216379305,2.05666924664081,3.84015110512723,2.75452760694236,4.42599610044914,-1.12336288047998,-1.80737562997004,-1.49525758999912,0.936519738628552,0.10045337308621,0.350045063412149,0.083053281543114,0.0003439171882478,unstable,1
6.30225439725263,8.97816768597341,7.40381204062328,4.93364829052491,4.84203673764234,-1.8709235789313,-1.45719789279928,-1.51391526591176,0.105224924346845,0.956958740982936,0.167598919785828,0.512388341193927,0.0373386463807533,unstable,1
1.94152896398307,4.81836734378289,7.58796134628233,3.00040528417447,4.97009642568576,-1.71274489807423,-1.92213885597091,-1.33521267164062,0.971270343776884,0.174897596157338,0.267608128434173,0.241552317643003,-0.0464909345465777,stable,1
3.40582579963014,7.24043728757292,2.66725638898779,3.63654516751608,4.525735400628,-1.58387708200774,-1.47484596277674,-1.46701235584352,0.354614540888249,0.111609131007721,0.1781194286321,0.416958354370829,-0.0332548532362939,stable,1
7.69228510870207,4.40340360896931,2.65222595145934,3.88849900678612,4.73604700283617,-1.99512982627208,-0.845607583965268,-1.89530959259882,0.6088870597453,0.0743472659673053,0.234894361782407,0.989824706397812,0.0150502424437015,unstable,1
7.40563837596682,5.24624258751153,3.60988369093485,1.91174551886558,4.59700046439171,-1.78235422520783,-0.824033740498812,-1.99061249868507,0.557906074791929,0.882942767498837,0.97465696675195,0.768389554805066,0.065191264293172,unstable,1
6.55351833365706,8.59406247699746,8.94618463351656,5.2921148155984,4.79004004300637,-1.61145648664294,-1.86661174144391,-1.31197181491952,0.321016137763993,0.904454495083817,0.822432332302639,0.154470257283545,0.064634060464751,unstable,1
6.35252470679563,7.08456143284676,1.32497403839707,4.7662983352343,4.42429224109606,-1.35800110335619,-1.71558629908336,-1.35070483865651,0.204472169568038,0.935724304844482,0.573792889926374,0.199007766970458,0.0074730227668199,unstable,1
5.57798076852191,3.31902988414725,2.37779932668557,1.17591896218269,4.29455175931606,-1.1679931046008,-1.51492562981147,-1.61163302490379,0.181365285300693,0.364021671601522,0.196084960117382,0.453097571151698,-0.0381067577119972,stable,1
6.85749073554082,6.85251009632695,8.57994413796361,5.605195200119,4.579465055021,-1.77165034588787,-1.65516250596637,-1.15265220316676,0.57513541616653,0.123333809107789,0.970397262460316,0.22112897288637,0.0510347196818644,unstable,1
4.42803812117795,2.63897326572003,4.22925016821053,2.28451618891633,4.61479127051086,-1.52403147161459,-1.61725087186656,-1.47350892702971,0.865218283625457,0.409225831937882,0.592652530214769,0.389884905262261,0.0371668851710816,unstable,1
0.853667967528931,3.20008209463586,2.41000011348126,2.09556543007673,5.20335711706435,-1.72113033493164,-1.78340670852525,-1.69882007360746,0.641449023522319,0.956330363212629,0.196567949807967,0.921165737331648,0.0064719989515124,unstable,1
1.1048902762618,1.32217021863401,8.4840770285672,1.31548762260978,4.89146445623335,-1.58864914263494,-1.44206832874796,-1.86074698485045,0.233475816135579,0.768377007081233,0.4791394195029,0.462267046707002,-0.039613659820655,stable,1
6.62009755633471,8.61634734848355,1.60290480952571,3.39114083980511,4.21061182186925,-1.09333684046683,-1.39732032874536,-1.71995465265706,0.564029424407471,0.616598093294401,0.265843738135709,0.796080210649985,0.0254492743770106,unstable,1
8.1836372152934,1.08821443091226,3.94284197040763,2.40505740170634,5.30790258524751,-1.75001058450767,-1.7620460303723,-1.79584597036754,0.269930075611965,0.365977020146315,0.352943608183124,0.552200999122123,-0.0328174070495896,stable,1
9.1823118024091,3.15519115507395,1.23918485196973,1.13026388919323,5.09163420664176,-1.29686581028382,-1.90103618473061,-1.89373221162733,0.590578614637211,0.852684940380844,0.535106135539904,0.865785839715414,-0.0172177267269927,stable,1
7.43493968503962,5.42601015525736,7.72556797118641,2.50480292556975,5.01773882477448,-1.89075245391689,-1.29740089581775,-1.82958547503984,0.0700739423260931,0.906837459860346,0.245705646656867,0.744040251038867,0.015906221923637,unstable,1
5.02950590070874,8.43263917663749,5.69936190012615,1.89857180347093,4.92268727247926,-1.07790033584824,-1.8718162645367,-1.97297067209432,0.559828580342019,0.282213732118373,0.45700023353482,0.349337130225653,0.0033557698542144,unstable,1
8.93977523389536,3.91260286378912,8.70827078550055,1.34194555262252,4.38586770259969,-1.0966819165273,-1.94189034125492,-1.34729544481747,0.860904182196834,0.532562781061119,0.566297155821088,0.443440629073582,0.0318433811506863,unstable,1
9.86690720458758,4.03954733220715,4.18289185176176,3.80318337403835,4.21012491826764,-1.1191428464315,-1.79065932010949,-1.30032275172665,0.249461328219702,0.169407680841485,0.23453976262139,0.489138866136414,-0.0442795976720077,stable,1
8.43552092956647,4.2165600220176,9.6009034127902,1.939440016166,4.68851216399199,-1.28801218843248,-1.41439540578017,-1.98610456977934,0.932679704418461,0.484585169326315,0.376585387602079,0.308093622933532,0.0330261717852622,unstable,1
9.68290967724409,9.89126269672941,2.3193421410116,2.63945626392317,4.60573218521556,-1.03811495513765,-1.60126770368543,-1.96634952639248,0.831904364367668,0.243579820720229,0.377335300893352,0.42323726627878,0.0058971152915309,unstable,1
5.41198593982611,1.88055932304556,4.10968135406356,1.46080792113063,4.5962070885141,-1.37250509362149,-1.71317793257484,-1.51052406231777,0.43125762570424,0.752409031382141,0.806206999724566,0.107193295712231,0.002140900909522,unstable,1
7.90650294757077,1.1903171031528,3.85640423874751,2.96891165163588,5.08466749045543,-1.46993218594254,-1.79121243718932,-1.82352286732357,0.627070119134833,0.667288927526753,0.127590207589931,0.233454180157789,-0.0187749725979709,stable,1
3.37032860319178,4.84722478777897,4.42714388941632,0.519387447788543,4.27867474034059,-0.547082656998595,-1.83222373265526,-1.89936835068673,0.841522503171854,0.476445397547318,0.116375223643269,0.291679416375144,-0.0181083912344224,stable,1
5.99395088358422,7.37023985363143,0.506481617240352,0.649900861568586,5.46060119925124,-1.86245941843216,-1.8387515190096,-1.75939026180948,0.0888618246511056,0.910878928739475,0.673066463510928,0.825260312810114,-0.0151409270112197,stable,1
4.45596112420051,5.452434288425,8.18635797489216,1.12445213392529,4.38211013474367,-1.69821911886402,-1.86828462117121,-0.815606394708436,0.842378837324898,0.903998485867017,0.792589116520602,0.373460883335968,0.0622684716822673,unstable,1
4.05865957810527,9.81128378561535,9.65996240856066,0.892843659495527,4.61990910953607,-1.6899849201115,-1.00593057660691,-1.92399361281766,0.312566106575481,0.264395188668611,0.234140916695426,0.21460910194121,-0.0402081808509889,stable,1
2.9471558531477,8.44188271604298,1.30803192676766,1.21019072127659,4.78053982767841,-1.6089220038718,-1.30360464218222,-1.86801318162439,0.270671486757228,0.288335895251344,0.563637339604998,0.212008118274306,-0.0627780494574088,stable,1
7.90171614251416,9.55341683940811,3.04416364532897,0.531582726502081,4.21473787119989,-1.86839991394944,-0.777943940687517,-1.56839401656293,0.293309103954218,0.381343970871186,0.701716190790782,0.651651994873941,-0.0300281416911682,stable,1
6.56717235347693,4.30661554978593,7.24261066476841,2.04107548462333,4.39606508274982,-1.05470210036457,-1.38324434883663,-1.95811863354862,0.146020819240244,0.117609475969682,0.184617430896139,0.760915584924389,-0.0280330983871582,stable,1
8.18673507032336,2.34892418822923,4.13798286225551,0.759759551097674,5.00600568022407,-1.70965306373731,-1.7194063576381,-1.57694625884866,0.591606340059509,0.301876561111411,0.389971513909236,0.119610120092186,-0.0261116023941834,stable,1
1.7730218216697,1.89808217677956,4.58675347450557,1.11773947175229,4.50569869634717,-1.55689101323474,-0.950918617977796,-1.99788906513463,0.561344371469785,0.160402866906003,0.912391961056807,0.48485251687462,-0.0152545239126116,stable,1
9.07713226846104,1.53637495747628,4.22637982935304,4.0500984314021,4.43519849546557,-1.34230030942968,-1.32139910078915,-1.77149908524674,0.223354148970741,0.563971488207383,0.594027310818133,0.613705260260898,-0.0162635911564067,stable,1
2.61206982471285,7.89340708317626,5.91979380587624,1.07594700048397,4.51618383643994,-1.67290452685355,-1.38549335892095,-1.45778595066544,0.950089142692309,0.599469401502468,0.220689810367001,0.605202511075239,-0.0256347224453228,stable,1
7.9081111572278,2.90552778187139,7.65594078916351,1.51872200157101,4.32869625889862,-0.774650918649393,-1.91643437631057,-1.63761096393866,0.568661104823654,0.938306634434107,0.912484793388982,0.903363844116295,0.0301696643455302,unstable,1
6.47243640518862,5.00709805760639,8.67811324241114,1.0882561504045,4.07956149427073,-1.54070727913358,-1.53840508568047,-1.00044912945668,0.857323017655252,0.0773147818488732,0.739855978970227,0.502520339087084,0.0268592903140012,unstable,1
9.23803918336148,4.60640654873095,5.2797260145244,2.06464674213367,4.64794045918632,-1.69241301369836,-1.50474322583459,-1.45078421965337,0.811049016475022,0.4140529901808,0.25350474768361,0.329614930964868,0.013593152341675,unstable,1
4.90122735023579,8.45898393421392,6.62787417821358,1.84472598073283,4.43710020771967,-1.87107272971078,-0.823127592891501,-1.74289988511739,0.493789895804758,0.139436251578846,0.478466574638584,0.82001097151776,-0.0080970369599897,stable,1
4.83180100274298,9.06698398849041,5.77461169282523,0.818081636072835,4.39184756673592,-1.09223160386864,-1.93567300362947,-1.36394295923781,0.632786839371569,0.711085640116207,0.31027829748127,0.721478623138563,0.0029909754146306,unstable,1
6.36229947838121,1.30483946980811,0.645780400720413,1.47725615870223,4.47945623614459,-1.73587289679754,-1.29431450741804,-1.44926883192901,0.346442301713524,0.884935640599749,0.0716067902104079,0.446681491082638,-0.060451689709738,stable,1
7.51913476501568,4.54548440180789,8.25418726754588,2.60673118133728,4.23959147992496,-1.8673540869707,-0.823577060974389,-1.54866033197987,0.413292698166094,0.835708810774933,0.544726160281198,0.683914166945342,0.0418527067037152,unstable,1
2.10483477087599,4.05369905579756,7.79886459892904,1.60860873044622,4.83272269385085,-0.903113320028316,-1.94544753659727,-1.98416183722526,0.656428638766423,0.11566869235637,0.255069569305743,0.63380678131685,-0.043947428424804,stable,1
7.37806611650946,9.91122953146697,5.19213829488177,2.8937952032618,4.61943455838624,-1.84973578502835,-1.42042611863002,-1.34927265472787,0.794020039630039,0.0862891491047537,0.490291448875457,0.566890078874518,0.0261422989935463,unstable,1
4.51054752967932,9.93116656685296,6.25821187733603,4.04183428144782,5.75270604246083,-1.81636807756798,-1.99673982454629,-1.93959814034656,0.863819474575614,0.330249459884546,0.802834469612411,0.499209259791851,0.0591171967195925,unstable,1
5.14462438264096,3.16402059158214,7.16508080159813,2.35011743964845,4.6181560479108,-1.58995434518551,-1.7704085346134,-1.25779316811189,0.590940334917704,0.74165243104243,0.299024990788869,0.477550964991532,0.0164711564100841,unstable,1
9.56143252705307,2.02883300122729,5.51928033237121,4.27126580215016,4.15685809660556,-0.824684118475311,-1.66377731836031,-1.66839665976994,0.492777991867984,0.275639379811191,0.474247664938783,0.433249909714403,0.0009254149192982,unstable,1
2.9597726649153,3.97225702351341,2.79529884558602,3.01614862472231,4.66637328466294,-1.86084033831236,-1.84481180400033,-0.960721142350254,0.117433356022567,0.158953056836528,0.830404884129117,0.539325467509736,-0.0286940755627048,stable,1
7.76686057436731,4.21044899399776,4.65554658708506,4.32708785308272,4.18463555637181,-1.45081125288373,-1.26420969419403,-1.46961460929405,0.0605853712937818,0.594724444556104,0.717623840959771,0.743096047916717,0.0484508984301798,unstable,1
6.86367980437843,5.50707070351484,3.14406265162318,0.78421818008119,4.36288945986008,-0.601682855255226,-1.96005599171189,-1.80115061289296,0.76301612202626,0.493304610377167,0.267503475223567,0.428824976545067,0.005220942371398,unstable,1
2.50985014834539,4.09431933707788,3.58141940716726,1.10254963534153,4.45085611970701,-1.9553003899569,-1.97585189968756,-0.519703830062551,0.398731153447024,0.703276146610457,0.952871820087708,0.461303853889261,0.0320194944140468,unstable,1
5.51996231792917,1.95808000804312,7.32823847708781,2.78981610688805,3.87808936495209,-1.36930631494697,-1.08232178972519,-1.42646126027993,0.651887912326808,0.422858245503127,0.250010374167566,0.539779406540468,-0.0050429605662614,stable,1
8.87475913855308,7.5556160784215,2.23251914079925,1.67154130294737,3.88771565666405,-0.945086939589237,-1.61055945330267,-1.33206926377214,0.516954434201418,0.564128124455676,0.0535910751269083,0.471157463746697,-0.0006914630168543,stable,1
5.46601148960664,2.6840241055064,8.39879521850031,2.59930480842816,4.37605763966788,-1.31919533903217,-1.81109292017859,-1.24576938045712,0.586157832147599,0.12203047994168,0.527035114394883,0.493076208859173,0.0040745270495529,unstable,1
1.39626694456867,4.85210690985982,1.50236922410094,0.763938377961854,4.56026168892119,-1.88888175835735,-1.89352007764212,-0.777859852921718,0.345340855162779,0.931777366229554,0.358840169590056,0.580376893406479,-0.0154745701227914,stable,1
6.78141978244478,6.58445084760439,9.39638116757091,2.795384098463,4.28563917200983,-1.24124323780952,-1.95065661412466,-1.09373932007565,0.970705525037926,0.595617133393335,0.502581894358197,0.148648934699235,0.0593406809782032,unstable,1
7.42466363742382,6.13704322956864,6.86737093143775,3.90583726160723,4.67615620223509,-1.6026638142157,-1.58943769885682,-1.48405468916257,0.593173644535368,0.542787169696278,0.424533321579623,0.772999273359061,0.0601434275231239,unstable,1
5.61857105793982,5.38492600549337,7.53149069304976,2.21883394168424,4.40287467358081,-1.43409791159136,-1.63137035189997,-1.33740641008948,0.158106954969794,0.766969712177109,0.213130634589505,0.848400337490252,0.0072559451876044,unstable,1
4.26371911392286,9.56365397611911,2.15384806163812,2.71285353265534,4.41056191071606,-1.03417349283799,-1.68356101118192,-1.69282740669615,0.875976772846658,0.358198111839803,0.208781768915544,0.29087301408906,-0.0186557518315215,stable,1
8.68660764677835,4.86486378022974,6.97191395677344,2.00860879470181,4.34716808343928,-1.2331632864197,-1.332816641618,-1.78118815540158,0.281749000206706,0.152323023431104,0.0703547668028506,0.180842925849408,-0.0421812801042112,stable,1
7.28221424284069,8.94295688311608,0.961731134471833,1.79548350653996,4.53982042674334,-1.43582788993907,-1.72323901380881,-1.38075352299546,0.670146381496006,0.112320842462743,0.361171164840568,0.265123372920093,-0.0382897036885554,stable,1
6.59497367347458,6.42671131720464,5.05572065642116,2.39538794138898,4.34357018665049,-1.15878720256937,-1.55644547187843,-1.62833751220269,0.1879747841457,0.970604625511628,0.0887519883350947,0.274650042658501,0.0115171580575496,unstable,1
0.584852693920163,6.94649332711142,2.2634105942362,2.84615935506965,4.5010442597053,-1.49852897335265,-1.0294782713822,-1.97303701497045,0.843530763782045,0.384911932173325,0.820416595076439,0.136683528991506,-0.0125920749182808,stable,1
8.16524287328614,4.613195189642,5.56290418366791,3.59304164314778,4.40075533543469,-1.12842207831949,-1.44310653662459,-1.82922672049061,0.598928487807787,0.739649994696132,0.059134162348453,0.461706874348934,0.0238844168410222,unstable,1
6.44944233908759,4.21742864086623,1.35778559228017,0.757327129587485,5.06748542394636,-1.80098302607222,-1.45091395314028,-1.81558844473386,0.729381677562295,0.647840806722734,0.258706289542399,0.61550392127718,-0.0144693482487408,stable,1
6.93623114979212,2.10984255639926,3.49956218311915,2.84863197857521,5.0606327011279,-1.67458414333115,-1.81567307681976,-1.57037548097699,0.40690032579486,0.292188655568736,0.279683698973954,0.715056401814274,-0.0296113551623926,stable,1
9.14892497490857,1.17860076593678,6.31747378312989,5.78102617285397,5.20988529014135,-1.93542351376001,-1.63154320735052,-1.64291856903082,0.72281701921727,0.652925619133904,0.871483709355247,0.988220404224274,0.0631454998371381,unstable,1
2.91891231079288,5.68313311994153,4.81890707694313,0.812227135418088,4.03481369928012,-1.34122823800478,-1.00244795752781,-1.69113750374753,0.48988934035896,0.803124199890354,0.226345158774928,0.364357089594682,-0.0066385804902987,stable,1
8.28972199261435,3.19902985940722,0.707801954449015,4.05746301936095,4.8045449146664,-1.7900963801706,-1.67882731497128,-1.33562121952452,0.184105806663069,0.974674175733633,0.564605972839804,0.944546658101206,0.0140924487716636,unstable,1
7.63949480128137,7.50680603521448,6.34910946542955,1.25688496751609,4.17662909086853,-0.668425227156479,-1.66953107638365,-1.8386727873284,0.451432919352422,0.614988078653998,0.957430614394775,0.116184247489204,0.0562841692042328,unstable,1
6.54417976329386,4.5328874041401,8.00852780698444,4.08230832008393,5.02948614834814,-1.35522282895601,-1.68625770148017,-1.98800561791196,0.49619312667196,0.360079125813231,0.438901441142347,0.725480840679077,0.0403623181547044,unstable,1
5.6384814799019,6.04547334900133,6.88329833947371,4.51955402712167,4.34076367099778,-0.923920590896858,-1.64066048711317,-1.77618259298775,0.989499820269761,0.255992005827005,0.403959453518892,0.0696150853611063,0.0373432301490573,unstable,1
8.54830585697589,6.29050881491328,3.61514541515723,2.98677199056688,4.32341415060018,-1.14238402189302,-1.91357944660804,-1.26745068209912,0.661727653575727,0.905030815200612,0.907942683796454,0.717516206568911,0.071738020023622,unstable,1
5.3696974484343,7.65602924241248,1.06121169384399,1.66097900159117,4.66223358012509,-1.88149684807458,-1.82209833151879,-0.958638400531723,0.213669068258894,0.849555526491903,0.166883128565417,0.106922561000924,-0.0076708793879355,stable,1
6.90479130311678,9.06271493485731,4.50035469160544,1.02334732895958,3.99799508641593,-1.72805699791381,-1.0666234997988,-1.20331458870332,0.0663293048774649,0.983163296692134,0.536028777134085,0.34723810252246,0.0147478103987454,unstable,1
9.89915462060248,3.52450186876308,7.51018899746259,4.70750742036103,4.56497882322141,-1.42451081566251,-1.60996172081126,-1.53050628674764,0.249005747915264,0.776226549816125,0.186914265619651,0.24706480657129,-0.0189688127001837,stable,1
8.74609343255628,7.48304511386297,4.18611087998082,2.89209327344691,4.14238909709908,-0.670425294966204,-1.67350533437654,-1.79845846775634,0.452687008722175,0.283571371293399,0.927689011948747,0.988756535650312,0.0384815735984005,unstable,1
7.27587048584521,5.9951409045566,5.70866734600364,3.81628507593069,4.35765160748296,-1.73425666105419,-1.542013985404,-1.08138096102477,0.390519487759538,0.183899260122757,0.864745151702252,0.823586912418377,0.0553672607265824,unstable,1
2.60196608837704,6.33272884370643,1.76229202378938,1.87212172330095,4.26382321090068,-1.46809266851805,-1.71638801122659,-1.07934253115604,0.314606800557803,0.332279490208286,0.0955569592412992,0.365253738025192,-0.0404424581237209,stable,1
9.55867940994272,9.85789715038207,2.42064259401005,0.506109930316452,4.32020009639338,-0.964836235709325,-1.99829599185676,-1.3570678688273,0.141480023525039,0.92713851258382,0.825433053338522,0.754607185285396,-0.0079758198951547,stable,1
4.72764472963526,2.76510269991572,8.38160253650593,2.65989112194363,5.57139170144488,-1.76489073999469,-1.96918556221535,-1.83731539923484,0.114227159427019,0.166868526245854,0.540685202026268,0.960075738558286,-0.0174646353080182,stable,1
5.22015115622882,3.34241389711126,4.43211513862886,3.51126729309417,5.05616804799033,-1.86714098657992,-1.96076384687218,-1.22826321453823,0.181547403543891,0.54934804741094,0.505752498993449,0.856310312257052,0.0351497023268435,unstable,1
7.60210772420659,9.19013058505493,1.89886363743616,5.20227978299145,4.74732953703383,-1.09443817447989,-1.8495108545174,-1.80338050803654,0.16359335114598,0.40814190550977,0.274311476649264,0.39289157790125,-0.0176438361775178,stable,1
9.30588380708551,2.31782904120492,7.14673651326367,4.83767288924255,4.46305061558287,-1.52966225581701,-1.89184527436569,-1.04154308540017,0.228275143049535,0.355440865056792,0.967172188495754,0.0557999635088106,0.0139441894791233,unstable,1
5.45779500288842,4.90581390047707,5.38514458277373,2.18562805295717,4.50594756091756,-0.709689860914787,-1.98733805263898,-1.80891964736379,0.810029491155933,0.604217227736615,0.555994939056149,0.924905176603599,0.0682856786322401,unstable,1
6.5934232358866,5.53528514018594,6.16847706532239,1.80518185393342,4.19875769351093,-1.01153724769745,-1.67542745742605,-1.51179298838743,0.209731420873813,0.310865333855995,0.623295529738962,0.520255765240773,-0.0010710977549296,stable,1
7.28064093480179,2.66634817382217,4.73935731419553,1.71994243018577,5.44662571317439,-1.78487843217996,-1.69823725950472,-1.96351002148971,0.908071756342365,0.47923109344965,0.121796110747121,0.1007472937949,0.0007983607872663,unstable,1
4.72263668440568,2.97678424188409,3.75733872844757,1.23686648152492,4.72453135758575,-1.56393606023733,-1.98906619629869,-1.17152910104973,0.823814886257624,0.975331077938661,0.107135675681541,0.26828654506048,0.0172532812767367,unstable,1
3.76983532286409,3.2382025744995,6.28047764948673,3.10535542185677,4.7197174494066,-1.04487869802188,-1.67491241965429,-1.99992633173043,0.599853479388944,0.465571049958799,0.228553442010827,0.745867231592266,0.0199330945597977,unstable,1
5.45689446997322,5.22783955664455,7.40180112388503,3.98089383202404,4.67345756639465,-1.93531605066156,-1.68999114867828,-1.04815036705481,0.402688851176487,0.0728963033483678,0.881868426154134,0.426975729783282,0.0341342224500953,unstable,1
2.86411315791579,1.83149739211259,3.04230133909622,0.619155116101156,4.6565427421133,-1.48405999971451,-1.19070370967676,-1.98177903272203,0.766259343479032,0.171281927279989,0.197863212114923,0.867660419706589,-0.0441339827323781,stable,1
2.9513973020541,4.53061454617579,3.94677839936629,1.6619862014692,3.90443050117448,-0.956300657645799,-1.19842596805727,-1.74970387547141,0.117201022302337,0.824088547618547,0.926581047689943,0.75983118996587,0.0458115557803437,unstable,1
0.570202875724237,8.73616290219007,3.81629804756746,1.13497498403029,5.05701231998163,-1.74241857923249,-1.9255554274912,-1.38903831325794,0.776971717868444,0.265364571368525,0.179789066433836,0.101793672982334,-0.0416527745349485,stable,1
5.15720793117622,2.00782346690396,8.80361911700557,2.41676663314032,5.11895032078558,-1.87120053855941,-1.26717209393015,-1.98057768829602,0.956731018131397,0.268357258173259,0.304941830290097,0.701846340797981,0.0109516866286123,unstable,1
8.78003298825606,9.37394078807625,9.23841608464726,5.11351871035356,4.81146016041138,-1.53721923885056,-1.85242126125182,-1.421819660309,0.0869720882445446,0.364687973451223,0.188611964949766,0.108742553706595,-0.0197353340660546,stable,1
4.94290802839691,3.79638576792142,8.88528744245009,1.90160154574113,4.98874208692006,-1.79511034488681,-1.82760505228568,-1.36602668974757,0.210318827172795,0.510095144029908,0.566440384398844,0.876920391583039,-0.0174276096921078,stable,1
6.62386157403967,6.84137170179059,4.21624885902427,1.81607730506635,4.58199452932365,-1.81255299712388,-1.38894196585866,-1.38049956634111,0.374776409800801,0.12769536884023,0.832619284518129,0.391101297196277,-0.0028260164418415,stable,1
7.03403860106831,9.16136370221484,6.88706108203516,3.61919165463122,5.03182958235388,-1.94147030168656,-1.81866697660628,-1.27169230406104,0.269402344949065,0.595206863416738,0.810718278223513,0.628603971073343,0.0537989634283222,unstable,1
7.29460232409653,5.99966518231806,2.15457126245921,1.68721070495576,4.18030829262323,-1.52449157334256,-1.90786363928434,-0.747953079996328,0.288426466298598,0.452218006980369,0.285422668203773,0.0930253512389888,-0.0394754295626443,stable,1
3.26284474143114,9.11649119285299,7.41677873014448,0.916167473952123,4.46427738345576,-1.6904958479729,-0.915094217258354,-1.85868731822451,0.93314796871077,0.924991750997737,0.281198935984796,0.228699948396286,0.0205858487596873,unstable,1
9.88589058503717,1.77774584547504,4.87261445017065,1.63351859490146,4.85051551149111,-1.34042152191827,-1.68249138809205,-1.82760260148079,0.178159318705435,0.365906470564618,0.305187826417086,0.431838420122261,-0.0419278525607902,stable,1
9.16256713576735,2.22755670730304,7.73093349267803,3.89013183107682,5.01640915283805,-1.87741652490486,-1.20481183959519,-1.934180788338,0.6726901874338,0.78385048323171,0.833626065206414,0.386476747411453,0.0387099080553858,unstable,1
1.87191444538141,7.04164613779001,5.26247236711151,3.77163077628112,5.4315470178899,-1.67323033934063,-1.86869684302607,-1.8896198355232,0.92766954581599,0.0942966783553606,0.250599959376906,0.479679586713527,-0.043941022684204,stable,1
1.5402503768202,1.46065430710292,0.880950207147363,1.75898710160302,4.48558351431998,-1.77635653214486,-1.92739002922571,-0.781836952949408,0.814927691902651,0.867834808155235,0.34637991760746,0.836358444289458,-0.018206817624767,stable,1
7.32695148399058,1.47631961556044,6.29700805293868,1.33035165610363,4.62957840569696,-1.72666555633621,-1.79407977350152,-1.10883307585923,0.582438150355584,0.676439437483273,0.586098067763589,0.473678601510283,-0.0109014564883958,stable,1
1.21280682837465,6.20507991423788,9.51899005609753,1.56295996089942,4.75074331540359,-1.7933244786157,-1.75766769273952,-1.19975114404837,0.0801251958492969,0.914375102690095,0.516292005511347,0.760649535177781,0.0058279331263822,unstable,1
1.46638440919869,0.885430205527088,2.50070868505992,3.40167533399371,4.54799908932778,-1.18375641804644,-1.44221096659125,-1.92203170469009,0.226979992798244,0.846107092322976,0.131334698389249,0.959027731049429,-0.0434029748242993,stable,1
0.515324737503869,3.1189909578683,4.03471405322511,2.46256388796131,4.37432001026444,-1.11838611910659,-1.37394627609737,-1.88198761506048,0.329011341483589,0.960558664623846,0.387731054466704,0.502615288770963,-0.0068640087320559,stable,1
9.34912813779223,7.85936085118056,7.93887260923074,3.6940841958988,4.36713918332009,-1.4059781685593,-1.8167118606566,-1.14444915410419,0.986215488329855,0.214227545444027,0.180821568870716,0.1335720407922,0.0320159181382621,unstable,1
4.28010571848431,0.663888308764365,4.06510644299741,3.53733125648949,4.95203281491977,-1.73686708489129,-1.36335813302705,-1.85180759700143,0.595746429885657,0.687404020002107,0.295611479003285,0.366016292945383,-0.0364297258098977,stable,1
7.30976470710955,0.678898623147351,3.12192752126688,0.974155443856504,4.43217552970071,-1.63580002782725,-1.45453497708265,-1.34184052479081,0.356805677183755,0.191537459151631,0.917209822324136,0.858202239883499,-0.0695007026766123,stable,1
2.16094187289466,4.72435537443376,1.17954508745223,1.5323104904338,4.94409738820457,-1.96025509997412,-1.65290894323406,-1.33093334499639,0.888248196425376,0.821461345847781,0.866793441526049,0.71163832408678,0.0177816128167253,unstable,1
4.57708950853659,8.97339130262887,9.62672400208399,2.99491498877634,5.05874962344398,-1.74349193525998,-1.56132235924012,-1.75393532894388,0.815523035302295,0.0882797576906311,0.844103387989217,0.576777823348197,0.0306092159347304,unstable,1
7.2568326615306,5.23467681020832,8.49996118306224,2.98025550498276,4.88880847885682,-1.44060076775199,-1.86092863812064,-1.58727907298419,0.921931305127563,0.541350301051151,0.220913858616903,0.664501495686091,0.0490431807406497,unstable,1
6.95297629378297,2.64994056528028,4.81263840513566,6.0385050830846,4.3820742053416,-1.71823222326693,-1.04522345946007,-1.6186185226146,0.891955369089597,0.97428766730282,0.765071785415763,0.270666058790655,0.0665084879914137,unstable,1
8.77755544633965,2.19905430439566,5.85692945262613,0.518072779764491,3.91018453276361,-0.947466851139872,-1.56722966461582,-1.39548801700792,0.962291481750673,0.148890300444053,0.179230904340112,0.563605042660032,-0.0119461933028308,stable,1
8.97673727925597,4.95134432418437,3.98779900141384,0.613272242750228,4.82819715070533,-1.8506131161788,-1.86583998579552,-1.11174404873101,0.996162285921751,0.242548223601048,0.516008912808311,0.523275547768065,0.0062871849171068,unstable,1
5.18101046997814,2.64199588267099,2.15800758196536,1.51307347585167,5.46659550266122,-1.85733450979479,-1.67803759752148,-1.93122339534495,0.600858146777002,0.933550992458552,0.766461113021129,0.469004579766623,0.023224273273055,unstable,1
8.77329591513602,6.99355068181834,6.09655598192645,5.16797592681424,4.72398389011938,-1.80368307949819,-1.68983673391221,-1.23046407670898,0.411747488442776,0.307638411376647,0.808707908376472,0.614782975057864,0.0576002193566797,unstable,1
2.98868937003239,9.80467155017705,1.45625791623543,0.532388142632437,4.99285076269295,-1.75715379095449,-1.33637462081456,-1.8993223509239,0.945929129803968,0.947458464371132,0.236468825884112,0.407394702733263,-0.0235323057422004,stable,1
2.6221254074965,9.62733756904754,1.75561086766911,2.1998705655549,4.39727617795462,-1.22475185691748,-1.88618225526441,-1.28634206577273,0.888722471303788,0.0640093779388501,0.425491486035131,0.49882863054829,-0.0306108746346513,stable,1
4.66854457033934,6.12601859861662,1.04562107674748,4.12594755408931,5.50651948589827,-1.80011704209666,-1.90041552760701,-1.8059869161946,0.796471159500452,0.571520878640078,0.742267116001786,0.328302298564359,0.0195353014692113,unstable,1
1.91912479323399,0.95598596955064,5.60235150039312,0.735292036993115,4.44219022092918,-1.01043622871327,-1.84645688178466,-1.58529711043125,0.527890539876491,0.621537673910733,0.340965702159333,0.359772381396859,-0.0665565115886548,stable,1
9.83567586532539,2.27147755671449,7.12051461917544,1.96690227738706,4.39734347309551,-1.65613494969443,-0.76850879535717,-1.97269972804391,0.995396180183012,0.881687188810175,0.606579284104621,0.493514035061141,0.019910445934229,unstable,1
8.91277881982153,3.73987053733463,1.07938869457829,1.39773644563941,4.18928769664132,-0.864300507661921,-1.88716859048132,-1.43781859849808,0.313422467946884,0.373940198172939,0.825384740051441,0.443001425193176,-0.0333384544619605,stable,1
8.50076705401426,2.47871972549299,6.77265599127741,2.29971168739122,4.67234733685891,-1.31687144064967,-1.53961383947182,-1.81586205673742,0.357898904882771,0.556524800073354,0.89006000515195,0.115179069548988,0.0178949359464878,unstable,1
8.33461770057223,3.63057453257099,3.08976071137307,2.61365204806024,4.37063043852646,-1.67113799965837,-1.42966035330432,-1.26983208556377,0.663731088640498,0.978523044563157,0.480444301845722,0.476203182475884,0.0254775339481074,unstable,1
2.13061260552665,7.22127464477622,2.98191800988829,2.12187710222502,4.30281972857943,-1.29155718111818,-1.78331706139414,-1.22794548606711,0.691448881393962,0.271813200666008,0.472887636821088,0.249138711333673,-0.0388981847958323,stable,1
5.71727267123937,6.04460891169038,7.02211038732906,4.64376561146267,5.31975240585987,-1.75988453558317,-1.69628058033566,-1.86358728994104,0.538245382270999,0.108119485658569,0.455755704111793,0.13060524632624,0.0030311532771105,unstable,1
9.36578671329051,2.35679536480784,6.75859322650107,0.799442125241342,5.03825872224238,-1.610352762632,-1.61186871595326,-1.81603724365712,0.805513626346524,0.876669800026049,0.727256726452636,0.950227365177396,-0.0027262004396267,stable,1
8.21585901010313,0.753517265790666,2.26981407921411,3.27450261650967,4.16920032163679,-1.03645097741159,-1.27027351436764,-1.86247582985756,0.754201968602517,0.338387800954949,0.98625927125575,0.471546935381149,-0.0149589138915148,stable,1
8.43669371655671,9.14336916616489,3.07301233942929,1.3535786629534,4.53079596152007,-0.876275322126143,-1.7945368389369,-1.85998380045703,0.243776888538061,0.95126534118593,0.325485957777584,0.0927687055188103,0.0186454965306648,unstable,1
2.10927298765755,7.07838297764391,4.9368859183636,3.92964127390952,4.68573571267939,-1.12701788577598,-1.94320991493617,-1.61550791196724,0.584600569558817,0.51127919192554,0.673299577002382,0.925832721269697,0.0544339770432839,unstable,1
4.55381225051582,9.47057288339157,4.86135518065656,3.74643820214088,4.60139173574079,-0.761672043584322,-1.93096711383886,-1.90875257831761,0.567164447090967,0.680099984814244,0.962152098441351,0.422701812209602,0.0568939373905074,unstable,1
9.0419258285357,0.745115156410541,9.11008382371863,4.67063704665448,4.35793860760513,-1.18264671543016,-1.70300858085501,-1.47228331131996,0.903154729443238,0.348441830516764,0.464309423760539,0.328959833247552,0.0270941191445242,unstable,1
7.64386688376168,1.59303236515319,3.87643334720576,3.05240374221908,4.31373602966296,-1.37361914968924,-1.78293646051403,-1.15718041945969,0.493884170867112,0.192459402452827,0.265681973058834,0.147683412418922,-0.0449857078302008,stable,1
1.67969107590218,8.79028661085114,6.61277467073612,4.07065074355563,4.6641389499833,-1.64372869899319,-1.81076259725803,-1.20964765373208,0.409010128667225,0.699830437458515,0.988857923037684,0.444622393081463,0.0484476092672465,unstable,1
6.10931089354601,2.66376516535702,8.89184062765417,4.37468755445339,4.43717520327146,-1.06170942321488,-1.5143340846966,-1.86113169535998,0.40941516058688,0.31015151538464,0.244087689078664,0.45577027398517,-0.0110446095229116,stable,1
5.6886001096777,0.851028561648785,2.82926137755227,4.00637808375035,4.47968648268139,-1.71526746350053,-1.91779369660678,-0.846625322574075,0.844391880678646,0.837768679625315,0.816841271265219,0.153790924801315,-0.0018014041026627,stable,1
8.89275997731288,6.26197506182624,1.76155562200065,1.05876921557802,4.25003312119993,-1.54966896846122,-1.50294525204115,-1.19741890069756,0.215357280918962,0.857938996258415,0.434196318238798,0.398058608254759,-0.0196225752935225,stable,1
3.02140290086542,0.57778444386106,0.894256665942189,3.68273072977865,4.67044516271283,-1.09450217919591,-1.76417541027064,-1.81176757324628,0.231743782282063,0.799303459813667,0.69861646540573,0.627996443158467,-0.0587733667912949,stable,1
7.14055156177909,9.23208427524114,1.95994538030621,4.57326208152118,4.79917498390762,-1.96693950525392,-0.914318124669371,-1.91791735398433,0.83588911457671,0.982374362388902,0.831430731228763,0.58526176013901,0.0572940226717734,unstable,1
4.58918701685265,0.59605333873647,7.84277349697278,3.12714996770163,4.97286493472478,-1.69380545764541,-1.68236946740946,-1.59669000966991,0.924140198465694,0.52075753907248,0.885283775706217,0.176833305871551,0.0216071147163917,unstable,1
2.67368502540633,1.19188920824499,8.47656696882412,1.76226630989404,4.28471334453814,-0.768924739925633,-1.68262920483049,-1.83315939978202,0.827236596841733,0.214814500637349,0.613428566501082,0.775271909824658,-0.0393796460466139,stable,1
9.80760114952206,7.79285334555275,1.48773876563351,3.07881285431095,4.58933108602645,-0.946667695364472,-1.65181435349032,-1.99084903717166,0.681062713608041,0.120275446264086,0.306333376591263,0.589344106630209,-0.016302991780885,stable,1
7.0287403804448,1.17954832452812,6.90637401379466,2.72290137120895,4.8187132224778,-1.65427595582507,-1.36554788453262,-1.79888938212011,0.0781405188910698,0.797552457866132,0.172564924236382,0.388942839423674,-0.0385074659273722,stable,1
8.03473090606962,0.957308027353161,9.95506734276646,1.40335171237281,4.93715705499313,-1.40407301261291,-1.92261481260221,-1.61046922977801,0.18903723513269,0.190819197689365,0.281543545660847,0.451780043226444,-0.0376788422806872,stable,1
7.83511621359409,7.632429270231,3.13044923977914,2.58783539934271,4.47187716574844,-1.66001483846924,-1.77793048856414,-1.03393183871506,0.425137539557397,0.682799292262675,0.509117404935798,0.3101265143636,0.0198447266374691,unstable,1
7.75644778266184,5.87937742652285,0.941872695202427,4.75580184763938,5.81412863218608,-1.86586386176035,-1.99515651150157,-1.95310825892416,0.492671094780592,0.624345134103742,0.106596212917292,0.228592564714857,0.0092079592568494,unstable,1
3.84197560517403,6.47566371526661,8.13356765536622,0.875037798977084,4.53739319737719,-1.42261139695324,-1.95764038209347,-1.15714141833048,0.360197514273213,0.543757899278934,0.723875055339602,0.232706402402398,0.0208917224491853,unstable,1
4.56349821590605,5.56920751357691,5.68200227353731,3.08784768791125,4.58960145196337,-1.99484282254521,-1.27823100475807,-1.31652762466009,0.456715351403689,0.394635074848462,0.512553156896584,0.449985562271653,0.0260424523041072,unstable,1
9.46911156996603,5.39140310322262,7.62711901368692,1.51721388328176,4.13745053896123,-1.12947856104262,-1.98311240703741,-1.0248595708812,0.508570177976228,0.342558416840207,0.643358038737684,0.134541995197553,0.0255710679374033,unstable,1
5.94214352578266,8.04373234775131,7.60146808205807,4.24023359736895,4.05573606493649,-1.13855743317693,-1.59799118832529,-1.31918744343427,0.74193387599698,0.888738455707346,0.925068873389395,0.765132855235613,0.0982049372157855,unstable,1
8.04775243523616,6.75066399045377,7.79732644795582,3.21432557962737,5.00514757206933,-1.87860124458711,-1.23613247358999,-1.89041385389223,0.193340295222455,0.16308882225952,0.965692995415408,0.683731301008164,0.0351310894072771,unstable,1
5.75293567726482,7.17337545452402,2.03454359202317,1.37473736685695,4.38222559401049,-1.78757008087497,-1.3077303567417,-1.28692515639382,0.481584643052112,0.216478359572841,0.940293905233514,0.288944299616595,-0.0267930754237451,stable,1
4.28381724681338,7.22959047755687,8.4935773049733,2.75596056447524,4.6505123400155,-1.34331111961376,-1.31424564573359,-1.99295557466815,0.902665638259948,0.791548363282841,0.402366628916452,0.304551101238988,0.0513825028293542,unstable,1
4.33115230416972,5.78317776776868,9.64866919407976,2.54278243528841,4.81483239854991,-1.37705502989659,-1.44369793727578,-1.99407943137754,0.618340465612499,0.806279134718436,0.264268271196061,0.151812832265986,0.0230006086137099,unstable,1
5.10896738746345,2.53170655182569,6.48040408516626,4.99088121600186,4.81989639734836,-1.15775193996488,-1.68573951520654,-1.97640494217694,0.905420346331993,0.163990160099148,0.659878593622878,0.423680239976564,0.0535748167075396,unstable,1
4.53542616116013,2.07347824298965,7.70451604105637,2.13574516115064,3.98853592238298,-1.44691189382349,-1.17055761576431,-1.37106641279518,0.537426958864911,0.61038437685998,0.285317915783148,0.792482359624971,-0.0161442008953772,stable,1
9.34168114264875,4.02935892933086,4.84420383975581,0.919505721265066,4.49780311535527,-1.84870335331785,-1.40347821903919,-1.24562154299823,0.817375355127042,0.799490617499698,0.349764708676565,0.57576848301176,0.0055206420728374,unstable,1
6.69492909146089,7.54433206552596,8.57342268852334,2.24641621825499,4.60162071691589,-1.62823463854893,-1.81479351769043,-1.15859256067653,0.680775816576751,0.632927770186537,0.393274493004928,0.285451895027084,0.0432976302538462,unstable,1
5.41434505654346,8.52986458501606,4.26687618928988,1.04194645082057,4.82773548766686,-1.92528724127577,-1.64013535719032,-1.26231288920077,0.947539304464917,0.139002069030065,0.181583643689898,0.329428749411114,-0.0093676107973124,stable,1
2.0141406709597,1.82351236148241,6.33348162237324,0.996371149196662,4.18787445596797,-1.25094494801275,-1.20863520152838,-1.72829430642684,0.535481146252033,0.110712006156745,0.603871175758166,0.494849854230563,-0.0377579101697495,stable,1
2.65431855823646,5.48794238276019,7.34735826986486,3.04582535195193,4.6939245882904,-1.60975888475745,-1.71438421210231,-1.36978149143064,0.839225856229071,0.328035171032399,0.775522797963112,0.118143496165249,0.0173254731389705,unstable,1
6.01547985592104,5.07022107958014,3.32370842070179,4.94171382585411,5.64291588331863,-1.81704081564428,-1.88470969741821,-1.94116537025614,0.834020259771791,0.527920020721672,0.924385393070009,0.826042455200574,0.0941502558298786,unstable,1
6.68935202925557,4.11263615845881,4.6724436245109,0.938314355042565,4.03744727390706,-0.69215244103903,-1.44024791972914,-1.90504691313889,0.835620512230649,0.478874949022991,0.779084103839011,0.104729771056029,0.0471504285630342,unstable,1
2.52998520654286,7.03687763849357,4.04329717928879,1.22460494032993,4.87738827506063,-1.81480606464724,-1.41020906424318,-1.65237314617021,0.436580740263208,0.48295680050957,0.311931772307595,0.581140976597269,-0.0332546643947843,stable,1
9.99537521090829,6.47072289750662,0.722692342724151,4.66238884258511,4.83952400519588,-1.30491614186923,-1.58796419924174,-1.94664366408491,0.0871630303470767,0.230870356935139,0.582189251017106,0.87841613391459,-0.0190995601440257,stable,1
7.06774172979408,4.98892478787475,9.37150656936294,1.17913348447519,4.45469425962696,-1.6132692337912,-1.25931257569081,-1.58211245014495,0.64504630894908,0.878737814042568,0.901644837022397,0.591502322148025,0.0506282776576702,unstable,1
5.03459145266889,2.51810909033546,3.00130658512728,4.33100753261868,4.48850532314228,-1.23605321360013,-1.55732715020175,-1.6951249593404,0.562012444357454,0.982776233297332,0.957054760229595,0.945104061383476,0.0981154793213946,unstable,1
4.5563751894241,3.45620694478253,3.71620613218813,2.55135594381373,4.00210561272092,-1.46084402350796,-1.39197811457398,-1.14928347463898,0.51295644157583,0.127143889061578,0.49401353582912,0.531637140704583,-0.0090089792042864,stable,1
8.25270264573068,2.74133026745064,2.86067633082155,3.42910377586323,5.01897758538576,-1.72684217487404,-1.5486504707801,-1.74348493973162,0.931132870369434,0.177591924153226,0.967464766091405,0.766968061944382,0.0318314325676765,unstable,1
4.87697614322277,4.71467259654054,4.57867230174321,3.73669930133541,4.46256806158237,-1.87765345356702,-1.70648821472502,-0.87842639329033,0.585392383847841,0.747717462316136,0.765990415736781,0.341544407050621,0.0700872401547736,unstable,1
7.41495040588658,1.83062539711144,4.64255414053044,1.77387202246664,4.46086709141446,-1.56926832185786,-1.6355325428592,-1.2560662266974,0.46398408917225,0.596747068529952,0.460146341005175,0.945368373073712,-0.0271925305078871,stable,1
4.34195030476454,9.8169250114477,1.68089880862207,4.50920946348583,4.97833947934852,-1.47030052598997,-1.92807349288254,-1.57996546047601,0.942590438990179,0.363261659874076,0.673576079418642,0.833115665412098,0.033682260230472,unstable,1
8.89511782628086,4.90041247231982,6.20886517471949,4.45126135105089,4.9808684051988,-1.51892244430945,-1.72805198574847,-1.73389397514088,0.777805121336724,0.935540846339351,0.426764761834454,0.894545079704309,0.083092427169837,unstable,1
9.46206981490728,3.55949945172148,3.15887858335011,4.92800785644827,4.69208333429001,-1.30070131568233,-1.70019372307116,-1.69118829553652,0.415186560445954,0.550580159035954,0.932566589176172,0.0509838560550113,-0.0167710511441733,stable,1
4.54693870315749,7.43563581607789,5.37293733242581,0.786192387894273,3.88844859484424,-1.09809983920697,-1.4047311997767,-1.38561755586057,0.759431845924703,0.0777355150103639,0.515090520740723,0.115726990546152,-0.0041451158494504,stable,1
8.50402604933447,1.06287920364377,2.60323673981105,1.49181387824095,4.3223334881344,-1.89512542461044,-1.04215946821863,-1.38504859530533,0.386012629128681,0.377970679063492,0.737806091531209,0.563130006391963,-0.0374252405849533,stable,1
9.49820835620242,9.64811931995173,3.40849347328121,2.11817261686515,4.2147394850915,-0.608424008420948,-1.79561657162165,-1.8106989050489,0.872517292547983,0.80270666708983,0.937892049713063,0.122903862767873,0.0488850854338501,unstable,1
8.58447000663549,9.34274732745603,7.93554600308525,4.92381992006294,4.7018798956832,-1.66973410708955,-1.59927054143492,-1.43287524715873,0.551465519669828,0.609002696582543,0.293051462536987,0.885244404320176,0.060551759130518,unstable,1
9.31817072804624,6.52759327885895,9.14414442412163,2.30250537708248,4.95374943781259,-1.17577556426827,-1.98988079037999,-1.78809308316433,0.51795884610486,0.417192102638514,0.923920080290299,0.0595757609731634,0.0506951753484866,unstable,1
8.30352432445585,7.20452142127135,1.66670365163346,2.0883090122118,5.03238950035432,-1.84010995729186,-1.82948806178955,-1.36279148127291,0.753942289573475,0.6531872392519,0.686197929254213,0.0642641423001152,0.0181661223360723,unstable,1
6.77532310962017,8.2156516566515,6.50775642365746,3.0376965834987,5.04090656114037,-1.68925605324886,-1.99153739449795,-1.36011311339356,0.208128314286082,0.91228661558084,0.291222044949386,0.0526142091767711,0.027690989294319,unstable,1
2.46765260745836,7.3247272569742,0.652798941997835,2.3177280904721,4.6408056655587,-0.730861258110811,-1.94594217573463,-1.96400223171326,0.751738296834963,0.751080722582055,0.590070781828533,0.706438588915672,-0.0145570076320581,stable,1
3.64401996064162,2.36862209819531,6.84334981577529,2.43134901066114,5.13071321295424,-1.71356811680067,-1.6653540056926,-1.75179109046097,0.783585652142614,0.649401302673988,0.803522912701083,0.0835124512586882,0.0259820835311278,unstable,1
5.30362305253501,7.21295907434422,0.882452972889051,4.96255948581061,4.52314241735236,-1.3275508174456,-1.88702335938116,-1.3085682405256,0.265161026322165,0.326642737979065,0.707700009665678,0.611144175765015,-0.0214711576018466,stable,1
4.22658898907831,8.92721172895223,4.10900126182357,1.92209748368594,4.4580470528575,-1.48242380284976,-0.978825964888069,-1.99679728511967,0.275305046696676,0.231993997426789,0.503475521721886,0.612852366492164,-0.0324583687640904,stable,1
7.9891675324762,7.19323877914181,5.86326263874403,3.68054973929442,4.24276619170492,-1.7143612733392,-1.14387377844099,-1.38453113992473,0.0854384224973211,0.212600053674491,0.927352292383501,0.913128930892107,0.0448170423600542,unstable,1
3.27534082167277,5.60449882372539,9.41736014918538,3.76317198944023,4.40791633193479,-1.40002694526281,-1.79620533473903,-1.21168405193295,0.0807554339118686,0.263863834626762,0.32147109092904,0.186055184070594,-0.0421048663444021,stable,1
3.92916743101788,7.93536966886614,7.75731598163713,1.49591507917619,4.55530699244715,-1.63442948018818,-1.40979715504012,-1.51108035721885,0.9138273122959,0.590545318485475,0.433201347834052,0.439304780492486,0.0272636891022633,unstable,1
7.98434122115776,5.99304859084643,0.528359510443662,3.73911138273353,5.20611788679458,-1.79017489163119,-1.51559161238279,-1.9003513827806,0.352067243454606,0.433675963398861,0.737101234309345,0.082757728634096,-0.0315745640309726,stable,1
1.29282023037636,5.63102561688836,4.26222988070664,2.17407192090001,4.65990660999298,-1.68973893164393,-1.14509626950374,-1.82507140884531,0.746795753064892,0.681222517319291,0.685749268923523,0.0735223109753989,0.0006077719657425,unstable,1
2.75475591855712,4.88474515728158,9.69503063408153,1.06860919296383,4.39978270240536,-0.806637766092108,-1.94790602937915,-1.6452389069341,0.536843925503086,0.909171697807665,0.471013944531757,0.877980514107386,-0.0181576211578419,stable,1
2.5881121670282,7.98219415487689,5.91155435907065,2.1054695148987,4.5314597664124,-1.95185121479677,-1.96709894942299,-0.612509602192638,0.464405047885696,0.870956559961362,0.680695748508059,0.415865910435434,0.0356872156593704,unstable,1
8.47505565937873,5.37205802895067,1.05545209823594,4.06554961536137,4.98534210565073,-1.10961522917717,-1.93477017945067,-1.94095669702289,0.625866407689588,0.158245936338929,0.382495589605595,0.633974245811406,-0.0085104450276959,stable,1
9.47141115639337,2.66858240585045,8.25551062996204,0.827947382486041,4.48781511536935,-1.44741587017903,-1.12798230621844,-1.91241693897188,0.652743185308743,0.749218183631286,0.197049466979135,0.866665645142263,-0.0458997444256151,stable,1
9.71321510748868,2.84823737794752,1.85845971286938,3.75623199565804,4.3341004088897,-0.601412734195741,-1.80006096356151,-1.93262671113245,0.386926878279884,0.331908052449563,0.893295493341151,0.702531312251441,-0.0425735114668192,stable,1
9.82748773665776,2.22611000337894,0.825990544967749,0.84564436790389,4.28157983591586,-0.560253178137669,-1.82507868538751,-1.89624797239068,0.74263823278036,0.247471649878275,0.825657387655708,0.612913678374632,-0.0468882031940826,stable,1
8.24588567443693,8.36326789522286,8.55797440495584,2.26709678784912,4.63465950382127,-1.79839420054153,-1.80028461202412,-1.03598069125562,0.27868954939886,0.754627971801356,0.883108536949987,0.721194015895618,0.0522839855799739,unstable,1
1.98269721112815,1.42530956578497,0.847676090190071,3.66541307486794,4.43109169074999,-1.67711189165262,-1.77648777007415,-0.977492029023217,0.881786344174773,0.914564721106363,0.757331620248519,0.550543040165416,-0.0023672028220527,stable,1
8.15913784617268,3.64949606985489,5.88343190328085,2.40149111168223,4.31236696010384,-1.32578536744829,-1.9206859668619,-1.06589562579365,0.659618594397204,0.483859330209871,0.405977006841429,0.445111854898672,0.017818331222299,unstable,1
5.64745513272447,9.8628641277766,3.7450381846554,1.04048642281033,4.93531469510912,-1.79592900347621,-1.79742710745828,-1.34195858417463,0.715061769847356,0.945801376822439,0.14499438580529,0.548885768021271,0.0182351499373045,unstable,1
8.9688180150212,3.68183543708079,8.7072421194192,1.76036710351747,4.28057451698854,-1.13634676350424,-1.68596387402388,-1.45826387946042,0.856406678153962,0.150677462031615,0.504512470979235,0.824609005418411,0.0171647945939515,unstable,1
2.28286530521594,3.72021749715402,3.69103655717004,2.83771269567251,4.68164541326727,-1.99398467352346,-0.74970802859877,-1.93795271114504,0.882048427218156,0.763892726366619,0.45464252773005,0.388422854102134,0.0416094016388292,unstable,1
9.04124259631233,9.34121818816384,5.00974416593488,2.82430273577425,4.80241659598437,-1.80167776208858,-1.66478848258257,-1.33595035131322,0.158587701729598,0.652077467996657,0.808458446274699,0.0874777532194182,0.0248831932970504,unstable,1
1.99619357933272,0.620639639483881,5.25380926506886,1.95621063159863,4.98291945495028,-1.83549316074289,-1.58843506736282,-1.55899122684457,0.309017970778374,0.881323848208626,0.968380268978237,0.545484203644087,-0.0278625018767172,stable,1
6.04453451718064,6.35792394643525,2.84125398469003,2.74550410219646,4.36392322132925,-1.73331675816462,-1.31285662791037,-1.31774983525426,0.799695962019568,0.453090849563371,0.98067503501761,0.360487860384465,0.0484056006618626,unstable,1
4.86005926163177,1.69804976789993,8.49179958082794,0.958621925790177,4.9402117772857,-1.92047608158335,-1.60316378262845,-1.4165719130739,0.521854539505695,0.604545770982255,0.155934404416275,0.334457657562764,-0.0443255640334078,stable,1
2.77344781873747,0.62244051736613,4.5619373522143,0.700198925735708,4.8113843379504,-1.35399542913703,-1.93595057101377,-1.5214383377996,0.209792800919156,0.473838122112941,0.141949264154293,0.81241912361457,-0.042291532122017,stable,1
1.37747458645622,8.38972532405558,9.44888503169767,1.45954421847555,4.1575405353693,-1.15137569213848,-1.18435692145132,-1.8218079217795,0.12960495059023,0.935200547594712,0.302275196685712,0.843426818592144,-0.0012369711172297,stable,1
8.85565346217794,1.39826088442284,5.27343176271067,2.81075911829325,4.77728711117862,-1.48845533370965,-1.65841560293068,-1.63041617453829,0.952096998199044,0.96537493451957,0.366814313923724,0.253950022068479,-0.0054758989192508,stable,1
8.82183712856896,8.59169970482104,3.75268087894553,4.08095306305125,4.87882632616624,-1.49462282371765,-1.74098472286356,-1.64321877958503,0.16779644434763,0.673848007920673,0.676406515031647,0.743382202764312,0.0361203768163151,unstable,1
9.46802985186607,4.50277979727737,9.34732021040928,1.17658043408802,5.18132534374731,-1.36391062590223,-1.98769029001511,-1.82972442782997,0.988920365554705,0.354826965477373,0.938010061740476,0.191361761665655,0.057557918792281,unstable,1
5.01023377848497,3.92108905028852,6.07435943586702,1.93213972962836,4.54250251714761,-1.62275717778582,-0.927827108624112,-1.99191823073768,0.879939237192515,0.734866659326239,0.894380954975467,0.221382777789101,0.0745961690589161,unstable,1
5.975978671835,7.24489421683652,6.90171380492543,2.14683132360935,4.55616365574128,-1.81356690754732,-1.60201849581017,-1.14057825238379,0.116260977120709,0.0901579075050773,0.620203144709552,0.367667686839433,-0.0245558753790626,stable,1
0.872572375454253,5.07216495246318,6.57406745974689,4.21241047703882,4.65468212830197,-1.71780010761844,-1.81010435271292,-1.12677766797061,0.878356162607237,0.697139211361703,0.974731572637064,0.736155170283784,0.0519947203046551,unstable,1
1.19434373745624,8.76551003943709,8.82032567418255,1.50002156117068,4.38330864252787,-1.64350853196346,-1.81128804636599,-0.928512064198416,0.810429381058074,0.664891521292521,0.937565511034201,0.0934142964788561,0.0184916304759207,unstable,1
7.23885287138787,7.37925840270629,8.3137433170999,3.01776401740151,4.95415517333649,-1.59952525634473,-1.79093067858043,-1.56369923841133,0.688898588151548,0.578436221049278,0.249720434866931,0.524188647408702,0.0417213704668427,unstable,1
2.50300332268768,7.68157616139782,5.5332006537997,1.25371761993077,4.54621148943639,-1.41909713780574,-1.15234531265304,-1.97476903897761,0.292140272194014,0.843098886280784,0.433652083280252,0.426952045425619,0.0072580309583562,unstable,1
5.1688949160245,1.24414321324567,6.64618635101159,4.30187075612595,4.42120100576688,-1.66282342909522,-1.63721511292704,-1.12116246374462,0.604318269094569,0.258101504595419,0.0724397699490073,0.841567335779831,0.007983167960037,unstable,1
2.03308207872009,9.93910887702986,5.73731757907106,1.5052680986325,5.04081233571582,-1.95516585127951,-1.73473280090624,-1.35091368353007,0.329567630836348,0.935302785799516,0.704266081589296,0.701766255711044,0.0100591990633601,unstable,1
5.290627655098,8.19124778673258,5.45776325573337,1.51196985162117,4.47216420271177,-1.45471434048566,-1.82072207643802,-1.19672778578809,0.772863644410355,0.134346736204752,0.996662590299587,0.189377136049402,0.0438854587907228,unstable,1
5.90000375279815,1.99679752753518,3.01835064244391,4.62711180482331,4.5553260029576,-1.48095708068539,-1.65315285747501,-1.4212160647972,0.397884876934522,0.708678628343085,0.983959075578818,0.351867019101465,0.0243933673573054,unstable,1
8.93717575571042,5.12645552262282,6.43292852200238,5.32739289048432,4.46794530478451,-1.48032031030467,-1.20517370607947,-1.78245128840037,0.290059171376138,0.557496647415389,0.628127789507387,0.505291067246506,0.0479370969178504,unstable,1
4.61090787994735,4.57228207075307,3.43074180530197,1.87677613925876,4.53465172305931,-1.89978698869096,-0.796326132664771,-1.83853860170358,0.548145542204191,0.359940494447928,0.288401020797286,0.868183991509506,0.0015391681445181,unstable,1
9.73823406247386,8.95362346974044,8.51930576375223,0.63677729669417,4.85396222520524,-1.63051573194385,-1.89981841005505,-1.32362808320634,0.189887409819186,0.47268003027998,0.244793471649423,0.255304650829904,-0.0106430912943189,stable,1
8.37618637255136,3.60944846935285,0.956806046173163,2.49190816060872,5.09162296526053,-1.72600912498856,-1.62739047818136,-1.73822336209061,0.0952635880457913,0.344695112788568,0.34247346627273,0.949120904465932,-0.0163402583555322,stable,1
4.26210628231674,8.06178551295223,3.29769591448323,1.67019138624399,4.15491691652377,-1.65399949628976,-1.58209260225579,-0.918824817978218,0.236548517866218,0.0861851128401258,0.245238523001658,0.767794744893874,-0.0543887547551724,stable,1
4.81382786541067,9.01967497496394,1.78566176581329,2.59791999972395,4.31994274555012,-1.48785975502268,-1.81967346183313,-1.01240952869431,0.716356215444241,0.740502813977265,0.780408281619414,0.220789257194902,0.0050478950324226,unstable,1
2.65711159693919,1.52570574094434,3.45215174248465,1.71753239274448,5.00225522758638,-1.53921606371022,-1.76230793137799,-1.70073123249817,0.515739389967262,0.138687363761745,0.69339270830736,0.947496869042376,-0.0057854134113824,stable,1
5.33808919740395,8.19062519431831,2.46672449358257,3.36197262150579,4.61454415563103,-1.89995284643987,-0.86044856126518,-1.85414274792598,0.30526503903384,0.830185669486956,0.506511184615242,0.242882370270594,0.0129651900689469,unstable,1
9.02310528421139,1.47190107087197,2.1808661920985,1.53078416795774,4.00985273172108,-1.59523304687567,-1.11867831839274,-1.29594136645267,0.668006841179294,0.188569873006997,0.704832835567133,0.881212696264911,-0.0163719170484264,stable,1
5.8670177324513,2.71072623657355,6.32388886839154,0.734043467863021,4.11372506961246,-1.43027549215143,-1.46996439468309,-1.21348518277794,0.512604070070541,0.611159311440758,0.113279510343564,0.0755260419463878,-0.0322108036326765,stable,1
1.64401389895768,5.39314764643237,5.20332647294293,3.80045793081191,4.89513478065234,-1.46712061627819,-1.89486848813153,-1.53314567624262,0.428635666458413,0.435336172960617,0.0884580336192425,0.184390579300945,-0.0587358518032695,stable,1
1.97473825279577,9.23796091573329,7.59860090306045,0.536694231741258,4.49853548066248,-1.95962947639159,-1.16471560306421,-1.37419040120668,0.468102495329869,0.932264693778207,0.825764101557905,0.226826575875519,0.033659595673942,unstable,1
5.72431937579908,4.77872787499317,1.13035826065792,2.36975090975105,4.14349827202619,-1.78546898695233,-1.1458777369817,-1.21215154809216,0.554519417887648,0.665348608731345,0.511607713742644,0.171890154458716,-0.0072256755248551,stable,1
3.01700364512271,6.35114680435535,2.29369105380519,2.35428369283135,4.33777702927919,-1.12874942552323,-1.52619314675165,-1.68283445700431,0.507860776518517,0.644874756687287,0.961823948803903,0.437882823733869,0.0159725512152957,unstable,1
5.55709812765063,5.044367836315,4.37838837112576,2.55848167738079,4.79853286744673,-1.55318380991445,-1.30943800411015,-1.93591105342213,0.928746892766041,0.3115890922537,0.065800612250733,0.275813538695688,0.0109637866421596,unstable,1
6.30763765467349,9.07933070049635,6.9403087136184,3.41755850806159,5.14760863986419,-1.44445872359661,-1.93654571076246,-1.76660420550512,0.141214316986671,0.370874639175468,0.497691935344028,0.194546883513978,0.0012739221918228,unstable,1
3.05966872700837,2.8786779564468,2.94936426912025,0.671544218769693,4.11013788577079,-1.29900124292219,-0.817755873347027,-1.99338076950157,0.272016468710431,0.147203665600214,0.375818168909207,0.902886382436516,-0.0481774462797681,stable,1
7.04467178202672,1.22896623734959,3.621148802275,2.2158917634662,3.91051581911522,-1.30934866356667,-1.2571332133746,-1.34403394217395,0.197235365065306,0.465074506768116,0.758667038679784,0.518150719944848,-0.0384550778588252,stable,1
5.89854521169345,0.659530060637323,6.22379324077035,3.84782871683636,4.52623637360075,-1.85228097279093,-1.54250842329385,-1.13144697751597,0.937230350928877,0.167719012458634,0.93401434131631,0.0676524254568166,0.0466829935382343,unstable,1
3.24395454678324,8.90844309135297,9.33592929363171,1.73135428254547,5.13963159176511,-1.64431923627337,-1.78788555734119,-1.70742679815055,0.89344470859398,0.508900312550673,0.111423805133423,0.983424104323776,-0.0309079042601755,stable,1
9.05749020709775,2.11115642797927,3.25920845117996,4.05218950814622,4.38950506948882,-1.53094173564499,-1.45444538567332,-1.40411794817051,0.644204274532324,0.793482564538564,0.988009655086,0.693318836714533,0.0250785574990145,unstable,1
5.46412748342743,3.32793613080818,8.18035930393655,0.799082356390881,4.17987079616584,-1.67187025252155,-0.990031090275431,-1.51796945336886,0.664543917783226,0.744171959950096,0.987820302519425,0.711051109631817,0.0312432889057809,unstable,1
4.84906824002903,8.96796132693983,5.67518552921101,2.36916257680156,4.79105104067759,-1.74075048594919,-1.49244386615356,-1.55785668857484,0.375503529968844,0.467448711753114,0.791498776411683,0.212490119595017,0.0270326816947084,unstable,1
3.15981348896343,3.7883157756648,4.06864871147946,1.43216417353079,3.96841671374103,-1.27465512150477,-1.06192220084693,-1.63183939138933,0.913911216306256,0.504962457081472,0.636598014009714,0.719970511848461,0.0484867941742438,unstable,1
8.14422357775151,4.0247441903942,1.73605316983071,4.0767526853453,4.42298626008807,-0.857809816495539,-1.6979754561519,-1.86720098744063,0.911176969592688,0.138305689289368,0.775169112521375,0.485912944081748,0.0066908367448499,unstable,1
9.30351168640039,7.04913320821669,8.96826005914558,2.94448268456123,4.46252924477623,-1.85644782677479,-0.851764663099509,-1.75431675490193,0.580234202789109,0.371280263204329,0.588902707803323,0.527404669146988,0.0389977217635232,unstable,1
5.86470452200273,7.30768820747439,5.55353834182882,4.64489707637092,4.60631693054462,-1.58195308648612,-1.20299430209183,-1.82136954196667,0.687216716375987,0.750935485811568,0.873977219899255,0.439152028665002,0.0859002759047595,unstable,1
7.31580881544533,3.37012089993465,9.48067773969367,4.35655580701374,4.73915605275563,-0.932301524589118,-1.99329586222393,-1.81355866594258,0.886082414987022,0.70853477897796,0.920131468182086,0.118076885364394,0.0592861359790428,unstable,1
8.22068043298163,4.66641711741611,6.33639362677318,0.682752652401791,4.07652903941239,-1.89887782657936,-0.862136517324008,-1.31551469550902,0.50924241210246,0.857478116934773,0.351447415926421,0.285324690325608,0.0195296772931726,unstable,1
9.31575083292489,2.36146061120444,6.23299506834779,0.97527510855149,4.73970117767321,-1.23352529385714,-1.85400942676514,-1.65216645705093,0.872117872080426,0.541510146157745,0.107708400278155,0.736222053319663,-0.0186463545003879,stable,1
2.9486811183595,7.30358055468678,6.92751729412838,1.18724191591764,4.43795493237683,-1.28604779233532,-1.33067548993588,-1.82123165010563,0.533276329480454,0.621265751077004,0.956772803408824,0.822041033260904,0.0309275879532348,unstable,1
5.00021684256692,6.86560527648245,4.13384247794145,4.51941059720115,4.38475035172252,-1.16947763279055,-1.59733882344166,-1.61793389549031,0.217767238430387,0.084622367691471,0.420962119573237,0.432655593983437,-0.0286431301730358,stable,1
9.51029077822556,7.44170658282478,8.05738663686736,3.31042323929286,5.616411216575,-1.99575127904169,-1.95253513910858,-1.66812479842473,0.976910616056938,0.42037102582684,0.182100272395051,0.394629305208945,0.0423166349460571,unstable,1
9.36072258865349,6.13904946601851,3.45276862591793,4.35059549229053,4.25832158612082,-1.4484943044093,-1.09531812065543,-1.71450916105609,0.922361796699745,0.134594241674037,0.853578770572316,0.205628911858501,0.0253203545193982,unstable,1
7.09235505116548,3.14181679945257,1.54889074256114,1.49171738562267,4.59757772956307,-1.84003757082284,-1.47889318022109,-1.27864697851914,0.516372277886493,0.839108792792574,0.530311656830214,0.739534957874366,-0.031871542349091,stable,1
5.05841490318155,4.7951370158244,5.34607481920847,1.55446850222195,4.12565975823387,-0.940985002801253,-1.52228683337163,-1.66238792206099,0.856646925495564,0.76795742562362,0.281248703392254,0.529213718489518,0.0468329284129999,unstable,1
2.80455739601312,6.80767144444278,7.74711193831287,3.93577408186598,4.62229020134581,-1.67223098286204,-1.46711899972975,-1.48294021875402,0.417034393760677,0.26412143137244,0.720860330064826,0.0750150288039562,0.0043057234099219,unstable,1
7.09063805313456,4.98540037182092,4.25671562242846,0.732367276537709,4.0158353823942,-1.11697368119849,-1.51991692344621,-1.3789447777495,0.880527926026655,0.252149741498113,0.631309018546812,0.850203616520651,0.0090339007032101,unstable,1
7.22049244079592,8.80308590325592,9.00282746529574,2.99618261830811,4.25975937976361,-1.60839669905488,-1.06594592276699,-1.58541675794174,0.832800182638769,0.149643713897562,0.184569325028284,0.955930759185338,0.0255945226009055,unstable,1
9.29837459495437,4.8164442597438,6.44701745466494,5.18635601005764,4.87695733483513,-1.04218599162262,-1.87164133069498,-1.96313001251753,0.5691452105385,0.812695044354982,0.363265167323875,0.304259343590953,0.0439178546565325,unstable,1
6.84564041455468,7.20196662493082,6.41414767024682,2.4877495898899,5.07477069170483,-1.53402439934866,-1.55181078618368,-1.98893550617249,0.100495564320617,0.82594425890577,0.111475895790429,0.618800708302164,0.0046034070376351,unstable,1
5.50266859851885,3.96447149383255,9.02230326101583,1.59887700875651,5.39523480880142,-1.84715161797958,-1.89070616724676,-1.65737702357508,0.514000995772162,0.594227679977947,0.259276651069698,0.134161651867151,-0.0087890599371385,stable,1
5.47033961983285,5.17480101259821,3.13313594772206,2.22829277993583,4.18361130955856,-1.04904297481269,-1.66048269982458,-1.47408563492129,0.307746233843546,0.83089001407786,0.569758146201804,0.329085611130996,0.025671921126905,unstable,1
1.50588487579657,9.42907628222683,9.02829896036717,3.89479840691952,4.5397703288779,-1.30671100328398,-1.28864441982065,-1.94441490577327,0.931960626395205,0.357533937948752,0.309456601642972,0.651020804906266,-0.0314721939779307,stable,1
0.640440814948501,0.590794734531164,6.94457580367679,0.597012692584668,5.23931653064042,-1.98685962435158,-1.56432300000477,-1.68813390628407,0.269522406990452,0.141489223113783,0.188460853683493,0.49059657171194,-0.0389189495488626,stable,1
7.93976559321526,9.44255522035848,5.74108889134938,1.0714900407164,3.96952705023328,-1.1339116411583,-1.24055703429371,-1.59505837478127,0.0955056430207903,0.203931724164658,0.815838144057975,0.158057697808213,-0.0117663909955146,stable,1
5.68303382002666,2.59973322527424,4.32873994971896,2.99344687725608,5.29581011819924,-1.53179651800544,-1.96214384135761,-1.80186975883619,0.710286648867874,0.93755798362543,0.945843963413892,0.802134620842441,0.0926574162329771,unstable,1
5.28061844001416,6.18196252878697,2.06794960638229,0.839869293921546,4.91028435825311,-1.55606503964599,-1.79495392757752,-1.5592653910296,0.962599007146735,0.622997507221862,0.308346505394435,0.654503951845755,0.0190055908023008,unstable,1
6.44571809500636,5.70399889184026,9.89173463205562,0.905364944137982,3.98481648993359,-1.73020673703754,-0.812256089177006,-1.44235366371904,0.571381816160519,0.66232867177957,0.448557126153373,0.977903661622454,0.0032767111093022,unstable,1
2.68032358145949,7.95679901620113,3.19533781496452,2.14597237790292,5.10880972033959,-1.64969508153974,-1.50410345380253,-1.95501118499732,0.806155841133504,0.317052064901742,0.334108859212584,0.249050192474085,-0.0475578547144816,stable,1
1.47689696026531,3.53524496106409,3.98612902100181,0.572119983137317,4.95122852151375,-1.83324871597027,-1.66401141712826,-1.45396838841522,0.740289073776628,0.751375795704795,0.364739489072787,0.151991751433127,-0.0342250829717521,stable,1
8.53234710595622,5.25812834878671,5.02532556647084,4.32283294037122,4.91868166154347,-1.44200152623141,-1.69747001027596,-1.7792101250361,0.888942184388468,0.666684081699196,0.540205360931032,0.716175897134781,0.0759859544666029,unstable,1
7.26647857544509,2.02331691955012,3.37417646311804,0.733159766095923,4.43411481733614,-1.52365667567289,-1.22650230033875,-1.6839558413245,0.672559057059104,0.318697858854906,0.0895131283179845,0.781365641016099,-0.0448479724944018,stable,1
8.71498569703212,6.87242688891478,6.06624901961039,4.79501334683758,5.41326059203654,-1.69887226974843,-1.80990248374892,-1.90448583853919,0.715931620234932,0.103646129029669,0.550072823639185,0.974745619103746,0.060422007869359,unstable,1
1.53288363939091,1.56248143142082,2.80094580239286,1.39356894321912,4.75738005608538,-1.53338715736819,-1.90524403872445,-1.31874885999274,0.615165488199635,0.0880786827638303,0.554349964965421,0.787157039893971,-0.0454911646847143,stable,1
6.38845579329691,1.17434405958618,1.89298240835399,1.13998504593677,4.59689911819404,-1.3013503568957,-1.85742302901786,-1.43812573228048,0.912586392072937,0.487745347023574,0.392103898523533,0.956207187025212,-0.0489945346704737,stable,1
4.78893331729742,8.97040619107543,8.21613893015062,4.20419829915816,4.2962703745721,-1.37762616975255,-1.30491344693659,-1.61373075788296,0.330279993753622,0.76250260034038,0.284964641303216,0.541356149413952,0.0359994144230457,unstable,1
4.69555726318437,3.40387239863771,6.60446445185788,2.65794496841107,4.23708490475763,-0.673087979695282,-1.65617188975393,-1.90782503530842,0.638218715087706,0.637885950673642,0.508714056284237,0.732244758422469,0.0477525920237724,unstable,1
7.9263498497621,9.54490224493396,4.34417206214233,1.02627614061787,4.70741326713127,-1.38520622649697,-1.55058754142415,-1.77161949921015,0.565583724043487,0.470523169345318,0.207593972597272,0.995956512222012,-0.0186604322148588,stable,1
5.9389766042706,8.02723821018693,7.66297797431719,0.780179737137188,3.99521605041132,-1.3925960450942,-1.19184346990279,-1.41077653541433,0.645728637045545,0.197833995253417,0.177987977968891,0.845249669130169,-0.0352579896563485,stable,1
7.00603451000048,8.40831086447712,6.31555870840647,1.57894147770023,4.79454823850038,-1.68356964205524,-1.59561092100628,-1.51536767543886,0.686214683992668,0.0889988723365217,0.465767634173426,0.477117875736004,0.0068924932265093,unstable,1
1.76734446929006,8.06066287808606,1.49948736944511,0.790739205944084,4.39284817373237,-1.47539965200183,-1.34579185319686,-1.57165666853368,0.778983481166122,0.140278584838968,0.116900275901847,0.916517535376004,-0.058346052787521,stable,1
5.91043714068743,6.27248558770217,7.66957371973828,3.4141543385859,4.72279202764611,-1.40332087901633,-1.99787078332979,-1.32160036529999,0.169677227575935,0.722460902603462,0.317099262032225,0.28823509013274,0.0162679371337412,unstable,1
4.97519618337161,6.93976093816385,8.37689281279098,2.898453718532,5.13672503973182,-1.36591332537875,-1.97547159573683,-1.79534011861624,0.444214201411515,0.692809332597677,0.649640667083887,0.181739984617659,0.0441868410263071,unstable,1
2.10203938219002,4.04171083590115,9.57301061127398,3.81326591541107,4.41717976336394,-1.75412954865799,-1.52686304622464,-1.13618716848131,0.772812739417144,0.304003036449526,0.991481955962154,0.566602970433683,0.0115004102630147,unstable,1
2.43002544772533,3.00600709841902,5.74237256685082,1.30500755571626,4.93476418049445,-1.92362324231786,-1.22123311498623,-1.78990782319036,0.498903973138687,0.203295664806551,0.558385573378237,0.890819269526179,-0.0216847465035805,stable,1
6.84762008723472,8.20884843755407,6.40325361047834,2.74647788324469,5.46725747835286,-1.74870801312057,-1.94255961165183,-1.77598985358046,0.50432173302222,0.528433822468733,0.796129508272849,0.783065548247121,0.0579628293574955,unstable,1
9.57778930262758,1.70491292744055,6.09285992525349,0.633670217645389,5.07504371819242,-1.69982589239911,-1.86609072372208,-1.50912710207123,0.177024081011517,0.611693032430541,0.382866165755689,0.194269328281122,-0.053377269983882,stable,1
9.97486972784532,8.63298647062,6.92290894046108,1.12883440304872,4.5544511586048,-1.35634969501226,-1.24603361265246,-1.95206785094008,0.223844882203622,0.764780592448864,0.66816225251801,0.460955396555358,0.0294164416739884,unstable,1
3.77071847323172,8.09813457621931,2.74533285766577,1.53991291887282,4.64644369592441,-1.45261127040907,-1.40027475616127,-1.79355766935407,0.142721610102275,0.460706286673534,0.72523605776618,0.983734581535135,-0.0497397651631341,stable,1
2.07026210689012,8.88985726564393,0.76323752157212,3.99645429425834,4.4456067668901,-1.54388198940409,-1.29108876181982,-1.61063601566619,0.712354645827218,0.741182282784338,0.259698147256915,0.534351587036641,-0.0202418366709359,stable,1
7.0478674076665,1.31903516809071,8.49557160239626,2.94219482968054,4.17582699708534,-1.84143665914834,-0.753291438074899,-1.5810988998621,0.923937849759683,0.770561640219118,0.336042008934673,0.155519758805275,0.0037726090666111,unstable,1
9.73516282193614,3.04994113515759,2.09408697746607,3.99051832777971,4.54848685212258,-1.80450083420121,-1.32813528853174,-1.41585072938963,0.0555679537112755,0.589818550398983,0.531711936223329,0.861242844649102,0.0015195322084781,unstable,1
4.21070923679912,1.38671909064283,6.19034310014854,2.16887248210541,4.26676335426376,-1.08236161394861,-1.3057421065666,-1.87865963374855,0.60663916384718,0.261122743570462,0.930298841296728,0.494152620285255,0.0254446901480648,unstable,1
7.51467937212347,0.780177860643971,7.7083711158859,2.32791101159077,4.48556725591521,-1.49745217563414,-1.75227540830534,-1.23583967197573,0.0917410685275437,0.540705294350951,0.32506276193446,0.301622924153082,-0.041878908964433,stable,1
8.38906172271931,5.61153728180913,1.99664329343919,2.31642897358339,4.51786052834788,-1.6368647143531,-1.68473360087869,-1.19626221311609,0.414098862651411,0.237553450121447,0.416032171599932,0.475276676012108,-0.0269672830357159,stable,1
8.90602320783697,4.35613426930674,4.08669503403883,1.3963480455993,4.99840259330612,-1.23268942055129,-1.91084342457554,-1.85486974817929,0.143437131813,0.556368677019766,0.929642226728763,0.686854727564857,0.0078806624839651,unstable,1
1.67252966957411,3.95955891823553,1.15567772244975,3.70078412084329,4.94737629777597,-1.9201740546762,-1.86440769240838,-1.16279455069139,0.0840050056676241,0.426178126436969,0.934942300865829,0.489547764766886,-0.0497271717679686,stable,1
8.87625449394704,1.19402454351117,3.02238772547877,0.527324734864687,5.75033364401321,-1.94186178619822,-1.89568753843185,-1.91278431938314,0.207073868798373,0.702716754650928,0.308665445105358,0.868238151069859,-0.0367340169241024,stable,1
0.952625329600158,2.48116251911713,8.09201875077132,3.52615368009057,4.64854945930661,-1.11983139646362,-1.52893118263253,-1.99978688021046,0.694947033241373,0.71074718334473,0.75565968908526,0.264748793153518,-0.0322535057295991,stable,1
8.0681971908925,5.95715650533031,7.61116305111012,3.52259438410288,4.70168336626823,-1.85686728161533,-1.49740447878665,-1.34741160586625,0.465480848762257,0.238442793547045,0.729759548500442,0.868042530692359,0.0491185579434868,unstable,1
6.93921879807081,2.4916890960149,9.50362867526014,1.0059354622814,4.53998914814502,-1.83363206401617,-0.742103025704471,-1.96425405842438,0.348065144756304,0.145485246403484,0.298487676781528,0.404291922599464,-0.0326218583825683,stable,1
4.19777095219096,7.85849968283257,4.9904682824334,0.500472961226082,4.077002287045,-1.72728483437561,-1.10890161067118,-1.24081584199821,0.854762826053407,0.53875179922944,0.203981029573114,0.447727480783142,-0.0030828716746686,stable,1
9.39177633407899,4.84927953102221,4.30065881824228,1.36243078571063,4.80539829376843,-1.75203018932973,-1.56638051599414,-1.48698758844456,0.998917123992918,0.634937669005127,0.305815625578243,0.0908629686295707,0.0335185606003405,unstable,1
8.32004340214827,4.11641279615585,6.06233546879096,4.10132107647694,4.35545506813083,-1.34962975538064,-1.56279333261532,-1.44303198013487,0.967192378096511,0.379857297060536,0.330579221654565,0.737338744048965,0.0554760403400449,unstable,1
7.38715221737532,3.23939501192952,9.12028212985033,5.40343385381261,4.18775713157452,-1.16003501606386,-1.50948200345542,-1.51824011205524,0.499193306006684,0.807828022150302,0.961094782279513,0.241686321659477,0.0509669534990206,unstable,1
9.41348632648267,9.81236709434814,1.97613846475005,1.5027284031575,4.1056556786926,-1.05814905997976,-1.97830109656114,-1.0692055221517,0.689117882534462,0.579842503025453,0.867868592853401,0.696827898283748,-0.0105465648129333,stable,1
1.0968693425287,9.62125107699414,3.37804216143476,3.07310896382186,4.57557189482886,-1.18695775876166,-1.97332094979434,-1.41529318627286,0.439084743183919,0.0889483364590106,0.774092754058319,0.847470119982385,-0.021514719790223,stable,1
2.80292496868431,9.55069091404869,6.48929350136566,1.73231216864776,4.60301942899759,-1.45561389094795,-1.89585215248507,-1.25155338556457,0.652274259156325,0.106582241690476,0.675444117147997,0.922406270787909,-0.0170605668683129,stable,1
4.03622234694653,1.82622919472693,5.7892668224198,1.17798356894339,5.00740846543817,-1.42618726703714,-1.59813563941846,-1.98308555898257,0.237507046633509,0.452020662431446,0.401596990809634,0.0552738239699393,-0.0550292485982395,stable,1
2.10048959740853,7.52298251197182,6.12526547225933,4.23357438081725,5.07449459568418,-1.90870105828382,-1.91840179713557,-1.24739174026479,0.420373010540192,0.156974006101739,0.889984176633847,0.778269652093792,0.0398360070800863,unstable,1
2.4836166011477,6.44057128450591,4.56643368387507,2.3143724041022,4.18971114005037,-1.02403995742491,-1.55694801853282,-1.60872316409264,0.579582087817092,0.985541117397209,0.155519554646066,0.750739373531957,0.0255312932996051,unstable,1
9.33435847472679,5.68014317277893,7.50019897827888,2.67535655552789,4.72150386482121,-1.20686986196034,-1.76593976225844,-1.74869424060243,0.766999001947545,0.315957581499731,0.0806673368410266,0.708071463883348,0.0097175309160767,unstable,1
9.71611454121418,3.89052871529208,7.76155111646743,0.584663091086049,4.15254930039332,-1.27279236281132,-1.7905175207648,-1.0892394168172,0.199645892293702,0.165632788134493,0.554562799539623,0.924990968961138,-0.0546898203471295,stable,1
7.76104350365229,2.38955282900298,7.38596920755786,3.49873043724324,4.47985857057015,-1.22726473120798,-1.83832060614309,-1.41427323321908,0.624937873336589,0.583603381891401,0.427780996373829,0.9427952809418,0.035503415162316,unstable,1
8.64530926062495,3.25602766704711,8.03633812352029,0.574877583840978,4.57556942150745,-1.5045053137186,-1.21260430823265,-1.8584597995562,0.132329036229478,0.483205908550902,0.770302978197636,0.481932938617324,-0.0167400169073267,stable,1
0.913310728793708,2.32713319364014,4.71347469111905,1.9944395206729,4.95341805408607,-1.97731696864788,-1.26877597194315,-1.70732511349504,0.750189192338963,0.946623531541814,0.384173568380598,0.718321797966002,-0.0055171008500411,stable,1
6.42647378496876,3.09934300399456,4.036451879039,2.52456470427663,4.68092983439549,-1.99818359251877,-1.1648989643981,-1.51784727747862,0.665720081463694,0.100718485933561,0.560968867647254,0.280350758592003,0.000962056847929,unstable,1
8.42667427185181,6.64856409551171,6.37683700247527,3.25772852231866,4.62302522536176,-1.54040522933179,-1.99725568949468,-1.08536430653529,0.318272854670137,0.552588095330707,0.0764376411963848,0.447875349803746,0.0009424276086817,unstable,1
8.37138103156873,7.89428853240698,2.34111004062159,2.56671270579249,4.31354902669902,-1.45935393617722,-1.70425354479223,-1.14994154572957,0.296544444700903,0.274079845761174,0.866160929583384,0.677044175552273,-0.0050605702475966,stable,1
3.79622913896248,8.58119115670401,7.52439912430354,4.86240997106624,4.51237257737845,-0.727328653945681,-1.78886815060157,-1.9961757728312,0.682021812068083,0.294328542431144,0.923517027067387,0.741447656303344,0.0672937318069375,unstable,1
8.05257527004681,4.62797247982934,2.82510520218258,0.944753545534064,4.1144634464916,-0.795691329215956,-1.4881777838795,-1.83059433339614,0.934856978152561,0.866189716831292,0.696420498635384,0.338563309754027,0.0360686737955243,unstable,1
6.47005701147993,5.90764679848147,8.74348070297193,1.23455546865719,4.01679769519108,-1.40909721140125,-1.44452443407505,-1.16317604971478,0.46437172764056,0.379435615954555,0.974916269199607,0.439465344603196,0.0369087530857977,unstable,1
4.31322945271829,8.80066485188021,8.42337951257564,3.04244001585539,3.89184726175849,-1.13095017745242,-1.33741987450311,-1.42347720980296,0.377237232463704,0.738711055127968,0.780026301597527,0.730375174528206,0.0524008886823432,unstable,1
6.82939064144354,2.10117366157104,8.00612380491145,2.87652337663192,5.42732515697501,-1.90580549862526,-1.96946594547809,-1.55205371287166,0.955159037670122,0.658968364412929,0.569880029196575,0.0588995267918834,0.0331529585316601,unstable,1
1.81877413929763,6.20602510084807,5.07884737882873,2.5698064657686,4.31872285743258,-1.59723467817381,-1.51323470564756,-1.20825347361121,0.103527997970287,0.955156398465975,0.330240959272373,0.902022846501083,0.0321273641701333,unstable,1
4.50372652072277,4.32647304881737,8.22154957645477,2.26270194181593,5.16729726953781,-1.87997525042726,-1.41001918440444,-1.87730283470611,0.413510384135999,0.270454710012836,0.227312274144226,0.162248701149524,-0.0313272781689129,stable,1
6.93048408602368,8.94619860317253,6.42755417106479,1.15812629346403,4.07641219928204,-1.18707631320601,-1.08945234829835,-1.79988353777768,0.384370423971128,0.3513384635274,0.363553753913302,0.161779759096728,-0.0012731028529125,stable,1
6.10144634563436,1.71830940700757,4.81983711301468,2.9372961800458,4.22465893770388,-1.7350715328615,-1.01102021414709,-1.47856719069529,0.431502892036866,0.203096039732792,0.353048902046713,0.603613225106281,-0.0169827400243531,stable,1
5.81991088560262,8.98864823485725,4.51568224272904,3.03168660375165,4.4496076014699,-1.71559768828749,-1.01121342999837,-1.72279648318404,0.959435601992466,0.691730300692987,0.284339820616351,0.448578761090115,0.0510624585110143,unstable,1
1.86630517552301,5.65793071989084,7.93742512338433,2.0161941048793,5.47149826169108,-1.93312334288742,-1.67596180487368,-1.86241311392998,0.739903129906338,0.606026208161284,0.638077543907062,0.0923870459093026,0.0044258944269478,unstable,1
9.14486321582202,1.18342490528541,0.502376192997186,0.563090479832736,4.61819976863618,-1.03303721727871,-1.99000278306268,-1.59515976829479,0.514366941238449,0.182654102015091,0.547101393736728,0.0712646114655759,-0.0234676721989164,stable,1
6.63225187742265,9.44532929083767,9.28476322930425,4.05824878622693,4.53903611021228,-1.7318646781498,-0.86629429247058,-1.9408771395919,0.592829319685421,0.353557257127719,0.480695998151747,0.806378484512642,0.0473075825227649,unstable,1
6.70512407057524,1.73488220258188,7.12369103221685,3.24380954291197,4.55955628141521,-1.88633245731825,-1.13025799953511,-1.54296582456185,0.895209866897933,0.721534218684307,0.897846396203289,0.740605226993951,0.0619483739783345,unstable,1
2.46874195726946,7.67117645104157,2.41806696434354,3.29944870442332,4.41288129226947,-1.61086124345049,-1.50248757199388,-1.2995324768251,0.73394525164308,0.168359028796294,0.91449214224257,0.671302635048645,0.0136506512440624,unstable,1
9.05946546508223,9.98668035044608,8.41954238467561,0.728578054548055,5.59762567711518,-1.81175408884296,-1.89797516826174,-1.88789642001048,0.196263549839156,0.858570437418752,0.747496708013663,0.379141441162438,0.0384752828526464,unstable,1
9.78477860446023,5.5682027819203,8.86066154210413,4.27790908904139,4.75723946281591,-1.71732290969022,-1.33799509607162,-1.70192145705407,0.330673216335388,0.706308178431906,0.862737623570951,0.86553551236508,0.068840253279975,unstable,1
5.86204404959141,0.671612634781725,2.54707916706707,3.15686243286962,5.25039635129683,-1.86151242382216,-1.46465763427188,-1.92422629320279,0.525816240220366,0.66473254519623,0.252691194436498,0.776678786079704,-0.0305329775621069,stable,1
1.62443138089255,0.994089324308059,2.26751930808279,3.06457693084882,4.4937448562687,-1.61272848122163,-1.83866540713303,-1.04235096791404,0.0681696829221665,0.782304467488036,0.908119114399628,0.522169727945372,-0.0190226439555184,stable,1
9.75820266973115,1.3396210709924,4.4544354725344,2.57721056914807,4.6494220405006,-1.94455695880321,-1.28852346003067,-1.41634162166672,0.80824830778787,0.129977731347659,0.859300422430909,0.0524323183419695,0.0131706071054633,unstable,1
5.2476880495092,6.77414231895634,8.83987299785701,3.39322146698769,4.27785674574718,-1.39459831432069,-1.90964290183305,-0.973615529593441,0.07696123294733,0.49963023598072,0.694526995722093,0.723374816307841,0.0314297302932916,unstable,1
4.47054494182016,0.750144897814421,9.37775619026948,2.24428124320921,4.84052964246184,-1.55351468728562,-1.6807655267462,-1.60624942843002,0.542711561176338,0.991812769359656,0.266444957050378,0.230276650619569,-0.0324284926527269,stable,1
8.59213737975193,2.86559949438854,2.41154354901206,3.22001954928072,5.44335639604245,-1.70882043994009,-1.80763561922343,-1.92690033687893,0.546825743746432,0.657871481253695,0.723998970469786,0.0683425569118152,-0.0189382312192971,stable,1
6.61678774620342,8.35764817027982,4.55555250798415,1.9611969610727,4.45134908085501,-1.32118656411248,-1.43469929210468,-1.69546322463785,0.93740834705731,0.172991321415984,0.0546699545298901,0.766336819233213,0.0041181639797145,unstable,1
2.27682610831116,5.14789284662908,1.85166319174698,1.41518537301042,4.41310985575454,-1.26390858602931,-1.52704958670117,-1.62215168302406,0.632925874552676,0.70661159148129,0.982420200413312,0.640298261262917,0.010794344944943,unstable,1
7.80730288130816,1.85742795725347,2.18250438760801,2.0401147594252,4.22923985296339,-1.46387445627637,-1.71349907726879,-1.05186631941823,0.618730113651062,0.0594226673442475,0.79919562093834,0.33361462504525,-0.0192163162658948,stable,1
7.89166775326823,7.5033834566729,9.80997261564158,1.55980960961924,4.17421597112182,-0.948645534594555,-1.94110125538965,-1.28446918113762,0.259249522308741,0.918254101074353,0.803759613793307,0.974358876196394,0.0381464419842138,unstable,1
8.83971312273442,6.49496899648248,5.4610549423621,1.23890159157162,4.8179307327374,-1.68596948968384,-1.86810297112111,-1.26385827193245,0.699999220688813,0.541918832173236,0.315546489647921,0.949741092428101,0.0088134558237299,unstable,1
1.71552966516635,5.47281432519266,3.23518278825092,2.532465708761,4.82753779480902,-1.63900144323512,-1.32171739276169,-1.86681895881221,0.083346972660824,0.198586651304513,0.312604733165804,0.914943058410537,-0.015552036439342,stable,1
7.90377712890214,8.45467761394191,9.40129134067439,0.646645975395502,4.52057565696139,-1.6456972869072,-1.03060979104193,-1.84426857901226,0.659952516500457,0.964074000237889,0.164645686220224,0.655262247512715,0.0292150794910223,unstable,1
4.18782919809247,2.35286024675962,0.536941333021107,1.43506121310756,4.29885272841059,-1.59437700075343,-1.25787634409877,-1.44659938355839,0.362999963656253,0.853210667341749,0.551428484647481,0.13231179935337,-0.0139358402566107,stable,1
5.01991962977834,2.20996214966824,6.26607991675717,0.578901004434063,4.3225837758255,-1.96020746626178,-1.074560816037,-1.28781549352672,0.5469096985029,0.0659924668345938,0.427349471623437,0.814648058097542,-0.0406287483701981,stable,1
2.7409327772157,8.69418025067147,2.109829975672,1.16052174104371,4.62887316563747,-1.31222089533517,-1.47696245988266,-1.83968981041964,0.837840766098257,0.133248841778323,0.718712779792338,0.236448360996939,-0.0258531365296637,stable,1
9.38038772226295,5.92054173652829,6.54968167158948,3.0505069932155,4.10344177931567,-1.14990269903294,-1.28618946010568,-1.66734962017705,0.779729097549836,0.106494545630317,0.580036830116056,0.512106494619759,0.0322756608394097,unstable,1
9.95341496662748,8.65358292775368,7.44598386333561,3.69102508089398,4.92922581718852,-1.36278044119898,-1.74066085936017,-1.82578451662937,0.254713739085052,0.391220704128535,0.672475667508013,0.595862619913396,0.0350459581673466,unstable,1
3.36538022147618,9.42463896505988,6.68488954219373,2.12161206930581,4.56503574234402,-1.44558643430109,-1.93279844679898,-1.18665086124395,0.943627512950056,0.245787669511162,0.0700601111114316,0.362789880439717,-0.0148753145883515,stable,1
9.05213380051766,1.34370831324287,5.91916681536356,1.03077950914922,4.84877105878465,-1.89562223292863,-1.90708568597509,-1.04606313988093,0.969839817912519,0.744807748435881,0.419971632091558,0.683096948646213,-0.0035759465734587,stable,1
8.57983795003556,5.61870350242084,6.45412881930844,1.99991027204931,4.81949740748706,-1.88278174630427,-1.22685393310306,-1.70986172807973,0.490306671512983,0.122179839427461,0.327048254427448,0.635884956471194,-0.0153940887251886,stable,1
6.34393076148974,4.10727767152037,4.48903504410955,0.788805870192021,4.3643375715565,-1.45223040738273,-1.06928027491517,-1.8428268892586,0.0810398671847989,0.409465072085884,0.696988107828068,0.614122879113851,-0.0236159718337695,stable,1
7.02832943737418,5.88485502748748,2.35210297027637,1.11322155308002,4.15749501441275,-0.737049661043647,-1.60606801946365,-1.81437733390545,0.402082803152644,0.334653674031922,0.19058691462456,0.990996982445141,-0.0310743256524373,stable,1
5.87962405767232,1.24664298401041,3.34118639477754,2.46362403139301,4.80383710195304,-1.91211544109253,-1.43991467133452,-1.45180698952599,0.617828323849441,0.895076684572576,0.485587649188013,0.606133818935406,-0.0064462835952075,stable,1
3.63271667641206,5.27516526570852,3.77355433846051,3.01712217640606,5.39029809666704,-1.75630728955325,-1.83829916654497,-1.79569164056882,0.856923313543295,0.552442611738209,0.717134727684533,0.678388705777413,0.0763704385850477,unstable,1
6.26068116507024,4.88735465672719,6.92659728957715,3.2308396921447,4.37276897277811,-1.76747792073209,-1.53156163916226,-1.07372941288376,0.704827716387394,0.987838939489761,0.902526256332417,0.85016570737057,0.100977303087116,unstable,1
9.69886424122644,2.50198077270822,4.48905961352311,5.09835105163031,4.7884386594911,-1.54645349059051,-1.85342762891093,-1.38855753998966,0.652839561283207,0.84925549741938,0.849860159753914,0.709628673322488,0.050606026682737,unstable,1
7.79734738763593,6.38584321833171,5.10362828606761,0.582872757269721,4.80053944040481,-1.9807566138496,-0.858008509315341,-1.96177431723987,0.567567426703912,0.680300685404618,0.933305632570253,0.421638209903205,0.047655467156171,unstable,1
8.13294201429557,4.20164598280586,3.13902682801575,1.97790619322343,4.33468258255881,-0.90742200648383,-1.96806583111681,-1.45919474495817,0.451063586409023,0.833382676144352,0.0580334183778917,0.323317156737742,-0.0109277859706732,stable,1
3.11138017477392,9.01336464968674,0.812426904968172,1.71631230425262,4.91057118907722,-1.78140521702685,-1.30590141069496,-1.82326456135541,0.891378136431508,0.243247212234667,0.435591689940196,0.333463465289347,-0.0416794040840299,stable,1
6.434677010987,2.94702707822236,3.74606562183039,1.429772365652,4.5113069219892,-1.77566368908369,-0.817476828106109,-1.9181664047994,0.846744905322263,0.423526174257977,0.586458050518917,0.4359939646017,0.0188116066157974,unstable,1
2.11944222599545,6.78601785776019,9.69332769716452,2.29582961156027,4.42272680046957,-0.983146811246767,-1.6981799487513,-1.7414000404715,0.687710278000508,0.281856499103729,0.812035833266462,0.739478543705884,-0.0093719436599377,stable,1
7.38437653172879,6.55110808237367,1.35152453240554,1.01183814628889,4.56161613086537,-1.6292020130586,-1.05666122383986,-1.87575289396691,0.806947571160558,0.763664302626264,0.213481831840775,0.353856598343932,0.0232965811476807,unstable,1
5.6562732458361,1.4667988158623,5.24173560589099,2.62583692816668,4.12802741509716,-1.46847053210639,-1.474094585762,-1.18546229722877,0.700294274135078,0.235484846232098,0.92470043412824,0.322322543654473,0.0374507556483138,unstable,1
5.09754946882604,8.21667148112966,5.99742171765233,2.37750568112202,4.4573971373891,-1.68871298145603,-0.772645228906139,-1.99603892702693,0.622483221504797,0.951594081514651,0.520247252132189,0.65764018943909,0.0589710683651901,unstable,1
4.0323267598413,8.06924451282971,0.737446186433919,1.01388446385273,4.17014904898399,-0.934778486090351,-1.31912711482781,-1.91624344806583,0.684912034763105,0.911180658557969,0.615400601596638,0.913698102182063,-0.0298344605816297,stable,1
8.0761956338783,6.80835915074788,3.27620971309561,3.87323039276625,4.20553843298229,-1.56473697523716,-1.17662559138587,-1.46417586635926,0.74915728413455,0.746487870998867,0.711232551139961,0.413280363964471,0.0590606795927439,unstable,1
1.41453469777781,5.15491857006028,7.85817543935906,2.15868496609284,4.85428259923831,-1.97209808224315,-1.88589714210192,-0.996287374893238,0.829479079663354,0.42164437057886,0.75639355890053,0.380921986649394,-0.0112946245293329,stable,1
8.50540617596287,1.71169442086546,6.6581563754774,4.15799294433207,4.85902603527655,-1.52613860138317,-1.35166990910399,-1.98121752478939,0.828236521826637,0.195283199760404,0.121008665829862,0.789457286542652,0.0217280917058624,unstable,1
3.16726132178657,1.09741889843638,8.96598714441508,1.20815846466321,4.48201333094362,-0.774864384928893,-1.77111805547023,-1.9360308905445,0.466536207163233,0.938068900805496,0.545789264435852,0.634420569577318,-0.0359102072424654,stable,1
8.97070198014373,8.35167957897945,7.62988335679055,2.61480824844419,5.05593354217282,-1.85505382505875,-1.3120977376928,-1.88878197942127,0.60024339028951,0.405585621962282,0.535051802786641,0.355608742334844,0.0377178393799029,unstable,1
4.28118872563902,1.35803409927012,3.85075937886809,4.74663500753882,4.87303254422805,-1.24536790315404,-1.73765038613668,-1.89001425493733,0.858087889039838,0.770905995350784,0.525286401084625,0.0895242417026486,0.008169185892093,unstable,1
7.18121069621372,9.17712417584674,4.78324099796655,5.02313141924221,4.65850782452639,-1.77859986751134,-1.31261188586841,-1.56729607114664,0.738062339411295,0.926698314913145,0.256256724042324,0.479225770460336,0.0652955121257142,unstable,1
5.13187300690275,3.43868045457059,1.176020113087,5.50877387911127,4.4129844673204,-1.441257085916,-1.30266582564884,-1.66906155575556,0.975768854355118,0.692420164314293,0.674550772277508,0.244061442875268,0.0320042782997706,unstable,1
8.68415609423638,9.20032851878844,4.07996894484005,4.90509676060524,4.33244026819981,-1.37894358870774,-1.37075771574534,-1.58273896374673,0.887042280991772,0.277264595740677,0.965483444271868,0.374324510018282,0.0546112870046856,unstable,1
4.74063509656233,6.82498108114954,1.83237458374111,4.72641717418166,5.4760679582772,-1.56580467995886,-1.99663184151343,-1.91363143680491,0.731416404251772,0.996594113766985,0.573916904806477,0.07156149085326,0.0401136711120992,unstable,1
4.63119536804591,3.09696096868425,7.10160577474509,0.782230658671644,4.26320831003777,-1.10326346766404,-1.72364379322191,-1.43630104915182,0.208396806562225,0.100347372740839,0.728569648246074,0.971218752702273,-0.0306311746245589,stable,1
2.3159203440088,8.32821075051361,2.02073174762455,4.52361205115624,4.58856080965271,-1.6756183587741,-1.36533417494718,-1.54760827593143,0.687463437353452,0.326954432866299,0.405456561793295,0.9521171558182,0.0075489573573105,unstable,1
8.96792256086945,8.72464110934322,2.00644567360415,0.827205914139969,4.12264777254216,-1.39060827386825,-1.6104390665634,-1.12160043211051,0.519033321321707,0.677101504484998,0.235331972824326,0.860599976437038,-0.0133359996634784,stable,1
4.47261517474068,4.71360738679525,1.98133320200662,2.04580040760731,4.26368074376644,-0.870895804004755,-1.44637491119249,-1.9464100285692,0.473278441270213,0.919704639869428,0.756711319295985,0.505752644528673,0.0397297296807026,unstable,1
7.65519070586098,9.91871485056715,4.94228958251759,3.33422755333801,4.01455119905005,-0.967389321097103,-1.58001946416906,-1.46714241378389,0.821670596022659,0.953297474535441,0.786426570014601,0.924544917170663,0.0784466963349494,unstable,1
4.86475156519413,4.76243752304013,3.40217689476797,0.999443539475824,4.87889404962264,-1.50879091178827,-1.98613068160524,-1.38397245622913,0.577479783440343,0.65183053503794,0.412659273104678,0.296980075940089,0.0122867078703649,unstable,1
7.76981636756702,8.28372669416739,1.50534047065714,1.82021054830742,5.45053086584719,-1.70061725620565,-1.75046441257779,-1.99944919706375,0.524643052553373,0.706768919894944,0.341924230327466,0.92835200537377,-8.85530977548152e-05,stable,1
0.509928428303672,1.79042131976973,6.33171939211129,1.51808445033554,5.05222810312277,-1.68395579598497,-1.70075405927884,-1.66751824785896,0.799043676418798,0.0623289744135144,0.628171193846907,0.898306215410032,-0.0454653794564582,stable,1
7.94609961922118,3.61600975836526,1.73470843614163,4.57136836997761,4.55430795747317,-1.54350603063671,-1.80541163817481,-1.20539028866165,0.812749356095522,0.779973261245187,0.921011177674285,0.624937485799021,0.0393484133792334,unstable,1
6.79831092126663,9.67573854149027,9.99469581364293,1.52968698788532,4.34116863599826,-1.82562191349083,-0.835361585992121,-1.68018513651531,0.888847225372355,0.0656840530997736,0.279169116549324,0.889937705049391,-0.0049864659853789,stable,1
4.91478701654356,3.77560665370601,5.1525584153095,1.76428084293071,4.32340141786532,-1.07498845039899,-1.3990365772625,-1.84937639020383,0.160609337976126,0.14603671116125,0.620637462836419,0.835437346529404,-0.0265615836660137,stable,1
5.35251924350858,8.15732461661268,6.11783776126248,2.64788771188234,4.65617375605395,-1.96614594357949,-1.8304669398354,-0.859560872639064,0.24436480313984,0.380770958454739,0.90062045423227,0.948881365488056,0.0434509678214422,unstable,1
3.12228589556534,3.55777973645908,9.95794620663651,2.35801987911819,5.58229728476994,-1.86694569810991,-1.83893805675014,-1.87641352990989,0.643519855135056,0.473479799770147,0.819549394983079,0.221844130602475,-0.0016424961148652,stable,1
0.770513988228689,8.60368628556811,2.95995462100649,4.15587856060439,4.85069866064616,-1.24705577606544,-1.72290360754365,-1.88073927703707,0.140250149047464,0.613402547478258,0.812900328492348,0.145931472847116,-0.0214363245573987,stable,1
6.39273953622144,4.37656335627812,3.19072471848509,5.59445053670245,4.71872018805068,-1.39633520023263,-1.75586521705382,-1.56651977076423,0.941844992384701,0.296009745063016,0.970103337290043,0.187414697953288,0.051369476255127,unstable,1
7.84266022763817,3.06159515260976,6.84774706356788,1.52840924120318,4.14287459179665,-1.82648202728949,-0.956030115370918,-1.36036244913624,0.882327916527806,0.0633200528865983,0.672282300790184,0.811869535366301,0.0251446009913678,unstable,1
8.1570574473829,3.79709368444906,5.90901054159566,1.50998868920991,4.35496963110077,-1.65891385625028,-1.92519808205287,-0.770857692797622,0.431583842245226,0.269360965958899,0.549576156428895,0.452396419142208,-0.0071148078633194,stable,1
2.3534506747031,3.87006034807721,8.37444129692194,1.34374560273725,5.39447683877621,-1.87043448963448,-1.73835252400787,-1.78568982513386,0.147467445514777,0.0795130490557861,0.370646618788764,0.334818637725866,-0.0426616678238173,stable,1
5.58105651850177,3.25388313262465,8.04173901723045,4.37400416093317,4.26589777854287,-1.30327095762035,-1.61485078473217,-1.34777603619035,0.543461956048927,0.108709552253606,0.287305958870642,0.151573759581057,-0.0193667816555246,stable,1
3.74110364159004,3.83794521190674,1.69754204865589,2.88736210310012,4.31411313312391,-1.74316929435814,-1.58372042375309,-0.987223415012681,0.0847337206737255,0.469350978650731,0.610746887376994,0.841911227809159,-0.0119375176782469,stable,1
1.57765560206543,6.55654655462991,7.99719064832991,3.91181644541393,4.86677250918767,-0.97576372543351,-1.99809007325227,-1.89291871050189,0.763874584751952,0.346215139472712,0.913128566981407,0.12275319024584,0.0092829795855069,unstable,1
9.22075020206877,7.28480178231988,7.75696341756411,2.79105977394542,4.92321701218538,-1.8461935724386,-1.15517133127513,-1.92185210847165,0.888476906884572,0.979560002671256,0.524565280708546,0.473208119438738,0.0743231406373118,unstable,1
3.22443009204543,6.46594171233161,8.96449752418781,0.597961746692436,4.57431317327124,-0.664521608633315,-1.91341799604094,-1.99637356859699,0.656834293685162,0.739231119487633,0.805022919435479,0.809698198460937,0.0130359338303844,unstable,1
7.26297254875561,6.37536629919239,5.19323420757641,4.93134407140599,4.79031847399117,-1.98695396218133,-1.65854215855392,-1.14482235325592,0.861824015069391,0.803814758680902,0.0975228044498153,0.514838177512552,0.0664768098762544,unstable,1
4.64437908046443,8.11139308022451,8.43509192969023,0.610256690192851,5.05866839245025,-1.74381332269004,-1.60136893664887,-1.71348613311134,0.644895019456915,0.188021068752496,0.916298592837835,0.15124580636257,0.0292412919717843,unstable,1
4.75600499675338,8.60679590076859,6.98474428456929,0.523552376633929,4.23921959662983,-1.91922035473648,-1.36207421122562,-0.95792503066773,0.501380418821865,0.433383940341211,0.0605728840047191,0.359291369863492,-0.0352152985813471,stable,1
5.6925376620468,0.549868451465212,1.87716835481155,3.25395291879042,4.0106675501495,-1.22611494597999,-1.44127239869864,-1.34328020547087,0.990664088312156,0.519406239637684,0.489620599134737,0.494300649916028,-0.0033960482377698,stable,1
9.08208291505028,6.83102956126333,9.6376247504891,3.45047482985324,4.5893889504929,-1.63872809415396,-1.78060481689118,-1.17005603944776,0.349748581808596,0.485983501311368,0.414370067261246,0.223367555064752,0.0212953224658178,unstable,1
9.84027348986912,7.4900839704419,7.30979600196362,4.58895835889579,4.50426448485308,-0.925074503894313,-1.89051299820138,-1.68867698275739,0.909631253131684,0.922700952792892,0.890180545564293,0.245041595257537,0.0874442653280837,unstable,1
5.09426253128656,1.44454771910527,9.4860655054578,3.20460025195349,4.91836329825452,-1.91987774730852,-1.96721850923635,-1.03126704170965,0.785066812847573,0.9829488434638,0.542640407609969,0.925056441056227,0.0070501598399936,unstable,1
7.23567294101314,3.18084127558685,5.20957302681315,4.61725697256854,4.78763434130622,-1.61648547530386,-1.64884570574806,-1.5223031602543,0.826670072253285,0.517947103660287,0.868342511644107,0.396946269085415,0.0682974811071361,unstable,1
2.00886006176271,3.33703912642883,4.40208974205019,4.30328470117511,4.64088522470843,-1.30587344315994,-1.95945047045867,-1.37556131108982,0.647691881673182,0.125151334547594,0.643745495905663,0.572359746610617,0.0093151052248922,unstable,1
4.51735638030792,8.12221821622963,8.32978677985143,4.11347593010023,4.66266550948829,-1.87568448759464,-1.56779940833851,-1.21918161355514,0.563914126183528,0.294146073424151,0.132652568681096,0.537014424145101,0.0037789396193386,unstable,1
3.26970553075392,2.97444705758294,7.41201469178584,2.04412189831102,4.00037244021798,-1.4594411516329,-1.3559016764889,-1.18502961209618,0.75110205964833,0.535159922754244,0.990003931945647,0.273954636566659,0.0322842486866206,unstable,1
3.196220595709,5.12957079833158,5.24663689741754,1.57789989388656,4.76771662140177,-1.10775004126604,-1.83085670266479,-1.82910987747094,0.636142329553252,0.727234262894857,0.703491942404298,0.835331576818981,0.052334820905139,unstable,1
6.7897979637306,1.59222930527767,2.26619874778055,0.504015627545945,4.41147403996076,-1.31296427529572,-1.78583093901961,-1.31267882564543,0.81942047496042,0.179288648586449,0.272187217567607,0.702890148110659,-0.0140524722560904,stable,1
7.51843210087278,4.53412780194941,8.35602374547331,3.40043025116101,4.83002566857724,-1.62079456020582,-1.81977248577913,-1.38945862259229,0.316208488780886,0.156307743475592,0.421362716217433,0.926072593086821,0.0111839621168157,unstable,1
6.23884368964886,4.67248825208521,7.50638723265572,4.5666642943421,4.5986067360432,-1.79761454932706,-1.56392692378088,-1.23706526293526,0.27641434052095,0.393955332403539,0.993379259953082,0.784032800998656,0.0674719266215034,unstable,1
1.22464383619166,4.3337887274295,9.54854823015472,1.95996217438147,4.67797084021167,-1.51011122991259,-1.98932902192278,-1.1785305883763,0.967991156857201,0.346359308471011,0.896744053799793,0.732724324926552,-0.0142923280383879,stable,1
9.43438679067921,6.36043808195214,3.17575133766516,6.10383507188167,4.78174465577948,-1.29698052758384,-1.53891529586118,-1.94584883233446,0.965455827552491,0.166238501479039,0.227093072113051,0.141105195889059,0.0216874477102809,unstable,1
5.24315792933088,7.39769594276143,1.47585514188744,0.979207947488339,4.00570147403612,-1.72169106360143,-1.11154542759502,-1.17246498283967,0.662018782120921,0.634696226804856,0.496057777847652,0.565383178528799,-0.0099446879120377,stable,1
6.51938578275704,9.69498447441473,2.73738171355142,1.05843216534542,3.99703949121865,-1.15310115706068,-1.24771476979165,-1.59622356436632,0.786653238616171,0.348636773561401,0.56080951774674,0.302003729119714,-0.000707126291315,stable,1
5.6102242065431,8.0483459772642,8.42868919036868,3.38948448593585,4.80434287926155,-1.95769103805753,-1.76154109618089,-1.08511074502313,0.7497752043999,0.812387622593782,0.875694276327441,0.339808277288893,0.0772288787973229,unstable,1
4.15265130835099,9.01416713750639,3.63469095436155,3.48502663393839,4.41687044560287,-1.31983121454519,-1.1662949531953,-1.93074427786238,0.697780142120874,0.557099323793735,0.482710159388452,0.390223780439331,0.0201288133228992,unstable,1
1.26452088225224,1.72126887868085,5.1644673604838,2.50731792055564,5.78414151789481,-1.94233854218669,-1.95632652859223,-1.88547644711589,0.640200262917813,0.55789394185917,0.88048333125216,0.421082968544457,-0.0087116413528281,stable,1
9.17156974941379,0.610638352034555,5.89776267725086,1.32746384252289,3.96574226720628,-1.21663889113538,-1.33005343929437,-1.41904993677653,0.942176065456517,0.0895992442969151,0.624479472245966,0.276749189211293,0.0217765756230138,unstable,1
7.52105087668272,9.80174167879022,0.778324480469944,5.37675269967802,5.07955917949034,-1.70042232819166,-1.735536390585,-1.64360046071368,0.503310592051584,0.147401460674353,0.800374800423208,0.719238967877508,-0.0127704964355591,stable,1
4.44470466987328,9.91644271507328,6.02194031934279,1.29815611384312,4.45896807573937,-1.68532081551625,-1.61518336304221,-1.15846389718091,0.21163097019339,0.711995069396199,0.654277289996402,0.675454655821704,0.0068844226513565,unstable,1
7.33620957490725,9.83815134668274,1.16908422227347,0.983095982081175,3.83409271848737,-1.51367960493782,-1.16297947236035,-1.1574336411892,0.0632539712577779,0.161125834252769,0.855509291582607,0.823115469868351,-0.0489742103851745,stable,1
5.60131972263043,5.66229174400693,2.23930581813006,2.16359118385215,4.27721841260308,-1.56155816786991,-1.36882557424325,-1.34683467048992,0.581833188780384,0.375463336236546,0.684717399441448,0.231221099300385,-0.0032247972397082,stable,1
7.26308804244047,0.64447373229122,9.25609414393097,4.3476303566197,4.59950545986185,-1.46769265203831,-1.57763962628432,-1.55417318153922,0.518434753813503,0.408342990313572,0.91642421374571,0.435016391120327,0.0278521543210288,unstable,1
1.24075653881144,7.84937777390586,1.773648512284,2.71878628146235,4.86262567939105,-1.22464647431752,-1.75316098052344,-1.88481822455009,0.939259907523867,0.538459302835696,0.47374904173365,0.468795604661329,-0.0100582102839196,stable,1
7.91857334117099,4.00324240414256,8.35706364718825,1.66592652493176,4.33075113167635,-1.27614895282867,-1.95459572109458,-1.1000064577531,0.0814838869109738,0.658743851580071,0.886672526301343,0.619189580755773,0.0121091258334772,unstable,1
7.62825201580066,6.94536547668541,4.2539043077365,1.3381460588806,4.59812422105141,-1.78555345042415,-1.44061451229798,-1.37195625832928,0.739754251749032,0.789737355974407,0.528710069012721,0.584287605225069,0.0438878024515133,unstable,1
6.28555698051838,9.56639480035859,1.54855277415153,1.93770203640427,4.88243179852031,-1.32429993522625,-1.6086639012041,-1.94946796208996,0.347407021722306,0.383998016060948,0.788984351415867,0.131468204206934,-0.0418089970010235,stable,1
4.63595392530386,5.57292814580097,0.654754957470333,4.13253786545023,4.62068157310953,-1.19527573980334,-1.76680153212657,-1.65860430117962,0.555711937467567,0.587031314408759,0.740428812719709,0.154312942249532,-0.0200191038769698,stable,1
9.55564968294585,3.6932265966802,5.18204834237942,2.33750128624581,4.77923659199373,-1.78365434284052,-1.40454109720397,-1.59104115194924,0.231728142210076,0.192977206673905,0.145138428761562,0.100900034109955,-0.0469788046646252,stable,1
1.23227857430835,6.52072442787166,2.19434394898098,2.816072856342,4.83110929486226,-0.873953282190708,-1.9942418378211,-1.96291417485045,0.170979544253487,0.217980559754873,0.0841775723788817,0.837496789307802,-0.0312717769274935,stable,1
8.84143588543268,6.91788567591234,8.56010706139295,4.00718390753887,4.3285208015921,-1.72076937304389,-0.899834041630337,-1.70791738691787,0.490620678544677,0.994425598674212,0.732397536383446,0.731271010405208,0.0813721466485458,unstable,1
5.73529791086131,2.74241082028433,2.26546723099515,0.608999588724191,3.9170887539883,-1.34875321109819,-1.39532544898512,-1.17301009390499,0.196027078545741,0.718966694756338,0.370608652029227,0.529277061165533,-0.0310386026705164,stable,1
6.53334910869274,5.82225778860208,5.47341567825561,2.27937935104017,5.01518755101634,-1.99899519038652,-1.66512053304848,-1.35107182758134,0.677476875290811,0.752495306251629,0.779540807913574,0.304895589994779,0.0687945301226426,unstable,1
5.92793720435284,7.56447639183387,2.46072752585744,2.16477239250964,4.29260640799321,-1.34303069647939,-1.90231779083281,-1.04725792068101,0.0696294243804913,0.868459114107279,0.57169060048365,0.481570898976383,-0.0029544917401108,stable,1
7.55590703097642,6.442192037728,6.61229855570566,4.01405662528564,5.39752149889011,-1.5622156660094,-1.93550495194866,-1.89980088093205,0.572916543956441,0.86550332937681,0.83806163610701,0.429754342585427,0.0823966542643468,unstable,1
6.41598487634509,6.36385333643937,2.59084285671747,3.55291930791816,5.51102990294217,-1.79553931075132,-1.9748064147107,-1.74068417748015,0.5131990617313,0.9711591889793,0.618918212723526,0.274309851084808,0.0487175584372485,unstable,1
9.20200744033124,5.71947303218021,7.86384446444111,1.99712128182884,4.38185700253551,-0.676614403423562,-1.99099294814086,-1.71424965097109,0.602102475492233,0.922011598669821,0.795699508013995,0.691902435473602,0.0614961348491049,unstable,1
6.95161890522426,7.32682976977734,8.34089081460203,1.60327865140112,4.52610343280188,-1.71943957768254,-1.17731471174296,-1.62934914337638,0.607017455928422,0.719045983517728,0.541441328604287,0.289506104774126,0.0487012794004112,unstable,1
4.08915692064381,9.67888974783691,5.40715698838183,4.23701335671836,4.41796848864605,-1.78588512146565,-1.64367678003066,-0.988406587149738,0.614609715947824,0.328262605552053,0.636173088330844,0.756803968924937,0.0472546100836518,unstable,1
7.28378752134531,3.13014048096302,3.30807324394244,0.954766921560233,4.36980746490449,-0.851072333484352,-1.62456060156891,-1.89417452985123,0.469659865957964,0.82582599517811,0.995034395529521,0.246715232540822,0.0197629914080802,unstable,1
9.09967565561896,9.14945442651035,0.574029140843416,5.78286363905139,4.85562215137101,-1.12370976629123,-1.75082300390322,-1.98108938117656,0.768531708247957,0.937289369926042,0.545124697937866,0.351767479566395,0.0399490129427145,unstable,1
9.80190190562718,2.47529843302498,5.25203633640031,4.5921317268183,4.46207924867836,-1.2500487310951,-1.62377328299482,-1.58825723458844,0.262381508612738,0.854419181584241,0.311591577724072,0.968681886670286,0.0246187628012144,unstable,1
7.62508451910224,7.44741290713508,9.44905678303388,1.83748388017676,4.31962460456856,-0.839069066456088,-1.49493257638665,-1.98562296172582,0.78264200466649,0.351340250592731,0.764086986137211,0.692477022914186,0.0445781521848525,unstable,1
6.59681990975125,9.78258952506719,3.76602120972782,1.69211860008921,5.16072080634202,-1.73284212504977,-1.51406577090864,-1.91381291038361,0.0954843966556981,0.675291876599587,0.451844549877621,0.568820941611015,-0.018546493278484,stable,1
8.91846127327397,7.21469877552967,5.21562905089236,2.61032898829065,5.41880191298003,-1.75768597446508,-1.86108250924475,-1.8000334292702,0.562884661294624,0.539420008745757,0.490380841350572,0.213560321046438,0.0319683896694254,unstable,1
7.0491741557669,2.81762332160649,6.30397361078779,2.27619093495685,4.59708728284825,-1.70091038616999,-1.79575520707328,-1.10042168960498,0.69564719611543,0.519547831844215,0.578558594825881,0.196283937730554,0.0261898022175123,unstable,1
3.70728603842547,3.71896065122559,2.78986452214806,1.30617101828752,4.62517526575152,-1.7878814691231,-1.25795212909913,-1.57934166752929,0.707241208880447,0.464358017602628,0.948098815103818,0.945635937873763,0.0514485227821475,unstable,1
1.31152520878495,1.92799147173553,9.64612370155732,1.29645396475992,4.80698666725658,-1.49403176621547,-1.67166879037828,-1.64128611066283,0.523232106419869,0.30957862505244,0.316343952023623,0.146423175858551,-0.0304119434063774,stable,1
2.00651195820561,2.31176985912559,4.41070446797865,2.72659200210902,4.39623679376263,-1.53275101893712,-1.32794285035203,-1.53554292447348,0.0538939963646256,0.573440165708725,0.0610324602914718,0.775628988856842,-0.021961988425382,stable,1
5.81070799592837,2.49059256826014,7.95657533880506,1.82795468817001,4.4068124018602,-1.32008493214092,-1.99971473454287,-1.08701273517641,0.625612836371207,0.130712981350912,0.918343792132295,0.674622899121201,0.0274967245927804,unstable,1
4.58569026236781,8.73374083781579,4.13339093405691,2.43305621589938,4.54580605332541,-1.79575259648651,-0.760712359901925,-1.98934109693698,0.749258464681967,0.0515257160812942,0.7693781749821,0.568069446585591,0.0297517611658341,unstable,1
7.00167442875961,6.1950283964372,7.15612053039011,1.41035534651694,4.80349397097226,-1.81379199620313,-1.18485692468864,-1.80484505008049,0.683140669857294,0.310925288394935,0.778767587300922,0.636401976969504,0.0384986683503049,unstable,1
9.13879625910424,6.19835349630939,7.0689069426768,4.99819039797083,4.55449042669569,-1.36020251925337,-1.50366493789511,-1.69062296954721,0.445903076463098,0.525292466918835,0.8965757233805,0.236357274216062,0.0580328347642482,unstable,1
3.57556857221485,8.72684132484271,6.70972686609195,4.19333111278864,4.72598246631771,-1.92587519130743,-1.34669709091739,-1.45341018409289,0.808174038769084,0.518958060886408,0.846630763080526,0.647026143043288,0.0676756461946705,unstable,1
6.13252336655914,9.86449614239416,4.97298685229835,4.52513028623179,4.68626836581981,-1.32222367217351,-1.49184503717853,-1.87219965646777,0.81423142256788,0.835762630674366,0.649610979405631,0.639190008456082,0.0761554486555029,unstable,1
3.45660150048804,7.90513865793832,1.02109940530583,4.21272635904766,4.91439650642455,-1.95405533624203,-1.28553046775829,-1.67481070242423,0.116941224832276,0.123171680549541,0.744981083358511,0.612155073594428,-0.039460361228067,stable,1
1.34809142174646,8.61889883585378,3.22979585456417,3.14215709965195,4.43959658640982,-1.98119184911561,-1.52594481548605,-0.932459921808157,0.714943000842324,0.87251199913747,0.119761619171672,0.871281108747596,-0.0118135526696475,stable,1
3.96696929489365,8.03561162992413,2.72022680973603,1.57636945267924,4.61430934603574,-1.8359225731842,-1.05546243733405,-1.72292433551749,0.433824123235944,0.497486140837538,0.453409954292895,0.411789570660037,-0.0292900801122226,stable,1
6.35789776934336,1.00100571028994,3.29026810162836,4.11119672798872,4.24619188521803,-1.66684076828141,-0.932282460777718,-1.6470686561589,0.800931039692337,0.641179844787206,0.0693228868087195,0.517115226146159,-0.0081451673768655,stable,1
4.96744522717461,6.59937180365314,7.23834826623193,2.75288328643783,5.16971859947242,-1.54282877235073,-1.89469811916711,-1.73219170795458,0.29579726005467,0.434632670941988,0.840154342656495,0.933226705541603,0.048621260222908,unstable,1
8.25523402643492,1.91284523321578,0.646931011094362,2.05988434312299,4.8323217253236,-1.08968187080114,-1.74596264007265,-1.99667721444981,0.297670811103407,0.534060129334002,0.467313999857827,0.836439082069105,-0.0263535616120211,stable,1
8.35532733166976,6.43751972285886,3.63001958910041,4.82307323015607,4.44710363064276,-0.919672217369278,-1.91988284678011,-1.60754856649337,0.326454518322636,0.107682588423464,0.309705395344826,0.340180048596903,-0.027254437083158,stable,1
7.53182124092986,0.900679421781003,7.81946742241068,1.79098973855588,4.38987592505462,-1.18112181106389,-1.48491650482754,-1.72383760916319,0.276878539666061,0.170642304675051,0.390087409123033,0.560617456209985,-0.0474426374848355,stable,1
4.70642967994181,1.25475930323729,3.84026386133451,4.42742016803764,5.25941559431793,-1.3571711904468,-1.9698462807623,-1.93239812310883,0.408311528919609,0.150993685503798,0.894051189660009,0.415072408266965,0.0167795907522392,unstable,1
9.68480372065295,1.83660370235919,2.42589402181249,5.7653655739831,4.92162594376519,-1.37347116109744,-1.57721500284038,-1.97093977982737,0.788873688347578,0.763182218658618,0.324190370020269,0.23574747136956,-0.0176458554282142,stable,1
0.69709257835109,6.20711778026331,4.82779181282119,3.27321253607649,4.44280422599228,-1.17345830763009,-1.81920852867708,-1.45013738968511,0.793910528866599,0.300637557838636,0.0540659680146875,0.961532901671232,-0.0523814558581779,stable,1
2.77607614875688,6.668680724821,2.1449307057764,4.0502520690727,5.39642252301411,-1.84165286910264,-1.68372111308707,-1.8710485408244,0.877292159884602,0.984421867765936,0.807446016821594,0.478012151784296,0.0547529440929024,unstable,1
6.45997853332995,9.73666740255749,7.52532711936473,3.37967506505273,4.79203199589672,-1.87808267454529,-1.78377536596402,-1.13017395538741,0.136269631537325,0.461934582336742,0.966347365332359,0.727589868887607,0.0466828694351068,unstable,1
2.60437695487406,6.32763712031327,0.650916374094633,0.915789576136181,4.50082937671563,-1.2505007334856,-1.34641559160855,-1.90391305162148,0.07679518109672,0.687988270413975,0.888801299903152,0.0948594896765461,-0.0377018045064213,stable,1
8.56389307799914,8.66003503338981,9.10933003900234,1.15451355546262,4.7524602510291,-1.88947010035565,-1.4004051902934,-1.46258496038005,0.377993158406853,0.876941724318343,0.144160453804632,0.0644506241075811,0.0295376355812189,unstable,1
8.46498931083573,0.903762820002122,1.61730979065917,3.83000130157901,5.17705556897412,-1.39781916158475,-1.79874599398168,-1.98049041340769,0.728280962605331,0.487794614379208,0.741352299945765,0.720810499903252,-0.0336877237703142,stable,1
4.90483630162006,5.24791475351331,9.42184402175941,3.29630439541166,4.14921313842956,-0.883876921812934,-1.57061884906085,-1.69471736755578,0.946243389526925,0.0653654925865273,0.918973088135555,0.380750630084424,0.043220733209117,unstable,1
8.75088118225584,5.1883572732402,8.43953437083146,4.92430628578602,4.69929274724383,-1.86234251905439,-1.32879398210137,-1.50815624608807,0.600072321381865,0.566037018619704,0.659315233109036,0.205088377080542,0.050864920888892,unstable,1
6.51069145745924,2.62990524573136,6.58410072672614,0.923974513651873,4.60986673615575,-1.24394680773336,-1.77165740228791,-1.59426252613448,0.155827911471162,0.748195130399884,0.373375836049062,0.732893947308282,-0.0251723051228225,stable,1
0.751821730602975,9.03518382330413,9.01318382176597,2.89215689155236,4.57941014339068,-0.836133944663056,-1.91889382511849,-1.82438237360913,0.362573929568708,0.607457842376749,0.775778010566854,0.891809724986953,0.0191418945672309,unstable,1
9.92525048283838,6.49728581814566,2.1981161405276,4.24299519547102,4.41878502748269,-1.26632109788704,-1.55004402871806,-1.60241990087759,0.259964348358166,0.733954042362866,0.211253544399613,0.586812499812566,0.0164871129184178,unstable,1
2.37342597768216,1.20636112129294,6.85186204705258,2.21347494021259,5.2088840371554,-1.91354889044418,-1.66087054486414,-1.63446460184708,0.545148202952611,0.154727289661644,0.976308872325205,0.729017384546532,0.0028200590750168,unstable,1
1.90716498852927,8.35989839188781,1.20658430635899,1.47507154262632,4.15469837099325,-0.796783234072069,-1.36951603930384,-1.98839909761734,0.757193309465159,0.518605412226915,0.55507393497329,0.881290427043944,-0.0556921190715303,stable,1
5.76254495285462,4.71528652091693,7.72210533850886,5.00431196575668,5.62475289097623,-1.9967310267737,-1.86271653818501,-1.76530532601752,0.666938599006291,0.627977018381461,0.763910712612767,0.151394961207679,0.0589633936248068,unstable,1
1.80626894623071,9.41315980046671,4.29603385746579,2.95108152741378,5.02109802334749,-1.79632481005997,-1.24472901000004,-1.98004420328748,0.569766477734145,0.849687083926901,0.0662501171403308,0.451913824944787,-0.0146079791790421,stable,1
6.04132700173119,9.79302697007572,9.6991436760872,4.75673056670694,4.21141161228226,-0.847673606849101,-1.71904685216296,-1.6446911532702,0.437839188549957,0.434220973164483,0.804608630203402,0.417049554149725,0.0505590243914685,unstable,1
4.01192334383357,3.28796084515206,2.87739161222861,2.6917060560983,4.45327185290734,-1.41557075856455,-1.38668267425706,-1.65101842008573,0.844261822520513,0.217921240057526,0.894346794580054,0.467111262633429,0.0448006562163381,unstable,1
4.82587930016532,6.70527387933736,9.04583987503087,3.95497431016869,4.76768868555775,-1.57576470378074,-1.53492490412182,-1.65699907765519,0.328677079374163,0.790449985404853,0.937129300452557,0.622044052899851,0.0686852899232392,unstable,1
5.89474237714282,5.54082792389139,2.69795918684405,2.36365951139536,4.95751090148507,-1.39151266831023,-1.75738126816042,-1.80861696501442,0.236257493387449,0.641063449788649,0.565777107774408,0.151163774107693,-0.0086542709519414,stable,1
6.56318391442578,8.26834940233834,2.80296130302328,1.30347745231183,4.53321449821199,-1.72584940492943,-1.05424767891079,-1.75311741437177,0.710008791910155,0.367198230554976,0.833665160019359,0.684899875353589,0.0024190057380945,unstable,1
0.754511860503582,9.72339200862806,9.26487091724447,1.4158358297502,5.02987570706872,-1.28156761555742,-1.94692128842344,-1.80138680308786,0.448670292880613,0.413842829858536,0.273108029922927,0.251180820170904,-0.0369859335867584,stable,1
5.82554683226114,6.15330510114755,9.21568318903308,2.64497133230448,4.74949168792034,-1.49127769693455,-1.38204761025199,-1.8761663807338,0.528458645737846,0.155705659327955,0.156221687693013,0.458131477483087,-0.023089256885258,stable,1
7.15043016019937,4.83723265397869,3.24440842430692,2.0891655104178,4.53962408399102,-1.9818311397361,-1.37597205997627,-1.18182088427865,0.319280100210719,0.0727752286900009,0.842072175522328,0.577839418526622,-0.0279782147264166,stable,1
7.26041671935088,2.17993633860197,8.68291224546219,3.02906669152824,4.55937689099192,-1.84848037114153,-1.03860827492879,-1.6722882449216,0.781445504788798,0.140546441951467,0.772387505440069,0.985068061613998,0.0471790507302058,unstable,1
3.67826988949452,9.74971985999497,1.44621877690691,1.67564814494771,4.67238645548739,-1.19971515491995,-1.9631035949162,-1.50956770565124,0.718654858214067,0.218380272743792,0.582072417115074,0.176798549795811,-0.0296112216409755,stable,1
5.53642029843101,3.15274974262342,7.66778462864975,3.2642421343397,4.86512289649516,-1.89193109420153,-1.74576710623443,-1.2274246960592,0.149886532935465,0.971084833047901,0.589694978052732,0.684036421277968,0.0294263475678607,unstable,1
5.16219175652635,9.25897240347831,5.95198072791732,1.06151784743679,4.55169934724323,-1.94507804914148,-1.09800403791006,-1.50861726019169,0.353440723101542,0.880396218325131,0.178527619397163,0.925144871049904,-0.0066352953836077,stable,1
6.10614653248239,5.49643358579812,7.84581150044904,5.02454025698989,4.51313057671057,-0.89424181303872,-1.67904121297481,-1.93984755069704,0.994241761595224,0.345629916725322,0.820753578563427,0.53809191393052,0.0828653247398083,unstable,1
6.91766385549839,9.06852008154602,0.682066358574072,1.18469135623578,4.61752687118716,-1.06083472405013,-1.60751959960778,-1.94917254752925,0.288866285083871,0.670011274745706,0.587686941742788,0.110766091278335,-0.0197894478111667,stable,1
4.59704461074033,9.13913850281404,3.5048493938465,3.90500154627418,4.61166690466044,-1.16212490340291,-1.91961334690752,-1.52992865435001,0.526914456208849,0.828559749129827,0.522348950537745,0.964129448737024,0.0541895031121165,unstable,1
4.26586459676397,2.36079529027346,8.91343531608776,2.82615653360132,4.14791816531313,-1.05378400599697,-1.58736574994751,-1.50676840936865,0.997662439464226,0.294402871229539,0.372899324068489,0.145594957927275,-0.0037100624178262,stable,1
3.50087180397927,7.26202092826158,2.43166364713396,4.14107453489763,5.16754213407724,-1.50119529826052,-1.67369221522509,-1.99265462059163,0.344489495940354,0.0931924628573505,0.827353025932389,0.936460979791145,0.0228039309189719,unstable,1
6.16854526210128,7.74102596497249,3.30610752234269,3.38072988759521,4.39541835653451,-1.44164640498704,-1.9323776059402,-1.02139434560727,0.838412326906172,0.839497104488543,0.982679703505859,0.126365479321957,0.0665835657415998,unstable,1
9.42280357790297,4.59685331693625,9.83898389926122,1.08310089193011,4.59368841449262,-1.66800237452396,-1.15173561724861,-1.77395042272005,0.524355133934005,0.289148535530755,0.556953447230801,0.598459625401761,0.002225897531138,unstable,1
5.6699369774284,8.77809477691691,2.67791872149237,2.96152143255684,3.99956603194976,-1.40974932455149,-1.55793265736778,-1.03188405003049,0.718200013349004,0.790670753003025,0.802748440637244,0.680490466501585,0.0452433443637027,unstable,1
9.27173053397962,8.04772030013221,2.70871508945976,0.850209196532355,4.02792360852066,-1.24181742661119,-1.42157301430387,-1.3645331676056,0.736502273786422,0.794953612319793,0.895327704823636,0.227307662271358,0.0296805994438278,unstable,1
2.28018312408425,4.05478989258895,2.30265690496995,2.40659860520409,5.08205044488965,-1.86376360593069,-1.80438870892805,-1.41389813003091,0.298595847682038,0.694485853363688,0.493552329325818,0.87947504628117,0.0210172751883955,unstable,1
9.75628583271491,8.23170170581844,6.36211992301758,5.27376505581152,5.10603522448725,-1.47667889849334,-1.6300204322972,-1.99933589369671,0.559211752712393,0.0576479632145911,0.163447355267358,0.86772173763274,0.0253885957842461,unstable,1
4.24670624707961,9.76251055213335,5.82698875293509,4.04006336622925,4.58657244648251,-1.42136090953961,-1.27858187764398,-1.88662965929892,0.985973128484373,0.0812307583439397,0.82946157311742,0.364713958154279,0.0538479537345324,unstable,1
1.76592504929192,7.80270111122483,7.33196291479755,3.92784442162419,4.50644166986608,-1.33384264916888,-1.23808972803265,-1.93450929266455,0.246519852789671,0.414845043366982,0.398394914510278,0.825115491375203,0.0144617409604987,unstable,1
5.07058071147118,5.49025308275924,8.07568835973156,0.761074695658183,4.22088816784392,-1.28059629400204,-1.90218534359728,-1.0381065302446,0.443514782364035,0.0972439332580916,0.916954536067406,0.129253531213776,0.0178697113935948,unstable,1
7.57740111277911,1.28320571949775,6.45491963294595,0.776520175451972,4.58524947210762,-1.00286566437654,-1.7901883325874,-1.79219547514368,0.76379133608408,0.927102927417678,0.801059749323696,0.667818199224655,-0.0031182865277652,stable,1
8.76193489551698,6.74549547432894,1.04867920826522,4.50187603324733,4.11401099721962,-1.26690679591041,-1.38693721782384,-1.46016698348537,0.112502631672274,0.421941621685751,0.851272963152953,0.684607878391565,-0.015250382428982,stable,1
2.57231768969049,4.60837824905335,7.10902246053816,3.69576781613248,5.26409796969403,-1.73481980158924,-1.65017183336583,-1.87910633473896,0.639444735660363,0.650581788460518,0.141589666905066,0.244442197890697,-0.010577815999289,stable,1
6.42907254799178,4.49734223340676,2.20963280698191,2.87984916409104,4.90605819594164,-1.55818170485076,-1.851126379447,-1.49675011164388,0.457834290428936,0.74624040267847,0.459471577267586,0.54180424874929,0.0243146241028068,unstable,1
2.09399920409116,7.05601667328757,4.53307484863851,1.20311032166212,4.49311554108322,-1.76023182547347,-1.83545528221049,-0.897428433399263,0.721728352149258,0.929382193377215,0.428783035163204,0.696425521553599,0.0058140243627833,unstable,1
8.24223023385212,3.29683451690037,6.46918730669274,0.616918334585463,3.88965242311384,-1.53026721313638,-0.844370120147709,-1.51501508982975,0.952694292842478,0.915278837755393,0.548704770476081,0.179563414391653,0.0426697088479319,unstable,1
8.14523390275874,3.73136650892743,3.31672409000436,1.92556341805159,5.02305805787531,-1.72053662167997,-1.36200607874887,-1.94051535744647,0.0963475865371386,0.613635040744959,0.919662874816384,0.906020357426333,0.0267239204686286,unstable,1
8.88983963327654,5.3093746236036,0.885278404468414,0.702272209011787,4.64153158384182,-1.34723245540316,-1.44879387704899,-1.84550525138967,0.190159572000547,0.475151521550728,0.245123928413679,0.103706554324112,-0.0455457799410793,stable,1
4.59996939271367,5.42317517697811,5.71877528527762,2.73205154338481,4.94440120448956,-1.5969327101772,-1.77833974411044,-1.56912875020192,0.28870532458,0.859398856268839,0.539599349505249,0.0656878039053502,0.033015729808207,unstable,1
1.64217419611278,4.19184403664336,5.42535397073131,3.4206323651068,4.84579531853814,-1.55762122199963,-1.80870260216217,-1.47947149437634,0.447003936453829,0.745275658566998,0.85511665033243,0.911733559238331,0.071987091831587,unstable,1
4.83790759583863,9.25480173680046,7.03340794748479,3.82870628408255,4.48560120584678,-1.2153137599856,-1.50149988361784,-1.76878756224334,0.226149784623578,0.890491782312982,0.413351135585619,0.0782244275719661,0.0319439142860012,unstable,1
7.25074720756614,9.65958879455494,9.54179673354554,3.32980789669273,4.22318468995504,-1.86327842839418,-0.750906375158008,-1.60899988640285,0.743519243745575,0.740618531946741,0.130488682615357,0.52262836908745,0.0443263563380313,unstable,1
1.0007549205746,5.94646728088692,8.27493383162894,1.22881592993099,4.16582010249045,-1.08207342762405,-1.58583600755011,-1.49791066731629,0.0584604185343836,0.45945608146341,0.0727355481826211,0.263995153830713,-0.0473437129376753,stable,1
8.55636433033972,2.44271159097772,5.3817910711772,3.27645583176938,4.43216333823024,-1.7616720010555,-1.26228083574508,-1.40821050142966,0.238303382321203,0.606813138157768,0.838332837461029,0.689590240695311,0.0302487459433826,unstable,1
7.68151268249619,4.57567661466346,6.00897527946127,0.638930477456725,4.66895310517893,-1.56020045101854,-1.19338479884909,-1.9153678553113,0.766177314622506,0.824516514240645,0.688463996790036,0.152690813598898,0.0566805814965584,unstable,1
2.58781648898224,9.83748299542909,3.43522797782493,1.87944124045126,4.74709702780276,-1.76768865323487,-1.50706208072631,-1.47234629384158,0.537493211327062,0.320962482634765,0.817687823059515,0.530635697447271,-0.0404427136552298,stable,1
8.12478505202467,9.99498842202375,7.87136728701114,6.26009851174176,4.5765386309601,-1.2626217581484,-1.60796283990738,-1.70595403290432,0.67997177872744,0.867074698101819,0.883585563469497,0.354682460724531,0.0837856097238176,unstable,1
6.17491735846793,9.32483872620866,3.94583892989854,1.82548856349118,5.32751249737137,-1.62394278666098,-1.74770254718993,-1.95586716352046,0.534062900199862,0.576106838894415,0.870084915783222,0.323182291703192,0.0274328904823794,unstable,1
7.85403864401838,7.81646467477741,1.79337035569097,3.70580263220193,4.5822670642919,-1.34830085381351,-1.61138672199695,-1.62257948848144,0.587469670697202,0.369922260825324,0.720978043060354,0.885052687397295,0.0194429809041313,unstable,1
2.93686318763178,6.32889618383508,9.03671253706696,1.54569573055503,4.4770475480938,-0.952043719052093,-1.71913691535369,-1.80586691368802,0.67630492050107,0.713944165422928,0.385888343457343,0.623236652697806,0.0025069441194095,unstable,1
4.13841543857146,1.03016976346093,5.40375735587172,2.09353262897605,5.22210812977389,-1.88530089702128,-1.82905218450099,-1.50775504825162,0.0651933052564226,0.916591121005063,0.100308665229563,0.302555087427433,-0.0435792400951051,stable,1
2.85456343111472,7.81149467742712,1.29697624590772,2.77594028048983,4.48223993731149,-0.561330996585905,-1.96457970464905,-1.95632923607653,0.971439648364428,0.404687413488065,0.742704991505458,0.485191031727416,-0.0327343209493431,stable,1
9.72036597972335,6.20106335042033,4.27700090150185,0.950180505618127,4.20715701928094,-1.37666187524372,-1.82341804466723,-1.00707709936999,0.960900135005815,0.785953955562946,0.774676744911532,0.261018306375907,0.0512301027437194,unstable,1
7.00797283812616,9.40918641825739,2.48009697526215,3.86310781541209,5.29450619811186,-1.93247554801563,-1.64097418339581,-1.72105646670042,0.824653206119775,0.772968727291472,0.800098469940341,0.246045884499982,0.0418696277352337,unstable,1
7.61747999133215,7.77510722506734,2.22039326766487,2.30364581749252,4.308859754811,-1.51096902685434,-1.41773654101371,-1.38015418694295,0.817432275328611,0.371783632630473,0.256114135939759,0.191732782087682,0.0134738040998568,unstable,1
7.22493779152376,3.2245056557272,7.76297145395469,2.66462361631251,4.71849589240146,-1.97874038743873,-1.89148379778233,-0.848271707180398,0.714594596617939,0.696457347282015,0.618590121278964,0.101016539752282,0.0379537079342025,unstable,1
3.53810978463213,8.77266347533783,8.97393000976781,3.57061854143467,4.59916160782239,-1.28421171326631,-1.93374172197689,-1.38120817257919,0.0608302796951134,0.740096358818351,0.725052095500171,0.57721289634161,0.043354953729811,unstable,1
3.31461423814651,7.48771360008683,5.96712651815221,0.570885874148947,4.38864717549796,-1.65124545080203,-1.65433739311962,-1.08306433157631,0.222138968351932,0.676201362550707,0.373479113055633,0.458779593591557,-0.0130408402129477,stable,1
6.61146167676682,3.9018523530015,9.23137535688675,1.2724136179181,3.75661231879889,-1.03865816014155,-1.27846771264817,-1.43948644600917,0.288771885652986,0.57009533520243,0.632841122796165,0.703339943738236,-0.0088912077462927,stable,1
9.30472127038755,7.72077137267599,8.0939758175696,0.773179088974837,4.77974898753688,-1.96779774314472,-1.31237076537177,-1.49958047902039,0.531454097019481,0.125344690377212,0.255327523481324,0.522249023190523,-0.0211152754698805,stable,1
5.45324081996029,1.97317889774912,2.06902960780192,3.49652458600644,4.59344919665455,-1.42349010524515,-1.83156199022123,-1.33839710118817,0.234950931967867,0.760873480883836,0.219273833425289,0.516308484211365,-0.0335213685992367,stable,1
3.63718377682713,1.15897382141285,9.51968130810856,1.47826121013282,4.67302760097615,-1.80247293785063,-1.82004456001945,-1.05051010310607,0.255973480703067,0.387440857359741,0.39694694426781,0.0867404694368748,-0.0408878439670078,stable,1
2.63962131242705,1.13754182950699,6.69895479850395,2.12899099631509,4.74257075568326,-1.08603999035327,-1.92992058542712,-1.72661017990287,0.90864884012492,0.906610860833833,0.968204821156485,0.415739847219917,0.0026697704027925,unstable,1
9.73126818120556,4.17945151977056,1.82939076286241,2.68100253135527,4.38884352606658,-1.79960640851675,-0.69901687954053,-1.8902202380093,0.424829231985144,0.292863919553989,0.508450866398109,0.0954240513949736,-0.040727407700159,stable,1
8.96169706679851,6.8395180849075,9.101750306314,3.78521560393879,4.90122038119066,-1.42309821020701,-1.61622596648687,-1.86189620449678,0.53167822513325,0.189743453441751,0.577923465104818,0.567290909823101,0.0344291378908544,unstable,1
7.65868181233008,4.66707161006334,1.52081622679239,0.679035737017216,3.9216930061866,-1.21479727302229,-1.33248495010961,-1.3744107830547,0.422690182514432,0.293854919276694,0.327668947006982,0.442413519086828,-0.0446217287864527,stable,1
5.06579086853896,3.69569836873155,7.49504815703103,2.32906292551289,4.55058912965184,-1.86616081323545,-1.85284104577384,-0.831587270642549,0.204805617744998,0.183020532088915,0.394819814014881,0.0908445491734217,-0.0486887565635732,stable,1
2.72362057892381,5.75272739407992,8.08061373895983,4.47738719941996,5.38389005823563,-1.66271469721898,-1.88058464441549,-1.84059071660116,0.843096939096898,0.57746209961775,0.412126090171477,0.570063870390565,0.0393146986632906,unstable,1
2.25655617667298,4.23590330160689,1.099795965916,0.745461293725763,5.04372380386217,-1.90849626025901,-1.91107084038253,-1.22415670322063,0.574293285393006,0.427559920873292,0.61459380097752,0.60717533488434,-0.029051774341638,stable,1
1.1658239098024,7.49015283996991,6.0023961211908,1.87808994532145,4.72305519771206,-1.33670640300732,-1.8409906293355,-1.54535816536924,0.158114010665158,0.294048219571897,0.961576325373137,0.202346321612798,0.0045318996084581,unstable,1
5.18308177511023,3.79927298051056,9.46904917223566,1.04902368058184,4.22034382808952,-1.78864536539847,-1.53001493443605,-0.901683528254996,0.299803630150503,0.3247925474169,0.703254821514273,0.64137889324683,-0.0190275045924744,stable,1
4.92644721361938,4.67742327625871,6.09782292068462,0.812803697581089,3.85788610858081,-1.20584434490715,-1.25415031333825,-1.39789145033541,0.728084355513115,0.683479607725595,0.665723277099088,0.353109524120722,0.0473868603030749,unstable,1
4.96478775092994,2.52583907405399,5.18685142748791,1.94356573923054,4.42702218910712,-0.908342594937503,-1.59829442067937,-1.92038517349025,0.155128484747491,0.944196999469819,0.883186970599359,0.85253309060069,0.0413559270350942,unstable,1
8.56357954734934,4.63166615559041,1.59394400321943,1.96040547370377,4.94903327145697,-1.70709827758392,-1.30617015658916,-1.93576483728389,0.145523608849461,0.899525082765776,0.666014818241382,0.195158062184158,-0.0138337999511968,stable,1
8.94974789367762,3.65406353785296,4.31232719380562,0.828913037517003,4.10635214475846,-1.20726313013202,-1.37536939430304,-1.5237196203234,0.698911268610423,0.334213973757629,0.181332307847983,0.909939278850703,-0.02091599940649,stable,1
9.03289824391417,1.86552124220107,1.38285193598935,0.647374926802597,4.08899639633714,-0.838428728614934,-1.61354450544106,-1.63702316228115,0.333489230047325,0.306193791083043,0.812344763516632,0.871778143548443,-0.0338811365822963,stable,1
7.69875176702876,4.42898723735935,8.84230299789985,3.2190466186803,4.4387870878678,-1.76803069165287,-1.56905899206395,-1.10169740415098,0.729064032262329,0.693354153798122,0.29118305993226,0.122534461900969,0.0317537906996703,unstable,1
8.64462606139481,4.33939758539374,7.02879971653144,4.27527405761188,4.2342455074215,-1.39009711331062,-1.25366097411303,-1.59048741999785,0.709734410649786,0.727050538804244,0.789236438178404,0.914597205513834,0.0851574515918503,unstable,1
7.18457136174981,8.71537203152875,8.0542867249826,0.866828869676124,4.43575983537673,-1.68245920095243,-1.70459309031771,-1.04870754410659,0.105824919650538,0.389045813681232,0.960200881045704,0.146682567972934,0.0282619084845588,unstable,1
8.91657162563949,7.00823546092191,5.62592392354995,4.50830572516107,4.54436903911219,-1.18799829864543,-1.85130747295438,-1.50506326751238,0.55724199860732,0.278144033444964,0.908817100261329,0.611813592605976,0.0609369615693578,unstable,1
8.44836505915101,8.30118753688259,4.79345787198809,3.41585844127216,4.8321506322262,-1.58146465712253,-1.54900587439752,-1.70168010070615,0.17832494736193,0.742565371238741,0.992477895005711,0.88356892139283,0.0630567613145212,unstable,1
4.97434654430676,5.30395508117734,7.37965212948127,1.65816232065407,5.10766315424976,-1.72022623354844,-1.40074548564606,-1.98669143505526,0.596621987149897,0.724431273405012,0.754256163895727,0.0828057391288108,0.0531819959682449,unstable,1
7.30438490833723,1.70749066437241,8.57590137916815,3.25049640287877,4.40660555346853,-0.772224992358766,-1.88654593773044,-1.74783462337932,0.170258788020865,0.225854003926227,0.777775774795293,0.645127203249326,0.0052333280792593,unstable,1
1.4810387845687,4.36471667676194,1.10049785209433,2.90867120333542,4.44376103541279,-1.16987682615937,-1.80056434840017,-1.47331986085325,0.979440932856949,0.647740807864785,0.400326080428545,0.292580628402184,-0.0283265009069573,stable,1
6.65184727059056,5.52576381484979,5.22433456007655,0.881013115492789,4.35629874780511,-1.96497897668933,-1.02710354359262,-1.36421622752316,0.63680341770716,0.936708378381851,0.119469803286446,0.420867088571327,0.0267435146747719,unstable,1
8.65070749322351,5.41317688843531,9.70064536570383,0.709099752922996,4.95522540171216,-1.6454045284288,-1.74092419779891,-1.56889667548445,0.773347760832347,0.546982296549473,0.685027864169668,0.305788322695891,0.0421030643551229,unstable,1
9.04606944894622,5.14161812422443,0.947684472746321,0.776295361514355,3.90366721459721,-0.668971396590979,-1.45661354788442,-1.77808227012181,0.690988790250424,0.362122140865348,0.834594958314117,0.484793589234574,-0.0195177968293374,stable,1
6.69967471048494,0.751812211540004,7.88747862004299,1.04066132226835,5.04852513545413,-1.601051546511,-1.70955271991896,-1.73792086902417,0.14908994612996,0.10999823696075,0.804714173953222,0.113252424185267,-0.0129185991899005,stable,1
3.87038935725106,5.26880653525067,1.57706526819766,2.04247774757267,4.47240548840464,-0.937421398173424,-1.7613041112017,-1.77367997902952,0.775177545386464,0.476706532492329,0.629642141076186,0.596598099336252,0.0148327568789966,unstable,1
3.2959340632505,7.78951118445486,4.58096432470334,4.63327874836073,4.1219718556743,-1.21505431293328,-1.37763852185875,-1.52927902088227,0.535750531686845,0.364101302607409,0.938135548547742,0.494724346979872,0.0504759422058562,unstable,1
4.70924899654535,2.9657558721588,9.34287213301625,4.80281467454153,4.38007342300355,-0.970583267268434,-1.44260386274325,-1.96688629299187,0.902538411690103,0.198470292343878,0.981595295436709,0.835914655441053,0.0679277572441997,unstable,1
7.83281368246129,8.30671300096347,2.67577319738953,2.45591467357328,4.96865144452675,-1.83105330370211,-1.94601190476036,-1.19158623606428,0.953913282714538,0.448971815744179,0.405543856774312,0.129518393475363,0.0311609852891366,unstable,1
6.68248840245051,5.74043021090328,6.74730607700326,1.59705304341603,4.20275507579756,-1.24961946357103,-1.70769404781368,-1.24544156441285,0.144777525112353,0.323532785290629,0.20558915862726,0.107797346815782,-0.0413016720468984,stable,1
7.78563325805932,2.79264706266768,5.11647186838118,1.19831865850011,5.0318161840793,-1.59303694651588,-1.52816129113728,-1.91061794642614,0.0984856179079472,0.981526755634333,0.334766527742838,0.164596447564098,-0.0253347109540286,stable,1
3.36404657605189,4.3600955035714,5.43709207469688,3.11385542121406,5.04779298202554,-1.8779019552907,-1.2012319438858,-1.96865908284904,0.985063127516991,0.817242685887807,0.690915825925034,0.990943032618405,0.107060220204567,unstable,1
9.29387972715012,3.85736844750096,1.63057600619049,3.87403890157869,5.08262361180541,-1.96841365742541,-1.48485658686435,-1.62935336751565,0.557447497767222,0.763755862975528,0.344246473039237,0.927267598555047,0.0199725445804048,unstable,1
1.78197627593123,8.72349030206363,7.4765727927962,4.69750538696337,5.21799081848678,-1.89398435707605,-1.46930658736288,-1.85469987404785,0.976680128905958,0.581478208026058,0.256559381430098,0.845650158691098,0.0162306439669113,unstable,1
6.02610030705059,8.48883631735307,4.21439320840307,1.07303706623805,3.9542753237774,-1.34176699393612,-1.65719667577189,-0.955311654069391,0.107604309086587,0.715440310505744,0.973662562059967,0.440990720024349,0.0128556841822186,unstable,1
9.75916246764392,8.60944984424138,7.15079402938457,5.75732654355314,4.64177358487558,-1.55878558802058,-1.90764585549668,-1.17534214135832,0.094916995774738,0.335106693711192,0.976661693315789,0.687360738402748,0.0585473734958828,unstable,1
8.89840951094455,7.46208121869648,9.8066410668741,3.13569803265899,4.90036621486192,-1.67650840143195,-1.96495180965487,-1.2589060037751,0.396344080128999,0.742315370188818,0.538810482239814,0.278768908468659,0.0449569047785421,unstable,1
9.22209448342413,9.41263184733844,1.69072608832688,2.46585291288367,4.87999929232603,-1.63365189284874,-1.69111036410611,-1.55523703537118,0.387012664634683,0.129253952759192,0.168067171922978,0.392393358672282,-0.0296372868155674,stable,1
5.72037312285521,8.02919986967298,6.82092143381294,3.56887105908679,4.96015231848033,-1.47841794384666,-1.74527991927589,-1.73645445535778,0.0867613398637332,0.619209584533279,0.233394991904062,0.653905558517849,0.0120669954998212,unstable,1
5.74364237992478,9.07630173303724,4.65035956799183,3.51992024755459,4.65353812770241,-1.59350670399668,-1.27206552012487,-1.78796590358086,0.927044313890524,0.133041673387187,0.56795144388205,0.330757766912748,0.0379924887014201,unstable,1
6.6482852208743,3.70334078931719,3.46501403224291,1.18014099278728,5.22581880463113,-1.60666616491176,-1.67617606013506,-1.94297657958431,0.285546454549141,0.118493961564987,0.369870871116193,0.0583321799931431,-0.0398312017838909,stable,1
5.42753635926941,6.78673986646797,0.823008874506841,4.28116531059905,4.46240707047073,-1.70510042902216,-0.921355600588559,-1.83595104086001,0.795683583117144,0.1768738493659,0.479911780005678,0.733665205400902,0.0179624264621172,unstable,1
8.38567001890498,1.72301702413224,4.9655461000532,1.90937607465386,4.99712419297532,-1.45184060705684,-1.95108140685464,-1.59420217906384,0.559601706828688,0.0903076093661657,0.555161432464286,0.156876748645159,-0.0103667840256604,stable,1
9.00095069488169,3.18131799975177,2.91832864560296,1.4506214115232,4.04822803064233,-1.53121679331146,-1.16256880364219,-1.35444243368868,0.722958600977748,0.0589177088711294,0.786967275726908,0.546262731793606,-0.018717394255389,stable,1
3.48405135407934,3.26158327126098,3.06193311557214,2.98493967280349,4.28055288714023,-1.01896393869155,-1.37221407159581,-1.88937487685287,0.487419303636944,0.90205875452872,0.599310029075989,0.802853804666443,0.0726425211463942,unstable,1
9.26506291273318,0.89477047764787,7.87583745237915,1.23946826980097,4.11289238545121,-1.29747654591942,-1.25385566285825,-1.56156017667354,0.966311743152011,0.676271802246914,0.963028335104934,0.770446202259397,0.0154496418819226,unstable,1
9.28294329077635,5.78757292029565,2.94360167358909,2.19384239446106,4.17263558043408,-1.53503082432441,-1.00293757051092,-1.63466718559875,0.308305285977282,0.476583889598052,0.952261425454958,0.43900232597096,-0.007355393437408,stable,1
5.40130953660027,9.21303751909233,4.96665332585181,4.15203014381817,5.45765765246604,-1.88232672867201,-1.63205208256221,-1.94327884123182,0.85582261532955,0.693587065789857,0.893120153503547,0.150108254662708,0.0670111606484273,unstable,1
1.19589664423555,2.77705266463595,8.86447535258755,2.53460882036149,4.67762124539033,-1.53481351772014,-1.92445883093002,-1.21834889674017,0.903760247765543,0.275215830789264,0.13501333442957,0.586133713974319,-0.0112886193361514,stable,1
9.42724558289135,2.83603024171549,3.42236998727232,3.94081204600007,4.22761375172805,-1.35038400907884,-1.12068181634854,-1.75654792630067,0.768944389019535,0.160728303641879,0.840538292340103,0.957978440992739,0.0321204308658149,unstable,1
6.97569712099099,4.24761886845021,3.89512590737018,3.30757211644182,4.61932162700182,-1.72867917460511,-0.945840687949513,-1.9448017644472,0.994005369474527,0.738604231277861,0.580146909505386,0.175366442619964,0.0606841772354235,unstable,1
7.68830585588666,9.88134914789955,3.72680295646082,0.899813131631247,4.51215130990654,-1.67342113596655,-1.39511470259656,-1.44361547134343,0.202437682028317,0.71062191980812,0.584928702153533,0.62953583481225,-0.0150916182493738,stable,1
0.895326032093656,5.39750920374051,8.55487950382683,1.30897385812862,4.54060820932465,-1.73638483067979,-1.9789160888138,-0.825307289831061,0.909229599067437,0.616362699453294,0.605182986104343,0.941322985534009,-0.0514650131662637,stable,1
8.57469614208519,1.52751255980178,2.17292190645509,3.11223617017991,4.60426991425927,-1.46536464889729,-1.97371227855162,-1.16519298681036,0.225598711726742,0.968512480309849,0.17750491466,0.748345740706794,-0.0633052523402607,stable,1
3.10665268008475,6.50838416448872,5.75935664196884,1.72683601924973,4.26390491143602,-0.877946994766593,-1.38750790014076,-1.99845001652867,0.561214278845455,0.473120454572769,0.871136530694098,0.949787462724488,0.0395584828288676,unstable,1
8.74307220794234,3.13903868204366,8.58792113802669,0.60287046830497,4.34903297513063,-1.31864519145241,-1.56672563605192,-1.4636621476263,0.0732028910740849,0.948717946516735,0.195555513660684,0.259351053316703,-0.0472537758637754,stable,1
8.33152216831637,6.39738121413234,7.48517426608769,1.56544446700588,4.43889576310397,-1.16825193319872,-1.85371829272197,-1.41692553718328,0.593092563820102,0.319841885066363,0.651824679889522,0.331577582686996,0.0314358747198893,unstable,1
6.88447962865599,9.48214332861825,8.65161381613286,2.73825662324466,4.28326287162169,-1.35308776582322,-1.82090741852435,-1.10926768727412,0.942374758685742,0.930467460152461,0.575922702407609,0.891332093047784,0.0742744234698794,unstable,1
5.46056958601031,4.18597038150923,2.10612466142827,0.806531513547327,4.41752730937555,-1.49223353386438,-1.79300400968123,-1.13228976582994,0.403787767698668,0.115402906081207,0.289743237870162,0.2791636596022,-0.0397461184734702,stable,1
8.35890557087225,2.73753746377601,5.43479391152238,1.63539651856457,4.26989577156674,-1.14202194483839,-1.8352355864256,-1.29263824030275,0.214576104324723,0.465445647320494,0.155165723671914,0.669244866741961,-0.0465115296655358,stable,1
3.7680221186601,2.054638205614,3.27719857044322,4.71925538854147,4.2069902582775,-1.57054809124105,-1.38800904548214,-1.24843312155431,0.553347033379487,0.681424190152178,0.501906463865431,0.475632438576601,0.0225556676763936,unstable,1
2.85906290020966,9.45404894801311,4.58307299462059,2.03305374986116,4.90668185209975,-1.59467665035645,-1.37719637388674,-1.93480882785656,0.744891573356818,0.238195869144675,0.383711291032947,0.454606433222895,-0.0271642060713675,stable,1
7.94160508174871,9.30613974775556,7.09826289066582,1.4280433980515,4.23104705653559,-1.07684917101037,-1.3562257194174,-1.79797216610782,0.593984082897169,0.645642511976162,0.138939020557621,0.118873992348694,0.0259547133023375,unstable,1
3.53920093781685,1.75139985130837,1.66490254459576,3.64352096914898,5.29374552496083,-1.93348671792735,-1.84174759790155,-1.51851120913193,0.60246452410467,0.765464113306794,0.101526687598663,0.34182419394735,-0.023975171929563,stable,1
1.40668260888301,2.53479416327934,4.81551398355267,3.06918918997529,4.64545630548166,-1.55997863930403,-1.58402980058276,-1.50144786559487,0.890930614717755,0.307200566197007,0.492175264010973,0.200241088640455,-0.021447405257443,stable,1
6.01687778188076,4.36588296964075,2.2622880775945,3.4761883720174,4.92023958150731,-1.93954422821805,-1.52412734015539,-1.45656801313387,0.788252029063731,0.388387740452939,0.55123516260085,0.881837167445553,0.0525162436058024,unstable,1
9.76138444832318,8.52269394346397,2.36715541588893,3.93643512033555,4.9652464898932,-1.49904894841057,-1.58604350754543,-1.8801540339372,0.267117736915731,0.672069257753229,0.44787472996895,0.809193895968012,0.0190626777954176,unstable,1
7.83983187226877,5.5719420569045,9.12596602765749,2.41813898050055,4.49674269705936,-1.77769487884792,-1.93735002759988,-0.781697790611559,0.823271585465654,0.281492809505819,0.507138115366249,0.272906553822957,0.036970414045767,unstable,1
1.16448836843086,6.8807067384725,1.98512991666086,2.76543445343374,4.59796047758167,-1.90449318073412,-1.1408589641536,-1.55260833269395,0.978781889409826,0.234739131638339,0.592893643829901,0.895104351933487,-0.0143938154339212,stable,1
5.04015627532872,8.45717089695109,3.77781253182237,4.19886442235042,4.83444355446288,-1.94134446529666,-0.94542904167712,-1.9476700474891,0.482927412579476,0.0723530599011795,0.724531508165351,0.473406979040352,0.0162122595343389,unstable,1
6.13300573769248,6.21313860342412,9.44309919371023,1.23321309125546,4.31236532252695,-1.24258452849032,-1.6288307803442,-1.44095001369243,0.251373513164594,0.793935837507391,0.817715579537961,0.560192762400277,0.0326482448528325,unstable,1
9.97270285665946,5.95276659976717,3.31100521905757,4.65193826068544,4.48092796828723,-1.50066363509872,-1.21570230566775,-1.76456202752076,0.645308829489661,0.0626513589058758,0.462396815876961,0.628954736757097,0.0087969760799142,unstable,1
5.93178326812088,5.0754503413232,0.936775136760878,0.656643683502683,4.21946759622573,-1.02137909033395,-1.24539489571223,-1.95269361017955,0.269190668104087,0.995310562129261,0.533574810908159,0.395342686036254,-0.0216185815482895,stable,1
5.11041601977218,1.218168203637,6.60258449251794,5.1779481075365,4.48040064230764,-1.64124191432599,-1.27532870562485,-1.5638300223568,0.922008559414067,0.149527883262868,0.639688229705103,0.55771774460958,0.0560671881654929,unstable,1
8.39626862039923,8.66074577730995,2.17845849799924,2.96356840517533,4.71340090515185,-1.43244499639642,-1.43135564267392,-1.84960026608151,0.970996814649469,0.917364186690823,0.661570271103078,0.944067236133502,0.0542205231121621,unstable,1
4.80816782470695,5.42749132576219,7.00228315573292,4.4236459361701,4.19741604912554,-1.42002007758312,-1.00877089528607,-1.76862507625635,0.493427887477295,0.531803214735573,0.990622605853373,0.931387401309874,0.0903063214612834,unstable,1
7.0225770680571,7.99588010956682,5.81876865877023,1.23212097851433,4.41368475384886,-1.9288846361363,-0.923055934183998,-1.56174418352856,0.0928577587605419,0.999696622442488,0.66873804619198,0.108927734646572,0.0410617818800264,unstable,1
9.75734993584333,2.21615766048013,0.877414004772273,5.80957881857229,4.65298605124784,-1.88005997112625,-0.924153841350589,-1.848772238771,0.684230663887425,0.530930233298076,0.879845550617617,0.137970912171974,-0.033402173295466,stable,1
1.71626753483017,7.73687518860208,9.11092993110184,0.822990843799757,4.94266525839852,-1.44603589231526,-1.77462838578101,-1.72200098030225,0.627805025617239,0.718434872303966,0.464185506925894,0.453747134296057,-0.0117053437921996,stable,1
8.56578979741669,7.03707879103079,8.95356706643363,2.26559782416046,4.7689428612969,-1.98629971458102,-1.43127382498056,-1.35136932173532,0.849826115005878,0.709010422595695,0.609788695241349,0.937463668401527,0.0602685928462734,unstable,1
9.10397648680956,3.63284630669605,6.38428064837742,3.15101065429858,4.29777683278446,-1.9088076401689,-0.52038610498918,-1.86858308762638,0.460385928961509,0.31227903106997,0.685095388484119,0.327591621413178,0.0196663644938395,unstable,1
6.07877356821957,7.12310998194629,2.72196726682244,3.32457606976888,4.80907496312626,-1.65984967462883,-1.45318907250167,-1.69603621599576,0.889437680651183,0.632356317594709,0.430348548781754,0.375108023905696,0.0489837996352091,unstable,1
5.54226151764555,2.83237834482688,7.77053797954381,1.54142826029755,4.63817692279589,-1.21695843562535,-1.46252433086672,-1.95869415630382,0.851248776562342,0.291627903613046,0.54240353935571,0.630609637378764,0.0178292560839511,unstable,1
3.82989015764903,2.51739800212141,9.64241753350925,0.504826988684433,4.91765968097595,-1.69789229902099,-1.27357360393327,-1.94619377802169,0.717520061884198,0.674063957768527,0.167264167483529,0.557232231965827,-0.0226890728112788,stable,1
6.71726075649133,1.45871339410843,8.54917733557699,1.13847458470031,5.37560325928889,-1.65770014100209,-1.9974589821557,-1.7204441361311,0.227370483701429,0.21752167576562,0.434128937938499,0.504025907480657,-0.0407442373445287,stable,1
9.34752377999029,2.76033907883321,1.70498728560008,0.556199914539617,4.63542922529244,-1.21101919638677,-1.96431075057603,-1.46009927832964,0.327242303810521,0.451548993999693,0.0634856538476504,0.395039088426807,-0.0391445403250984,stable,1
7.55834808352905,2.07658148330185,0.504430847465957,2.25189808583482,4.01751756722167,-1.34913923796846,-1.17880152638594,-1.48957680286727,0.179119092417856,0.147283375407177,0.547032940291115,0.439949737310847,-0.0329916837605415,stable,1
0.837655059417465,9.12136346352317,6.06031918497214,1.88603265568829,5.50368207228408,-1.86923604055605,-1.6952760033597,-1.93917002836833,0.158433664656682,0.696843508831235,0.211585063681863,0.712046544240312,-0.0176278612015401,stable,1
2.44872926788024,2.70046316119328,6.60544226587615,4.41415049083303,4.33641935382541,-1.3246197444536,-1.45358252050673,-1.55821708886508,0.92025128058013,0.841872808414241,0.597776320028962,0.244756533791118,0.0262856770426072,unstable,1
7.11018635588206,5.3539240475919,9.24220735429401,3.39442116492264,4.73931257527988,-0.846730517873983,-1.9556099229591,-1.9369721344468,0.904974086320613,0.902465413003559,0.572324489793651,0.603792834951043,0.0782200125814686,unstable,1
8.5239769718552,3.81092944624971,7.74232807077109,3.5498299893181,4.41428454861373,-1.859891545363,-0.934391892665485,-1.62000111058524,0.864801319099464,0.536398631464768,0.0530965054748603,0.944211725531109,0.0355882344195707,unstable,1
8.96054020035996,8.31469048348026,1.58514211788364,1.26066754992974,4.08503073974254,-1.40228311038889,-1.38092196458875,-1.3018256647649,0.354263174479399,0.858725801051223,0.884968142949019,0.237228014660482,-0.0051037815832804,stable,1
9.96549861655543,2.14090209182445,0.56209779206746,1.87316261235498,4.99296332282902,-1.97093680843934,-1.49930942611431,-1.52271708827537,0.912818819570671,0.919268787942278,0.194860444419598,0.814458753797505,-0.0248935040133961,stable,1
5.18425311527926,8.14429284963955,7.35376812364747,0.769917812284909,4.658175682391,-1.64257486143818,-1.3584667010971,-1.65713411985572,0.0722520605889754,0.76780242218512,0.443600111527864,0.62692770782231,3.877583035611e-05,unstable,1
7.21991088072626,5.33953886135063,9.78260227561438,2.89956173921903,4.26799945510095,-1.72062773337467,-1.08434886599749,-1.46302285572879,0.860387688353292,0.621645957255448,0.490480216646113,0.14544221079004,0.0500805024597464,unstable,1
7.12671034153304,8.7885369418852,2.20261118431146,3.87129428374843,4.06907005576983,-1.53545923309515,-1.0688088983877,-1.46480192428698,0.399230534986108,0.316031647821524,0.955572539806408,0.86982598179106,0.0145211004332228,unstable,1
8.67232059726111,9.61025231912085,8.09793259524194,0.694333526471676,3.98290466616426,-1.60117855732288,-0.84399891365756,-1.53772719518382,0.706904931455402,0.457582099170713,0.70182439528399,0.754215168354249,0.0297254686351585,unstable,1
9.8639146063076,9.65700497025123,6.21152067437801,2.02041673015237,5.26261869699553,-1.6828685766998,-1.91490124899676,-1.66484887129897,0.372246367856882,0.291290398988166,0.42667337317293,0.388195430275624,-0.0009774067727019,stable,1
2.96510220394621,0.98206091984266,5.63525451674687,3.40339108817717,4.36910404226443,-0.919860462751565,-1.58292545881623,-1.86631812069664,0.571882910903189,0.764017045488275,0.826465203114756,0.689272446522553,0.0275027381583033,unstable,1
1.67045828983538,9.32602663775799,8.3690615929579,1.24267662652086,4.6121726462473,-1.54423209675094,-1.71538562253121,-1.35255492696515,0.583235631954965,0.594058772625056,0.233257175483807,0.938745682684239,-0.0309104317254326,stable,1
3.91963241058382,8.26085970687799,4.49907080164347,2.95583028844398,4.83496893152754,-1.96040011908495,-1.20439781008457,-1.67017100235802,0.225841875783097,0.998555092878995,0.559872413167559,0.597041974292118,0.0410146551581313,unstable,1
6.64856440966262,8.90991400141803,9.31878535772194,5.57949458046817,4.41379850445637,-1.4998739780208,-1.33449089992086,-1.57943362651471,0.835215890984213,0.23445029841562,0.46371519888906,0.978477006933534,0.0721418322730845,unstable,1
9.47235123423735,4.20664728790687,7.44154447967068,4.20771500025964,4.5829645454566,-1.94054007922681,-0.794045326345286,-1.8483791398845,0.140619394496967,0.795193839088618,0.485169458977175,0.0905557464640727,0.005443512808387,unstable,1
8.25361024619649,9.61607237099262,6.88149682552302,2.98903122887446,4.41764044548744,-1.97238920056052,-0.781394143769646,-1.66385710115727,0.200391489728853,0.18922306195664,0.224724150181806,0.832396903404004,-0.0250342985420353,stable,1
9.90604722988073,8.44890061413011,0.678373959989904,4.93612305685064,4.76312302942407,-1.34114216606435,-1.94561949534435,-1.47636136801537,0.998463594062197,0.781707336048966,0.811815371020921,0.385737239744855,0.030967362244368,unstable,1
1.57414320591962,2.05132025731398,3.69460285306893,0.87086894579205,5.39410367537102,-1.56779015659066,-1.92911781733563,-1.89719570144473,0.209976893489042,0.27928839902108,0.46499187868965,0.981484081565773,-0.0538793102462861,stable,1
1.95234946022276,7.84284232108934,8.50466158538407,1.25070851434876,4.33735796072348,-1.65189021439416,-1.48294369782823,-1.20252404850109,0.643721957602223,0.33359740887585,0.296455037180528,0.662754766657159,-0.0578361153848195,stable,1
8.72023712778699,4.81479471310946,1.35479140195793,0.699476757816889,4.37649924208657,-1.03937752596872,-1.67040580471882,-1.66671591139903,0.186972097647409,0.560565765494192,0.266950065587214,0.789530138766104,-0.0421635235957862,stable,1
4.91848829537996,1.96055078263376,6.45025458214998,1.4112101452717,5.00269670092948,-1.85094989556252,-1.66074212430366,-1.4910046810633,0.960713950175344,0.493782350977699,0.349723403985193,0.409672179420575,0.0088532554606331,unstable,1
1.61175096299445,3.6647022272727,8.44527438729185,1.57088033159312,4.25861959213911,-1.69920944413147,-1.66392103414624,-0.895489113861404,0.853689290708378,0.801934050177777,0.704654233425856,0.247925239654055,-0.0206135162197401,stable,1
1.01046335739481,4.65141045522523,6.84416326780074,3.4801201192975,4.84646918551612,-1.43238746612137,-1.4867550101514,-1.92732670924335,0.48466500986447,0.272703261058328,0.844717520899458,0.590316570029109,0.0106373790644161,unstable,1
9.94671616114696,1.91972398198714,2.51828608886444,3.24112803642742,5.34460941770054,-1.94327408151132,-1.89328933189175,-1.50804600429747,0.289596306630055,0.236762100321527,0.989155254960706,0.764027782743,-0.0141186376023313,stable,1
1.15506065854054,6.35515801146345,1.78251926348336,2.33339714161395,4.35329861325494,-0.783625658838009,-1.5925122405588,-1.97716071385813,0.0857937074633397,0.630555404459782,0.899534296367557,0.193122815105382,-0.0327626617232172,stable,1
2.34429701289895,7.99399270644509,7.54907709952163,2.64929239536008,5.11376358193728,-1.97853842676326,-1.28987256033346,-1.84535259484056,0.143626619429551,0.877199452061171,0.371706790692054,0.432182735519648,0.0214047937151894,unstable,1
8.4502130610618,6.69273835861421,3.39352225046608,4.85675223356249,4.39675628652972,-0.913655707274063,-1.67145147578351,-1.81164910347215,0.97543151743423,0.815788674600611,0.972278832330045,0.8106070292373,0.0941701371789915,unstable,1
5.0701924472973,2.72917382655881,8.9713329883383,4.34878923305924,4.49631163627474,-1.74640098937235,-1.29775083548354,-1.45215981141885,0.484444259897813,0.638507720032074,0.103429730998263,0.408505528859883,-0.0110539255916485,stable,1
9.3898544308551,6.41895116345476,7.72010920895503,4.1127470616647,4.52773817862764,-1.77979302321135,-1.34133448215246,-1.40661067326383,0.597741940755066,0.69505036578415,0.707205286266339,0.614442521868768,0.0701974582007304,unstable,1
7.82385351405223,4.96703343294795,6.72627917634287,3.72212556860504,4.5927252796619,-1.1012896221858,-1.80374607705276,-1.68768958042334,0.340271416411331,0.929661133432231,0.48602219054059,0.728674113948831,0.0633733643253912,unstable,1
4.13359862663945,5.87799260141482,5.4333566054901,2.26874717122129,4.54448780535255,-1.33896996145449,-1.91732454259014,-1.28819330130792,0.781704398570837,0.532014936008551,0.751546154449784,0.915159876608599,0.0715502024963535,unstable,1
4.35645008087215,8.21249476626582,7.25181130194654,3.1097060889743,4.64839439818324,-1.52273004202644,-1.97531622494356,-1.15034813121324,0.375266621175311,0.865186750692853,0.141213254848679,0.541524020139786,0.0255052941680297,unstable,1
2.59147621120739,7.77270081607682,9.23419156046456,0.744068498335511,4.99516304166645,-1.28543625826341,-1.86711583266268,-1.84261095074036,0.891623397671809,0.133605600684966,0.623915281981097,0.242595846362155,-0.0213388695584855,stable,1
8.70516343405274,8.6716207207721,5.91604045986354,1.00075082641016,4.8772975267746,-1.81242747404861,-1.2992692047408,-1.76560084798519,0.766066027820233,0.458213742340765,0.499541348573645,0.310334942337498,0.0342534273260478,unstable,1
6.67529034633352,3.56099424880736,3.64122661560369,0.994938619508781,4.98926354242314,-1.93957353215411,-1.75481974239661,-1.29487026787242,0.94779946059122,0.602453997113442,0.997654173489639,0.414853255663263,0.0519722371675707,unstable,1
4.55264864708117,4.7565222254829,9.18427131381001,1.11591900487195,4.05564974767172,-1.14344196346998,-1.26213107844458,-1.65007670575716,0.342136886666288,0.994036654074421,0.329272426480273,0.742924599598899,-0.0002932697268787,stable,1
8.9948322243435,1.32518338369669,4.29918856188328,1.06000599765803,4.93183449020932,-1.52292355521278,-1.89284344394497,-1.51606749105157,0.859152985820309,0.985021307365341,0.916161222751837,0.409113148542361,-0.0095457327344155,stable,1
8.59054766974988,9.67750749080324,9.7137199473329,1.24749322320224,4.53931394907482,-1.54504618089136,-1.94927171016795,-1.04499605801551,0.547262168308059,0.255576949142722,0.392819293313047,0.39840744414739,0.0095197229223779,unstable,1
8.23342151360579,5.75921364096011,8.65532651902124,1.33147612596286,4.84665539202844,-1.41828970837941,-1.46816165057777,-1.96020403307126,0.49779117620107,0.147028347622819,0.6711251356185,0.947425466437085,0.0015700843444432,unstable,1
2.47651028643941,0.794861979754409,1.34812083044975,0.710121070201381,4.45654717134148,-1.46961331687184,-1.50615102208474,-1.4807828323849,0.65831001891201,0.735764403695247,0.4413352364812,0.998391988084754,-0.0308636583563288,stable,1
6.61411725336906,9.10004135293991,5.34467443055041,0.706861217049847,4.57613569850869,-1.93106381433335,-0.77973346711729,-1.86533841705805,0.0820625567011873,0.179089743543301,0.353524729389853,0.604223056665696,-0.0494570836865645,stable,1
2.67222345465136,4.37519683878049,5.18430292409416,1.72883991086386,4.54411225895807,-1.97471899511188,-1.45886532361072,-1.11052794023547,0.133623261746514,0.430117407654753,0.560886208103686,0.670620379080689,-0.0167943192378845,stable,1
3.06327204799041,5.80225254896609,3.61942363839663,3.53017947252922,4.65189866928603,-1.38799420541582,-1.71235809263712,-1.55154637123309,0.958248738466324,0.108445369318038,0.783198095587113,0.390885178918267,0.0365331308736774,unstable,1
0.979862584169046,7.26067326736973,3.74817600737798,0.567476437876944,4.26649614913952,-0.854006754058471,-1.75607616121178,-1.65641323386927,0.993461802860558,0.641441522221538,0.319250621293157,0.714967463418728,-0.0280482457567191,stable,1
3.64060995687201,1.9163817888646,9.01871483701627,2.2569767330882,5.0039660655802,-1.40099945640886,-1.76877766874939,-1.83418894042195,0.0935467846242175,0.186249753949603,0.634498759695488,0.659019692859179,-0.0098997002561329,stable,1
0.719167167773133,9.40237652251333,5.59502372476158,1.90405273056063,4.75606926722275,-1.8387132755966,-1.84064004918397,-1.07671594244218,0.41927501184046,0.529635016234601,0.359603560970626,0.228027870440162,-0.0365627797897494,stable,1
0.520272129617608,0.605440742373932,7.71495205314809,1.6974389239973,4.75456059072003,-1.18418415600983,-1.74316545263303,-1.82721098207717,0.680606231448753,0.977561576614537,0.611157939479417,0.747560828656773,-0.0570259135732179,stable,1
2.90872682152949,3.41233025106896,4.57295768524623,0.549216709878133,4.03260620795049,-1.13789494604883,-1.45146780981097,-1.44324345209069,0.319372847686125,0.383106669231406,0.106022476986948,0.694230613730326,-0.0420611990409884,stable,1
2.362885531487,3.34612728706367,7.68513111869871,3.6334108759173,4.20684124220415,-0.981879600042105,-1.47895209943606,-1.74600954272598,0.192874175469308,0.491033838091455,0.432844027900161,0.785483911345267,0.0019849940618236,unstable,1
0.848692729343963,5.68712275572397,1.0991289914637,1.37740037806628,4.43394280841705,-0.814922715790221,-1.63735605236272,-1.98166404026411,0.818521599755289,0.240555926555148,0.99195421148504,0.7499409404455,-0.0600076110959325,stable,1
3.2924575708296,4.21303090890771,8.11157839614976,3.33225870077144,4.64361671686516,-1.35616600808258,-1.53622084679636,-1.75122986198622,0.614277210467621,0.192953870670911,0.208620490798972,0.191574102768033,-0.0321042807954013,stable,1
2.51573224783259,9.52007314098075,4.76347520807255,4.52585799336475,4.68212892361701,-1.7949610699806,-1.82931709894951,-1.0578507546869,0.842746101388241,0.922826744067323,0.694943245877837,0.845860332994128,0.0561774359732016,unstable,1
9.47848454869785,7.78441075764198,4.38446721525242,3.74967836250664,4.60920407983934,-1.32880304659377,-1.30282692058649,-1.97757411265908,0.972600867417399,0.57787833506486,0.472547855397768,0.416350330084937,0.055296091114312,unstable,1
3.45301701304705,2.99591327064406,1.23366196689196,3.1853648740217,5.60537320368492,-1.99723645495687,-1.96779580287475,-1.6403409458533,0.795353901845563,0.699176122776334,0.716414597098761,0.234830892279055,0.0133052127712537,unstable,1
9.11353440319035,7.52203964126118,5.1570865694796,2.17868976675713,4.236388806679,-0.993037880555494,-1.7188515519895,-1.52449937413401,0.19741910141214,0.568708010856526,0.829610030902385,0.29526613981126,0.0268719971238957,unstable,1
7.4933478774851,5.44360958603489,6.15227167294249,2.07428214530085,4.01370662257075,-0.717354181678407,-1.64643884678591,-1.64991359410643,0.949656343487505,0.741585152664193,0.797421045330507,0.128735496725522,0.0764171163954282,unstable,1
3.99245699706526,4.22478326492582,9.90231697065916,3.10731751006438,4.90896243774279,-1.67495137533131,-1.84029703926403,-1.39371402314745,0.543647011626303,0.836421476413019,0.626180901849756,0.788404682732131,0.0353280824018805,unstable,1
2.81047621383332,8.42456506325436,3.71776114645818,4.4649929401317,4.43161690579494,-1.81918178956837,-1.77314091746008,-0.83929419876649,0.628167940052489,0.183514606071449,0.947780043327366,0.115410690320065,-0.005635848179859,stable,1
3.90243274484428,2.61254400848455,3.14772939950308,2.21124157381166,4.26734260915723,-1.21650213203396,-1.34014430645498,-1.71069617066829,0.226126371093158,0.212877198448284,0.313772696424152,0.668854388429789,-0.0223985755019843,stable,1
9.87708704471623,3.01154142510478,7.71549880004961,3.21166509544724,5.03430446169194,-1.75529424861151,-1.88724293642071,-1.39176727665972,0.464257183922294,0.933991050116697,0.260788587223958,0.910047962707896,0.0039904773369981,unstable,1
8.7932172856698,9.58168403345246,5.65794493564381,4.98693156504402,4.42514339106702,-1.31941765559395,-1.27460606264254,-1.83111967283053,0.0891668632761156,0.651077755391389,0.513804377592665,0.842330152531992,0.045928740429115,unstable,1
5.79873241616309,5.37856452340139,3.06480219345196,2.49595627827001,4.39514668530814,-1.87844406282729,-0.995141376240819,-1.52156124624003,0.227225252727468,0.246160678828298,0.0946181993721682,0.861406599465587,-0.0193486078177733,stable,1
6.79082926603977,8.68002235832289,6.92461200921742,2.80137443211111,5.0507206910791,-1.82848614795979,-1.30242605222204,-1.91980849089727,0.550807170051275,0.627121989009449,0.831176114777741,0.207528363885548,0.0592024446859849,unstable,1
4.63395114271666,6.08422488751233,2.13888859072214,1.37865192195723,4.65755970086244,-1.3170118706396,-1.63021046090564,-1.7103373693172,0.501343382348142,0.403988392261744,0.619149967534231,0.995737847909553,-0.0158806790700042,stable,1
6.81526937869175,9.69332291667415,2.5562988530601,2.80714696307782,4.35570828999923,-1.51971318311109,-1.68901169620992,-1.14698341067822,0.0678374619168183,0.215706209015136,0.66976940898607,0.641351790699813,-0.0189692666288996,stable,1
6.87166270695723,2.25528088820855,8.12208037206741,1.3509197662922,4.9919732986936,-1.60466179974034,-1.45900780308123,-1.92830369587203,0.505510169770428,0.525386564388517,0.939025190541017,0.86570938543688,0.0118942418171379,unstable,1
8.24511086788116,6.3786411107703,3.12411695480426,5.18040082354603,4.48319322627413,-1.66996377765291,-0.98688338187976,-1.82634606674146,0.823973186426688,0.516874227025368,0.715915975687737,0.0727552497943677,0.0371832437920659,unstable,1
4.12761011130187,9.0099552429165,1.10152978132224,0.566662976274895,4.22784325137536,-0.967830330463906,-1.50755534641915,-1.7524575744923,0.143834551055481,0.196858773731207,0.717298641922827,0.509883233261984,-0.0449911403947955,stable,1
5.01783123559828,9.71350126123192,6.86562494067046,2.00006663076536,4.37515773766933,-1.40529869833614,-1.09047246381624,-1.87938657551695,0.482586831717858,0.736808665495808,0.48874846391469,0.110227970371014,0.0327193826901859,unstable,1
8.82883777196447,4.42755067005557,2.00515105709545,2.08584095794442,4.5419463224167,-1.5688350531026,-1.33471074478991,-1.63840052452419,0.898754488990875,0.127829948735341,0.692395546907589,0.179778708277207,-0.0107393947006113,stable,1
4.12195590939171,9.29526979872674,9.00107852268389,4.5413473828114,4.52844148573887,-1.84054815194304,-1.58659064940918,-1.10130268438665,0.822005121569114,0.639756293595152,0.804469725942826,0.153959393390833,0.0537220261646576,unstable,1
8.09267837526207,4.65840192640817,1.85360482538113,3.56504929529078,4.93302173949173,-1.53466154730248,-1.6443020463472,-1.75405814584205,0.601535992390213,0.673908510332567,0.385970652266138,0.754785995733665,0.0297445619193429,unstable,1
8.51856653635002,0.973922866514628,4.0992819751415,0.596253126241139,4.21342609066599,-1.87240831739998,-0.790887795978692,-1.55012997728732,0.397786899995127,0.219230626195284,0.713028984446545,0.232873812884343,-0.0378611705085816,stable,1
2.29590366025256,9.13653324409985,8.76832385416608,2.9263762838744,4.23127796833223,-1.25690797196161,-1.7684568516886,-1.20591314468202,0.621065009397545,0.477869411511364,0.485375643063317,0.744305357530459,0.0007673256544958,unstable,1
5.11767454700221,3.08895990695651,2.97681956144546,2.46686861820058,4.1177342818202,-1.6157229458156,-1.68681821419194,-0.815193121812656,0.975329105039771,0.131288047558623,0.624944832593058,0.319099276243021,0.0224689256543333,unstable,1
8.69677024678775,5.35878729911946,6.86997046921236,2.80081101691861,4.30655946652757,-1.18734103984185,-1.31240911035335,-1.80680931633237,0.696200981291721,0.783407273496876,0.603285192627419,0.228279855028768,0.0572741314493324,unstable,1
8.53352749044229,6.51571512458941,2.75723577039477,5.73463673168914,4.73370016930991,-1.52025626701826,-1.93515147537426,-1.27829242691739,0.74146625500626,0.749138488171136,0.890709967387756,0.586407656923625,0.067459951075414,unstable,1
6.21235417356094,8.78013729985259,5.35238870539215,1.24982090792806,4.21242658972634,-1.20063960083781,-1.33670971046643,-1.6750772784221,0.109341631230839,0.344465661640848,0.169664361069642,0.487935197423866,-0.0395218136999656,stable,1
6.25447742959671,8.60142750941615,0.985937990261114,5.88144514569371,4.57907467844412,-1.55238741910609,-1.23666740950793,-1.7900198498301,0.687976848479259,0.720131139076744,0.612785873482253,0.110816518181501,0.0138565939567312,unstable,1
3.66901180354863,3.78952921730884,6.31815556476387,0.507244451802969,4.06395547752312,-1.76259070224845,-1.32144271133116,-0.979922063943511,0.60287577789051,0.615139299868689,0.45834687310621,0.635160860986193,-0.0072968021576589,stable,1
6.77685512891404,5.63218580706249,5.99479802533797,1.93014331824378,4.69644195094567,-1.69320053737486,-1.89482801129073,-1.10841340228008,0.0527054433631373,0.161633974352115,0.45406303405333,0.228641859598649,-0.0468964584561303,stable,1
9.07072666233684,5.40218573948183,6.41252664694089,0.94319131785864,5.2644478421966,-1.98802169393174,-1.42440045503303,-1.85202569323183,0.530803346089349,0.922254996689865,0.990944352441889,0.569597139588253,0.0570714869251557,unstable,1
6.90536703752532,5.96073053588662,2.05901708481655,0.592501484095061,5.15670192979543,-1.99425014525682,-1.46141272491777,-1.70103905962084,0.866999066793849,0.848552425339807,0.0892168437714793,0.26819336421126,0.032797979183682,unstable,1
9.40498956734966,7.91615792857771,3.64363477363848,4.1783895940784,4.60478882286006,-1.86461849026182,-0.762116280332394,-1.97805405226585,0.512214225846105,0.704441576666974,0.395827790158802,0.728401782114073,0.0465580516349416,unstable,1
8.76868822403186,4.07413469520086,2.06257497718392,3.16568274786399,4.4265193450591,-1.11162556344945,-1.71222984838675,-1.6026639332229,0.102867738733987,0.405332415259265,0.890860628205279,0.438151974606144,-0.025389041211635,stable,1
4.4756826473095,6.34865414368386,9.86412951652553,4.83614852677563,4.71157372737631,-1.60288105562539,-1.32489889393987,-1.78379377781105,0.940241760379536,0.415184806281773,0.600570646448185,0.593144042416665,0.05819713058763,unstable,1
3.30522345354743,0.587373219791986,5.84974736610198,0.718189438725985,5.07177066896766,-1.93797705796859,-1.43325936666145,-1.70053424433762,0.836766606180384,0.810285138199731,0.184146444884619,0.761620463662777,-0.031275814711962,stable,1
6.53134000119317,3.90405261510332,5.19053235038969,4.75369154914452,4.94051159794586,-1.48698879664121,-1.76832829605584,-1.68519450524881,0.290541724640367,0.216329516293143,0.497169140077333,0.984753252690068,0.0445846732863399,unstable,1
0.691901432866161,6.72710365555063,6.1824791279404,2.91690496458726,5.54988151813846,-1.77633437189875,-1.80524174966034,-1.96830539657937,0.468533340236483,0.990180858475579,0.150554807178196,0.743571883259825,0.0090430489798584,unstable,1
5.35293795775205,4.8517376733587,3.64284287565431,3.51342848125226,4.3350132979469,-1.58059157594731,-1.72859520102873,-1.02582652097086,0.858323027026811,0.605446406573771,0.764724817106542,0.249318149310934,0.0667568313718216,unstable,1
3.08758066085431,9.45738958218284,0.988743039717514,4.0181321581964,4.61547712309733,-1.77013420277501,-1.22092987634275,-1.62441304397957,0.242790897333962,0.981894933129632,0.612747664834905,0.877113612492828,0.0046243366805423,unstable,1
3.652198567903,2.71636987024557,7.85540926974078,1.34957242435748,4.18693217598311,-0.750960074720369,-1.71986196632312,-1.71611013493962,0.583678318213915,0.455482394356731,0.919337016028657,0.899241267122895,0.0020821077261283,unstable,1
5.16810408134239,7.314542479103,2.78752590587901,3.35485455926772,4.22720379283541,-1.73618530373182,-1.09462211077479,-1.3963963783288,0.75013321821496,0.584902365169238,0.654618967877337,0.828695662612622,0.0611366540628634,unstable,1
4.37301382814713,1.54245367866537,9.33251367434878,3.94631996584326,4.90194087165714,-1.8834655740459,-1.85488360416952,-1.16359169344172,0.81131192915271,0.289565406136599,0.677317387013194,0.632507056931757,0.0238155248467897,unstable,1
1.85263763040724,6.8203572085704,2.58244554621406,4.15706679553021,4.62185297056579,-1.1615087372849,-1.62583322177135,-1.83451101150954,0.703980498897416,0.644076453648768,0.873249408576995,0.263336291468084,0.0033236668339691,unstable,1
7.26837833397007,1.41084255642486,8.65408719886164,1.27396509537338,4.11304251727745,-0.682910773792525,-1.98964459422751,-1.44048714925742,0.968380434633907,0.27384040453234,0.607927443744276,0.387421608503615,0.0241029544255362,unstable,1
8.07687780084784,2.44885805346734,5.81002719254967,1.86533392067717,4.28176422546854,-1.60135917466206,-1.39061007213541,-1.28979497867107,0.824455936145336,0.588315993167227,0.677887020015203,0.988812723080225,0.0262130193495415,unstable,1
3.30613627585265,3.89144200154411,9.55904197389451,2.73452588689982,4.91525405746135,-1.5931626318005,-1.54564516572076,-1.77644625994009,0.759923218139439,0.311137739311868,0.100532574132426,0.625781451098137,-0.0216622559017263,stable,1
9.62149281618653,7.31766139506629,5.32501712981939,3.95039467443773,5.10011893184309,-1.77238171596628,-1.5840538157666,-1.74368340011021,0.98450538328062,0.0906498080147884,0.422630213027288,0.119833112272905,0.0295966490297325,unstable,1
5.24675569224904,6.39974612540411,3.5663183016708,1.5717341552578,4.18434685370108,-1.03261315952586,-1.82804259082711,-1.32369110334811,0.740373793771422,0.885150273367616,0.104556235679019,0.428916884107775,0.0344242424815026,unstable,1
4.89134915386918,3.34917497897912,4.54739260358441,2.15577992804153,5.18143394330177,-1.52988934068034,-1.89876487655501,-1.75277972606642,0.566674110358679,0.234147583677558,0.140185107475747,0.688692092866858,-0.0243559753925444,stable,1
3.37484455824665,8.60332582978788,6.7036076727345,3.2473281642738,4.97615527153947,-1.89281923684212,-1.7464485598242,-1.33688747487315,0.0641797029905661,0.936495669214953,0.848863462970763,0.618069968736907,0.0572045606258547,unstable,1
4.65281460353615,0.820399849973712,2.91036493946135,3.609060743252,4.41747252304394,-1.35026743207137,-1.79639771584178,-1.27080737513079,0.433504556397509,0.355094936977357,0.202421009086214,0.929334194864358,-0.0104267174049305,stable,1
6.65655592476701,3.15627823756018,5.23678805517183,4.82862602035628,4.80833458129272,-0.924676998247369,-1.9923003062135,-1.89135727683185,0.508812229937437,0.83040994830974,0.765429476904937,0.607983404137434,0.072648255765827,unstable,1
7.1867923926324,5.16293064737539,1.90259235001609,1.39965635196646,5.1624696687327,-1.57284585392612,-1.8323761723162,-1.75724764249038,0.953085592874145,0.789121843460033,0.633772606474204,0.424317881033124,0.0335667209961506,unstable,1
1.84936126884685,6.30894368000264,2.91132183955322,1.8893842523569,4.60338342132934,-1.55499877916758,-1.82810764778595,-1.22027699437581,0.304556965686684,0.625767900707516,0.105735043225836,0.486937959456211,-0.0346016054126912,stable,1
1.83229642130228,6.24817296564605,9.96116803692147,1.78882062507514,4.15556687931768,-1.86820862173829,-1.35226439161684,-0.935093865962548,0.813261039723442,0.995424366042278,0.236152851278722,0.621039396517965,-0.0075477252337337,stable,1
6.8170463082995,2.47195060434629,2.62642670350563,0.797965300002357,4.25884925353123,-1.76348373508864,-0.658978887993551,-1.83638663044904,0.432230571216526,0.852307404814184,0.627664580539931,0.401314791099795,-0.0084549870748404,stable,1
4.65222062244285,9.09445216353238,1.80143821070669,0.620874774619704,4.62230654130128,-1.90183954675579,-1.06956353187863,-1.65090346266686,0.575045696469375,0.112134840819502,0.731635214444002,0.261219496899986,-0.0266578337000615,stable,1
6.30134952658251,8.69914296631541,8.9259560019547,2.29152738242971,4.350455475751,-1.36913433787569,-1.41015701397955,-1.57116412389576,0.158706464365778,0.903662958825082,0.129574638739394,0.691925860524169,0.0122942611396069,unstable,1
3.2598288526829,6.67794465294,7.67130447111152,2.45266397467287,5.44328603534842,-1.74621433791959,-1.72295444925219,-1.97411724817664,0.981641129645386,0.306295016238089,0.564869638418552,0.316640665387269,0.0193075706957936,unstable,1
6.12761619114277,3.20465612572008,3.14878198515897,3.36100880752249,4.71911207175802,-1.37832193275084,-1.62125206220875,-1.71953807679843,0.737151281800435,0.0821431884944835,0.836206206678838,0.928110192730775,0.0527736434890696,unstable,1
1.59228309913691,8.40133187201145,7.3138413422165,1.28922236961608,4.35332299440913,-1.67416272201056,-1.70396029702034,-0.975199975378229,0.516675553370096,0.661814998203769,0.924586706979701,0.277908510894355,0.0242907880500087,unstable,1
4.9281467253312,5.40194926032665,4.576657506622,1.72143659980415,4.77065024141962,-1.3952067917382,-1.64621098484539,-1.72923246483603,0.690958302157054,0.52825103511007,0.148013880761344,0.35495188612868,0.0077787731164351,unstable,1
6.58961642281893,7.43767053046129,1.98007463827997,3.19801196236899,4.91848393998956,-1.26455758196486,-1.79265268336053,-1.86127367466417,0.700086874823439,0.562769372317027,0.827932676156168,0.150383851890266,0.0186921167912636,unstable,1
5.53425343514448,6.01002017163852,7.26875287348301,2.6526167467104,4.2408002861594,-0.833619905070087,-1.72934762222011,-1.6778327588692,0.464640562414528,0.4866820345871,0.855011580428169,0.712711167153885,0.0564080603793999,unstable,1
1.95863172158709,4.38021921151464,7.25044281280036,3.28861266075786,5.82728450075086,-1.98223097232135,-1.86598912636975,-1.97906440205976,0.427252291234407,0.549014470071085,0.842004304717833,0.578041603737605,0.033155109074494,unstable,1
7.92291412697287,6.37011678848795,2.03424453010475,1.1309681788255,3.90407058146456,-1.23895746178543,-1.2198393534311,-1.44527376624803,0.460625714561219,0.341219572445853,0.910664876140119,0.896343336834338,-0.023743752255015,stable,1
8.32446321448525,8.81628123786366,3.80731871672175,2.80985723630806,4.44647795618149,-1.67933273552497,-1.26437228772544,-1.50277293293108,0.180179825535078,0.669745236765873,0.153121515489079,0.231138128684788,-0.0033838269424059,stable,1
8.79574846665001,6.79002718128375,4.067829088877,5.74037667522283,4.52756133012618,-1.27630989967873,-1.64149810853582,-1.60975332191163,0.62770448937707,0.783318066750985,0.764627361422072,0.191246142073376,0.0582947952931638,unstable,1
9.21356706565745,5.08638905142261,7.95296344546449,2.43906770285845,4.17853070023992,-1.25533425399843,-1.71957812872662,-1.20361831751487,0.401546527847069,0.179673887506161,0.871288510016043,0.874005721319139,0.0280861325520094,unstable,1
4.07770260002979,5.16480613512926,4.9945522885027,2.28242126148389,5.22872964839411,-1.96300761467858,-1.35342014026792,-1.91230189344761,0.779636720053387,0.63622014813839,0.798526105870458,0.811397538828902,0.0803894727549246,unstable,1
6.64441362938799,8.33007320642016,7.57650769518496,1.89941535230705,4.01269762684187,-0.622881673020113,-1.8022393885509,-1.58757656527086,0.634736957488122,0.866312233630478,0.137680447878517,0.644106839846596,0.0348961475769554,unstable,1
2.55122246395202,3.20417584119856,9.07356000946052,1.93273363075914,5.08612230468605,-1.63348582531753,-1.73092608062479,-1.72171039874373,0.813482567606763,0.446260794904254,0.850788646737805,0.19792631834168,-0.0077344309126299,stable,1
5.09630656957778,2.16404143834817,6.10751779697151,4.38486003796734,4.76211068403803,-1.57463019087926,-1.32570862535612,-1.86177186780265,0.588129134171123,0.259157111418376,0.871921414546886,0.960579108034729,0.0738402698454299,unstable,1
9.32348432846604,1.4859984784398,1.83471724136638,2.64576774162904,5.46126620678392,-1.85316286114913,-1.79000365287032,-1.81809969276447,0.298444217860963,0.614215307072937,0.369830494978458,0.224814986608283,-0.0389476738874259,stable,1
3.27079481758849,4.12803582219092,9.44093740457668,0.796995994502353,4.76902379705067,-1.64330938475741,-1.5043073421448,-1.62140707014846,0.941339482217145,0.42537687783409,0.274696471777036,0.290664343809236,-0.0309221073874624,stable,1
1.3778188935908,5.83956330439755,1.71844738122942,3.61873097187947,4.95259196640684,-1.70251761118767,-1.56531972146038,-1.68475463375879,0.466697963727756,0.89109903258987,0.392321713401058,0.888518816179438,0.0286259548723557,unstable,1
8.87365280961018,8.92088063648372,8.58363166691576,3.73055553115125,5.26144266419885,-1.85929388270389,-1.42932418203438,-1.97282459946058,0.5030640044886,0.0860719412268628,0.442771947055297,0.242802702153289,0.0123371259070583,unstable,1
4.22786904520768,2.98025589318181,2.06992284649566,2.50904725282245,4.55553445520598,-0.971048608875042,-1.84282596852382,-1.74165987780712,0.925863288780375,0.330802492837567,0.593870821456022,0.887742201971338,0.0498451461337291,unstable,1
6.7070217468111,2.37404800409339,1.33232583496417,3.52514887713409,5.2711022137276,-1.68734702346225,-1.81096650870153,-1.77278868156382,0.867147222926966,0.053497863508492,0.792788042866186,0.307426585061225,-0.0145250882733255,stable,1
8.17192788296555,6.26120708168293,6.20968271875456,2.44916861022866,4.83858120312785,-1.45790461524593,-1.85753485243248,-1.52314173544944,0.156334395658065,0.805388062415791,0.826892704571574,0.950025483757736,0.0580469275737997,unstable,1
6.51736205121395,2.88587213903924,1.48279384907561,0.912162221895473,4.16131463732949,-0.767651995883021,-1.79379187031803,-1.59987077112844,0.0897497955177107,0.0682543963231577,0.567204613090928,0.18891395505905,-0.0510502653127195,stable,1
1.24497589396386,1.81715712881096,2.6185797329335,1.33606784858034,5.0059690778586,-1.57642657607357,-1.58445500927583,-1.8450874925092,0.677813683599761,0.808736351555869,0.305874580984224,0.300116450653929,-0.0220634103665662,stable,1
5.30042941994936,4.01369320641427,8.81649101720776,3.9623656707793,4.3782832829267,-1.35774410228987,-1.41849190701704,-1.60204727361979,0.864306591965414,0.350433374414623,0.915901293019181,0.107629094289982,0.0507567365363661,unstable,1
1.19142741736543,6.88891540072786,2.52500362024367,1.162924509192,4.59986113567894,-1.69266304471595,-1.17833517167078,-1.72886291929221,0.521298590078641,0.835548648325623,0.0557766452583217,0.969895051048929,-0.0168930922019367,stable,1
6.3493744760593,2.39444275815459,3.64536530567396,3.3739718248959,5.00476154527244,-1.73547589636373,-1.31738169095396,-1.95190395795475,0.81822439854864,0.361061515603189,0.772124166477546,0.462627960698638,0.0428659678753375,unstable,1
7.90558335776637,8.35531562498498,8.365428270457,2.55310268713938,4.95205483770371,-1.33786416035112,-1.69861223013198,-1.91557844722061,0.735700671181828,0.338262713724265,0.890339521686507,0.998323419832282,0.058619963811676,unstable,1
7.52540817971978,4.13152922274545,0.550374318344227,0.670345633181289,4.09981658205465,-1.83284828672133,-0.608876260021981,-1.65809203531134,0.988501686191204,0.376575349768625,0.174453545116159,0.89329675696944,-0.0249262517624942,stable,1
7.20630393452948,0.682375493277411,8.96330675488931,2.58491963718706,4.5906223311051,-0.948140811543248,-1.9885377366836,-1.65394378287825,0.497213911034088,0.748486689650841,0.747031648765757,0.455725541640227,-0.0082356694936761,stable,1
2.13129520703988,9.31098832709801,4.65329173651583,3.81699127458027,4.35794637417229,-0.869178468511172,-1.66462655792836,-1.82414134773276,0.836237170755515,0.859783940590258,0.696502618273252,0.429403602082572,0.0240391555149019,unstable,1
8.25059356337514,1.55287611110441,2.53184473049794,3.54571869326513,5.24703162190346,-1.98475494254206,-1.89014443002674,-1.37213224933466,0.476845650754786,0.955408738539767,0.290582786817012,0.950382458510911,-0.023157174342562,stable,1
4.87851114665503,4.96299513885803,7.86963164039263,4.4818886975607,4.14171699864407,-1.48415455608562,-0.967112170910649,-1.6904502716478,0.869631742119967,0.301410605483836,0.988457671684069,0.373135325815885,0.0692195586959356,unstable,1
4.95359737593912,3.25246037393591,2.97802900839866,4.20119392780702,5.00001690968892,-1.35264740410285,-1.90561892472669,-1.74175058085938,0.0832553063871246,0.901364192877627,0.627555077193183,0.856080858357098,0.0552677146064098,unstable,1
0.674084165812144,8.86696952137994,7.49948817388298,0.628104039912275,4.0783471432439,-1.55805382205768,-1.44945048554156,-1.07084283564466,0.875418646128195,0.425201660282214,0.832911925669641,0.625110378851654,-0.0312521362143675,stable,1
3.85652735077441,6.52191385910609,7.32716059379966,4.28979387711035,4.99724590328594,-1.81889951081248,-1.91535718697397,-1.26298920549949,0.149339632453081,0.154119542177026,0.682659640706723,0.215282141907461,-0.003166224402826,stable,1
1.05331170235024,1.46948075375321,8.26516437891709,2.88236032399151,5.18878703975314,-1.87912863803646,-1.37957557628657,-1.93008282543011,0.377720385562944,0.127259271109182,0.692843341494895,0.540548946400502,-0.0362020281175177,stable,1
2.49033850089709,1.46340875330082,1.36003523750827,1.33695302119066,5.04041142530094,-1.85489784649864,-1.97113751881048,-1.21437605999182,0.910292250343955,0.85215031018937,0.222145268136692,0.5798638660158,-0.009483871877926,stable,1
8.40992356133815,5.59857314478462,5.91496405323655,3.33732934082504,4.9159362450269,-1.95345336472708,-1.01435820651349,-1.94812467378633,0.630851917089951,0.257968804919855,0.801480586728717,0.525230572197728,0.0488120684841498,unstable,1
6.64204724431946,6.22308238281992,1.44385523838586,2.03858161438382,4.45572631275464,-1.31172124323582,-1.51741072550605,-1.62659434401277,0.493681523903598,0.399782367889063,0.763359832453178,0.786810752506362,-0.0211423362492458,stable,1
5.3496830855026,8.75888243620599,6.1979066992593,2.85617873592145,4.59537651824634,-1.40271028536762,-1.7836838199103,-1.40898241296842,0.731654222839164,0.0756884864362539,0.709558336970634,0.282934227349237,0.0302018770063452,unstable,1
5.64620331071387,1.77254159220038,3.8313177076027,3.42565485609396,4.83225944273451,-0.90782640436464,-1.99960782278932,-1.92482521558055,0.416952124853757,0.933640824174411,0.657831465777812,0.923203527190386,0.0543513609997094,unstable,1
4.93039086480465,0.566390365580854,1.99454662920396,2.77462968480749,4.75039058264526,-1.58584715083413,-1.32543036549146,-1.83911306631967,0.538985939283781,0.574113851454769,0.717510875228382,0.199252331790072,-0.0297475851252803,stable,1
7.29994056789221,6.94244944098651,3.62174390021848,3.50225481881303,4.613818578147,-1.94933832052402,-0.938818032965472,-1.72566222465751,0.54154032171048,0.3485782583091,0.498075118154457,0.0618631969403871,0.0060585264383589,unstable,1
7.72416239758661,5.26962459767029,7.50506425061073,2.69142871339257,4.25904840376982,-1.14371127343917,-1.60287799073391,-1.51245913959674,0.635034146015061,0.0640744008195784,0.853766632063321,0.177766450762099,0.0370563070944185,unstable,1
5.32177587642285,5.80910758419083,2.68897863796011,3.42144700915753,4.63989296081713,-1.99850658709616,-1.0365253610505,-1.60486101267047,0.110109952304938,0.735137440237515,0.575847146691327,0.687480906578745,0.0276070015365061,unstable,1
6.3447142025761,1.599074022417,2.19990947350261,3.9695813777865,4.1931440682856,-1.51764118649177,-1.27163499918487,-1.40386788260896,0.474086214454978,0.699973191452803,0.416798715501715,0.115140815804277,-0.0361997287908995,stable,1
3.16556095348607,8.78247552203475,8.76593545945825,4.57802633081217,4.2479096528311,-1.26440249511387,-1.35777009600012,-1.62573706171711,0.294852142213886,0.704930039441713,0.983312791250474,0.588170734799658,0.0626462435189545,unstable,1
8.52716961931409,7.63859376643676,4.6861532549887,2.98241374458338,5.6792172152389,-1.9469328370135,-1.86129071683236,-1.87099366139304,0.951152080174155,0.826862166298513,0.259615720626299,0.849423911961692,0.0643584647831802,unstable,1
7.96912571756548,9.30160550187719,4.97795462409401,1.62601991631582,4.39697634495901,-1.31808056096967,-1.98179540196628,-1.09710038202306,0.358850002329712,0.674540398718885,0.183828786223812,0.18478330664153,0.0106985749042056,unstable,1
7.92390814141274,5.37746667327726,9.48295471724192,2.53859657467994,5.20204521970992,-1.44678739194876,-1.81747839452066,-1.9377794332405,0.454201226711927,0.37329906254348,0.409410665163842,0.387007832893402,0.011426746568938,unstable,1
7.13453006444515,8.8059204295872,5.47542816810365,4.16670551459843,4.80094617341784,-1.59727241670238,-1.82415477444204,-1.37951898227342,0.425314315245578,0.983282842548252,0.105636720720038,0.690100479358137,0.0517767147350337,unstable,1
6.68462954921199,8.68805907601432,1.77590568784144,6.18217492788075,4.6898118599765,-1.74855718858507,-1.24292992304233,-1.6983247483491,0.877040146066187,0.590379108582748,0.632050161820405,0.559127881900886,0.0518006382539778,unstable,1
4.00014524650372,6.81921730485229,3.97772532142238,0.675785744741478,4.54405420256954,-1.99017312992699,-1.22310791063092,-1.33077316201163,0.0712453764743125,0.0856890105218766,0.525167806682097,0.405799379933384,-0.0471311913445047,stable,1
8.75484809886037,0.55304431238852,1.23870099734978,3.11927123655468,4.86992238000843,-1.88904396581303,-1.04467775454586,-1.93620065964954,0.368601310228785,0.239084822310465,0.584163654797571,0.31212541783901,-0.050930008930693,stable,1
5.58601146305667,1.85827761854009,0.943792057831597,1.04513755049096,3.95278807648695,-1.48296026964044,-0.555508870340418,-1.91431893650609,0.880803214937295,0.802068035407643,0.980488765455186,0.392530240539786,-0.0183981758197623,stable,1
1.31670375001075,7.25821872986742,4.04904296719951,1.36311136684006,4.09366222905546,-1.28723935615007,-1.45054515371085,-1.35587771919454,0.555002900876778,0.853465467668872,0.981802368259042,0.524269118689639,0.0164194229725353,unstable,1
6.80764161278056,3.09065579967737,5.6447225815145,3.55423153527984,4.22956198554576,-0.923325087495905,-1.37827356477141,-1.92796333327845,0.965311387634535,0.83757940788812,0.99395010123879,0.525360539619753,0.0918571780374154,unstable,1
8.70158575900701,3.80199507295531,5.67444350608151,1.39143281053168,4.74839762358925,-1.58843520916244,-1.97376076877468,-1.18620164565213,0.985539336218251,0.678432514437865,0.15668370511926,0.968492002976962,0.0040751836779573,unstable,1
5.27340872749974,9.95218628645401,0.776274356304761,5.19757429333554,4.50363833718732,-1.60377508343965,-1.93769210989065,-0.962171143857017,0.59378279201322,0.172280885608998,0.665537123837634,0.0764967450196843,-0.0576863113258131,stable,1
4.60146819849475,5.19738941683939,7.94008524258186,3.9165738456604,4.71851175164804,-1.93754674421747,-1.32950173105991,-1.45146327637066,0.58897269926068,0.808318299991166,0.980275081409533,0.286238640286422,0.0729294789771034,unstable,1
3.28625106326261,7.43956000946937,7.13038427230704,1.98885777809846,4.2242713504308,-1.32730593890751,-1.75205282034735,-1.14491259117594,0.180674987924487,0.947284357548957,0.636774621897111,0.433849232157966,0.0398050000137323,unstable,1
2.424021503069,8.84346166974985,3.24603826782838,3.79965099312188,5.44199605996041,-1.72290130591181,-1.9613487598328,-1.7577459942158,0.832536571628436,0.165487510690602,0.427840897925082,0.134990271666573,-0.013120097789038,stable,1
8.80344620060989,4.75802817413148,8.75167758709114,1.90873167189655,4.14540764832309,-1.19071577782265,-1.37857469626223,-1.57611717423821,0.639702575442621,0.886680967976063,0.531459323177665,0.926711530069305,0.0372419993803172,unstable,1
8.6948805336521,9.93748197234925,8.65002577508141,0.901116754766135,4.79443391678143,-1.86222798362044,-1.39459964292167,-1.53760629023932,0.929419286460221,0.752325597893426,0.76200529382959,0.838816946697427,0.0514880274215867,unstable,1
8.90108251439123,1.75836756883094,5.25823525025004,2.31502683411508,4.25309109440652,-1.59012205454087,-1.21160132482224,-1.45136771504341,0.688597326636985,0.777934621449084,0.404857128526644,0.298421698166227,-0.0162958862342791,stable,1
5.17892217590628,8.09164017976278,2.83244281721268,5.25935885264007,4.47522356728152,-1.76405039026082,-1.39927388334041,-1.31189929368029,0.162008352448742,0.788615985596996,0.742573870625305,0.782041900276265,0.0486640243260202,unstable,1
8.05186460389631,6.12164703503181,5.49914285681032,1.9133312003187,5.32548339441842,-1.97791852253744,-1.44777724716055,-1.89978762472043,0.134759232745597,0.204821540767162,0.455283506631009,0.097307002153988,-0.0423485421214485,stable,1
3.79759103790162,2.35932849146147,8.22703927539523,3.34099559990333,4.87765060129879,-1.60355533290885,-1.53943466481192,-1.73466060357802,0.359260864717902,0.787629218524621,0.857873747292687,0.135679528753117,0.006007679699815,unstable,1
8.33084052062521,4.32233146394322,0.940500028750359,0.836887458817859,4.11339446588039,-1.61975145237284,-1.2826765229942,-1.21096649051335,0.782589088871268,0.0919460177122662,0.561623970045706,0.688822490793254,-0.055368845660007,stable,1
5.88667061055802,8.16139833034718,8.93225162485713,2.64240080451391,4.55976765235526,-1.29259808154735,-1.61163975177074,-1.65552981903717,0.684173335464629,0.686662701283435,0.611810574495547,0.16244906049135,0.054216259899504,unstable,1
8.44887761272086,1.55645285817621,7.87704775400133,2.86748394901915,4.76705030427925,-1.70630844083892,-1.54013905040489,-1.52060281303544,0.615509091257997,0.804037058625812,0.530074931887323,0.520467432160598,0.0017281824526489,unstable,1
4.82112529449045,1.65755484245477,3.15933285766229,1.75536344561263,4.56463586791254,-1.69014728520364,-1.92748309806857,-0.94700548464033,0.83732087328486,0.51522390210569,0.540549696518716,0.149602582576118,-0.0013288833200418,stable,1
7.73920664694199,3.64535591848327,1.42581685309157,2.36738958794547,5.10640042675972,-1.59987139736075,-1.77452629325982,-1.73200273613915,0.532775197921896,0.70317500606091,0.562412679128412,0.783524055352203,-0.0135032967446381,stable,1
4.6844422313438,6.00433796455492,2.79819769600575,4.77924645401166,4.46877214064007,-1.46013103918483,-1.49585018726205,-1.51279091419319,0.128936417486055,0.352108761850205,0.833962431747379,0.381177755438067,-0.0028184503757813,stable,1
4.16387974768841,3.19797983845876,5.99054732603175,0.872054838963086,4.61547594725333,-1.2585646409855,-1.55666098905363,-1.8002503172142,0.533452731759123,0.478703505755407,0.341673058830344,0.753003668145989,-0.0276238325312329,stable,1
6.80227504129781,8.51545455097617,3.38187353692553,2.05548131968213,4.50401531088123,-1.33242332217695,-1.33379702606637,-1.83779496263791,0.367069431498563,0.592522021783023,0.822314956989627,0.705444079461028,0.0142533528672238,unstable,1
9.52450905284967,7.66134008628775,5.09691210113683,1.47318453458307,4.31435405458629,-1.1322474195592,-1.82254588803427,-1.35956074699282,0.56834354372306,0.539021293086709,0.804383964845169,0.562888324868988,0.0318179034894293,unstable,1
3.38403283672914,2.09630788436907,8.08414848447549,0.95907454111987,3.85070139585792,-1.20307852939431,-1.31394954264864,-1.33367332381497,0.109700097253965,0.935596867488248,0.692026022209665,0.188331115320157,-0.0280818515162321,stable,1
9.92629973814427,0.582100122367893,8.28241094145826,0.961756299025216,5.58632954964135,-1.79398362771715,-1.82270681125277,-1.96963911067143,0.0929610162741144,0.527706790345547,0.327715279968041,0.430288432293787,-0.0538169968180334,stable,1
5.95434338631429,8.07082042660065,1.86182911370407,0.781275945317256,4.01368620393024,-1.41532813179503,-1.07243045853927,-1.52592761359594,0.108501518486835,0.930960807711444,0.476631175989468,0.146162761262398,-0.0082786886852097,stable,1
6.40438801565964,9.25703183835832,7.01704276607883,2.25790885254287,4.52641551622442,-0.816656614289782,-1.91558795873838,-1.79417094319626,0.232469124393431,0.956132082620052,0.264471911776962,0.881762736816601,0.0245045402930801,unstable,1
7.52741601132801,2.71299704505617,7.86063649547037,1.92463225033894,4.15906963099488,-1.42583470138699,-1.35455751341888,-1.37867741618901,0.602365220716426,0.422157608146464,0.280725949082329,0.152170607812552,-0.0081770185678383,stable,1
7.90999288588687,5.46415621562913,0.996719767503219,5.407482963164,4.4611146144584,-1.01192265886064,-1.73979086938587,-1.70940108621189,0.675933177118008,0.0713572642903123,0.794777648167783,0.851006442662653,0.0097309644397144,unstable,1
8.59926871623315,0.553282202414598,4.63267563700515,2.25607811217681,4.00906640749095,-1.59799312319432,-0.978067556207546,-1.43300572808908,0.9266763443371,0.341506776142132,0.26860988697325,0.266103360469316,-0.0069806757634601,stable,1
8.27120358078977,1.85611648982038,6.08771370764802,0.592026927721675,5.49441089686789,-1.82686932840428,-1.90305673277634,-1.76448483568727,0.505992410550315,0.26772004290784,0.21893752215663,0.752003123556724,-0.0427505771882506,stable,1
7.1365384540602,9.03904729680853,8.42479251028909,0.849326781196927,4.29208789244533,-1.46332684757264,-1.89836279168717,-0.930398253185523,0.844565828490204,0.25860686681909,0.920933267329795,0.0792599321845023,0.0571291738516998,unstable,1
6.94177652535619,3.67884168064886,2.65570179038563,1.17032287241144,4.0699184831198,-1.83717853491347,-1.03039978875432,-1.20234015945201,0.209090272716027,0.553762317643035,0.415854024412718,0.583904380478002,-0.036135324792016,stable,1
2.06588211730119,3.51535589708191,4.76772185153733,4.10585677133929,4.89587826652504,-1.86947387817728,-1.65809211635666,-1.3683122719911,0.427465184164445,0.962554210094089,0.403459891176599,0.102333241804816,0.0037325218186534,unstable,1
7.03675529219507,7.19984373683481,8.39691874114303,4.40698068745561,4.53958537453467,-1.13514127779563,-1.84759959382666,-1.55684450291238,0.456217627794468,0.937378735161562,0.0788065397715638,0.615634405436893,0.0537103568149386,unstable,1
2.15321727637894,6.68297265504542,8.03039086617626,3.2584160735253,4.71616428201199,-1.72305261435832,-1.97580646555544,-1.01730520209823,0.490831102419584,0.241449325152251,0.59917852876706,0.600164302089467,-0.0004454117152816,stable,1
2.17035938445113,2.30370622902407,9.40436635147739,0.998296718412428,4.14545821136639,-1.12292947559573,-1.69695671066984,-1.32557202510082,0.504585887690085,0.221513780487381,0.112096933274944,0.455548163574755,-0.0352027226871068,stable,1
4.79722682869351,5.23664776148862,9.3596098316803,1.44136959041295,4.66220082775023,-1.69672617762734,-1.40605795918887,-1.55941669093402,0.800419524457169,0.368685772503735,0.549055675719547,0.858609035553848,0.0081996993583351,unstable,1
1.47241834883819,6.12585448347947,1.92609833831349,3.18811226312724,5.08403361550188,-1.76909676751357,-1.64727020390762,-1.66766664408069,0.56594111259504,0.956083849723888,0.36156768016435,0.148466693839898,-0.0133882878502236,stable,1
4.19510941067135,8.56855262511479,6.73059946663383,1.50721080329707,4.24713651566275,-1.56945918371063,-0.710049252577545,-1.96762807937458,0.185424801273657,0.604484680699072,0.140996678395054,0.970799423637915,-0.0342369571859492,stable,1
7.32486636346953,3.16064861347094,5.55765404764615,0.731423534229165,4.70273854601932,-1.65322636530175,-1.73849727891164,-1.31101490180593,0.862505293147147,0.240663408261199,0.509314767379716,0.504209234044824,0.0098138423459128,unstable,1
9.31609937735848,8.24789787796672,4.76011254197164,3.66663826472324,5.57845743134029,-1.71300646524524,-1.99196624662649,-1.87348471946856,0.955292509007852,0.0724323537210317,0.918183058994175,0.169570589576529,0.0411910872572494,unstable,1
1.05232283971731,2.34653821983323,9.27645759808968,1.42272146839672,4.49599271028203,-1.98676550605593,-1.37550160342781,-1.13372560079829,0.249933881860188,0.981366568528409,0.864518580322851,0.375751867394721,0.0039392299119836,unstable,1
3.74488713969897,8.30592362729715,5.10978739899201,1.12591814894039,4.58898961929954,-1.72311818374331,-1.2774610064682,-1.58841042908803,0.64721527106131,0.590659050500684,0.962788942058211,0.9868543850818,0.0291672961736544,unstable,1
5.74787668619771,6.21073236018763,9.89880506369276,0.957792914664373,4.34874808985236,-1.70475409742866,-0.686170620541449,-1.95782337188225,0.615829428517815,0.712091999218797,0.844963526927292,0.964001933057813,0.0276806275362077,unstable,1
7.51023045390237,4.34980350043702,9.10817288330151,3.30144460725742,4.5532771247079,-1.71075217571241,-0.911896998052357,-1.93062795094313,0.501505323629307,0.345353021856407,0.826233269201697,0.244126278585793,0.0377170259812927,unstable,1
4.51644663641743,3.43161713543147,5.32259963433513,1.62091704223012,4.87711528794074,-1.7793962676825,-1.82835976517652,-1.26935925508172,0.508334152551511,0.273990730062051,0.718885075298295,0.64869026241958,0.0158638266818245,unstable,1
1.54750298783982,7.90029318392687,4.0563901429739,1.36064731670829,4.68506906186877,-1.0855321814996,-1.70689242922767,-1.8926444511415,0.906812013423338,0.211940671621941,0.750675697958301,0.349934246541449,-0.0450626667751567,stable,1
7.81199878096022,8.6663194412246,4.45086500210421,1.49317134238441,3.88955293953794,-1.14433444792762,-1.51284704732198,-1.23237144428834,0.749315082080155,0.558228638367445,0.666977752304602,0.923507136471915,0.0298393236574339,unstable,1
7.94708829870177,1.90021746098932,9.80211797429233,2.09836217241286,4.68274285934984,-1.78192981570171,-1.59068920469477,-1.31012383895336,0.118599388938147,0.945859893878958,0.413177348796704,0.157035970457824,-0.0324840058590153,stable,1
2.96337352664779,4.35575848151924,4.78684649319509,1.27602327095162,4.43416233152241,-1.81099226788976,-1.87967125092261,-0.74349881271004,0.486994932920295,0.116631195127874,0.178918794904647,0.0965469882498414,-0.0402205502978484,stable,1
8.97735898279569,4.38668988885258,2.11895034657349,3.40992287968196,4.59604432297793,-0.984922181020421,-1.65267514876362,-1.95844699319389,0.361474850965959,0.250541434913671,0.552124345780335,0.471033215838313,-0.0280793113372909,stable,1
1.94371399399206,7.00697297033848,9.54114872568772,3.9319054626349,5.36486693256759,-1.70449202596645,-1.87994151137705,-1.78043339522409,0.847042548705986,0.710677102572182,0.591204288783104,0.485839755951331,0.0222475380827075,unstable,1
1.92714797468951,6.75815026295024,5.67867652919968,0.865117222334119,4.92867001695701,-1.99009696375591,-1.41054922210618,-1.52802383109492,0.48417098407159,0.31258374442531,0.106837542603771,0.497434654201723,-0.0399043271745393,stable,1
8.73720796000921,1.82892546540706,2.50207888660375,2.19404196937667,4.51257187112463,-1.94250977198958,-0.66401829810543,-1.90604380102962,0.335475619338514,0.0853106963243999,0.870657497763756,0.576940089332057,-0.0090541223059233,stable,1
0.773519892313087,9.3447614789271,2.62029268557638,0.669783076493186,5.36200014408618,-1.62615451019136,-1.86559051252013,-1.87025512137469,0.0646326992448256,0.0967344872636069,0.790306928959803,0.332958303908574,-0.0205672005647241,stable,1
8.12013633160862,4.76813112971263,3.8749727316896,4.22931696176282,4.58213046835404,-1.81690583840095,-1.51381106159504,-1.25141356835805,0.540278029391058,0.341700096729954,0.824784259736496,0.526586488418755,0.0419290445788274,unstable,1
6.81976837280254,1.38834648033387,3.13910363279515,5.18851489857314,4.96275082176692,-1.53443563874486,-1.77944968323972,-1.64886549978234,0.90678009952934,0.150540002006873,0.629060179152625,0.051125337515428,0.0052023682611094,unstable,1
3.44838397658333,8.51223733460825,7.9925534460827,0.645881645628775,4.72323204901842,-1.26760074501466,-1.89203768621072,-1.56359361779304,0.75660425086102,0.190887383809622,0.159249211779197,0.672681591964012,-0.0192436433910307,stable,1
6.27059613199724,7.51723201616765,3.84200602609753,1.41218673955721,4.18329499835631,-0.987762211122387,-1.55680774812679,-1.63872503910713,0.528199826862097,0.427384904639118,0.904943719466127,0.107756582642295,0.0275489248073138,unstable,1
9.32129266125174,8.74947508700165,8.77913665622596,5.37864885879899,4.76049220712981,-1.18020428596096,-1.61657535564173,-1.96371256552712,0.813391048194604,0.882630225968275,0.162083713274192,0.514196439723143,0.0678703692444353,unstable,1
8.42747162422477,5.33749981654495,9.64715605784367,4.2699161147,4.64910529153808,-1.83952684258764,-1.06506631107209,-1.74451213787835,0.613349552870856,0.0982979429811984,0.0504648458974715,0.98214984204267,0.01926767669807,unstable,1
7.98573681077565,4.5062910764321,6.20709500337251,4.53590494512344,4.9454804118577,-1.25083495795934,-1.74000588614003,-1.95463956775833,0.381145462140576,0.534273641855994,0.233850801089241,0.292362514769149,0.0070910441566853,unstable,1
4.37747831295828,1.65100488967651,9.97165403965793,1.6218832824443,4.65695883041349,-1.92026133949772,-1.68407545627716,-1.05262203463861,0.692822240761864,0.724368586701471,0.208076017069722,0.128449732256382,-0.0365174294769115,stable,1
9.44251485335294,0.578506849957863,1.54559248860605,4.11444923590993,4.80192906613139,-1.75580962995857,-1.71870989371175,-1.32740954246107,0.278588067316028,0.785833682876797,0.936022218070847,0.45019019498897,-0.0476313254937113,stable,1
7.6767045727271,7.78196563041786,1.46599132330699,3.48769821296391,4.57662587486801,-1.22851464965212,-1.95319423207886,-1.39491699313703,0.30197107414602,0.569014085562676,0.215740550469431,0.86514485145017,0.0106160441438275,unstable,1
8.47935612948784,2.00728352298478,1.16061546815664,4.4230051772831,4.22948304166629,-1.41358772874024,-1.09139152977956,-1.72450378314649,0.907689874008871,0.339653618970392,0.867336344191,0.270458951259437,-0.0246093287529451,stable,1
8.16072896407704,5.62377160792813,8.37208760426148,2.47204508482337,4.81895946382515,-1.91422724638422,-1.8237116986822,-1.08102051875873,0.634390694259738,0.736299395819547,0.781741614354566,0.206912191393739,0.060961899290671,unstable,1
6.0106016471655,9.26344994907605,8.22949003884814,3.37536174378922,4.50922236438472,-1.24500992037168,-1.77564238102176,-1.48857006299128,0.762168296687325,0.129665412093796,0.256669845072138,0.724521355958789,0.0232677754247224,unstable,1
5.25273278551914,2.7884233926293,8.67729003281561,4.18446814235136,4.40431041845858,-0.876038910008757,-1.70744123252028,-1.82083027592954,0.613533450873354,0.366643502486109,0.445473047586023,0.963697037372706,0.0446426701257892,unstable,1
9.94481753727103,2.69566626008752,6.05826633178123,2.58205845140574,4.38232592939437,-1.91701747943212,-0.721239979083347,-1.7440684708789,0.619474547974219,0.397598140438595,0.287400606782522,0.0586467825790856,-0.0094206567841479,stable,1
9.53657156259909,8.53619979562326,8.2579590070492,2.18958523753387,3.96304661327664,-1.04717587812057,-1.67690799982501,-1.23896273533106,0.783291557662406,0.481433151855319,0.644326807814345,0.803239675699602,0.0476943879833124,unstable,1
2.97767660106954,2.64787977715539,9.05157662058274,2.14006885399901,5.12740783144547,-1.71116635433119,-1.80601923752911,-1.61022223958517,0.597212281040103,0.619604561364517,0.220302766996161,0.899593825423252,-0.0140435927951641,stable,1
7.50011908204124,2.14816036591084,9.7372386043623,1.45881537842699,3.93533895818201,-0.80223798670657,-1.37738857259925,-1.75571239887619,0.647940834172893,0.562516191458587,0.956485581690785,0.618469826477775,0.0182814225985574,unstable,1
7.82653943102997,2.54294647064619,9.47926861073615,4.74127257729553,4.50695637012552,-1.61958743096103,-1.30031948382363,-1.58704945534086,0.816946641633278,0.321504185659181,0.507260975672723,0.566416207737435,0.0436578305876737,unstable,1
3.13795011956118,1.95411837215632,3.65221827778779,1.42831892500829,4.20070890468252,-1.02083305258006,-1.63318005974608,-1.54669579235638,0.955870139868916,0.658914584788317,0.418762534291318,0.694437156256918,0.0277874424041435,unstable,1
9.81898357598544,5.27607728386679,1.08948140698194,4.4508977190397,4.53626337242543,-1.71259023124316,-1.07931801409852,-1.74435512708375,0.822826729253111,0.664465159117114,0.344952344782475,0.483147565913455,0.023998136766678,unstable,1
9.31056839779528,6.41545451393609,5.67581083169399,3.38427495891335,4.29072550905707,-1.21155368679874,-1.70764172323701,-1.37153009902132,0.500960638489915,0.822509277343275,0.491529641791929,0.789146482137101,0.0601390893825312,unstable,1
1.01869424167703,7.54156626888849,9.13432529415109,2.18144906825731,4.83883863094936,-1.10030279633523,-1.77384281764666,-1.96469301696747,0.353698207037124,0.0969275907316886,0.366302769376995,0.114633587208693,-0.0295542066090537,stable,1
7.37751898727283,3.51636013649321,3.26823128779142,1.35169734209605,4.77976789895767,-1.95499176728838,-1.6965661710422,-1.12820996062709,0.471925878043912,0.445157128511177,0.358738574173794,0.278316823362688,-0.0328279005934157,stable,1
9.04632510647982,8.48173034610634,2.16036117707235,4.00892739372877,4.6961486970244,-1.82028901126442,-1.40320990393622,-1.47264978182376,0.532331686476045,0.452775788056384,0.880589231888952,0.535284688244397,0.0104026396812507,unstable,1
3.95837210038209,2.11397474795732,2.91876765569194,2.88654700909633,5.38878234221691,-1.61521924888967,-1.81626263653511,-1.95730045679213,0.974308117672002,0.610459612426302,0.0925729774216609,0.968989460157726,0.0503947172559012,unstable,1
5.98971578845228,1.16494412205227,6.06171728462216,4.78854932147684,4.29516309919597,-1.10560446014233,-1.47785993982722,-1.71169869922642,0.456458188282055,0.916123032433744,0.362682473186563,0.642706777495762,0.0077385220723471,unstable,1
7.71551743119577,2.33759261647678,5.37403098645691,3.19728269453871,4.29672303753069,-1.56712480838824,-1.46270795648485,-1.2668902726576,0.202365640165879,0.744082054313169,0.160360745126194,0.271004030769127,-0.0210413834108241,stable,1
7.1415060170655,3.656554404581,1.60929840687722,3.89394123752268,3.96712286654737,-1.43761748512175,-1.31107944899208,-1.21842593243354,0.812029237330738,0.557996357101881,0.973360227816546,0.199394115598685,0.0061228388240917,unstable,1
4.30429036963132,0.593090422481834,9.78703927157007,3.67298080811268,4.57447138025846,-1.79857443444849,-1.69974563439018,-1.07615131141979,0.0945408589438524,0.774303127775388,0.279337976074648,0.0856478827300132,-0.041198594534671,stable,1
9.41473581882692,7.11906433284528,3.39660621314633,3.13996475379408,4.57523555303402,-1.66817398912183,-0.962289851370035,-1.94477171254216,0.235566797881636,0.949815970190399,0.940968306659157,0.380462888681374,0.0436047487716725,unstable,1
3.63474478949534,3.96837203514409,1.805220901386,3.20677589169417,4.85909606401317,-1.939816299643,-1.96634733439862,-0.952932429971546,0.827793156735649,0.855088681676891,0.24762192973916,0.640637582098023,0.0586261946855811,unstable,1
9.61317069935731,5.98155467868071,7.1949897732245,5.99948041656688,4.48760619264254,-1.54163752714588,-1.31594402948192,-1.63002463601474,0.669032342881947,0.786545561406197,0.421953979636715,0.549589249703418,0.0689553664365555,unstable,1
7.88904896661582,9.67931878628057,9.90065893782476,3.30190034678135,4.63528793573175,-0.879804533575219,-1.82892956179555,-1.92655384036098,0.909554487154428,0.519018327356121,0.746499031229859,0.629484271541619,0.0674318636428027,unstable,1
3.66599743903358,9.36022572709477,5.69712595975593,0.51548530782318,4.29495938765752,-1.00329279110788,-1.87685009723745,-1.41481649931219,0.737985799078054,0.743273618844828,0.400002525332182,0.830087662062703,-0.0131264502795581,stable,1
1.52427164223646,6.68791561538404,4.34821826273791,4.26595683378581,4.60557843940953,-1.69561356833517,-1.60383494171555,-1.30612992935881,0.707872159202924,0.537583292521965,0.162606961196351,0.413456882534134,-0.0211606003025813,stable,1
8.81317493095665,8.03707470175047,8.26675867825433,1.33018606003217,4.86579136619512,-1.81417821825534,-1.09921437909253,-1.95239876884725,0.180140037286349,0.0621854160374182,0.972168381444401,0.656271520806025,0.0033390161321533,unstable,1
3.70627411421565,9.93307991327167,3.91574406491792,2.49231828017391,4.8774889336977,-1.24333162762448,-1.88945745784448,-1.74469984822874,0.796205703166827,0.813634678814154,0.404404147954272,0.838768251867025,0.0096783977878456,unstable,1
3.02061037937612,2.74087924112893,8.04342028018807,2.49588009668407,4.42565201482923,-1.80995638230423,-1.21906934373024,-1.39662628879476,0.507928800550508,0.424846714676452,0.938993219492526,0.869078431152008,0.0175173299918526,unstable,1
5.18818265304604,9.04390013294915,6.73343808604064,1.1552533883384,4.61063157570707,-1.70858875970683,-1.24384670490968,-1.65819611109056,0.867963249640759,0.836608031044058,0.982595014225761,0.170926174740318,0.0742640974046914,unstable,1
4.50466608717598,1.98545968666309,5.29707937616125,3.60806252720839,4.53219582865632,-1.28141141564727,-1.9056595788386,-1.34512483417045,0.496463862200096,0.186921396629023,0.402198040945885,0.078674258024575,-0.029894159159828,stable,1
8.03581805280708,4.63254826177601,1.17781016470517,1.20494984883243,4.09320794660659,-1.56821777284145,-0.819966242941469,-1.70502393082367,0.223384403152025,0.31777029226461,0.726623115658656,0.441620090326469,-0.031351490566094,stable,1
6.80991855025111,4.41735076748703,3.45874182358881,3.75038954607951,4.40261825877495,-1.92776331965906,-0.721265392680059,-1.75358954643583,0.678786955903056,0.206694958953084,0.263021604431099,0.979280861015724,0.0369144253245512,unstable,1
5.18551765204468,1.53920590579741,4.96876896294007,1.49843004407129,4.2168196816171,-0.630156679284573,-1.61951051892951,-1.96715248340302,0.550296905836661,0.252320595889834,0.429212523018481,0.11455569472153,-0.0329325218113748,stable,1
3.92525244612814,9.47710730769553,6.92072532506594,2.14881340906246,4.34040248875298,-1.66236850480237,-1.2577729493913,-1.42026103455931,0.335148648044828,0.564816138171602,0.883405791042267,0.0519692636176653,0.0354769394755868,unstable,1
8.00369470268805,9.0835475515675,4.53806615167053,4.73241328007504,4.51811931582464,-1.74408161475444,-0.996900063210772,-1.77713763785943,0.0950041438117775,0.436893060947679,0.270373407257677,0.43228493187222,-0.0058095969143216,stable,1
4.17833227027319,3.81517469599172,4.30726337172744,3.07998875909908,5.34185497566126,-1.99105262651391,-1.52064985241919,-1.83015249672816,0.403573232824235,0.845462732005729,0.939940529340896,0.572116450957048,0.0796777877517914,unstable,1
2.87420342686588,0.812839615882805,8.58256420332199,4.67689305248066,4.90998188839702,-1.47135599511117,-1.72917388400002,-1.70945200928583,0.964994314567012,0.363157904885068,0.729284543225878,0.0910991563829419,-0.0212700089575022,stable,1
2.56607294219345,2.48529824067138,8.66584910927083,2.69894080044313,4.74194169215513,-1.81772013001702,-1.31758176260937,-1.60663979952874,0.132893368125915,0.421584798505312,0.548008983638858,0.896002707439139,-0.0145808304890057,stable,1
6.22742338090959,1.99404581996395,3.52058179484118,1.38383070211505,4.26140539342765,-1.47303642443214,-1.37801852166902,-1.41035044732649,0.299488021669585,0.561064918580868,0.066423833920348,0.722682050528238,-0.039928299010059,stable,1
9.07911128165446,5.27092181260802,1.48116910334892,4.58611109401218,4.84783910249525,-1.64246613410038,-1.39407614679104,-1.81129682160383,0.806510964438417,0.592429907234996,0.250715390547736,0.29597559302072,0.0233145289702338,unstable,1
3.74043185658799,1.68682649992014,7.61425928746379,3.58044460389953,4.54836914932325,-1.92998285641593,-1.45501543742152,-1.1633708554858,0.903919235031287,0.146986521635227,0.700636812529645,0.106265193459527,0.0105463905074818,unstable,1
5.96502036787843,3.45344663080247,4.88509110912,1.32206910715665,4.03157004003358,-1.6314841522413,-0.824285296890838,-1.57580059090144,0.837579839166941,0.640628229635598,0.109662397532393,0.25242604979653,0.008350776541568,unstable,1
8.38244953008818,8.81436932800076,1.72451508196499,6.09387880736672,4.23314428753438,-1.50550758686648,-1.18743016228619,-1.54020653838171,0.988511270352741,0.285508713787942,0.661002266054788,0.206226586013678,0.0229544519316563,unstable,1
6.94077660293082,3.87354011313545,9.61485920513358,1.88140946591994,4.70589345872498,-1.80692295001973,-1.29177591810827,-1.60719459059698,0.937588582902448,0.363111367618683,0.89273792402489,0.755881446942705,0.0451631668105127,unstable,1
8.89609008118283,7.24745224933567,9.82903015118294,3.66850561081448,5.11370229594464,-1.75941557272089,-1.84498101703783,-1.50930570618592,0.137809108797442,0.428285877469223,0.504036488440104,0.245803993051442,0.0118756733978113,unstable,1
6.31980084053043,8.95897980191207,9.81265905611311,0.804019804633362,4.39796046812176,-1.8570328084474,-1.8552712011644,-0.685656458509958,0.852178385669054,0.379789085488225,0.281808539801354,0.964344850621657,-0.0025392926151029,stable,1
4.31593152811205,4.22356336579573,6.981496619251,1.39052282348424,4.41596200030652,-1.17802845127089,-1.58756269822409,-1.65037085081154,0.312989810260532,0.142450224887439,0.156767776556546,0.991270081531354,-0.0423376563260076,stable,1
8.06458284359919,4.79122793812432,8.37493603163034,1.73988876885303,4.20533660427883,-0.771349024482432,-1.62694491456541,-1.80704266523099,0.993388802269023,0.857989249591499,0.991686725664211,0.869459922334788,0.0729614409306662,unstable,1
0.584132722590596,5.21579303828528,8.60005468336773,1.43658616232284,4.48115380662232,-1.78025970109456,-1.94575689569383,-0.755137209833926,0.925544530605593,0.657279970821163,0.475974643761384,0.986514040783794,-0.0607435769358745,stable,1
9.01486403624982,7.02671313295236,4.71988058488066,1.21087226746295,4.63176194693285,-1.34556673583345,-1.95150335645051,-1.33469185464889,0.0545908899343968,0.736110541824178,0.849371945981535,0.555605836726006,0.0179264519225245,unstable,1
4.3263849883381,4.43600020356256,4.78877125128207,1.62282035937402,4.48687158995666,-1.44897776008098,-1.99521331254671,-1.04268051732897,0.712843819084674,0.946749496008315,0.066609078426382,0.24359222805206,0.0255125917885126,unstable,1
9.11125729496247,5.92220471431933,6.74693960715987,2.87727451435246,4.19075613545811,-0.695633868409973,-1.81770949770056,-1.67741276934758,0.130796578654584,0.182349677447131,0.716927428277114,0.111282492020703,-0.0053146966505416,stable,1
3.51364898777303,5.25516200335278,1.29805461251664,2.79902214755757,4.33583335772235,-1.49025592423344,-1.45207372951936,-1.39350370396955,0.676717135371848,0.609436610104404,0.659155711287028,0.559868981836984,0.0196281304248982,unstable,1
9.84854820306663,2.63239288070379,3.35586234665301,2.26350725369853,4.41141706722225,-1.15006176155705,-1.59966294015227,-1.66169236551293,0.680289171730746,0.824159921255519,0.159904131284866,0.849753851430287,-0.0079780146235982,stable,1
6.75322566585132,2.51565836160547,1.33667339396438,2.28157444441121,4.70442645964476,-1.99974139387518,-1.23903050970148,-1.4656545560681,0.922431917939968,0.287456829689421,0.712794874601064,0.764137101760652,-0.0065492851080083,stable,1
5.5220402387495,1.62972933433156,0.620439879592683,2.13881102401813,4.64408653685372,-1.36232293700463,-1.40508484074672,-1.87667875910237,0.729742509059771,0.226623678251546,0.561859258915393,0.434405316799361,-0.0307037411806929,stable,1
8.59405138052523,4.82877597249583,3.52455344492123,3.96137448184254,4.22765235002384,-1.35885124442852,-1.71999787506236,-1.14880323053296,0.591141460782057,0.550811616447724,0.526303423233326,0.15649804956821,0.0170112589977231,unstable,1
4.20407916709113,2.26950055203366,1.9748357045148,1.71370052108539,4.79492760375284,-1.70838802867057,-1.5034254724071,-1.58311410267517,0.815445694884817,0.845064930600907,0.607960533538538,0.164698329063128,0.0133536204985069,unstable,1
8.72265013591351,9.00751165142696,4.47722368674112,3.36283221613816,4.38904640043683,-0.786480879610823,-1.64760628034793,-1.95495924047808,0.214501143145486,0.25521376441106,0.82583893898606,0.883806381761758,0.0239220627351313,unstable,1
2.3330044369543,6.57605315857541,9.98298664925756,1.28256759979388,4.5236458661844,-1.45347141608393,-1.83567716781574,-1.23449728228473,0.444886185096066,0.724535089546217,0.214922026841517,0.512356862188091,-0.0264560677982813,stable,1
2.68422863080309,6.89108526449534,1.73012921241896,4.43289809863642,4.38908165217294,-1.30806838572486,-1.5546102771491,-1.52640298929898,0.88158591143008,0.12830160442795,0.431797504426314,0.628441623898746,-0.0057725841417962,stable,1
6.42830543969477,4.18979256252785,5.33876790555441,1.58621514758616,4.33010786386051,-1.43909230201488,-1.18612267874019,-1.70489288310544,0.181453641901611,0.667153100340691,0.852612037582722,0.714588445337933,0.0320152912963778,unstable,1
5.43461159820437,8.70807055794214,2.74680277083549,4.06173146409671,5.02366110642878,-1.64316726225455,-1.75877847025018,-1.62171537392405,0.409613819743494,0.556839385931008,0.498705086636495,0.352913303707219,0.0091236940290471,unstable,1
1.49387277092357,9.78472051781359,7.54835268715509,2.55524823800432,4.34668148607099,-1.86118080460181,-1.90667246791086,-0.578828213558323,0.666262489370473,0.745871320240432,0.4982573702458,0.574885734954093,-0.000195004369421,stable,1
5.81694805217866,1.31345768879306,4.83406257189431,1.28803915139623,4.5805141005987,-1.9751057890274,-1.1071763669502,-1.4982319446211,0.830842058526101,0.39527073801292,0.499153789692096,0.496476196093382,0.0003858864264452,unstable,1
9.25672049939622,4.65352940167066,9.80829188107621,5.15509033637985,4.59298633115108,-1.79434394741801,-0.979896927612473,-1.8187454561206,0.069218955577754,0.649897708326008,0.387919654274068,0.163410077189277,-0.0071731944046734,stable,1
9.23820689634192,7.13380704417055,3.12770021027918,6.44187063642442,4.49848611753944,-1.38024862052903,-1.22758147420139,-1.89065602280902,0.417709595728529,0.374444607295095,0.952545530049517,0.736517514022416,0.0475812391546439,unstable,1
3.71868213809214,7.33091136091764,7.78662301790849,3.66760871837456,4.66856495995339,-1.84346212802009,-1.65628792192942,-1.16881491000388,0.841144632711697,0.489457903124848,0.957768450262825,0.916221529202919,0.0789092702406499,unstable,1
8.90497008120383,3.71022394578038,2.2485633095747,5.2375143213816,4.40829569199556,-1.47979159443311,-1.48466776585894,-1.44383633170351,0.136376756778697,0.800204037346204,0.635098572221063,0.352583128389231,-0.0070287796656947,stable,1
7.31459292043935,8.90617922205983,4.50867129994413,1.14859364220578,4.83284330078132,-1.53653987011699,-1.56493449095801,-1.73136893970632,0.586967559527282,0.904872096013218,0.425727738134826,0.314615701291148,0.0387945782149313,unstable,1
4.17994243440056,4.7475668994578,2.22813791335665,1.42635577258378,4.3568301996925,-1.87135920121649,-1.01818494277042,-1.46728605570559,0.928947710513364,0.654029290720701,0.0888839871539595,0.899899520484791,0.0273646752159994,unstable,1
1.36180780801325,1.38551732155762,1.47349695929682,2.51411498229984,5.3865815354533,-1.76248995906112,-1.87466886339257,-1.74942271299961,0.804592411647791,0.117065329038297,0.53097708738829,0.0936423680186831,-0.0170875262228139,stable,1
8.70764711383273,5.16696271987125,3.83837538230802,3.05573422199307,4.52387620314025,-1.63731135114264,-1.36608070571595,-1.52048414628166,0.167974550420942,0.448050362190003,0.90714178932117,0.315425459671856,0.0113727409026146,unstable,1
7.20425019728705,2.47011027560035,0.584477795454673,2.15109594023267,5.06491192951662,-1.23367099571812,-1.98385177259111,-1.84738916120739,0.372463767494076,0.208427584530826,0.686646322836209,0.737797761406582,-0.0224466403497004,stable,1
8.53633811822018,7.96247679199667,4.30186691795141,1.12689824220098,4.12870654713811,-1.37978777955882,-1.8431949673367,-0.905723800242588,0.83861524082309,0.445452917047028,0.758993967661078,0.397669571917581,0.0353238631907856,unstable,1
1.48391023545577,8.94741277961188,6.07701084014366,0.940928669743286,5.24170708517097,-1.32260553809351,-1.93157977241534,-1.98752177466212,0.481089620599233,0.154233538546468,0.657602270027184,0.602832277337421,-0.0443083467867311,stable,1
9.85738755795513,6.71427658160543,4.54509307116615,1.7715459648369,4.83456075284405,-1.50786715165726,-1.97849186193625,-1.34820173925054,0.775839916500656,0.245025876482063,0.604325085647852,0.372713991813483,0.0153246005815023,unstable,1
7.53800940724291,4.70294880536625,2.08477900135745,2.54522889555317,4.6270756866069,-1.9149023011946,-1.28449493626857,-1.42767844914373,0.877621094818534,0.158697187472391,0.751359979047299,0.165247184903375,-0.0033863247963896,stable,1
1.55581088473604,1.84538435818038,6.24402631298475,0.537980473552865,4.14244552342622,-1.36700423491125,-1.43377584766184,-1.34166544085313,0.0708221440456691,0.372448504294516,0.95083217378033,0.0903113151126669,-0.0234778647378899,stable,1
4.68299102651458,4.29300095528773,1.3040649387781,4.9739338344326,4.41958011360385,-1.04626183153065,-1.51943012617903,-1.85388815589417,0.935495901551202,0.759375129233308,0.790981817912305,0.652215888067257,0.0698110732075521,unstable,1
4.18626317623237,3.83952227109156,8.6411633717343,1.7923012481923,4.28874357769569,-1.72209584600446,-1.89043664228095,-0.676211089410284,0.308119424605363,0.415176078768744,0.979240339275656,0.277345941853548,0.0186710942740731,unstable,1
5.32322728772791,8.6566128685035,8.26917807157832,0.703799134394072,5.0467348948049,-1.75702954057817,-1.48166379247942,-1.80804156174731,0.670433842369507,0.491669487208746,0.719357519037499,0.301396014451907,0.0369133750979973,unstable,1
4.05958678742974,2.74926002614237,9.17087156431545,1.883290752439,4.12306560746675,-1.59238397049288,-1.36447031741296,-1.16621131956091,0.239338536839617,0.90262190090642,0.310734662602653,0.389431232218358,-0.0210939431574134,stable,1
5.42136940702487,9.52840661656361,5.40250051776276,1.90525767686529,5.31556129630661,-1.92256706674705,-1.46655190669149,-1.92644232286807,0.517218380693789,0.696067741460822,0.254167086300122,0.140196549928695,0.0171395825951163,unstable,1
9.32953510698553,8.1429966098797,2.53960989514071,3.52178733307046,4.24656695240697,-1.23805761765233,-1.24631289268016,-1.76219644207448,0.490516975631925,0.573050153223653,0.836669171935088,0.934554144430063,0.0275411323476443,unstable,1
3.831532077474,4.74084553661976,8.61116979988901,3.02997862289477,4.71706181194789,-1.95127282345305,-1.33322559416824,-1.4325633943266,0.48385496348888,0.945967020674516,0.766044764981396,0.456991822782626,0.0533011147592742,unstable,1
7.27749211250173,3.17149323218372,2.66227384519986,3.5159298386118,4.19860209974872,-1.3150795482274,-1.72279353274759,-1.16072901877373,0.940877425011894,0.662777357313144,0.292593216397123,0.692286370919178,0.0425016120000164,unstable,1
1.61280881418609,6.59752469503735,9.16247110874131,1.55169675741555,4.60208984705284,-1.6273166724183,-1.44235061032519,-1.53242256430935,0.891856823978304,0.292274669875636,0.357216735679716,0.662296429556193,-0.0277041293118656,stable,1
8.49654873720139,5.25206807219841,4.60455762217358,4.9534314328998,4.81823071215672,-1.62177733734605,-1.39541884670836,-1.80103452810231,0.995101748576711,0.862214173102759,0.878964638848553,0.7005190754184,0.100186395005982,unstable,1
1.90972478783418,1.9391707981462,3.1141419060513,1.19152798497658,4.38300441764502,-1.84821082940119,-1.95719209291245,-0.577601495331375,0.439790390212135,0.815170541553923,0.395553706459854,0.182476848186832,-0.0390989303089507,stable,1
6.78092179865678,9.7195016914921,2.51269579185818,0.861759962788515,4.3055744720362,-1.44174173773273,-1.40293542866048,-1.46089730564299,0.60930711873753,0.119537817035312,0.418888872077528,0.641797129058258,-0.0219113889703515,stable,1
4.63516802220087,4.45193631693108,6.81237006162957,3.45337404419387,4.92690310652177,-1.91403653850666,-1.07577389888262,-1.93709266913249,0.97251137066761,0.375080041095203,0.106998164150061,0.868342544921965,0.0544071436928135,unstable,1
6.76395428512192,7.03578544545084,3.47252065654307,5.27921071415384,5.29441058404668,-1.83857396736328,-1.56519752425586,-1.89063909242754,0.910672985366498,0.182500357418702,0.973991234975844,0.617347796744492,0.0700508639978798,unstable,1
3.32884659523835,7.47904361226655,7.39498751267706,0.810868799937284,4.78868035916726,-1.58931836121188,-1.81804514469343,-1.38131685326195,0.20356833738099,0.650212432502016,0.949980372103039,0.112530164411674,0.0394870296763761,unstable,1
4.34100693967169,5.49713341990974,6.6269485399038,1.27734933934427,4.54618673298085,-1.7653049089578,-1.23501593928097,-1.54586588474208,0.283740122833314,0.525958859747068,0.621024985528,0.136085034031472,0.0124723381958502,unstable,1
9.17534111237428,0.982922471563367,1.68986055180271,2.01673367697074,4.56700791949388,-1.55408181150316,-1.47805057609553,-1.53487553189519,0.935865526513886,0.619022138862386,0.837473828309203,0.291201650522911,-0.0114213297672464,stable,1
1.18969299172143,2.91331374813422,9.93896177749085,2.93097398038974,4.46461971231645,-0.657883944034146,-1.86296275254214,-1.94377301574016,0.443182105268089,0.955823131651607,0.931797784969955,0.963086759155589,-0.023770912820931,stable,1
3.61262594994095,2.90054596984473,6.42574319668725,1.02911312243871,4.78147186599271,-1.60205391719475,-1.5157345836767,-1.66368336512126,0.938756702242119,0.678149211563236,0.418222040069466,0.739659190155098,0.017383405777354,unstable,1
6.26885271375752,1.06238765372767,7.29030514954305,2.42828380080495,4.28668047804634,-1.66209997533316,-1.58821592600279,-1.03636457671039,0.618607781597847,0.74288672293504,0.612440759830571,0.281663778820545,-0.0022067139264654,stable,1
3.54379717538585,5.91120939357376,9.56104424291465,2.56779326402894,4.12343220090087,-1.56664850181492,-0.954914254586759,-1.60186944449919,0.644036822890226,0.849099386195693,0.504635023973321,0.519956609629851,0.0356006394268725,unstable,1
6.08692839613367,3.91339021449233,7.27519207823169,3.0945061710129,5.29278035662542,-1.97188310896298,-1.92100079736974,-1.3998964502927,0.479632956065877,0.889561572528022,0.446211852844213,0.610957146147922,0.0496689840368652,unstable,1
4.27664929967313,7.94527943161724,6.77101769778356,2.27247062707853,5.1847055332808,-1.95573178253709,-1.89103069931358,-1.33794305143013,0.939373179245354,0.882808430987616,0.559626466431015,0.634790562159601,0.065416433855236,unstable,1
4.36464607954326,1.25794890894776,0.954645504783979,4.50756678723546,4.66627073247208,-1.42400322039038,-1.34056468495725,-1.90170282712445,0.644611228438023,0.396586567208164,0.25195485800004,0.908088878588609,0.0099267329278907,unstable,1
5.69992702612309,5.65262926857695,8.207695104543,5.25027957403406,5.27668395626637,-1.8174584157932,-1.67651334666094,-1.78271219381223,0.967043126009899,0.903254959231135,0.838482487590099,0.236012408026445,0.0909209126649727,unstable,1
5.69602229082268,7.38119629010846,6.90305969405578,5.2170572524926,4.90015289294446,-1.15054365516123,-1.8880264841164,-1.86158275366683,0.982402581307888,0.251165241972347,0.236891075391034,0.13029517986545,0.0301983211606721,unstable,1
9.16064830610153,2.01298571262095,2.34492675738041,0.765709492830804,5.55644355781755,-1.89310639974871,-1.98108520167839,-1.68225195639045,0.0862423522203695,0.409802604296851,0.266993819193166,0.203762443032406,-0.0351854796261734,stable,1
1.32950167740003,0.861608957484213,6.67424668061694,3.27174302445304,4.27088640189443,-1.46453613528322,-1.20029779245,-1.60605247416121,0.771250890574347,0.749703178042597,0.208511435211514,0.507818792152886,-0.0206427661850909,stable,1
5.79011059733066,1.98168747752132,0.931878567248932,3.23719970572921,4.61285683723708,-0.900703977042891,-1.77661856428445,-1.93553429590974,0.20868190228429,0.351049529657884,0.27872739213837,0.316722813240043,-0.0400379557746538,stable,1
6.58164962174087,7.90828394975978,1.55389324259695,1.65995014634425,5.00657427637316,-1.67906410112823,-1.4845238386695,-1.84298633657543,0.222292254379586,0.15756980983837,0.906283698889156,0.473724133973813,-0.0501409872645673,stable,1
3.90356844701284,1.63819241980035,3.21063356198283,2.30731429602968,4.54067165187292,-1.8594031170849,-0.968151606942224,-1.7131169278458,0.582613902834437,0.740720504795149,0.441853737406771,0.140686193117016,-0.0277059208148228,stable,1
3.23177591417232,3.82902975465251,6.34245357583946,0.727745539730985,3.88241233514906,-1.13576758519771,-1.41123071783356,-1.33541403211779,0.801128553710585,0.691276831994357,0.450641479471446,0.935437472706737,0.0072101330176559,unstable,1
7.33958407763336,3.30672141428215,8.57108742598619,1.40846900985298,4.25264088901818,-0.821070822254172,-1.94362601069395,-1.48794405607006,0.742928737520081,0.905559018368267,0.436067266300428,0.203536331666415,0.0278187230659324,unstable,1
7.9119868639039,9.66228793006317,4.7233141425563,4.26035538056148,5.67446449843033,-1.81210830054153,-1.91698833556094,-1.94536786232786,0.455037322787701,0.168389985223544,0.409597318998397,0.237894214907142,-0.0022692626396721,stable,1
1.96079828091754,7.32782908246418,6.1418005651737,2.47610879189544,4.52378432353317,-1.71287064390148,-1.92818914657452,-0.882724533057166,0.23717494877584,0.687849457115385,0.954153803019341,0.294351548765879,0.0400686009535615,unstable,1
8.40559698173697,7.3615545435727,6.4820806926695,1.25829530052893,4.85859007108131,-1.78185282117326,-1.11604543803112,-1.96069181187693,0.223580286461466,0.0521095726139029,0.725733688031915,0.0840431649132469,-0.0108800597201031,stable,1
7.18741327091599,5.93855146116228,7.08989048507848,0.788579614990577,4.25319548625522,-1.819491347681,-1.13293154146592,-1.3007725971083,0.565320404617602,0.483698639779763,0.376367247276318,0.459303263997041,0.0117797630561277,unstable,1
5.43585116213803,1.32300413715788,3.17034309310692,1.59357568400503,4.94059742076527,-1.90604855301729,-1.13986952523567,-1.89467934251231,0.468334607668575,0.806146860693889,0.915987340693896,0.261954868014696,-0.0104728825913608,stable,1
6.49547455566355,4.57012927190493,5.00390161983761,2.67693741486861,4.99685702155897,-1.87555643706033,-1.43961043347965,-1.68169015101899,0.512704187139649,0.999203051936825,0.559421609859854,0.867054390184816,0.0767575518364573,unstable,1
7.44707667276273,3.39320154278723,8.48175052579769,0.934984340441879,4.58603389939856,-1.47494839672676,-1.57593778212527,-1.53514772054653,0.513283073791917,0.646272956481366,0.97435144452265,0.966219688055768,0.0165265704492683,unstable,1
8.45866363900543,8.60834340613613,6.3558484243823,0.855323617601418,4.21683292377539,-0.698275667492638,-1.85556104509225,-1.6629962111905,0.163356780241067,0.738980595883322,0.366001261048717,0.76167693933778,-0.0051250016640209,stable,1
6.10438696347603,4.70264152894253,1.08508611795164,1.01108405848335,5.68316089475032,-1.96992162612657,-1.75355703967077,-1.95968222895298,0.284991337065651,0.287755672375348,0.400999547947177,0.68559548040393,-0.0460819068874115,stable,1
7.612961732976,7.38512353922309,0.972948969516414,1.10502321875652,3.98196712112564,-1.0594808517119,-1.09965899312854,-1.8228272762852,0.256369766153012,0.585871414028758,0.854886020963466,0.46568500284255,-0.0525163987531328,stable,1
7.17355883320625,4.77124368691255,5.1093983954035,3.46459475201676,4.68717078308347,-1.64220825814913,-1.1881967787765,-1.85676574615784,0.543264759522057,0.366545372342709,0.623784945057,0.793521106083709,0.0528704340830129,unstable,1
9.98661746169823,1.50115397323725,4.60834412329231,1.8699126018882,4.59297976985873,-1.56122857940621,-1.93185602650126,-1.09989516395126,0.311569394258263,0.841346466200805,0.361719904144014,0.876076619260076,-0.0390987466936241,stable,1
8.9632686426389,6.97471156550157,5.33116249662574,6.31650877501514,4.68709371322466,-1.88286624199655,-1.36691230515733,-1.43731516607078,0.613822394061302,0.737456865675318,0.983761914826013,0.202121912640438,0.0733645343438707,unstable,1
5.26746726493972,0.840980711283896,4.83293547598019,1.22030155349822,4.10813083793532,-1.52145447213756,-1.16085332338921,-1.42582304240855,0.561743975405835,0.419678569032367,0.7742993122259,0.65181725559719,-0.0070877960709793,stable,1
5.4932530370556,3.69397495021863,4.9772424524665,2.42492567286515,4.14391316467778,-0.66662874904311,-1.65129909086042,-1.82598532477425,0.89644810366957,0.610858371324923,0.307422027534478,0.584260487908548,0.0486527928550811,unstable,1
5.88607536978123,1.27920113987591,4.05907481774186,0.611495630098064,4.62662433219524,-0.936411294445652,-1.92181216192956,-1.76840087582003,0.508197586537015,0.145196752551352,0.369051542418152,0.777278988588845,-0.0344812868936309,stable,1
9.02568041621699,6.49429118562702,9.45986343248439,0.589060384552204,3.95634941663119,-0.828556697877706,-1.68502066638739,-1.44277205236609,0.41680045215984,0.563013358191019,0.87097056675426,0.209310592356834,0.0423455142010437,unstable,1
6.02473438613783,3.34862694128762,7.16848807319029,4.05329444208235,4.36617014352836,-1.91521303204298,-1.29830956267224,-1.15264754881314,0.661398238562684,0.549524644326052,0.666804844853597,0.644241241202744,0.0624556787193671,unstable,1
7.61713344868899,9.18701291838875,3.1316066766361,3.27705898031879,5.51223834218936,-1.89537745136941,-1.89899673743466,-1.71786415338529,0.291949487884742,0.923087456528169,0.183579346970543,0.403435258616472,0.0247433505581343,unstable,1
3.99203338293508,6.16140004759034,5.70109479606784,5.33889668130612,4.84890696869876,-1.39384695181415,-1.84576701719667,-1.60929299968794,0.907195906148405,0.0502736388306005,0.877643300216747,0.0613891210487869,0.0349942790279701,unstable,1
3.99041599056431,2.23817966848552,8.86539336211386,2.44507529164167,4.28027216396456,-1.90610994072936,-1.6389347023754,-0.7352275208598,0.865638212332368,0.102074516259414,0.0753890176833724,0.410814104140252,-0.0317919891160533,stable,1
7.60042262634957,4.25096516974046,4.3542301462477,1.2642960926149,4.54220750390435,-1.66595187356344,-1.94431318576104,-0.931942444579874,0.988676627243397,0.618148092799581,0.410341855762438,0.857566366528469,0.0283050564241305,unstable,1
4.05728405025508,5.05622135221505,4.51758803053453,0.83368949873714,4.35806284457034,-1.27916441361313,-1.83661430815411,-1.2422841228031,0.87202416532848,0.198500214462951,0.664983475360483,0.791964891754629,0.0167148256844095,unstable,1
9.06397928558653,1.08666564830324,2.70764208472883,1.89040798530085,5.00084026072131,-1.6734592164233,-1.36410595116562,-1.96327509313239,0.705914985171698,0.418776068835442,0.903556152764994,0.87666583610107,-0.0185043911298827,stable,1
0.713541472736234,5.47151960035859,3.15173799622332,1.92280945142265,4.76546473635747,-0.963669829920528,-1.95016105361544,-1.8516338528215,0.750435318234595,0.769088214556091,0.985108560461768,0.864379822155715,0.0255526921873123,unstable,1
6.82120258670682,2.71901477974479,1.32997334849793,2.34244001875607,5.48695740619836,-1.9115983772981,-1.81268209445002,-1.76267693445024,0.455684717093592,0.534770867198829,0.779455229881427,0.841187809941669,-0.0130678430377948,stable,1
4.27864748524345,1.05648980821673,8.01700760412669,1.65065428388913,4.13617556347798,-0.95659532172184,-1.34708768912158,-1.83249255263456,0.236660175046562,0.241921259905073,0.842162646230946,0.882856892014956,-0.023352896657463,stable,1
9.67020432516063,8.60454101848858,7.10763167882814,5.56295601325392,4.78515226332473,-1.28910407633218,-1.63403083454198,-1.86201735245057,0.879845600200718,0.608886606487315,0.850750421959223,0.330674594492988,0.0789563130826947,unstable,1
5.05471311593601,9.36133439783071,8.33673461129814,1.08604901978135,5.17294299105768,-1.41299918504223,-1.80044960246618,-1.95949420354927,0.511913845290614,0.210430197400368,0.898123791872996,0.59711157317291,0.0165107612499195,unstable,1
1.36918704581711,6.8662606509589,7.60633654095771,1.13340551894583,4.7317724503786,-1.44935133578326,-1.97976378712605,-1.30265732746929,0.58667574170413,0.332800605434676,0.336458685905597,0.868922780635512,-0.0249362952303345,stable,1
9.1393028829833,8.23065631272394,1.02882557293599,3.46523293439921,4.66419643227094,-1.21561612127603,-1.88577743911102,-1.56280287188389,0.88353526299513,0.314255219321992,0.853179252798139,0.836651289533291,0.0009988833792689,unstable,1
5.73372638288204,5.00277709561187,2.58689001023324,0.882858942017297,4.22328454485631,-1.70047659441594,-1.4592010976228,-1.06360685281757,0.761014650124895,0.326819352206958,0.324329689667184,0.180914800157931,-0.0083117684586884,stable,1
7.69966925838264,5.99132872658684,0.710774534899194,4.60078007526962,4.66591953791153,-1.86770276995891,-0.822973656605813,-1.97524311134681,0.253683262207279,0.751539409014439,0.987932275610662,0.0720801402306114,-0.0385130139463002,stable,1
2.79196450675324,0.896380939764308,8.99141274088612,2.02374603944845,4.39997162469393,-1.77193790976605,-1.59886000785811,-1.02917370706977,0.803974091122053,0.878016698715396,0.395479477261676,0.0675031678918819,-0.0330856749167506,stable,1
5.68571262220004,8.75235207867906,1.6320748760547,1.99080798739305,4.29461911325563,-1.24555022234349,-1.07093639357984,-1.9781324973323,0.634846254255078,0.637311378716981,0.134188443753574,0.531099902382891,0.0051995178841685,unstable,1
5.53292596923036,1.27786837485572,2.23067495643269,1.54597013216356,4.03765186477174,-1.11322637000839,-0.969150598580041,-1.95527489618331,0.388897456154301,0.45248234662871,0.737473701117651,0.923670790932821,-0.0304669630189751,stable,1
4.73930366615632,4.63407737921118,4.81703783392787,3.79695477228186,4.54766475984994,-1.63571680288175,-1.52118680172447,-1.39076115524372,0.586053249320806,0.934553033482822,0.393986311309332,0.359015942397029,0.0604081135411341,unstable,1
6.83293833562017,8.10376872749842,9.65937297596841,1.10752565024379,4.74809609585405,-0.896782756931754,-1.97235780029088,-1.87895553863142,0.539332651011,0.731171484507243,0.466056818276041,0.603673566375073,0.0298336478287656,unstable,1
8.30456213730461,1.66196053789814,7.98118029059083,3.36664078174091,4.8451518712178,-1.92952636052113,-1.84768291422563,-1.06794259647104,0.148614899372108,0.513733966460753,0.0824659087119694,0.336119812978773,-0.0515111324153764,stable,1
3.79109883941655,3.14932109534141,4.7588261232386,1.02928915138986,3.95607886923248,-1.31843093506112,-1.10925925161438,-1.52838868255698,0.173263705623501,0.537225024040821,0.9753479595492,0.520703729436354,0.0097414005144307,unstable,1
6.93423370980053,5.29959278771556,9.49059560941743,4.38783095214067,4.86581117423839,-1.26207399062604,-1.67108664153697,-1.93265054207538,0.312285340058034,0.988954733346055,0.939640914236469,0.847110678980172,0.0807740285242248,unstable,1
4.23414134138587,4.56631214109911,0.878887026282935,3.11892787405112,4.91158768304018,-1.45116446555747,-1.78998308465444,-1.67044013282827,0.274544464468673,0.362669256819304,0.70259336161143,0.422814956185816,-0.0386615853567959,stable,1
6.10823822882167,9.14634906609079,0.551865816949913,5.50092326678097,4.47464314750386,-1.31081354197828,-1.90931356837712,-1.25451603714846,0.995522768489602,0.845358524647055,0.350687906438757,0.322522330069829,0.0464024181566192,unstable,1
7.80952660298416,6.21963228856035,5.0075186499989,3.87934261155569,5.19331358647537,-1.96422780167188,-1.50971408731098,-1.71937169749251,0.286619199093992,0.65234841677107,0.198073909047788,0.744126084500068,0.0327521438051174,unstable,1
7.83790814578192,7.42941720498123,8.19129510118614,5.65640823418013,4.6577736653347,-1.37636213539917,-1.30899631166325,-1.97241521827228,0.655749352735035,0.35320786765081,0.692144833008513,0.600399955201859,0.0687408191676288,unstable,1
3.21577168460276,1.74948059711406,5.60110919421879,3.7043208528838,4.39804893907672,-1.31775197100412,-1.77747450213793,-1.30282246593467,0.496739677166924,0.0715238996932726,0.590885817826143,0.105150572132309,-0.0337849742365775,stable,1
3.62772228437744,0.61471624825144,0.565436818417301,1.68978613184317,4.82473265969935,-1.38491698450848,-1.97203800025013,-1.46777767494074,0.393112696302897,0.51070303321119,0.274103810869907,0.16922313636831,-0.0392253058998081,stable,1
6.64687844908291,8.36914609958352,5.0330785308314,2.50813842271792,4.04825611892017,-1.42559439872581,-1.22255447878506,-1.4001072414093,0.213088990807793,0.855914097663623,0.409195822056787,0.811516126131371,0.0296867220142442,unstable,1
8.56744263877786,3.30241148927216,2.08139820927888,1.18908646952602,4.73427663038919,-1.3196366245444,-1.76914754434625,-1.64549246149854,0.0590353595711547,0.369076237319213,0.230781394725622,0.293969233948658,-0.0487540557496967,stable,1
7.29058780589737,4.05881965451328,3.71309764424168,4.6309903926568,4.83951211866572,-1.81838809451055,-1.36660242823891,-1.65452159591626,0.830743948041989,0.926366831461893,0.898920169386843,0.743171136794932,0.098724148008207,unstable,1
7.86925058471438,9.37287644952962,9.47519940652341,0.68850290014348,4.12836809838007,-1.51130696212905,-1.32395306155048,-1.29310807470054,0.803326837863127,0.689139093085056,0.951537228494519,0.590223300412253,0.0565606715820597,unstable,1
2.27218793695262,9.09125260415485,7.24900960892099,0.749195496940077,3.85381325176472,-1.07891720651974,-1.23340617383634,-1.54148987140864,0.966941097376028,0.369615965110929,0.72631373279706,0.547420723528053,-0.0153107734533098,stable,1
3.59981855502621,6.48910945362574,1.41002687008415,4.55120846681494,4.63664560461431,-1.29277283666981,-1.76659349926754,-1.57727926867696,0.53984916626474,0.523104897673951,0.826255032826286,0.146507324831955,-0.0211909239787996,stable,1
1.29526494149001,9.27771224813645,4.19629747193983,1.58852083902319,4.85749253996578,-1.86530348520114,-1.66290356466554,-1.3292854900991,0.523334403121783,0.559174589856144,0.958636486567416,0.673791712974428,-0.0247444317393943,stable,1
2.63303310062769,2.11749452920965,7.85358322099153,0.814383495786285,4.50238527873211,-1.66692907392401,-0.848443548156356,-1.98701265665174,0.947194775598229,0.614374452898228,0.31419477008823,0.902132501004444,-0.0426215042523386,stable,1
8.98763109952353,8.28576566363806,9.74613229117998,4.28836445534183,4.59256880007531,-1.88876951432161,-1.26790292645822,-1.43589635929548,0.161753636390711,0.999341765595559,0.863929984322379,0.816808181251095,0.0739371192097117,unstable,1
3.27421501450351,7.38862000893359,9.53042648261773,1.19059234642395,4.23494796342513,-0.651199183924391,-1.82470675375381,-1.75904202574693,0.489077873201456,0.617665005497754,0.223837285533993,0.171873257808401,-0.0103987060787187,stable,1
9.61440828059182,5.31740026683686,6.97920539106516,5.40969535925279,5.22921564190071,-1.83293875322664,-1.67726253294456,-1.71901435572951,0.232073278850385,0.559706837517531,0.574148757451648,0.609980943897876,0.0475501647769123,unstable,1
3.71248182887466,4.97495245762783,8.44413904397343,2.41244683086332,4.16297281085795,-0.725621265350888,-1.44295182816634,-1.99439971734072,0.741640750732621,0.327645992910612,0.807104271630136,0.996974629377826,0.0347392277664758,unstable,1
7.14786348757001,7.32650282048218,9.35208275123336,0.936554471234558,4.39843349748067,-1.43669929297824,-1.3260171038163,-1.63571710068613,0.146120135303022,0.652975062398474,0.589763245467065,0.668191376413621,0.0071494376412478,unstable,1
1.33038149686601,5.1868682632321,4.01239859356205,0.758440396124648,4.34046499651433,-1.13340737500077,-1.95700345693777,-1.25005416457579,0.967671422383321,0.406644173765837,0.67013651939396,0.0666744877700973,-0.0173198655433753,stable,1
6.70921645083023,3.93601433066668,5.87594132826311,3.31211443150423,4.34662068478554,-1.48283907142188,-0.9605761941212,-1.90320541924246,0.872806053260996,0.143455019906856,0.491080079818752,0.800742265679393,0.0511541026614368,unstable,1
0.919050057844573,7.81493107595064,5.20773275772965,4.13081518469745,4.79377349847156,-1.90640720319661,-1.06367084853981,-1.82369544673514,0.960608743927372,0.55024868205256,0.361881095770025,0.150623581566688,-0.0421519730950952,stable,1
2.16598054423471,3.97724593491096,6.41715696435075,0.630216804659972,4.63793093966396,-0.983369373459148,-1.78971465014388,-1.86484691606093,0.834296015489465,0.357786486371142,0.190426027060187,0.821065065711661,-0.0348947384460643,stable,1
8.70811207169622,6.69556062960997,2.55153172002514,5.30510830673518,4.84306785091316,-1.42080507719379,-1.8850988089346,-1.53716396478477,0.056574076589247,0.666815038472401,0.750438658820059,0.135534402862232,-0.0102644188509998,stable,1
7.77873015478395,2.97187442064382,5.60920886989911,2.0498873992786,5.3034843595621,-1.77786791020102,-1.96934992853538,-1.5562665208257,0.201069892961009,0.202010610306066,0.270801559158369,0.154110383218068,-0.0437477544227574,stable,1
3.3066601618,7.61054223019724,3.50524578055083,1.35699260132251,4.50334886919412,-1.31012076917632,-1.55223798392577,-1.64099011609203,0.155940531901155,0.358576951258545,0.823466614918482,0.751425853234332,-0.0357574264169038,stable,1
1.40337539195694,6.80612986611397,2.45919403675817,2.03654067972753,4.46117146811342,-1.32372227476503,-1.25280202498522,-1.88464716836317,0.0596500741432875,0.578982153321073,0.0900031452157279,0.904674136703886,-0.0151400182914745,stable,1
1.86169642180401,6.52517965618679,6.51190207535597,2.13175290913144,4.83035978157238,-1.81596892055944,-1.72760777308081,-1.28678308793213,0.421855424481069,0.604971238553656,0.590584412845027,0.34805449919548,0.0092994926610712,unstable,1
6.60833677466616,7.09049868869314,5.73938015064332,0.859093399322976,5.35969934983461,-1.90822272303764,-1.53120194146029,-1.92027468533668,0.786175737816443,0.639246493339696,0.0854523374854785,0.377045774367165,0.0211234557964798,unstable,1
1.88965656590903,5.04300086932107,7.87321289283603,3.31562672790481,5.29283505713028,-1.89299298935287,-1.74817448141002,-1.65166758636739,0.645117902283265,0.810830600001711,0.418799725253691,0.501181476837924,0.0210359005746318,unstable,1
4.79075611993588,4.76979401637487,5.98365001450169,3.85223363517692,4.64675528454735,-1.94929108216276,-0.771886858421599,-1.92557734396299,0.845139853410315,0.950445528091211,0.207973679142117,0.58326678120453,0.0765989641488516,unstable,1
4.38290928867116,9.45628723251589,0.796900929744949,3.47045196053187,4.25382967076443,-1.63611692894129,-1.68142345534734,-0.936289286475803,0.64060860905573,0.187267741416778,0.573013511480214,0.69075494116191,-0.03338434960677,stable,1
7.73292186611821,9.74622332103171,4.38044763630589,3.15320865558181,5.32419060444511,-1.60533760146204,-1.76473688221168,-1.95411612077139,0.915693368189706,0.249976366881622,0.207388828320259,0.405459920364065,0.0254860691351106,unstable,1
6.17998346090211,6.83835583866534,1.98881346122915,1.13812985251878,4.45637384727078,-1.28967223575992,-1.50677749790038,-1.65992411361048,0.604469851950029,0.833309788721417,0.315745859676279,0.384128922151035,0.0181320269239006,unstable,1
9.30686987277748,1.16250798350485,0.665624174734787,2.60266410526019,4.57160522079487,-1.70200217682854,-1.6944383593612,-1.17516468460513,0.467091408622894,0.333793563926998,0.913544772631668,0.900583652344928,-0.0235191640325213,stable,1
7.6731811730076,9.53073131216831,6.4626116893191,3.09071445887336,4.66125991878683,-1.6186205293523,-1.27709077267881,-1.76554861675572,0.485053251489166,0.577995969238498,0.666199002927995,0.62072587687827,0.0491084889884383,unstable,1
8.91437188641877,8.96855169951216,9.67799135117986,1.62966781920304,4.48128113311798,-1.77075341161572,-0.880754058077803,-1.82977366342446,0.268625140963712,0.139267912389515,0.71792331336152,0.562944126953759,0.004158594251132,unstable,1
8.90375301327755,7.09520257501443,5.62290625658061,1.92000040439819,5.67626223778627,-1.96391834278883,-1.93998416068754,-1.7723597343099,0.160153523076836,0.239547538058431,0.419559286309297,0.763621196110031,-0.0330058886521539,stable,1
6.162910950902,7.28743430028218,5.90256244307434,2.94731226344859,4.92962034350412,-1.22499829084472,-1.78564219083266,-1.91897986182674,0.624096461899872,0.807693889595902,0.241237550966989,0.230091308711737,0.0433269179189023,unstable,1
3.41081024486916,5.79091568285761,9.92606873845762,2.81301324918588,4.42816302393526,-1.26581675641115,-1.44528386826372,-1.71706239926039,0.41984079555191,0.874121589728708,0.719838941775381,0.878940734830173,0.0411277413134891,unstable,1
9.78865975293879,3.75158248421754,1.14369260335151,1.90699603381108,4.40036467998149,-1.60083705378996,-1.6742403700518,-1.12528725613973,0.933451876970746,0.397998231759721,0.369497187394761,0.904525550712978,-0.0278886845379556,stable,1
8.82345212467975,2.45125295978753,1.21137303067042,1.9011887679221,4.65772680199582,-0.804966455579386,-1.89313792497851,-1.95962242143792,0.604004334809518,0.555776252245971,0.0967252282929746,0.401838391021974,-0.027092936692695,stable,1
3.53556626516567,6.73322880131432,0.864587549296604,1.9733170980508,4.64463829796808,-1.54120117501684,-1.5371699240474,-1.56626719890384,0.63751812797802,0.468775469399902,0.145272425708125,0.959238283413931,-0.0189088322994472,stable,1
9.78577793440557,4.21258748652374,8.74273750977349,3.78224332243499,5.32964545779722,-1.97592866645473,-1.84528425360364,-1.50843253773885,0.412025928399496,0.806305390024759,0.568600796013634,0.701321053252759,0.0426167502431449,unstable,1
8.31881505522584,9.9433415228056,7.01009177383817,1.99232040454622,4.58846166953025,-1.7725678500651,-1.66679521760677,-1.14909860185838,0.269630353095584,0.302073796814057,0.440236878030937,0.21902500736975,-0.0019159678522238,stable,1
4.82385222387237,8.12965633369883,5.30963652676257,2.7846720663771,4.83297573740414,-1.72641943387812,-1.30327385213536,-1.80328245139066,0.734500678821739,0.102653496771624,0.486336167196538,0.968210610170088,0.0380526321862934,unstable,1
3.1252383429964,4.24632509641346,8.40358976570711,1.85312075823627,3.98420342428656,-1.50304411769152,-1.15856526889799,-1.32259403769705,0.982090162157745,0.0658901526157628,0.45270445746383,0.627446204362498,-0.0304115750336575,stable,1
1.65605651467397,6.78314594964359,1.75212243692557,4.54361241282227,5.21672250393254,-1.91949620520474,-1.39807788167964,-1.89914841704816,0.357283956539361,0.592031775293526,0.465545007138216,0.537834649459482,-0.0110632700000771,stable,1
5.51975387178032,1.36959273046033,7.86656430665361,3.01172240151908,5.17329432081127,-1.79912132921828,-1.45783930207166,-1.91633368952133,0.46684867789262,0.271090248909956,0.653150765352687,0.605050503331267,0.0095661324016331,unstable,1
9.5211341769992,8.73140350537301,1.93490276736874,2.42134533986109,5.19354873977884,-1.9763804746747,-1.93339277023559,-1.28377549486855,0.912184980524945,0.290194505103935,0.855434367647568,0.368697039254758,0.0012759192697819,unstable,1
5.6135810783026,2.10827139427165,7.35715456677849,1.6418399748208,4.36383608844127,-1.61072581672296,-1.77780141367811,-0.975308858040196,0.21891774736535,0.238498769201876,0.354729859800584,0.226179761323519,-0.0423310731888012,stable,1
0.638935913126275,5.86431753819109,7.20180819834297,2.58954471457622,4.82814391483554,-1.93077376858139,-1.83750567436724,-1.05986447188691,0.651262512143935,0.920060141919929,0.437166743824419,0.618612059468632,0.0086217164297058,unstable,1
7.92120563296897,2.84931452179007,7.06933560874903,3.10447639447695,4.65689393837418,-1.98893212845169,-0.831011054548796,-1.83695075537369,0.243201360581225,0.160293462502033,0.913932883997543,0.0935093381395377,0.0121252271511862,unstable,1
5.25618261441282,4.68354808095212,4.9746082348696,1.18835096373125,4.39671966105136,-1.57543583760575,-1.87595122587272,-0.945332597572892,0.715953275304351,0.503896294000716,0.356438901970799,0.513326146554913,0.0183822434117164,unstable,1
9.30840622359825,5.46565503695782,2.98350202607805,1.23615662435391,4.92276375350386,-1.73258457431018,-1.62513014386654,-1.56504903532714,0.590280755540555,0.233538830494469,0.146421617535187,0.95288220197399,-0.0253774573301119,stable,1
2.31143478444576,1.88863568015423,0.797812330575683,1.64011756975215,4.98854350679841,-1.77677246986381,-1.23327774427282,-1.97849329266178,0.0505288401920081,0.219931742350439,0.629426856678228,0.109115287718537,-0.0481070914804518,stable,1
8.41775904887777,5.25440035834366,9.08302322984443,2.06803122266985,4.04653388425192,-1.77266007334174,-0.767420232826576,-1.5064535780836,0.859039294193878,0.506636624158421,0.845768191048555,0.440919583150104,0.0580127361377811,unstable,1
6.17392973523103,4.08290858154278,4.96351543509278,2.27755080691632,5.31563952874458,-1.57269776034624,-1.86079918073937,-1.88214258765897,0.572681546264236,0.530095766618262,0.957124642653527,0.145113380793155,0.0517822893264641,unstable,1
5.74072355167287,9.26460084237587,3.07090939684775,2.20984095132265,3.89703443641002,-1.19294457293312,-1.36132828289948,-1.34276158057742,0.477557163436466,0.28928621274604,0.693287177110664,0.579633725960746,-0.0129525506070472,stable,1
1.07687512796621,4.84379601203607,2.99987039004252,2.83863170833015,4.62741157705832,-1.9546342340561,-1.33054722848338,-1.34223011451884,0.85334511594586,0.119903228342369,0.969871715505897,0.286751478117856,-0.0306614590911395,stable,1
2.44471433837882,3.11750461871076,6.73734936040408,2.65287328274943,4.61329664615463,-1.43607666367751,-1.49664508336153,-1.68057489911559,0.25522049983711,0.520056022588081,0.752986316397352,0.76150530667432,0.0165669030036512,unstable,1
3.16912989644044,1.76310698421574,4.88653481138354,4.12775321139846,4.67021490780674,-1.8313669423118,-1.73122892989167,-1.10761903560327,0.0512535186033277,0.64082835880027,0.652323510725825,0.919405296099741,0.0282428610341222,unstable,1
8.13607671463149,4.42477817877197,9.73466124865895,5.18921906566332,5.37239917412671,-1.63059811073424,-1.86985171926928,-1.87194934412319,0.675492153002928,0.470411077036445,0.937259622461696,0.140448907877841,0.0556365650557585,unstable,1
6.20468180236975,2.28036133214518,7.68308983219247,3.1746283075367,4.61692565614663,-1.93137866266035,-0.829836624263239,-1.85571036922304,0.537911245154699,0.180530067362901,0.627198541535386,0.109764143867911,0.0095257332470731,unstable,1
4.41929841314409,2.18097148859395,7.15822747068858,3.53606235221324,4.54188822477101,-1.21119683424928,-1.851850215115,-1.47884117540673,0.154351542760686,0.393548430774891,0.821796950141717,0.0732436228737584,-0.0093828415389803,stable,1
3.96815504491905,9.84920692412284,9.69167526088422,2.58387588354426,4.66271691696695,-1.9067650810098,-1.84021378193187,-0.915738054025278,0.933516182801011,0.213373313411804,0.952771658567839,0.11548433259236,0.0329617373717953,unstable,1
3.20233509781682,0.807325747365272,8.56400150177442,3.34953783847097,4.58222309014733,-1.59191040580864,-1.31684463843707,-1.67346804590162,0.752461401340566,0.514991384421724,0.227431491184194,0.303613382963738,-0.0439661787107987,stable,1
7.34092437011339,8.80552752699072,2.57569184749364,1.55674920542585,4.53158576588893,-1.66047640275145,-1.94382169224016,-0.92728767089732,0.705176174194199,0.840544510980267,0.103255594449752,0.582844661351411,0.0266263812800338,unstable,1
3.27598808269262,2.45468998937819,0.933738878888742,0.82344882090016,3.79564248298269,-1.31493634466216,-1.19111764661212,-1.28958849170841,0.973568977361147,0.692896297795594,0.557791491425072,0.790779470414207,-0.0003010120373381,stable,1
4.48526416289806,7.88516636629528,5.97023028115485,4.39767654544569,4.91296586550828,-1.11742584959974,-1.87854584061217,-1.91699417529637,0.921201992185958,0.583311061082085,0.364539378839845,0.567955858729722,0.06282096408229,unstable,1
7.86281939541473,3.68938728708159,3.46434251171469,4.98299260851358,4.22445008951199,-1.59045406460275,-1.01494356173899,-1.61905246317025,0.58404417397636,0.982181057542312,0.925827910311256,0.364532535491713,0.0645079293100675,unstable,1
5.94544431643379,3.70582404572353,1.82645579519595,0.855048065664852,5.23586861540229,-1.95599075179938,-1.82692689479425,-1.45295096880866,0.290653796991103,0.459112795835423,0.548633909701256,0.829848533722921,-0.0461261777358138,stable,1
9.92708031559164,3.85367992151345,6.59816700884377,3.5817206208357,4.31357576031582,-1.55901122257179,-0.919779628021317,-1.83478490972271,0.864395109280461,0.79857638694289,0.334188926285681,0.231614423325096,0.0327938460051145,unstable,1
7.90451980584387,8.71064405542988,3.06926505863725,0.67775970095637,4.1259270497784,-1.4942737802928,-0.957451295344392,-1.67420197414121,0.72799708534288,0.0696125475935999,0.985740717136697,0.747677075630976,-0.0212671870443973,stable,1
9.24689987081592,0.762513304170291,6.09006706570974,2.5658249738775,4.4054366820009,-1.50141354954736,-1.3831201298343,-1.52090300261924,0.833607010417123,0.216627255373826,0.603170839088878,0.992001546600413,0.0167387921894037,unstable,1
3.85329540862748,6.33620027979688,5.01658993384414,4.40632687810203,4.70931291196119,-1.0315076166932,-1.86426340629795,-1.81354188897004,0.227695612410322,0.886832891198301,0.376258379600821,0.948523065868794,0.0680653677609215,unstable,1
4.10682478016657,5.4828531710749,6.82900903623045,0.912511173243821,4.03391320230758,-0.962031379593222,-1.15336929798548,-1.91851252472888,0.622111978672274,0.467005698236667,0.632805957341517,0.317220534647702,0.0222075357355762,unstable,1
3.29842299101378,1.39294350471899,9.41161743506122,3.54761531449816,4.56889335936078,-1.80177139712955,-1.71786644516609,-1.04925551706514,0.9184915901452,0.778548805483251,0.0761002856459981,0.89848955809601,0.0248283689107363,unstable,1
1.3938234946614,9.54074616466851,1.18890156371236,2.49486047747405,4.75638781254769,-0.914994427111826,-1.97923116123999,-1.86216222419587,0.712587903394048,0.164494853018834,0.293886313225672,0.37255010625353,-0.024415431115517,stable,1
9.06464216637007,2.6625664416473,6.78564395535373,0.878797176589689,4.14377616832639,-1.25477687065375,-1.3194335631804,-1.56956573449224,0.246974394225387,0.259688053026585,0.781817337261459,0.3573054051809,-0.0128168860409445,stable,1
2.35697303348408,2.79424996295281,3.00917134539861,3.0511314228597,5.20926766397733,-1.86916003315051,-1.939258459511,-1.40084917131582,0.0791120194955275,0.200138212756113,0.70585660936971,0.998095355578845,0.0046644625189286,unstable,1
7.00411106199405,3.06292258327939,5.17916973742471,2.34132546680117,4.93055899753491,-1.15688472475898,-1.77829293081847,-1.99538134195746,0.864940556826139,0.443869581073795,0.506087267946178,0.181157553459359,0.0302251701766029,unstable,1
6.58724153060527,8.25599894656048,8.10996045621075,4.45790424460882,4.33293690366556,-1.07377948946002,-1.37138763412893,-1.88776978007661,0.166933313014107,0.612513837017617,0.79224663326983,0.836127350157225,0.0637203851878379,unstable,1
7.8709505146811,3.84116467479116,4.70754339720022,0.626610613300861,4.84171110648788,-1.09569986270169,-1.79349644555347,-1.95251479823272,0.646627326217914,0.262344435709234,0.115681612523871,0.735590407097931,-0.0237610216606249,stable,1
8.88346036256475,8.85358136878381,5.20392914878577,3.04748062487133,5.08315033914376,-1.17382897394905,-1.95854740131638,-1.95077396387833,0.969344425950445,0.51466732018678,0.169982489013673,0.956304180691459,0.04688333319201,unstable,1
7.5746235114807,5.84701477039274,3.52343393207765,5.34092061774641,4.40098154835559,-0.827114802624262,-1.73246760415555,-1.84139914157578,0.76876175834697,0.598393698531353,0.769826072721678,0.759215012997193,0.081173365398274,unstable,1
3.31901124693874,1.83727976101203,4.74442869535342,1.34315319342727,4.35096480823673,-0.853782871761057,-1.59205398249703,-1.90512795397864,0.846630464616499,0.409591878170473,0.111048151976215,0.650252564353939,-0.0224320339840649,stable,1
3.82106148993735,5.0017092182967,9.03463756764505,1.10135203001638,4.44277834181129,-1.07769129092568,-1.52326940298229,-1.84181764790332,0.788705447538697,0.499644922926751,0.905862853214139,0.0841939598941756,0.0360217672750786,unstable,1
3.02348149550962,9.81594825691421,5.7584658292494,3.84038447005408,5.0199423021893,-1.40570149223633,-1.86782285088683,-1.74641795906614,0.135754901334104,0.932461367466572,0.750413163149009,0.808024533347439,0.0518130419728967,unstable,1
6.51342740177101,6.25437410625876,8.27366400800226,3.82649413754861,5.15346482383259,-1.60769584646489,-1.79769543819861,-1.74807353916909,0.21925615847457,0.607791190928563,0.419700329674043,0.0995469433971692,0.0147764920964112,unstable,1
5.86609582056911,6.73180898386213,5.52700488795168,3.33184339942907,4.49628120683668,-1.39107462283433,-1.69427574011027,-1.41093084389208,0.396113748545232,0.232042168541095,0.150635004743336,0.512657531249255,-0.0147713476108743,stable,1
3.65356418188645,4.33310465422124,4.6565187543811,0.877622884620773,4.87120910226486,-1.84206175434808,-1.74606782772533,-1.28307952019145,0.703867923565229,0.180876319500774,0.0790644093419565,0.306749733226737,-0.0270090158585403,stable,1
9.65555685284665,5.79665787714401,3.79659434324184,1.38945490891928,3.96524486385082,-0.966976419160538,-1.34966192695975,-1.64860651773053,0.0847875447883154,0.595080116915099,0.771119877998226,0.172236806551095,-0.0068669752304284,stable,1
0.881874196554697,8.86633947073802,5.64354896252097,2.3471472342064,4.01927840910607,-0.951482489327143,-1.3287206338522,-1.73907528592673,0.544735989664021,0.808177727159362,0.849621392762046,0.673192167465959,0.0160247085543885,unstable,1
7.57751489012805,6.88193481302753,9.72365734940579,4.245830701398,5.30563762330563,-1.83655818130665,-1.91104327669218,-1.5580361653068,0.0598121545752964,0.452373093785266,0.434792862864482,0.767470111437864,0.0214886063564981,unstable,1
3.28699666382474,7.99144392002992,5.36245085932474,1.53366096454569,4.46991606154003,-1.54583724606214,-1.34442352950098,-1.57965528597691,0.905508171460024,0.862890180457614,0.44645953350421,0.456802175338671,0.0327750875792663,unstable,1
4.70100825555697,8.03282356450484,1.6774486393513,3.82425445852235,4.24910778612873,-1.44999314859577,-1.70137968518119,-1.09773495235177,0.818405009099502,0.830944012373788,0.614487123211651,0.800150275851247,0.0539431986338679,unstable,1
6.08503156566946,9.18956513978389,7.62319920727644,2.32103561191298,4.63930711942002,-1.48347708335378,-1.83613543362815,-1.31969460243809,0.522033664431927,0.187612071981035,0.176452213171992,0.894068929632232,-0.0122082337041081,stable,1
5.68482655249159,5.12091022051986,0.876694444075646,1.74409373183602,4.7265860843591,-1.3621683104404,-1.58929878127537,-1.77511899264333,0.581543167751257,0.714759026257917,0.445809524569676,0.970896816824274,0.0068794295965463,unstable,1
2.68551567706026,4.34458671086137,4.98059505518016,0.767961174184748,4.72049870019867,-1.94196666648434,-1.17480965086269,-1.60372238285164,0.151363037764881,0.511927086056226,0.0829008376498695,0.763654324238047,-0.0331009111535659,stable,1
9.90395614511673,1.54546973760513,6.86842899940866,3.01854829938472,4.45682610309594,-0.868678224834031,-1.78796595688184,-1.80018192138007,0.527617165343323,0.283701768841848,0.103069152442679,0.923243583760728,-0.0339893829114669,stable,1
9.78365909707516,3.51173498199488,7.9848286261432,2.81983320628314,4.28557911085653,-1.12916992694852,-1.35124417597166,-1.80516500793635,0.366246153096255,0.214856288684992,0.788899089887753,0.538894976440316,0.0194549572906617,unstable,1
7.86089719005845,2.50123973529671,7.44069744104746,3.48873595055905,4.33745265318121,-1.03216027891521,-1.58767973471635,-1.71761263954965,0.743047099068183,0.791648790278836,0.368881947351132,0.934097412801463,0.0415192893937458,unstable,1
2.19168960177104,3.37802439856469,2.93309642618472,3.12607782874602,5.20879398232802,-1.77529635866213,-1.87108740274525,-1.56241022092064,0.786542457294211,0.670881701477278,0.199303924520062,0.693757448419045,0.0277333946753572,unstable,1
8.71601406463004,7.02481980952335,2.07196462787095,3.39072731263895,4.9147531522637,-1.91200994601927,-1.57112179456593,-1.4316214116785,0.325266771799409,0.71994764984838,0.864950625841396,0.419247343913836,0.0102918348726192,unstable,1
1.83349020392286,7.41508078242061,3.7848027225223,0.806995948549616,4.87812452734576,-1.41380237354913,-1.71698891930267,-1.74733323449396,0.392591389729677,0.902210497059914,0.260153504488306,0.532019502368176,-0.0218298928826439,stable,1
2.75110159258627,0.765665098232322,3.20364537716268,4.28497773884186,4.95609539243336,-1.68610553900471,-1.3725595573007,-1.89743029612795,0.569688063297038,0.672459168003898,0.865784415664966,0.29003593900179,-0.0070391358664387,stable,1
6.09009705110259,4.92136730508419,1.2883961445348,2.86515556915656,4.22848535357262,-1.41958818572209,-1.01631809896256,-1.79257906888797,0.232344270001623,0.826788102649171,0.634662142985489,0.545968818048679,0.0044196908703277,unstable,1
2.16042473189051,9.889408184406,2.16207851095593,1.55558288111474,5.41459247749862,-1.7377794346464,-1.82139081556266,-1.85542222728956,0.433182087759192,0.820740881367424,0.458526062698539,0.341326481940228,-0.0319012581641176,stable,1
7.99060507982979,8.79108214680827,5.29080086982957,3.3686594921547,4.79600209794697,-1.92432591071232,-1.49854198778475,-1.3731341994499,0.903777282960401,0.589510765797064,0.19314593783319,0.458266718941758,0.0487671194803034,unstable,1
4.59199978876192,6.66156814259426,2.60834571618383,4.59691904853064,4.7869675794652,-1.67261344997754,-1.23908932402838,-1.87526480545928,0.638427931102669,0.326111906194612,0.581141727006324,0.862322389083203,0.0526238123809454,unstable,1
8.29003775348765,7.42565310299681,4.20524208125914,1.70854574992356,4.16984048096461,-1.17409621052296,-1.89093817392609,-1.10480609651556,0.320662162629815,0.817787381785085,0.992567989347983,0.634545443301165,0.0430297107308265,unstable,1
9.88989856793308,0.981030314436229,5.59047141220835,1.78271382068394,4.43726568077788,-1.94313503524673,-0.559109208374645,-1.93502143715651,0.237705306219845,0.656301488943912,0.4913248916623,0.112216825019406,-0.0473608094292218,stable,1
7.50194073092478,3.3814209713552,3.65896674152929,1.3163295761765,4.02148934634337,-1.30034030547949,-1.19018100950653,-1.53096803135735,0.367312155008008,0.507575851836904,0.402819924418345,0.634665241701411,-0.0395794322301023,stable,1
3.83425670783974,5.0768303881333,3.60130042345701,1.78996264552593,4.54047626758361,-1.87867284541249,-0.931251221034757,-1.73055220113636,0.570596657135293,0.495454934967459,0.778996975208396,0.980935877783373,0.0511234291874794,unstable,1
4.92762099676906,5.76030211986717,6.29834831732702,3.34173929991947,4.92758229204293,-1.95718500441419,-1.1005478975159,-1.86984939011284,0.120890410813713,0.388038249669051,0.311166569436068,0.643382932798505,-0.0038366937830416,stable,1
1.99384880980686,2.76351780133977,9.83591511675054,3.87458533516097,4.97004357281802,-1.97573602855644,-1.00064012462446,-1.99366741963712,0.819895651266368,0.325497773349599,0.848493179391334,0.59695891950566,-0.0121510789911024,stable,1
3.13571108221471,1.34819399299034,2.5341898324321,2.84331563326246,5.02091185848681,-1.68099666359513,-1.48433677727347,-1.85557841761821,0.814321280234463,0.751838399805897,0.109208951886734,0.113300064019143,-0.0467725395501159,stable,1
4.21207199512254,8.1124852087404,8.03677800781056,2.33490968207031,4.94853964920429,-1.83928177594708,-1.2184006254355,-1.89085724782171,0.325524452724487,0.907215142372864,0.402490351798572,0.151076134939918,0.0331544409802037,unstable,1
7.57131667113993,7.55109825958514,8.32347750367419,2.09705440579256,3.87408764124349,-1.06577573445804,-1.32643284369066,-1.48187906309479,0.955515595622321,0.767153213509273,0.736561666658015,0.860922326855416,0.0732975381628297,unstable,1
9.15565298820246,2.40718484880411,8.56710577572456,3.10589202137513,4.75104419485624,-1.38721966024043,-1.4979293843751,-1.86589515024071,0.80199057803003,0.362785437465019,0.436402551114738,0.917753417410364,0.0254971839535558,unstable,1
3.3934522561649,3.75089787464736,2.64554976233189,2.45104647247109,4.12429681820238,-0.933210908895056,-1.41128117250692,-1.7798047368004,0.4556236677601,0.152538818480622,0.65351012451891,0.83148652779188,0.004679009468307,unstable,1
1.93476171681666,6.87488227498765,9.61870277746597,1.00992777938439,4.64875816466004,-1.93302088604503,-0.934665945454117,-1.78107133316089,0.877117115981241,0.368975185963534,0.701277258665022,0.859605819184293,-0.0268840605449262,stable,1
8.00104761389303,9.52987199842111,4.61774603762426,1.12046149072222,4.23377219002337,-1.13266710049015,-1.8784202142825,-1.22268487525072,0.176279125718018,0.454667243840736,0.921690768703184,0.92855071241922,-0.0095881060986914,stable,1
7.96418841952566,4.15932261823177,7.05606829610911,0.89084801191322,4.27903996979644,-1.94160091338466,-0.818208658029942,-1.51923039838184,0.0810813357817486,0.62848093220152,0.367654988138326,0.725128312595519,-0.0312423465880679,stable,1
7.62299578843028,4.47636125034536,0.532908864990005,4.00814572851848,4.70715214424583,-1.11170695516492,-1.82321886926106,-1.77222631981985,0.101577052955825,0.239838625832057,0.45193002268845,0.080967802252624,-0.0395911073507217,stable,1
4.78963344703845,1.79571577266589,3.03065397849403,0.857397771626036,4.60830486950514,-1.34291155074029,-1.705116828813,-1.56027648995185,0.45665214461182,0.297959733389867,0.382580133899061,0.85481374773516,-0.0421442389686875,stable,1
5.03948500722527,7.35146139877796,1.94855437654979,1.71060821415872,4.30988903813161,-0.96917430832244,-1.63951124080052,-1.70120348900865,0.77672081328615,0.199770618283395,0.451355820274805,0.789820238874608,-0.0152397421890293,stable,1
7.71488815100662,4.49342899078538,5.55430526515489,4.97940548456297,5.21101663187344,-1.97057035495269,-1.30910948128829,-1.93133679563246,0.612088620426714,0.0617176602823217,0.471146760527026,0.6047432560261,0.0345357615872361,unstable,1
5.56092608402224,1.75033778576762,5.92247381906332,1.88665637040483,4.8967831808214,-1.2984827224024,-1.69597734177286,-1.90232311664614,0.695806860517642,0.30330316265119,0.293326679075501,0.172526859009757,-0.0194339239107899,stable,1
0.834481435694173,2.34726900980868,6.11727894822508,0.696770435033471,4.6527295218332,-1.58556787773246,-1.06906402862504,-1.9980976154757,0.093722650448865,0.600661886799778,0.51607466207574,0.558558767434435,-0.037411029061515,stable,1
3.88092863856393,6.58375477566277,2.40464504710657,2.49921212237951,4.43638359811775,-1.8026478634359,-1.9173787283171,-0.716357006364746,0.645521786320217,0.791238405605709,0.85210262649157,0.153506572711624,0.031253066975992,unstable,1
8.49896188092081,3.55530400734094,4.90943819599773,1.388073340753,4.74212265036263,-1.92656891870887,-1.87073983481489,-0.944813896838867,0.184560152405656,0.177530798153222,0.0614437568997894,0.523687070100446,-0.0546251464703871,stable,1
2.07314586291056,4.1803805328491,3.80539712033471,0.697784336304781,4.31073130348358,-1.5912612120042,-1.51903856625616,-1.20043152522322,0.744039115427692,0.103568352800166,0.199678554624058,0.220255472174742,-0.0473757355070655,stable,1
7.08413496477099,8.57803306540501,7.76375611568267,2.61858506646699,4.2615605802432,-1.2941332442065,-1.59617637305505,-1.37125096298165,0.603369452368238,0.684889164904749,0.745612941960586,0.81487329838708,0.063014162544755,unstable,1
3.14176476719761,3.23237396175908,6.38723060681872,2.47849770694845,4.52777517239619,-1.68573273809504,-1.26690898059825,-1.5751334537029,0.335454849825317,0.846821902061319,0.0751893056753254,0.256761606241341,-0.0399678433228044,stable,1
8.78104606391203,3.43473136470317,4.04460055595331,2.00304241550058,4.13227489371324,-1.44522636496925,-1.02251420324817,-1.66453432549582,0.532990823804698,0.472974450246845,0.552336164612708,0.272063428845828,-0.0087179885379788,stable,1
3.80952542262952,9.23076700863122,8.02055131351822,0.859204849514947,4.01923180304022,-0.778850906291255,-1.4278722817577,-1.81250861499126,0.400250829022141,0.391324116228678,0.693973393320757,0.959810943489948,-0.0132267846902437,stable,1
6.66671487652921,9.31395427958594,8.07744727221015,1.97833624384373,3.84635347253237,-1.0289892797283,-1.37130044348211,-1.44606374932196,0.167310842172033,0.232778947667255,0.710994868577369,0.479431327639314,0.0043370932910423,unstable,1
4.1959390086174,6.41992399284944,5.17512417138155,4.6150004327909,4.24585733604406,-1.11125372008833,-1.44858740560351,-1.68601621035222,0.80351022580307,0.24315855852247,0.139951306017035,0.259516312681386,0.000425350738181,unstable,1
5.78855617346079,9.39022524794751,1.28854486956096,5.10000137712769,5.08129462001652,-1.9589096024055,-1.18831474306239,-1.93407027454863,0.431926059819807,0.726519241979129,0.139518545728287,0.145816146610258,0.0098759483996624,unstable,1
2.70457834306204,7.34146686455271,6.53784461022525,0.952092424521688,4.4149251107813,-1.98728782716772,-1.67450192082676,-0.753135362786823,0.804386812429941,0.134858612505508,0.58827579621718,0.872842274328159,-0.0332973377960847,stable,1
1.44987474253362,4.89470599857836,2.69186162259171,4.42033772927832,4.8307758807602,-1.92145465614102,-1.67526732920853,-1.23405389541065,0.623020059504323,0.839759605809759,0.579453278979519,0.0730827784727153,-0.0053763964985952,stable,1
7.11505433966307,1.97786173716623,2.39208816926925,3.60406839694327,4.2521436880871,-1.05974957613562,-1.26029471002117,-1.93209940193031,0.966202283797964,0.175565126705696,0.819634419312701,0.852768208174673,0.0389967190076972,unstable,1
2.08299399607043,6.11584510796053,3.35277813269596,4.19978261183995,5.05660694315953,-1.74524804185423,-1.33982994034076,-1.97152896096454,0.287128978524206,0.418349348578841,0.699319677876929,0.394395188034649,0.0016279391300256,unstable,1
3.46089387875714,6.46968778694094,9.27535710488485,1.15642590108975,4.65522964575762,-0.952371539335651,-1.80648575085929,-1.89637235556268,0.323863163782782,0.996191492830078,0.136309305275942,0.533687770960805,0.0004824068445994,unstable,1
8.93610846418055,4.1533501031757,7.18562251855213,2.73770592386691,4.91525509332373,-1.45377124563151,-1.76451788973283,-1.69696595795939,0.90932319336571,0.607148746920631,0.575381971373395,0.19786566008257,0.0492780354379663,unstable,1
3.85027929721304,5.17984180688857,3.27399559261585,4.77526901198812,4.6148073724202,-0.764867908821581,-1.86392150559933,-1.98601795799929,0.342833882040869,0.58536515660157,0.837666772283302,0.736668857357695,0.0648867373451546,unstable,1
8.87562104383042,6.35383140716674,6.36249127807509,2.24150335307189,4.20805488594639,-1.2913435414521,-1.80170011281588,-1.11501123167841,0.954816079694586,0.317634408676717,0.12708362140627,0.373055493284223,0.0241650265457655,unstable,1
3.47711834260259,4.93099497107925,6.98613762043956,1.09553712737757,4.90977994023788,-1.82393142356165,-1.44345686942424,-1.64239164725199,0.711373319267218,0.0918095167321689,0.926953712442995,0.645927737222435,0.0087009301252929,unstable,1
5.1461123428727,9.54980559607089,5.6726840828724,2.97386108530012,4.44643643305792,-1.82255427681493,-1.80295674337579,-0.820925412867195,0.441668944437782,0.907322994833161,0.332926756090187,0.0979418186881021,0.0322790435563011,unstable,1
0.624852206412808,2.75370627222648,6.26379599503605,0.909129004473158,4.3080917271857,-1.57617922835471,-0.962934137615887,-1.7689783612151,0.63101663270489,0.65956996738,0.343167716281482,0.687779090260181,-0.0500624277332965,stable,1
5.00930227100572,3.52362620390168,1.71379903761743,0.595821435488539,4.11118030517595,-1.22223390894228,-1.62797211951758,-1.26097427671609,0.194411491504597,0.972196896951642,0.847491871057876,0.161972138949232,-0.0177983619958096,stable,1
6.41696601062847,3.94745295638306,0.693989289148583,1.92917410334881,4.64337984138775,-1.77815786318539,-1.76219557876465,-1.10302639943771,0.882721846737689,0.257834606585207,0.655624219660718,0.213725838902626,-0.0271495011696128,stable,1
4.49413104369828,7.58625825499324,3.33377520426073,3.43389343221758,4.72177253858987,-1.9891377996232,-1.44510241384616,-1.28753232512051,0.107174192697057,0.968260989529274,0.735740337625827,0.296881170897819,0.030692139096867,unstable,1
7.11437261105297,3.50944323882195,1.98050964876926,1.647374956319,3.80003439933532,-1.35491501597587,-1.22178739357583,-1.22333198978362,0.858609501241179,0.111502191413577,0.0677334813724703,0.727284050067995,-0.0219873633333084,stable,1
1.84108607160595,2.7984615279935,3.46860896937218,1.21688875797697,4.71203055957849,-1.53058278530864,-1.54189648051775,-1.6395512937521,0.642984437653167,0.902823068431012,0.319891052777785,0.619503218946307,-0.0036356516489766,stable,1
5.39067897589541,6.55337502457569,2.11335897951536,2.57784802705544,4.63285121470706,-1.87070118702393,-1.21599055906951,-1.54615946861362,0.109117001747511,0.183176065913202,0.137462150210766,0.175036200608327,-0.0398886056447148,stable,1
5.45040217157305,5.75573994761464,9.94208922583031,0.997350364708959,4.98418088048656,-1.28987193560724,-1.9213071097514,-1.77300183512792,0.348850875222383,0.245293399611302,0.698070781110154,0.846503241399084,-0.0172885410192657,stable,1
3.79409074680306,4.96076791002162,9.41486197850024,1.06796447396404,4.33686446913807,-1.56183447902685,-1.1811077887518,-1.59392220135942,0.392875097110441,0.952499182677102,0.705501348658803,0.639636326078776,0.015169625908692,unstable,1
1.59504884433929,8.54453624483737,3.17970360657817,0.687031278029969,4.23499373948459,-1.20197889450964,-1.68092984813654,-1.35208499683841,0.915565593080397,0.72794820117639,0.676623065713401,0.437558107695068,-0.0379340725753939,stable,1
5.93108351712551,7.61792689667599,9.80130089490503,3.42400197902822,4.21167290728052,-1.22058306368651,-1.42110437334611,-1.5699854702479,0.433900186410877,0.32042150244086,0.197154691977153,0.353674143939203,-0.0036380170961623,stable,1
5.59022174962473,2.13986647607567,4.16793071669212,2.47492317291419,4.34035084085165,-1.05017115647078,-1.66757506038402,-1.62260462399685,0.725843686828426,0.156275799276606,0.518277971590792,0.77895997499604,0.023382971581298,unstable,1
5.14433564932195,5.78198344311025,6.51397498439179,5.12665379437049,4.88534830425151,-1.95738748126143,-1.38756570129517,-1.54039512169491,0.0995675347354147,0.495206199369905,0.869165228688357,0.498680609928672,0.0514992484708131,unstable,1
3.47937427197106,5.92541273517241,7.01222110006905,4.54507903732618,4.66183118367809,-1.73655312046532,-1.40799436999252,-1.51728369322025,0.983135769408075,0.0900819172594685,0.298985618656625,0.785846794127492,0.0391353992744816,unstable,1
4.24519785751606,3.22530895663227,3.43896447052328,2.29293023343264,4.99806879374958,-1.62975438255094,-1.68381120658841,-1.68450320461023,0.299434720894493,0.873296571313611,0.940682961679591,0.944350328161115,0.0798197853351253,unstable,1
6.46724552479332,2.84385454834261,5.90133461524294,1.65019238889231,5.59137285982058,-1.97076885574302,-1.71107937332576,-1.9095246307518,0.228723573107938,0.442605347007647,0.852408250117741,0.331284512821485,0.006023648324282,unstable,1
4.11953532876483,0.660705657531973,3.28475231996303,0.870113491497212,4.86492020275018,-1.78323322284244,-1.50409621123102,-1.57759076867672,0.578744785054296,0.913391642845499,0.81014798997433,0.648929384848459,-0.0265593133124016,stable,1
9.09014899931578,6.73201661845177,4.28123288322673,2.35508398833335,4.82065121833995,-1.95981859721746,-0.932313689236285,-1.9285189318862,0.768299397225491,0.520695842038213,0.88148293436269,0.716437359851819,0.0482091102368125,unstable,1
8.84878359000675,2.03707899395851,1.5448446377358,1.24928013540461,3.84469349791456,-1.47213934646668,-1.1040928952904,-1.26846125615748,0.833047053505589,0.153333875492774,0.168420622454203,0.133492630193632,-0.0182418577875815,stable,1
5.25499503664605,8.85188459203996,6.3071948043611,1.67847154935254,4.62243147884676,-1.79568326171732,-1.33484677188526,-1.49190144524418,0.791313640912598,0.173196472456607,0.7780474148193,0.262857342378922,0.0353035452760106,unstable,1
4.56684392577311,5.97482778395985,5.233165602684,4.38652426656755,4.36920291895626,-1.31881362319228,-1.44412159430626,-1.60626770145772,0.79626505619536,0.716845178213316,0.543721627100872,0.160800529453411,0.0604449011352854,unstable,1
5.50774277499019,5.83890873458761,7.34572901327754,2.20526219146163,4.00353273645012,-1.45673457650648,-1.16132075517816,-1.38547740476548,0.463770684530049,0.906956233664188,0.273689358483765,0.240466987287123,0.0351684667119121,unstable,1
9.69230095186906,2.81219850708932,4.6100074043752,1.16203528232196,5.46181343444011,-1.77723288564633,-1.8672990089306,-1.81728153986318,0.737234531003496,0.968385316180207,0.0735121339255176,0.489589931941181,-0.0328319836963564,stable,1
3.78499289416788,5.11408205182793,8.52518662584473,0.930767793249839,4.67670609400975,-1.98931165557645,-0.739328219184745,-1.94806621924856,0.857440044325519,0.936840213371515,0.496843467536789,0.296535361248166,0.0404061806836075,unstable,1
6.11233802857167,3.2864573383366,4.57579206141731,2.70818215948646,4.79343910076207,-1.69731992640399,-1.36068336605144,-1.73543580830664,0.79409218846756,0.550286960120243,0.125097323347958,0.571241207091502,0.0213098026130147,unstable,1
5.67945123938003,3.29076165886263,2.55900086873811,1.74241289815626,4.28539783019998,-1.53521956921787,-1.59041699053517,-1.15976127044694,0.557978647767026,0.742958025014569,0.154161368303635,0.515586731833871,-0.0079922530749957,stable,1
9.13403406514538,1.25333054248424,8.71177275724596,5.87714648669985,4.58445583164088,-1.28260182602218,-1.37252399736441,-1.92933000825429,0.982969669160049,0.909389541166297,0.911433120450625,0.545015455217917,0.0516076396603026,unstable,1
9.41151090432212,3.3923351410239,5.68286455955942,4.68787338292694,5.20083659756135,-1.71796680079311,-1.51367301960598,-1.96919677716226,0.90100905986959,0.515721934806234,0.716738735566961,0.0990217873299401,0.0422712673976548,unstable,1
9.04298037775038,3.76432906070345,7.40672596954787,2.0275819303466,4.6757009723485,-1.2244706096708,-1.86943259982376,-1.58179776285394,0.306623170491112,0.709135973756738,0.179968427562324,0.441820040115708,-0.0279432569019591,stable,1
4.98446306965521,6.92816268353047,2.48222247535228,1.09907213885589,3.93976466706394,-1.240132158872,-1.08360203130336,-1.61603047688858,0.311340526922326,0.408738138529167,0.474007635106635,0.250772609207758,-0.0221407259391815,stable,1
9.09683421030006,5.58583210649184,7.93266883412255,2.39497612981225,4.59432562701364,-1.83271198225166,-1.05925519697826,-1.70235844778372,0.721366784248577,0.257659091117587,0.0733991660974547,0.87409812309545,-0.001724698080591,stable,1
8.31783705057529,3.86942707612555,2.49662560070135,1.04285532382826,4.28076981163924,-1.91501298893148,-0.977429315954458,-1.3883275067533,0.671934998683768,0.679882260514456,0.472138391523875,0.170326101171091,-0.0064660111699747,stable,1
9.70991897754826,1.04251229983272,6.27575171317505,0.935991678167623,4.43455403507833,-1.60305609438873,-1.42952186863726,-1.40197607205234,0.771124213667207,0.920342108507925,0.193519476966198,0.663714664647359,-0.0589216697088588,stable,1
6.14944105064061,4.16308930117174,1.8782366658246,4.22038988525081,5.04043074271,-1.84762326182673,-1.82286811624825,-1.36993936463502,0.102369104857828,0.733639804222636,0.914513135291872,0.379350506304795,0.0048009994451618,unstable,1
2.89036542034512,5.64937205663929,4.4032161897736,3.26611139333985,4.49201816102939,-0.955642861910397,-1.785375388336,-1.75099991078299,0.716138570877421,0.317027482776736,0.443926438002803,0.418148115406382,0.0114020872254935,unstable,1
6.7643788487955,8.49169829138138,6.84903655094948,3.87536413070576,4.72402961329579,-1.67235570731479,-1.22690393309554,-1.82476997288546,0.94207734054232,0.756599124871576,0.846513840197367,0.97628334771824,0.100622481485448,unstable,1
6.28281416657756,6.34194980109978,9.86640992824619,1.22325029922067,4.13186838903807,-1.34956076779359,-1.58017264640299,-1.20213497484149,0.89304229407376,0.867440798435343,0.192099562291948,0.228124342674888,0.0473030224974823,unstable,1
0.737810514457128,8.2336792017187,4.20089968854956,4.16347236557183,4.40716358262749,-1.25748305356659,-1.19862542023618,-1.95105510882472,0.950006412813567,0.466141849395328,0.997746393488735,0.260703995388503,-0.0176176373624311,stable,1
6.52917215944564,1.37586415288579,0.653112792682182,0.969795290205174,5.2237688047193,-1.8286695634913,-1.44543528816713,-1.94966395306087,0.404589387218434,0.965438586879408,0.290290514840391,0.404649470400497,-0.0506672024230388,stable,1
5.48536353198855,3.09614910431753,8.92553043062404,2.09059157561855,4.36542974736228,-1.8881316954812,-1.57417924431628,-0.903118807564804,0.319058359528852,0.197309260693449,0.0918900124441064,0.126586635589035,-0.0431722269577234,stable,1
5.75419062759063,3.03274328154103,5.08480285354665,4.6336239434935,5.19925013267506,-1.71702953255067,-1.71321171732598,-1.76900888279841,0.157283836902386,0.975920666067431,0.511555120980892,0.696591473474751,0.0502117748918983,unstable,1
2.36403418940785,2.84203024897582,8.77639095893577,1.00890638463562,4.29997560601862,-1.3807186670766,-0.943884230733838,-1.97537270820818,0.487837901488476,0.986505321063501,0.149286458176817,0.145984031957798,-0.0318098880581483,stable,1
