tau1,tau2,tau3,tau4,p1,p2,p3,p4,g1,g2,g3,g4,stab,stabf,cluster_id
8.97170690932022,8.84842842134833,3.04647874898866,1.21451813833956,3.40515818001095,-1.20745559234302,-1.27721014673295,-0.92049244093498,0.163041039311334,0.766688656526962,0.839444015400588,0.109853244952427,0.0034708790483887,unstable,3
7.02136199991397,4.37429363886033,4.77590415834652,8.83842594831276,3.33585746131655,-0.962391781186988,-1.40762695274189,-0.96583872738767,0.711099508262505,0.625363823866651,0.468334969702021,0.895143061005827,0.0725083555585227,unstable,3
8.67689455715097,5.58332528932482,4.92540189980591,7.3562122896724,2.82824733012091,-1.39673198846508,-0.929289557595819,-0.50222578406001,0.595003445440603,0.983650729391923,0.245571184843254,0.454155494134516,0.0624905100491812,unstable,3
7.25334606801501,7.73351662336675,1.62109081050867,7.89061038035071,3.56724027388785,-1.37785475734639,-1.44953230230508,-0.739853214236384,0.936087467029674,0.927722330653301,0.824221605405123,0.100471728226073,0.0478606522166885,unstable,3
6.19248143447653,2.53387729804416,1.66237974259751,5.16392354484895,3.46239208993282,-1.35595374186562,-1.43284564145016,-0.673592706617038,0.168277025810112,0.408494818382023,0.328541483094271,0.253585836609703,-0.0361195580798196,stable,3
9.03414663642432,1.07163499989597,5.4783419879778,9.41252491868344,3.40513947604416,-1.16325253805559,-1.65395445267319,-0.587932485315378,0.253608875583038,0.778670480134004,0.287025561205128,0.221631366997265,-0.0332449176389809,stable,3
9.65991998277443,5.01211894823856,0.791174717333808,7.43723709707182,3.88657961208687,-1.68225218686006,-1.06991433569737,-1.13441308952944,0.354385405266908,0.778998571762109,0.31503449221923,0.638421100667402,0.0247329005412446,unstable,3
7.66079579444337,1.30031678689623,7.6464417415921,6.77835512610903,3.66130345137504,-1.31537000873982,-1.82601140335732,-0.519922039277898,0.548837056734045,0.179855140268416,0.528381542993687,0.722353092914923,0.0457268021853065,unstable,3
9.81812809445219,0.511597142503376,8.58898740322161,5.26007226288414,3.39563623384181,-1.10785702494299,-1.47867690854887,-0.809102300349949,0.931287341264425,0.599962528375323,0.29164331603908,0.384294639896642,0.011188710435717,unstable,3
9.97041327098946,5.96858182069508,2.34262311605545,3.08351606695568,3.77210823521175,-1.54606253899677,-0.964770468901214,-1.26127522731377,0.427141832760229,0.972374602542913,0.38736759983562,0.903835773038351,0.0344256495753535,unstable,3
9.64539209639471,7.90323549366794,8.77307847978028,5.9836444429789,3.87287537855291,-1.77956387341857,-1.29956336268483,-0.793748142449511,0.944564444776316,0.658796398004032,0.109068832596788,0.479167882785335,0.0623699284198324,unstable,3
6.12684573366283,2.46205132985709,5.59313063670477,1.74164108673596,3.65401968565512,-1.27482007066044,-1.28782896631177,-1.09137064868291,0.568603793119392,0.575000126295225,0.293682647594772,0.696036275621578,-0.0092251296924685,stable,3
6.51250617691724,1.07005166530377,3.42183995076491,7.39013513652751,3.74277417880024,-1.50599861757566,-1.17524598291829,-1.06152957830629,0.803609951328831,0.633888460939393,0.745796032019269,0.780903286364843,0.0435536567876854,unstable,3
9.39514172807625,2.29623146232842,7.44719902228815,3.30494781213965,3.68220652900898,-1.0588921394049,-1.34778687565621,-1.27552751394787,0.63043878665991,0.348798336459816,0.0593324468502379,0.829695887044428,-0.0142250257674039,stable,3
2.93603874711486,3.84992606003302,0.637752898140065,9.265647001861,3.4604671198218,-1.52500460288171,-1.38395502183858,-0.551507495101506,0.745966779826792,0.90332361958275,0.0813262773435086,0.737205263915008,0.0113206563615662,unstable,3
9.99304591989077,3.08105337498987,3.46221094050944,4.39252736913061,3.94621526366801,-1.40302545231262,-1.45028624138739,-1.092903569968,0.514883703002034,0.420768501676216,0.89652747795342,0.0538994862416992,-0.0197391507004586,stable,3
7.15813573475719,6.86998112741739,2.78939963919226,5.59928799730777,3.26544990723987,-1.98492830461384,-0.703313206233922,-0.577208396392106,0.863989832385459,0.45587337759923,0.893917397132574,0.626653451115388,0.0681265857035239,unstable,3
9.57929185445595,3.62083847983988,6.8019592687287,7.49628150917463,3.66952049161132,-1.19795947589416,-1.46523321966259,-1.00632779605457,0.724927435941665,0.716153198168173,0.945275044956672,0.653022873336571,0.0800542656853086,unstable,3
9.4559780142796,4.62590536981617,7.23690871825314,1.64322661753687,4.52854387620333,-1.86810316026518,-1.95429313277266,-0.706147583165485,0.631937419276946,0.671989467035179,0.858868723784579,0.600090676156323,0.0446428528394682,unstable,3
6.84901001651464,3.48192666650508,2.61148581656502,1.83995833042059,4.48307538836233,-1.8965783180904,-1.88320363612309,-0.703293434148841,0.226247460704993,0.707802516199527,0.562513652994843,0.80596293720326,-0.0056840621411393,stable,3
9.41680588144908,0.505371509904135,3.11280426237326,6.07620079518169,3.33291404762235,-1.36157862834461,-1.18983417776787,-0.781501241509873,0.530158390100602,0.968673111903167,0.456118440607968,0.415227141396954,-0.0387264713954843,stable,3
9.42068244637654,2.87621560585718,9.76487084740425,2.78602253638217,3.21587154881505,-1.21637154159073,-1.11649581949108,-0.883004187733238,0.826378587829409,0.135888343401747,0.728037760196267,0.399485961235794,0.0385631822913644,unstable,3
5.29782186620836,1.0460515263456,7.11052485521167,7.89676386599209,3.23260848489376,-1.63196918934946,-0.901268422698136,-0.699370872846164,0.466236640137533,0.987988457517526,0.332654807662378,0.952828151057682,0.0201705532109692,unstable,3
9.71103468061045,2.9099350827237,8.6873898813323,0.708401455804973,3.4346265609187,-1.07873680982215,-1.15658526257797,-1.19930448851858,0.532133133778725,0.659902790469807,0.850555869022305,0.478615718268653,0.0130816457729758,unstable,3
5.78292460883351,4.73143619606644,3.79340439715473,4.18912803356382,4.09347433280776,-1.60499171464854,-1.95022694687294,-0.53825567128628,0.616177128799668,0.553927528492874,0.207028908756447,0.431783966296869,0.0311463450811371,unstable,3
7.74578452085974,0.660418273314147,5.03986289988927,5.45510707227779,3.59075327360092,-1.76892447603187,-0.699088466075493,-1.12274033149356,0.611634187449154,0.838269234753171,0.83376596030277,0.431154933212613,0.0182637475111853,unstable,3
9.82639867381344,1.03312573182207,7.4881972002829,3.25559680780299,3.86349297683499,-1.37117220425586,-1.33923725527544,-1.15308351730369,0.506385005510964,0.435811334564611,0.0684956117684697,0.901660063644135,-0.0435380296480205,stable,3
8.2265393080722,6.97286610328084,5.18344519189888,5.8224735679886,3.10022642656686,-1.28897711255667,-1.23128863137647,-0.579960682633717,0.362238571925317,0.941877040871654,0.0812500422032212,0.946290982435531,0.0696891336968469,unstable,3
9.83884251172796,2.98872088254229,4.74242917119792,3.36456900760364,2.93322892628638,-1.00873860047867,-1.32009495089438,-0.604395374913327,0.878983281798449,0.16120223176482,0.350804686900394,0.686408702359853,0.0157913544516486,unstable,3
6.11680250018048,3.9413638494008,2.3164102563053,3.0922809178967,3.88587784544702,-1.73113519038326,-1.50078100410776,-0.653961650956003,0.780690086130513,0.755883258787299,0.600049286612871,0.955691156351935,0.0722069039611016,unstable,3
7.92937956449204,2.72686262977566,2.47947405833559,7.03946845194543,2.90338588625727,-1.68474529424909,-0.632887328748649,-0.585753263259528,0.0923042589860654,0.522111031917511,0.721367682862919,0.799566114951539,0.006638691271536,unstable,3
8.17647311811817,0.860798995990166,7.22414394168657,6.25918146019634,4.3932934620182,-1.47708746139422,-1.76663386485737,-1.14957213576661,0.638819445238385,0.7599338551258,0.197430202488604,0.675225723454576,0.009443451255773,unstable,3
3.98781756553284,3.97614177327984,4.73702785249146,5.00126857241737,4.41264876018784,-1.85454462137016,-1.44550737562698,-1.1125967631907,0.756111788949168,0.782622035260976,0.363153667541349,0.843019070254585,0.083590221937864,unstable,3
5.69356238779055,3.01626866512698,5.40636492244168,8.14310897482601,3.62739546772961,-1.87255116201151,-0.876325675436203,-0.878518630281894,0.621961943431816,0.832024655469491,0.404566083712699,0.427598836677513,0.0416898153570777,unstable,3
9.35919481714986,8.08418773789649,8.46512585626263,7.08093581419761,4.27686128655007,-1.31522758616444,-1.69165998319692,-1.26997371718871,0.991189961387734,0.659877044566564,0.92952599631218,0.236121187563876,0.0867616614234768,unstable,3
9.83245780700798,2.54991877351769,7.91004624755054,7.25129462804336,4.36500238930729,-1.70799043066654,-1.51722177316576,-1.13979018547499,0.355513641622199,0.28785735952004,0.672406956763016,0.64001305649953,0.0421147073200984,unstable,3
6.33912361647832,8.76475843085514,6.23549181379713,5.42011659579176,4.48349385146778,-1.9686707398299,-1.43227539759877,-1.08254771403911,0.829702057263133,0.959067716923042,0.0839385859905079,0.595891519867375,0.0716090473293498,unstable,3
7.34862450841506,9.45156301859121,7.62616242072188,5.90681029318876,4.15307075572953,-1.81158567941037,-1.04022812462483,-1.30125695169433,0.783074286065926,0.627635806656778,0.908439487801283,0.318741819952103,0.0807781060237032,unstable,3
6.57435156981312,7.50856278930029,3.88105034184689,5.24660857155616,4.18045763697956,-1.54908125105797,-1.92599396047986,-0.705382425441733,0.452879138732664,0.848366008210582,0.82508956831523,0.806941993482732,0.0845745489271712,unstable,3
8.13440547696528,2.76766170936802,5.04541444069305,9.45218872459789,3.28353311003975,-1.91619906320318,-0.61114074347656,-0.75619330336001,0.58430786828284,0.708905705403108,0.145035468028568,0.113651217974989,-0.0108327606103617,stable,3
8.3582865986,1.9793212651004,3.63627809469932,1.18603801260281,2.90831694730305,-1.09176411041096,-1.05837041714907,-0.758182419743016,0.702076978155235,0.858207030050119,0.693192039067645,0.925619768086328,-0.0403549781566725,stable,3
8.02049631033052,8.60569445817319,7.80002546491841,8.13552040074416,4.08347451649698,-1.90515135686141,-1.33590246430752,-0.842420695328049,0.553558283682652,0.537992923728296,0.918479309515358,0.62039309773562,0.0830845879082298,unstable,3
6.49346204090255,1.56340201976444,4.93027893397914,1.58762152753285,3.91547539532001,-1.4338793729134,-1.80344215465613,-0.678153867750475,0.592857028492725,0.576962706345158,0.712441617959768,0.764259677633367,0.0058392853387945,unstable,3
7.99958845440573,2.90767352316446,4.22328742030357,1.86880308637597,3.98323316582226,-1.67124826871544,-1.12928648746501,-1.18269840964181,0.99912514227028,0.178569521074364,0.171573587022182,0.339078145046274,0.0055500888079495,unstable,3
9.24284887225692,1.63474671849943,3.38715761881634,4.30457786282813,4.24751476345573,-1.46932287225592,-1.92890937812498,-0.849282513074833,0.650742334502378,0.551945688391835,0.759363778164774,0.60948576047429,0.0024647528972506,unstable,3
7.20958658842375,1.62308891747722,4.78425987254453,1.92635885579236,4.27733507573458,-1.74701130674529,-1.85817278343309,-0.672150985556201,0.156786405527932,0.668761368074704,0.659623577040045,0.213787846787821,-0.0248444507373749,stable,3
4.53633741741215,8.99952100703616,3.88223773090153,5.38887012276569,3.69143292325591,-1.4938133619349,-1.31575840588571,-0.881861155435303,0.469810023521796,0.95382013420184,0.0596229290174996,0.425854627505897,0.037978308681749,unstable,3
7.95959719591612,2.86341602898063,7.96198956147547,1.57382602296136,3.47484725086035,-1.79030320679884,-1.00409177917565,-0.68045226488586,0.395432645228484,0.85905451040962,0.129786501966257,0.414304603951457,-0.0323034183056826,stable,3
8.84857383924492,9.96929741914552,8.68821068745841,1.16448028749857,3.96534583985988,-1.49564740061457,-1.64015771203537,-0.82954072720994,0.0763001284224191,0.245691739781705,0.960573693403802,0.741149948705989,0.0039338582933822,unstable,3
9.61613448541557,1.85078821746785,1.43798785478874,4.95658857058486,3.64479543515624,-1.20074584753715,-1.40415139793375,-1.03989818968534,0.873333123589815,0.75057842827777,0.250872313145816,0.645749011368805,-0.0014998943905696,stable,3
8.81122962929679,2.63996004237153,8.98465862212293,7.59630452383077,4.41012198890727,-1.61671423020094,-1.95350863830255,-0.83989912040378,0.77458653830205,0.741908303008325,0.709851291899714,0.263125986026055,0.0474298578870006,unstable,3
7.47233629511361,5.60005547092226,6.53332973166283,2.85436395243141,3.56516630680509,-1.67956231868243,-1.3438967631557,-0.541707224966958,0.0961854993734381,0.291330856532607,0.706373921730459,0.873707649041655,0.0212542246092603,unstable,3
8.75436806257717,2.82226296028339,2.97874742844494,4.24667409594166,3.78132039941739,-1.39740167032214,-1.54328964629918,-0.840629082796071,0.345463641735243,0.682039665115763,0.329776922723821,0.131876136218538,-0.0417111902364249,stable,3
7.15200703803168,3.46914323470264,5.66423347352479,5.25504241193923,3.53777106115568,-1.18970024871227,-1.74887193152357,-0.599198880919837,0.337338751032108,0.730357110492656,0.140685820532319,0.0636284091286839,-0.0259896355362277,stable,3
8.01382385842337,2.94767713859015,3.43345807889557,1.86139318110326,3.5101868277919,-1.47576392981304,-1.29559480434118,-0.738828093637677,0.161017712108975,0.256581092161004,0.136364055019474,0.509918699954061,-0.0442421380703572,stable,3
4.58060196379297,6.17385374960405,0.748283625453862,7.11713002028406,3.57072014968578,-1.78207709252757,-1.18987283676848,-0.598770220389729,0.789765875298068,0.263328719533945,0.437064811898961,0.467381392613993,0.0059582968855414,unstable,3
6.88987389929837,9.25009207075438,4.5692709508308,1.00005959143777,3.65889739803819,-1.83249439488646,-1.1312632340931,-0.695139769058628,0.564707955926059,0.821599852840371,0.497382317872338,0.592617332159278,0.0252352794545061,unstable,3
8.83371659656026,5.06027453115744,3.98448350812827,8.74760818372017,3.57416662139454,-1.60147762082549,-1.30190865853989,-0.670780342029163,0.844867529931351,0.937648782148543,0.953289782196434,0.491574511874318,0.0814590279597761,unstable,3
9.82164799445342,7.58173465464201,0.730310515510512,1.06589779139374,3.0782176708406,-0.926323696149641,-1.53285234940273,-0.619041625288234,0.975664157005075,0.775339370209792,0.211788807940803,0.699776719223636,0.018840382661588,unstable,3
9.25389385745522,7.26698703110223,6.16906740563163,2.52728376676367,3.42405868136137,-1.16085676477412,-1.63346046839366,-0.629741448193591,0.0859036006060185,0.745340308505212,0.892487704881331,0.769690619758506,0.0502933157595311,unstable,3
8.26412982186743,7.39562101505093,9.57913986751813,7.92660516237341,3.68438198922271,-1.76330327599365,-1.27648905852156,-0.644589654707501,0.314833888470404,0.565644660658388,0.4802333067479,0.202686005272323,0.0378958992647467,unstable,3
8.2387590023888,7.03979948146592,4.1437528110477,2.57161384564789,3.87198674909767,-1.68745540411237,-1.12817845032532,-1.05635289465998,0.367908538026646,0.753655458569877,0.74182026547823,0.817634516657151,0.0479305711077205,unstable,3
6.76636689310208,1.67006928342892,4.92229549668186,9.13308810733437,3.66727677274863,-1.41268612754678,-0.813956920734711,-1.44063372446714,0.305140932291178,0.946254312618084,0.269773619214795,0.798782073333093,0.0037170724722352,unstable,3
9.38498330649351,4.19671752232458,1.76881702950464,3.1302007197722,3.67173376347305,-1.81387947928662,-0.709276702737296,-1.14857758144913,0.767826960935339,0.379965986502112,0.830756913446113,0.771085424774551,-0.0153709650468538,stable,3
9.5148513464445,2.64519863619292,8.74204205371923,5.05903517381595,3.03127021051763,-1.25571180704102,-1.1857768054693,-0.589781598007306,0.205484136505753,0.364221199366051,0.983264583367215,0.136396711684557,0.0229413354494778,unstable,3
8.46983483890492,6.31301289846925,3.86868248353592,7.40651304245998,4.07421776670238,-1.27416659608415,-1.69920053006731,-1.10085064055092,0.414973917887281,0.191606966210165,0.749250986730993,0.281723601583374,0.0151320548866852,unstable,3
9.49077867257582,5.56125165760209,5.1387592370189,4.27926506727223,4.1881427088576,-1.8300367510755,-0.674861753998604,-1.6832442037835,0.151408062241693,0.543702737292625,0.187417836936489,0.712801188926996,0.0122009197526941,unstable,3
2.86908031608685,6.17470755761672,8.21194289395517,2.01426544039376,3.92073047116811,-1.70013509738855,-1.66806759227561,-0.55252778150395,0.864826976925823,0.663606851131342,0.600363345572646,0.844048957150815,0.0299646579833676,unstable,3
9.62306998914307,0.802598244428181,1.17226622118489,2.68863599732203,3.47144273322936,-1.79526442292708,-0.617411364847375,-1.0587669454549,0.250863859511622,0.840086573241395,0.362103513388825,0.403923038869473,-0.0606825896852338,stable,3
6.37274563801026,7.26798191921232,6.31355341924189,3.24250511607759,4.53995642255852,-1.89670089809441,-1.62528213292869,-1.01797339153542,0.263728327431316,0.79416051921871,0.246673318322442,0.703037948160096,0.036273784343327,unstable,3
3.47322924340577,3.72371884780726,1.95698867847954,6.10001083326949,3.62099229769826,-1.50866033717517,-1.52563673952455,-0.586695220998535,0.713422100343738,0.601706411033103,0.726121235561795,0.904827516197168,0.059988567164385,unstable,3
8.80695349530733,7.11752782062459,8.75838126990526,4.3084399956852,3.62530204213914,-1.16373963520885,-1.40835001596143,-1.05321239096886,0.587980787339283,0.783603419583295,0.896362547943946,0.522081293812406,0.0795743597841221,unstable,3
8.16665758075913,9.93597250535983,6.45159391783935,8.08451361420483,4.42912072588921,-1.69406640830146,-1.77360351165709,-0.961450805930665,0.478218534569793,0.568923784326236,0.369135158486756,0.0665960598766408,0.0315901075244136,unstable,3
8.41518276916721,2.79149415699795,7.17774642777832,5.55469563535789,3.92201915073838,-1.63321564182205,-1.65789258792611,-0.630910920990224,0.306414714401711,0.951817263896065,0.63983580131005,0.408908574717662,0.0344264536781017,unstable,3
6.64521542021178,2.80792762446292,9.96681260957335,3.79401272462776,4.30027169536427,-1.46739281668777,-1.90985603518867,-0.923022843487828,0.226325409123163,0.89936397754477,0.296626363563447,0.930102461740423,0.0078336597814926,unstable,3
6.98527106911545,5.70109965059175,6.89810928898072,7.71723404733263,4.14089509367583,-1.922379243709,-1.61858694690032,-0.599928903066507,0.100308574091443,0.432641072695531,0.181877655905961,0.631171479859679,0.0182736557069454,unstable,3
6.53894440922386,8.7773225319069,2.71606929721313,7.37731331942909,3.33381916059328,-1.41706132471856,-1.36497966564241,-0.551778170232312,0.203324186015141,0.264525074263139,0.585446180034496,0.333992737523101,-0.0143620561535563,stable,3
8.48893750978918,2.20284668768115,9.07437755613371,7.23634130036364,3.60601466532079,-1.74796971446461,-0.876653629551793,-0.981391321304382,0.763925461980467,0.40117761231745,0.162139103952856,0.308899095994205,0.01659635859328,unstable,3
9.97974611944339,4.4577252598067,7.17559217581459,2.92133475017649,3.01372344303386,-0.655879726499051,-1.52808442665427,-0.829759289880539,0.698056872791622,0.652474504891199,0.138673649014011,0.778613577337696,0.0151851617102821,unstable,3
6.80087309304395,4.22038245334289,1.26552339120049,6.84783210817453,3.18728791245653,-1.56404554512576,-1.07198652808389,-0.551255839246884,0.21596265167296,0.927471372179098,0.29412996656214,0.718341780988604,0.0316233068578034,unstable,3
3.75782102412069,3.89283847200627,5.39242666276956,6.76892836236841,4.04029869946773,-1.75211181865372,-1.71563234106069,-0.572554539753322,0.96152897504086,0.941990086279188,0.861400764203949,0.732529145066368,0.10645144593929,unstable,3
4.41574169477995,8.37449509135029,9.72849802201875,5.62417084784393,3.56305618268251,-1.35917230210197,-1.52133073015052,-0.682553150430019,0.113728882136263,0.482485997639295,0.70961641738266,0.884417465059971,0.0556510739032882,unstable,3
8.02732756398127,9.65387485918417,9.20972457053728,7.84922144515938,3.95298632445834,-1.92534242836279,-0.605009170972952,-1.4226347251226,0.607919518853341,0.561352049717054,0.753161688886892,0.926880257891067,0.0874075810162403,unstable,3
6.90598044876797,1.7741526126406,3.05402918220751,4.31786680581692,3.70581465517759,-1.81290220833506,-1.31831577190392,-0.574596674938605,0.892577096593564,0.053666945352098,0.148520838392304,0.126518645114661,-0.0069139831340132,stable,3
4.68787694418223,0.889545712934912,1.11938154722184,7.02943813598902,4.28766600834935,-1.99308294724232,-1.79172305813128,-0.502860002975748,0.513578464745339,0.489103720042515,0.214555404845971,0.444101613793556,-0.0253992883422446,stable,3
7.39373001778795,3.81361428880864,2.86555481936805,7.52989443571598,4.19046291029697,-1.9960508038363,-0.786771284079493,-1.40764082238118,0.410881899260225,0.852993697785216,0.861629414067371,0.931928132313121,0.0656974765643745,unstable,3
6.12392997189404,2.81416978165321,7.49617676653649,3.95688517549145,3.37487529878978,-1.17568101039702,-1.53538526871721,-0.663809019675548,0.29155789893369,0.506117636954206,0.376059268351337,0.586728184982321,0.0063449334107482,unstable,3
7.44351526419584,5.77457441874928,7.82629558840919,7.95797717291273,4.01710311539015,-1.6730982414666,-1.26098365683565,-1.0830212170879,0.339994721472312,0.829995832732527,0.230794695303668,0.86305663297456,0.0668735193580924,unstable,3
6.33741786792433,1.8182357582182,5.52364661115425,6.43170522115031,3.68174541263976,-1.66850615872811,-0.691690411612776,-1.32154884229887,0.993263133593633,0.860388161244221,0.44049265253934,0.654599217509493,0.0619251160871037,unstable,3
8.41205413257574,1.76067455309157,3.41708185165884,1.77984486199829,2.97858595267641,-1.48170065807923,-0.853553524188371,-0.643331770408806,0.903563450318509,0.69117360529913,0.26045365679245,0.173341618905073,-0.0148689872603289,stable,3
8.08240415373358,8.36188684287114,4.66842488682552,6.11440244516326,3.90467253223511,-1.65923341094403,-1.29652021593574,-0.948918905355339,0.206587552393469,0.549860819253677,0.527269691859627,0.774931860364482,0.0517558224766078,unstable,3
9.55120647414237,7.54315711352564,8.56175735940515,8.98295342172001,3.44699272680026,-1.29677627702366,-1.03177272935034,-1.11844372042626,0.657222417255722,0.482301923717332,0.442635836293469,0.154630974918874,0.0474033857011439,unstable,3
7.8319930116339,6.45569996497759,1.20451093035402,6.09172576981814,4.18550300335589,-1.40051941491447,-1.83756137188526,-0.947422216556163,0.329696179422502,0.441997865823571,0.270148892975146,0.530302216967742,0.0091801357688437,unstable,3
9.22158587138187,7.73611969491479,1.10383118752128,5.65147217423177,3.31161178523619,-1.38164658911758,-1.25025726980191,-0.679707926316699,0.128655929846318,0.944837285726232,0.100658845806338,0.657312384618036,0.0380843959950561,unstable,3
9.62638329591787,8.43575205756647,2.7098648762261,4.33714065728654,3.24951029102449,-0.977268491452804,-1.7262120346066,-0.546029764965083,0.179490557370962,0.230001070098358,0.25643591241641,0.178253412991564,-0.0426952834561713,stable,3
9.96686708084348,2.24958225110773,4.03705768743769,2.85225809102242,4.04753878443647,-1.52057475734022,-0.890463451883208,-1.63650057521304,0.108126620105795,0.568650351955963,0.552627048200826,0.991226365063054,0.0004155988810353,unstable,3
7.76019817475566,8.7603774543047,6.58657453202566,5.97537560619966,3.6518550270324,-1.1243616452707,-1.51127734042419,-1.01621604133751,0.159871512726685,0.170218613097692,0.0921046816893097,0.584384965954071,-0.0114158112176932,stable,3
8.55756342645759,8.77860492588596,1.62518484436085,7.53288709880791,3.96566975028869,-1.26869363643614,-1.36076836409434,-1.33620774975821,0.839709739523424,0.473412327053542,0.324815143347958,0.667081444495898,0.0533050154827778,unstable,3
9.36049380523993,0.844336885750038,9.62286896610876,3.97190756129851,3.82505832731057,-1.72444997656465,-1.26254231049464,-0.838066040251276,0.903620303735786,0.838155430672404,0.0644149130298034,0.420920727040546,-0.0183413247304904,stable,3
6.65532339814232,9.05139231177464,7.34568015457184,1.73900232969527,3.9451067206793,-1.81063347178421,-1.35195371304034,-0.78251953585475,0.783779212688926,0.478939520814539,0.538246588152761,0.374483648242409,0.0431423595201791,unstable,3
8.52971402678804,9.6175907923835,0.759567355233745,7.20682898325118,3.76241487436148,-1.13898469632437,-1.63520016916954,-0.988230008867569,0.253538300519802,0.469042737440963,0.684904704774751,0.784079270429283,0.01110977895218,unstable,3
8.26767768176558,8.29108410889767,0.67978751880948,2.88982225098948,3.14647141330163,-1.70300026198183,-0.849143303686462,-0.594327847633336,0.910010931458018,0.177978161400593,0.594792936544383,0.0751022316419694,-0.01074332699551,stable,3
9.28723797034077,9.4404463209186,0.830103516219894,7.57570774036064,3.36143976273704,-1.0973095105031,-1.54439634978945,-0.719733902444493,0.33489110559882,0.710140243569666,0.262177626377401,0.33915828352928,0.0216691636887821,unstable,3
3.48230607556355,1.82730086506377,8.21263808764419,7.28034059387503,3.66713794526565,-1.45531370896957,-1.57931601193271,-0.632508224363369,0.85985734342722,0.962790638345872,0.324887891615094,0.784956901367056,0.0275406388613269,unstable,3
8.06260618619787,7.28301866508055,8.27769687670904,4.92762906216525,4.20345305011673,-1.64079422125006,-1.94964172926003,-0.613017099606642,0.4143995323448,0.987425871371302,0.516865812101525,0.318401794940514,0.065616771926592,unstable,3
4.62127723785383,5.8505332537193,7.30930545120651,5.09798048408479,3.83128395127362,-1.65666483379917,-1.48791418135717,-0.686704936117283,0.75902528737189,0.433811086442901,0.302715728571122,0.367187825642265,0.0390441167285759,unstable,3
5.21898934041979,0.556167191122402,7.16169276338417,6.65849853057752,4.43896271323916,-1.94437265622951,-1.94889495672022,-0.545695100289432,0.387265090845422,0.0830455678415962,0.602897709174897,0.874694222012511,0.0457850932953642,unstable,3
5.43038838076735,3.10825015930434,2.70385345956027,8.97401545987426,3.04534594297273,-1.37471390222602,-1.10196089038285,-0.568671150363865,0.404647184552724,0.600595896640153,0.654870633315536,0.814331913123893,0.0234222593269157,unstable,3
8.33535273501875,8.15953855677687,7.96969898423898,7.41871816063732,3.09238346246628,-1.29803484535987,-0.997458849071851,-0.796889768034557,0.552791482291506,0.0520611855962849,0.185944242853657,0.963428615956042,0.0474699972678632,unstable,3
7.92570498805729,0.541210389200319,3.45136911245342,0.631615128079057,3.36586450873367,-1.06489715273626,-1.22065679117398,-1.08031056482343,0.566347172923825,0.71916879947877,0.558703450360416,0.468872966735676,-0.0233631329434476,stable,3
8.26152983038197,2.53063630900799,0.735837075286382,2.42703144823643,3.25479671841186,-1.201374983156,-1.42295176618916,-0.630469969066698,0.140363657053113,0.677640187657342,0.429257165856375,0.877190542824034,-0.0058339006785726,stable,3
7.21529650832297,0.980196430077893,2.55372134866348,5.60869435467426,4.07954839011911,-1.53750533061473,-1.14719004079526,-1.39485301870912,0.9053406709279,0.732751812742931,0.195013270153066,0.282258914279531,-0.0088329191677644,stable,3
2.39565710329532,1.4736410856171,7.26078572331788,9.00712908533055,3.71448872817879,-1.59780174653009,-1.43727341253211,-0.679413569116592,0.212787588527352,0.901717771499776,0.839821429409675,0.759625013956227,0.020972567929285,unstable,3
5.14140617785035,6.80054116087989,7.6321479175308,2.68567094203309,4.20076037715103,-1.52155331078235,-1.57179599277214,-1.10741107359654,0.183202125367892,0.932389195153586,0.266396974195676,0.777813247192808,0.0336657515263657,unstable,3
4.36263214966364,2.80290454834009,8.1423442301773,6.04048657249432,3.66029315088146,-1.90325119102517,-1.22813995294605,-0.528902006910241,0.590844347742228,0.288989621568476,0.248165893820429,0.257004571195202,-0.0136365270198669,stable,3
7.49528608855838,4.89294008870261,7.65138294451488,3.9759656518754,2.93880657770945,-1.19519133029721,-1.17066509685221,-0.572950150560029,0.205777105593369,0.960717528660579,0.892229953270295,0.220077753082043,0.0588361016565585,unstable,3
6.34657268935951,8.65130094445607,4.78224743768787,4.39557921550887,3.37814551772671,-1.5295604436048,-1.20761693348682,-0.640968140635092,0.834491813942071,0.802856664422213,0.119229568341101,0.828318084166042,0.0691774848188696,unstable,3
9.32027486032416,8.02834320778416,1.31977519305064,7.49743254410228,4.69018268960752,-1.98099296312734,-1.80628197981442,-0.902907746665762,0.840245214795459,0.138023992905815,0.730400413589429,0.736035076842391,0.0286804307457494,unstable,3
8.87252419468537,2.92975401905376,9.31656189666555,3.74017632661946,3.6655916009165,-1.71982053793182,-1.04713168481361,-0.898639378171065,0.251020333446014,0.870645791097849,0.523303362862135,0.684485582098502,0.0106828780472761,unstable,3
4.69315937530729,0.856265051563806,2.45665745747698,7.91037145015777,3.58548189289681,-1.63220352181587,-1.19686121405201,-0.75641715702893,0.650524785490404,0.544490237903754,0.593046616526435,0.743757252661685,0.0023399554167355,unstable,3
5.01251465090561,7.47079512159649,3.58610378679936,5.02988444025866,3.57974221120665,-1.46060917301192,-1.20364965744391,-0.915483380750823,0.571199402533463,0.684357666845232,0.444202322703125,0.275002934530595,0.0387733984656895,unstable,3
9.61916117062508,8.50421532165587,1.27484574251045,9.32409215355932,3.61547212859748,-1.41171232360532,-1.18398338487388,-1.01977642011828,0.616295972464808,0.254453421342988,0.691159530630063,0.724301244107656,0.0246276172537876,unstable,3
9.38712836733256,5.43241452384485,6.32980582968194,6.43864453547893,4.33488396263137,-1.92824038169093,-0.964113955348195,-1.44252962559224,0.124781370242703,0.973399222598618,0.574844649095306,0.952206129412873,0.0819668432175862,unstable,3
9.513874120655,6.77285462943679,7.06459098335911,4.98143138706016,3.29103579149522,-1.33271821438317,-1.21355142407368,-0.744766153038375,0.445454461892366,0.0731203366624087,0.734742927265258,0.954857507651619,0.055404620774411,unstable,3
5.04129590681169,6.63974714333834,7.69292360372272,3.69279358571881,3.98438027934789,-1.36176294740174,-1.66611503640325,-0.956502295542904,0.851385804598291,0.950106605012255,0.15787906208032,0.891115246766291,0.0809132672991829,unstable,3
6.59140211727725,0.91589163089596,7.48244446310819,9.54019163768884,3.99495235517761,-1.7473167714251,-1.30261045992806,-0.945025123824447,0.927365871737752,0.966691461615963,0.743369328466566,0.768036781364634,0.0476100916194502,unstable,3
5.26697126468631,7.52676279097648,3.90998320059943,4.65666196213132,3.41769610843335,-1.34842037567637,-1.55503756850434,-0.514238164252636,0.302169106785094,0.849934800605753,0.397754476196923,0.628322292118629,0.0513735846614722,unstable,3
8.93427319052131,2.18207093555836,6.84510872254277,3.17754723532504,4.65254782579449,-1.9503234204823,-1.96044074319946,-0.741783662112733,0.679386164514297,0.869169242036407,0.471612863677298,0.636721277622659,0.0160889415621157,unstable,3
8.17347176248394,3.68756025027195,1.39147351366328,5.71499211467899,3.95706253328026,-1.41864570032056,-1.47553494728233,-1.06288188567737,0.355016101195408,0.0929931976430363,0.956552241571646,0.529603177075006,-0.0340239410232972,stable,3
6.69312812186567,4.25512189222451,0.798762427534373,8.64110861101565,3.00557166313306,-1.03515291109903,-1.41833452138031,-0.55208423065372,0.103169917210838,0.562707181381011,0.151837379359016,0.965182366007131,0.020456923960655,unstable,3
4.88484523135634,2.40874741905568,6.91939852525996,3.16789053228411,3.94480558887553,-1.74441144674292,-1.28392684463157,-0.916467297501036,0.515399566534732,0.572315896107466,0.403558056398313,0.622238057613319,0.0163802786400794,unstable,3
9.94971443690596,5.91221762745073,1.66924463532624,6.66003428865615,4.48233784443099,-1.96633321448594,-1.9054841450788,-0.610520484866248,0.821305893611487,0.0524081934437004,0.935193517550892,0.162931517305913,-0.0160085100115008,stable,3
9.77611717384239,3.70864844560499,1.39568382039162,1.80999406782599,3.80596577441034,-1.30566780315326,-1.97073457666648,-0.529563394590595,0.259582548882666,0.0628617145806155,0.922442659982576,0.983315223427054,-0.0442478311582837,stable,3
7.04102740127484,7.17966298294257,8.96898551652339,5.17736684680427,4.31833282973327,-1.33165661897092,-1.86011831435864,-1.12655789640371,0.808347709436258,0.736963001128283,0.934762389676606,0.967430149923706,0.103087695136807,unstable,3
7.07110708159929,4.24296329629468,2.43059626208777,2.70004465111598,3.42994780049651,-1.36571677388215,-0.807608198724757,-1.2566228278896,0.926197851528538,0.305972944988062,0.524062603785895,0.838248229507744,0.031029321332342,unstable,3
8.52535592337906,2.37659880791937,1.96160529838142,1.29398275360169,3.25880252897689,-1.3716417047011,-0.630109050559008,-1.25705177371678,0.983792189242473,0.802656864327327,0.205763896407722,0.964611116271863,-0.0209870588101166,stable,3
7.89258802093386,2.88316815790023,6.47041791420351,7.13726287870915,3.22166020427363,-1.67898535971652,-0.574308226582024,-0.968366617975081,0.379056681728255,0.286442856072085,0.0731000778297917,0.983964283421305,0.0317524795379288,unstable,3
8.71211000589647,9.82341175056258,9.50517407221325,6.16380593720118,3.79358818676445,-1.23225444345566,-1.74486280292808,-0.816470940380706,0.263809974580731,0.0726175855155045,0.0830055355841841,0.21036826501341,-0.0379657762375455,stable,3
9.88108192213185,4.95810774181102,8.35293320666228,5.31515533799521,3.46607091371863,-1.55850687476718,-0.778839652127551,-1.1287243868239,0.679798702339138,0.645277641413355,0.347484825439709,0.516739518206114,0.0499555994320112,unstable,3
6.60537173690028,8.28142661839962,4.14500178298838,7.36787582424816,3.4246746696396,-1.49508057963355,-0.803430943798879,-1.12616314620717,0.252581567991462,0.463514772861903,0.196746475468199,0.751130776388227,0.0369127586237569,unstable,3
4.45248402655379,7.19734997991978,6.77695464392514,0.961387401805632,3.48893441061949,-1.65521158890512,-0.968884983605682,-0.864837838108686,0.992571698929948,0.832818162004454,0.524146738004901,0.761127230006323,0.0497840705395108,unstable,3
6.43040922151381,2.9047592200538,7.59839816409167,1.10528739580282,3.23344828305157,-1.39236038738191,-1.09035832681941,-0.750729568850249,0.664780788416661,0.896730467975627,0.305436669561055,0.826643857173409,-0.0034276702394975,stable,3
8.68163354181178,9.92157601996389,3.23788672392672,1.16945150741948,3.65665511266765,-1.23320589982994,-1.72625889577066,-0.69719031706705,0.692015408025954,0.518358812615982,0.583057103534404,0.692904482707004,0.0022292530716975,unstable,3
8.59001397708976,3.8278450266168,9.00637274474289,2.76034661192453,3.93661983868134,-1.77453824361449,-1.48344306598908,-0.678638529077766,0.283074944835888,0.25880653255046,0.44601247450609,0.43013337562668,-0.0103074486297298,stable,3
8.22791836072615,7.17871145907014,9.67282476065245,6.12796917019753,4.38027785420073,-1.90556139227217,-1.87139735104281,-0.603319110885751,0.213959663364564,0.24776550469234,0.289346560987664,0.490830004217282,0.0121816404998949,unstable,3
7.85822725099337,7.2248374776592,9.97307731925522,3.17680829362174,3.44314433775534,-1.86176809986427,-0.547834417179192,-1.03354182071188,0.195613285579239,0.884178231328864,0.888711976785113,0.708784971084025,0.059040180526737,unstable,3
7.84157513504948,6.9288324812178,8.41336296312341,6.2025161525081,4.06817597669139,-1.47257681282173,-1.33531143247313,-1.26028773139653,0.841870825773453,0.249892861782578,0.511013807616818,0.647989364364232,0.0677622966364874,unstable,3
3.23734836702968,5.58053309691198,6.04934445972713,1.08916712352982,3.88179861492945,-1.91944315058093,-1.07053879648878,-0.891816667859745,0.742354657417467,0.885411498610317,0.122741629001356,0.918857800761226,0.0127346151695054,unstable,3
9.1994117938002,2.68861374907762,1.31769092432135,9.47861093508117,3.20721462556729,-1.14416815769877,-1.2171337141449,-0.84591275372362,0.463703041290552,0.520998503096465,0.962607910001747,0.933460705789959,0.0026089876578159,unstable,3
5.24836386642556,9.55196086722029,9.07137618173313,9.04012044076894,3.52225773216756,-1.89487227183812,-1.00858428012321,-0.618801180206228,0.196315538878853,0.580171961324497,0.523046557806345,0.928459704128117,0.065430677542564,unstable,3
8.85487590096593,9.26792965105219,1.01368348426615,1.29995458063665,3.44699135142023,-1.67766660447653,-1.2001560289501,-0.569168717993598,0.605385056573607,0.547888854175955,0.798999128817128,0.468202948441132,-0.0219754600595795,stable,3
7.88299045290784,8.87862594498566,8.66731717811531,8.96720283726284,3.63615405439477,-1.50483924484717,-0.850828561741346,-1.28048624780625,0.571961553679899,0.8560821738829,0.672237561761459,0.530440923203768,0.0818288955018671,unstable,3
7.18523459047819,3.62630858016274,7.91532930766444,6.41519296506877,3.66802509545598,-1.48562353949007,-1.31309753740825,-0.869304018557665,0.906306367161439,0.0761152889648534,0.699991223782464,0.568674856546178,0.0673455984793981,unstable,3
9.75408121888056,2.58799767878166,4.15275177676657,7.3797186150671,3.49602004356338,-0.821421090553957,-1.38540167165367,-1.28919728135575,0.231446845264463,0.598327729158263,0.567078048374378,0.842146196593739,0.0294475519792202,unstable,3
8.98369457531221,1.94709021477473,8.86244263141378,8.01511649877634,3.80090340136121,-1.57724967784317,-0.761937244882283,-1.46171647863576,0.675129095859118,0.472777186002111,0.878616885776401,0.32746386821212,0.0487706231238286,unstable,3
8.19394431459525,4.25864441881238,7.34878887132892,4.67772775818849,4.19070640891821,-1.40371116815334,-1.80210480521333,-0.984890435551538,0.652322602861421,0.861038201176021,0.106725142257675,0.62300290454213,0.0484140712267553,unstable,3
9.02211370757745,6.22185791667947,5.76188013372144,9.22782444166292,3.5479408896728,-1.3387962256554,-1.15438998820877,-1.05475467580863,0.180316429896865,0.989248435892473,0.371198721410008,0.123368795413635,0.0339401153547087,unstable,3
8.88139087128623,7.49617933386524,9.94731912028461,3.19108473793927,4.05238109237849,-1.229178109875,-1.77220372710708,-1.05099925539641,0.144432643252085,0.573707406193382,0.517283053446929,0.659672364921255,0.024518677607733,unstable,3
8.65526775971883,2.1731617913214,5.58861327435054,4.06107162549844,3.73317336093478,-1.61498220783715,-1.23227680057636,-0.885914352521265,0.780378757211369,0.991116798419923,0.714214645742492,0.619057406688399,0.0480659242194508,unstable,3
7.56344004473125,7.95093190579513,2.74084069734608,2.985925166281,3.83691777294895,-1.52770234994184,-1.03993254870662,-1.26928287430049,0.843186567482896,0.886038723368832,0.775099001286995,0.699966213970373,0.0616262332553553,unstable,3
9.85893507009238,2.09879922657209,6.23884888449634,3.28753637557343,3.68741595875522,-0.991057716653356,-1.80105503636809,-0.89530320573377,0.849904007516177,0.466351892623836,0.213071340115613,0.337594196796203,0.0022074625928068,unstable,3
8.87155848547126,9.26580067879423,5.61190173598976,6.52092575180965,4.29651527544653,-1.81537696292502,-1.13999815142299,-1.34114016109852,0.906564714997258,0.927600225609833,0.834428286200754,0.483806175281482,0.0919009309641798,unstable,3
5.72726810076493,9.86351236323402,3.91242439629525,8.90320688040497,3.54778432556352,-1.54379954024036,-1.22586657538975,-0.778118209933408,0.663080302642868,0.0732632528422854,0.340560599814303,0.45860342904982,0.0154279714430105,unstable,3
8.72393123890198,2.44714576588239,5.45331048946074,3.9480461831047,3.22252101169193,-1.63254453531177,-0.956788090638211,-0.633188385741948,0.830457193592761,0.407461930700975,0.603005744506964,0.988075054975938,0.0552391945218976,unstable,3
8.37218878381399,6.61399950612503,7.97516596575422,7.57065520326333,3.43240330879344,-1.87176193970992,-0.749266096655058,-0.811375272428466,0.650829374167945,0.762333083058293,0.509164423141365,0.329944981204461,0.068588599972751,unstable,3
8.14195760271835,3.67360420788445,2.50276210101034,6.91254911482345,4.20069062200906,-1.98402587364765,-1.50538039546966,-0.711284352891753,0.944676930319769,0.91320478776223,0.165055815621254,0.373932990069982,0.0464465466691274,unstable,3
8.63697918616951,9.38489824552329,9.89524858988636,1.94094218631111,4.04921117399371,-1.37237857758248,-1.65145682667274,-1.02537576973849,0.683660408028978,0.565944742914417,0.245936762370787,0.172291969472636,0.0346221482585071,unstable,3
8.84737564827448,5.48631830149931,2.00730414990592,3.20849945562566,3.98817119650942,-1.98955841176282,-1.17091099008389,-0.827701794662711,0.696546915513953,0.504438603102916,0.971505426440988,0.961856990631536,0.0233143655415517,unstable,3
9.54744893644981,7.51366447774622,5.53716021063139,8.50038464267015,4.14550001137223,-1.23202596362031,-1.73628776876986,-1.17718627898206,0.334679698257734,0.920932574632563,0.432096879102291,0.759325203265506,0.0729494335615999,unstable,3
6.95859819522179,3.39983577391156,9.56622619761111,1.15150583569034,3.92519625722526,-1.95820834615309,-1.23300625346168,-0.733981657610485,0.846932814159018,0.62141213700504,0.678034871434197,0.424994129214237,0.0305174808504419,unstable,3
9.34452168817101,7.55738314413046,2.04971863856449,7.26890398348651,3.42051329268299,-1.33925880433398,-1.30319843076846,-0.778056057580549,0.705491836569924,0.960806697370061,0.298386729460267,0.298897640882117,0.0535765807129701,unstable,3
7.99659995584359,7.62709664926825,5.63752046985998,3.85618802888806,3.29011166458359,-1.07646199429256,-1.32022513176409,-0.89342453852694,0.955654619746294,0.414141860862395,0.0749154485355399,0.502348685574272,0.0433280105494837,unstable,3
9.01829282338772,1.88461784300095,2.35827096431298,3.46633854520719,3.38810647510791,-1.27092983620376,-1.20680376624942,-0.910372872654733,0.479821369195182,0.228503120527122,0.0715397660981899,0.0551292349359277,-0.0253928402163187,stable,3
9.50315312227033,0.749230398914544,2.83601698444417,4.52859615277643,3.38869176830088,-1.07714559924852,-1.24054627188405,-1.07099989716831,0.506637490492025,0.22568372128071,0.0710078598917648,0.947891126270916,-0.008745833251137,stable,3
8.32517649292826,2.3369884631431,8.29080160667523,6.15171759642904,4.02926339820799,-1.57985841050722,-0.806677144487051,-1.64272784321372,0.079514199420563,0.901123228323784,0.29679031423214,0.923922214371973,0.0213166118163528,unstable,3
5.60348340356703,5.8629283766181,2.78580087402266,7.45956990022199,4.38009269922349,-1.9656351522208,-1.84862880565979,-0.5658287413429,0.969039398723465,0.50805125821859,0.137766531108255,0.592238718635049,0.059555379183365,unstable,3
9.01659810549202,5.9867041917529,8.44018524262487,6.34546517953639,4.37729106874338,-1.4872176028829,-1.76777494779949,-1.12229851806099,0.821422877382855,0.711718437295215,0.889240076102754,0.509112094700624,0.0884560323156907,unstable,3
8.72531943632711,0.65353256949581,5.13986637150777,5.8463347611148,3.82656687459836,-0.929995227680041,-1.60453075578026,-1.29204089113806,0.665435367744116,0.995991498319719,0.317975730773064,0.959568206620216,0.0149059507304396,unstable,3
7.47155397468697,4.43412151319185,7.61504140850636,3.62214390299738,3.5281542072555,-1.74292939204337,-1.14867739920313,-0.636547416008997,0.245657354853265,0.776890266519899,0.0852019731175096,0.315451963534976,-0.007050830973574,stable,3
9.60413950786798,7.59568787592276,2.05184575147715,3.35107364351535,3.84377454328946,-1.67156621013078,-1.47987546624508,-0.692332866913604,0.118556725324421,0.668257029047487,0.347426368605178,0.169465714962346,-0.0194817074056218,stable,3
7.31969830853705,4.82648268170118,5.37502042911625,7.36486888429424,3.8074685632747,-1.79190882403003,-1.19288322041834,-0.822676518826326,0.327457295501849,0.770054800507635,0.860543170151843,0.874762296853301,0.086729747222595,unstable,3
6.31917582086051,6.90245844813176,5.76911454084688,6.78380950539765,3.99661048544857,-1.62627108965749,-1.2017226797887,-1.16861671600238,0.567981143835241,0.888069357532587,0.488117352997859,0.499969522451156,0.0771991960729041,unstable,3
8.26307112170264,0.716429750747094,6.89586757561251,6.89801164812022,3.54662487894514,-1.95117354799736,-1.01397861063988,-0.581472720307903,0.639119215264771,0.864199130816326,0.558016680708247,0.497794425406565,0.017568827647477,unstable,3
8.04020852378157,8.59297322040386,7.79531588227544,4.29503808435682,3.49700050517275,-1.49444375434993,-0.987698089775292,-1.01485866104753,0.871663439728167,0.62523775037398,0.500094612790123,0.366753647275862,0.0677618214917584,unstable,3
9.19842637909411,4.42065384735434,1.2419928376804,3.16006750118139,3.26622364613176,-1.45714438720358,-1.28423533625011,-0.524843922678067,0.771398731380997,0.790209394862023,0.245220248055743,0.724014218199137,0.0184302059366511,unstable,3
6.00979925942529,7.44466619827453,7.28027532469593,8.73664068265443,3.40897904221949,-1.69476917119395,-1.09881382916367,-0.615396041861875,0.493327776746848,0.961143389245858,0.235811826300202,0.399946742576597,0.0606249564036244,unstable,3
9.66546389820525,5.73235382040677,5.2639959283388,8.78357953027985,3.23383902699107,-1.49199594969754,-0.807110268576036,-0.934732808717492,0.364115236053355,0.0925795129880647,0.219674785116806,0.971741211919314,0.0388020296077835,unstable,3
8.67393793295394,0.630904424514645,4.77620629158524,3.48231774943602,3.35683998164898,-1.11808819550063,-1.04915358814879,-1.18959819799956,0.6871070651539,0.340434075523845,0.809905871409497,0.91897287107266,0.0301041549618488,unstable,3
6.4970093759906,6.35439827872134,2.76492994174767,6.16655904864311,3.22115972722143,-1.37695339363575,-0.89792907957281,-0.946277254012867,0.530661811022314,0.764609119150367,0.76266499324472,0.435867530666464,0.0579388720545935,unstable,3
6.2089343590903,7.7024824994256,4.36295765419931,1.35277962614705,3.93483174302755,-1.46561064439644,-1.69219634516664,-0.777024753464467,0.644536506464945,0.458462368936236,0.782931256475336,0.661188107460033,0.0321411192878814,unstable,3
9.49875977276241,3.55470377499368,9.25055318807815,2.40191603367443,3.89412122308292,-1.15278405659482,-1.8633431973926,-0.877993969095498,0.0831584656460083,0.486824659764366,0.887797307779904,0.54343622454859,0.00752864267784,unstable,3
7.46029774840084,9.74817384068206,8.20707274988558,6.44630745495592,4.01121237194242,-1.85862021429455,-1.21657623695658,-0.936015920691285,0.858448435579492,0.938017314023967,0.271399539413796,0.804834156681746,0.0862074611696188,unstable,3
5.32502603304763,9.40527565450658,4.00890927095438,5.26695820731133,4.17037813841955,-1.77618552068458,-1.47336295538089,-0.920829662354081,0.905240755339445,0.997170285223663,0.694611076708533,0.904072461475151,0.0937510285244222,unstable,3
9.63531656844077,8.32101887419256,8.19541291799409,2.47713231078805,3.55447307997138,-1.89962093140205,-0.709054959155712,-0.945797189413616,0.485765452249915,0.977987506424488,0.918790635015913,0.560414913134198,0.0714427452492751,unstable,3
6.79553820782555,7.52987804929336,0.866913052641915,8.93102998878602,3.90111120045912,-1.3451512006173,-1.77705373180215,-0.778906268039672,0.862330446438082,0.873610658961791,0.650995596619018,0.886028070276674,0.0648712910307209,unstable,3
9.22861904203657,5.66325774582968,2.48920605667758,9.57101636033236,3.95574896027372,-1.4658586733043,-1.62234169526146,-0.867548591707961,0.855687392516767,0.426031451963291,0.872546069376291,0.463983081504554,0.0382946596125197,unstable,3
6.76989524745436,3.95763570982446,2.51144431860707,9.59577697192637,3.6434910017567,-1.88750187287336,-0.791393493560632,-0.964595635322703,0.353222128026052,0.771381312665432,0.541136802077679,0.297306441901376,0.0010236794215722,unstable,3
7.62076504550938,9.51392278536016,7.40973018164284,0.650612901707355,4.34799883879447,-1.93414293919059,-1.69868283932813,-0.715173060275754,0.853798844089541,0.872990415078503,0.589248743945627,0.29900588958196,0.0607337209153706,unstable,3
1.98933349814444,3.2794847391261,9.89081535532385,3.26451670482059,3.88944796464733,-1.51566108567879,-1.48336568039441,-0.890421198574127,0.97394384569473,0.952700904020455,0.388293857795089,0.909045983816443,0.0287268637793441,unstable,3
8.53198862651574,7.25139641144723,6.97615589107095,5.24081383883679,4.60783998987148,-1.88853452296656,-1.49702463246618,-1.22228083443874,0.829601298176703,0.95058318746149,0.528570904055539,0.30262875481688,0.0804341741405779,unstable,3
8.07794926151575,3.13613576894287,9.72665470018002,1.82454733785753,3.64387890645478,-1.3194717418961,-1.61362958398068,-0.710777580577997,0.861076118420915,0.801325018426621,0.520293376750093,0.890852781968064,0.0191913885500066,unstable,3
4.22319337524014,6.29509070297183,8.18960903489441,2.9727146567764,4.0177800425098,-1.65858416712401,-1.55707113925563,-0.802124736130156,0.21107408399163,0.710442932546717,0.667160015766105,0.360751118610197,0.0359455597328808,unstable,3
9.11245858107904,6.70882166049705,2.43331546425617,0.707687360246479,3.79109474422233,-1.34535027408744,-1.78832659413355,-0.657417876001343,0.97589884656678,0.497590820177147,0.18750249652823,0.10072855700267,0.0273288847499299,unstable,3
8.21981173170422,9.86843815018018,0.584643150823284,3.88085593867179,3.53077172853673,-1.71462085566531,-0.663672753525351,-1.15247811934607,0.494900050142622,0.483100800586984,0.520927673982737,0.819471756456074,-0.0011442098405051,stable,3
8.03979452073943,4.05991943458098,9.17264025939387,6.42822982879908,3.89444740992662,-1.39552455333042,-1.85839872638113,-0.640524130215065,0.164399020001972,0.972688589332729,0.745158227580974,0.964245505286357,0.0735709974132014,unstable,3
9.35061882318464,7.01332199709133,6.37143185775724,5.08542986514396,3.457697747939,-1.20246432040323,-1.63385338785916,-0.621380039676605,0.271274124342096,0.537363460419981,0.10270934432018,0.874388893033086,0.0356671058344366,unstable,3
9.36256689308902,4.5057141567514,3.3180504701018,7.78743325512671,4.03783762752427,-1.77882205349564,-1.38774500501811,-0.871270569010521,0.500782548732065,0.464223837775161,0.57876255765616,0.80857342226623,0.0469888182152902,unstable,3
6.75496796577637,2.47899636070788,4.04608650184546,6.98877646879751,3.27982792148288,-1.74965219802859,-0.933234135479585,-0.596941587974702,0.811754088939151,0.429656292838363,0.609872676673092,0.753560383242178,0.0621309917659206,unstable,3
8.20880688568867,1.68812395331544,9.42608069229422,6.95048222255555,3.31720432431543,-1.89595460627491,-0.503248830682435,-0.918000887358084,0.830672612864738,0.217693056942148,0.889503016331913,0.414711610527261,0.0598901871190493,unstable,3
8.92963423104649,2.15763029155661,4.2087700525632,6.66668726234535,4.63853487655881,-1.99965512581463,-1.52040241670411,-1.11847733404007,0.596840764516469,0.472377922694947,0.13389258136927,0.181993480098058,-0.0171070454952398,stable,3
8.90185817998358,0.95831858229466,4.96441252789067,9.83498970865527,3.69861536228971,-1.88084115648483,-1.15084041721737,-0.666933788587514,0.940766697033647,0.570846343854078,0.861698020719201,0.894558852340949,0.0552969727136347,unstable,3
7.47309167364012,6.71113869269731,0.900846116576646,6.11749976591226,3.1119744160817,-1.85024485197167,-0.746748332805967,-0.51498123130406,0.240806248948524,0.185832329490934,0.118724989625732,0.883022549745145,0.0100620421169676,unstable,3
7.71866018731211,5.9445596663343,2.03216138610484,2.06267900309922,3.36445278032413,-1.97377660400344,-0.75893488357485,-0.631741292745841,0.717388827732304,0.5332102492052,0.713815292885988,0.0982348512864334,0.0111514670344462,unstable,3
9.59030064405748,5.77278911114208,2.77322725728106,6.50929810431189,4.42793439860424,-1.89139427845258,-1.70969165451813,-0.826848465633532,0.246211866223557,0.551571742154119,0.277121307117819,0.665178554463364,0.0256235274384567,unstable,3
7.89665384491779,7.84070976509,1.41631649419786,6.0071480169215,3.64693424418827,-1.61445608650405,-1.0920663579533,-0.940411799730919,0.720065803858787,0.347114087648705,0.914195332729677,0.459709049035849,0.0171790920895851,unstable,3
6.32188944487243,9.84435052593751,9.86844121121342,1.09725631577901,3.89146353723124,-1.72948139850893,-1.13758851164377,-1.02439362707854,0.323752207370441,0.602768157608132,0.583203230343245,0.660347052596532,0.0146469312066367,unstable,3
8.52065211799418,7.04818067229415,9.60915813205275,9.44378665198802,3.84245742954629,-1.93925245781866,-0.769856466010423,-1.13334850571721,0.50846243361826,0.723815727113844,0.386389193522343,0.0658621183694235,0.0427510093172333,unstable,3
8.45442056244112,4.29063392167724,6.47542337030395,1.20595778663052,3.57934399660374,-1.40518854954006,-1.43615469676616,-0.738000750297517,0.387432493018088,0.297279371589421,0.915687529384841,0.502058818365848,0.0184539119463177,unstable,3
9.65016340641639,4.74962318885849,9.19817772569377,7.96018764859496,4.39377837410288,-1.89920862746999,-1.21122422378055,-1.28334552285234,0.602157187478474,0.667574600647975,0.343995602770541,0.197135320637887,0.0360529932678517,unstable,3
8.65634570382934,4.271824789633,2.29560322992293,6.66174403727101,4.04056610416362,-1.6288614853102,-1.21199718829859,-1.19970743055483,0.96377423393343,0.519279106584802,0.221222333936633,0.367838097487288,0.0384336462564365,unstable,3
7.80028596901599,2.95792647755704,6.39301397491365,5.24766505738038,3.01529053758629,-1.35343480039898,-1.14126045057713,-0.520595286610176,0.48111959477189,0.707134383700994,0.722863733537886,0.45991783291579,0.0509966714968229,unstable,3
6.59110483051934,2.38495722507089,1.18662362068293,3.6352203310103,3.24403384588417,-1.07016151275383,-1.16396806719517,-1.00990426593517,0.804853793634319,0.971420310785545,0.392021192790325,0.346104329026627,0.0037552985946166,unstable,3
9.68826743400255,4.23034624473684,1.36617268931177,0.517039035968354,3.86568183745168,-1.29820020547323,-1.86566980492474,-0.701811827053712,0.0764140766906168,0.480766986312213,0.0529441846198728,0.491113126113499,-0.0341298710208209,stable,3
8.21649957904664,5.13598339461277,9.82444229670957,5.75585174159687,4.2541991379716,-1.27679913371596,-1.47274852541089,-1.50465147884475,0.185062858027572,0.97323058166569,0.174000689058946,0.700613664140361,0.0471074771287944,unstable,3
8.36599439669874,3.28602631422277,7.82029421663212,3.61187346871089,3.65872229009019,-1.48639273461924,-1.14816143829145,-1.0241681171795,0.344709639383773,0.321303800521706,0.698944868179916,0.123610391557192,0.0132620671552666,unstable,3
8.11722852925635,8.73017303817732,9.28830048489739,5.82415758801518,3.21651744238042,-1.07056621397191,-1.13945445923106,-1.00649676917745,0.180720882161035,0.352060856199284,0.362625124061926,0.852176707528079,0.0395202630563146,unstable,3
5.41729793778388,8.72119296869822,5.08255984723984,1.22705941860841,3.71266926072723,-1.94668111444312,-1.21653964258084,-0.549448503703275,0.0574119414317084,0.79775858416695,0.322897090961753,0.921604004759068,-0.0179197429121848,stable,3
5.75154782993206,1.93083736847291,4.19159473378512,5.36861038572746,3.22190194288194,-1.62324638548386,-1.00752458384193,-0.591130973556149,0.984895927233868,0.390506953435518,0.974623760290563,0.157566658249558,0.0569604569659193,unstable,3
9.46735994704446,8.65397589096416,9.27398730408967,1.19387424325822,4.38661754709278,-1.77685426308766,-1.85385755487148,-0.755905729133636,0.6139163458348,0.856783401038515,0.885772664032792,0.976810537426605,0.0488017572273953,unstable,3
4.43326237511571,5.60707693468073,7.59350684218456,9.9629267957287,3.32812487941532,-1.37935724982205,-1.25899580423996,-0.689771825353312,0.5966301640196,0.487034816422124,0.771762655374977,0.105751273134819,0.0429986670783103,unstable,3
6.08205819824302,2.58646707741285,2.93511170733074,7.43318694968679,2.90323333514503,-1.31557506714845,-0.991267426027963,-0.596390841968614,0.420699247810226,0.934994867813418,0.792215602036268,0.955259416722072,0.0542637405650929,unstable,3
8.5785459917734,5.82856059872662,5.05332140680725,3.03616946601986,3.81605054938656,-1.37176877930615,-1.02417597543602,-1.42010579464439,0.257390233416505,0.810672712537731,0.27627709747003,0.840369768793829,0.0355176786988483,unstable,3
7.26465378953924,6.85477495391759,5.01536421217369,3.12508345188204,3.56685034436009,-1.32176826572038,-1.2362188395314,-1.00886323910831,0.592103355841653,0.921949102121321,0.703324253472601,0.141839539389304,0.0664287639878051,unstable,3
8.6858680738135,9.86622778926545,1.61047705652755,2.16008863222918,3.9035102055018,-1.37929817478408,-1.95808811050324,-0.566123920214479,0.42773174595783,0.6003243013015,0.304135251399593,0.801776313139336,-0.0103194226311273,stable,3
9.87556890463477,3.08302328144911,9.45260161146382,6.95691210638247,3.92717622503775,-1.57091137040277,-1.41943600504505,-0.93682884958993,0.662652725273394,0.537081714069697,0.337927227450602,0.578940843915784,0.0392952560446664,unstable,3
9.37645102446374,3.33425142595234,8.3523292055693,0.918932175603963,3.64715710860482,-1.24893274012734,-1.40875144248679,-0.989472925990692,0.459538892953547,0.498899675751083,0.64446344716272,0.937752055741878,-0.0144179869542563,stable,3
7.71244030040351,5.63637959958881,5.37780395585221,7.69359145860479,4.12317222330119,-1.41932859115034,-1.40941394294247,-1.29442968920838,0.498123336528472,0.939956513096148,0.978545440411831,0.475378615587944,0.0899561728852903,unstable,3
9.45248119897969,6.30280724086328,0.517616977998393,1.56092226660124,2.92054205621373,-1.4737739860602,-0.750391356821126,-0.696376713332406,0.33297655263847,0.657613540159303,0.541390122778378,0.309462107397221,-0.040011785483187,stable,3
9.50952693332704,9.12109323820793,8.16517404651089,2.60781598511956,3.15523039176778,-0.782820882361918,-1.36704195688412,-1.00536755252174,0.372429481109522,0.578824707106478,0.113733211380586,0.306457137960287,0.0103232779508455,unstable,3
6.36683789417974,3.26990652232032,7.79178901898329,9.69329949813652,3.62909118445313,-1.58412162473119,-0.973604110584944,-1.071365449137,0.925631206476939,0.236326013372453,0.431387858564412,0.198289203642475,0.0362102871023879,unstable,3
9.16938514067052,9.32165680795407,0.922635181125288,4.71221655684145,2.76390560560653,-1.2984151469672,-0.956405632999609,-0.509084825639718,0.809825765747526,0.32089023241444,0.611345804589762,0.889239755407894,0.022388759004897,unstable,3
6.14396681861796,3.40472487788732,9.5082876809942,7.31586766905239,3.68956049527346,-1.48536697105145,-1.36302362518844,-0.841169899033569,0.319793840833761,0.816017509517302,0.278533654895446,0.0891995414494735,-0.0120948515004363,stable,3
8.50230658888016,2.87225994501378,1.6286330169867,1.0508402900705,3.02791098407528,-1.11757069294007,-1.03739252864711,-0.872947762488097,0.0519667790612252,0.995239253289374,0.193703654617603,0.299385238947553,-0.0463167878048963,stable,3
9.08699019409795,8.14990193530162,7.36407876324938,0.747363066422893,3.86234285812899,-1.8560920896479,-0.974927880475612,-1.03132288800548,0.508734351229537,0.84378018926209,0.9494815580885,0.37466057804428,0.0599531879903784,unstable,3
6.46904258740869,7.09909524866312,5.57832604436018,5.06691257616666,4.07030936855263,-1.46875977840007,-1.62597284028799,-0.97557674986457,0.221117634304449,0.194670442544468,0.410025155481891,0.514347015829771,0.0078721587505729,unstable,3
8.32187391143099,5.54433087392881,1.38828671480725,1.60753785602589,3.96584121141002,-1.9270620455982,-1.0182672989442,-1.02051186686762,0.493204773703789,0.368290115685543,0.483397375513143,0.081041130185884,-0.0346516659435947,stable,3
9.74968911503539,1.80043088478028,1.01595666218869,8.06557630373185,3.33098997936775,-0.886715270372375,-1.38703062551079,-1.05724408348459,0.662338238091809,0.99657254841583,0.732244296967061,0.560436147990068,-0.0273290055708279,stable,3
6.73143398882194,5.81162793505606,2.18909823147958,1.53305962664681,3.54181036113884,-1.95412455983701,-0.843478306938859,-0.744207494362968,0.252774877943118,0.59035112650218,0.493251899832943,0.952482970574551,-0.0234561723254739,stable,3
7.91642869746806,6.36121542673679,8.46331045118872,8.3811226309685,2.99604230300852,-1.59084149867216,-0.618157713204622,-0.787043091131735,0.179342404873752,0.434702333667845,0.31625918023563,0.520541346295611,0.0296520602983413,unstable,3
7.75834571526339,3.0178191891957,1.98670244100771,7.62759814075679,4.22463284328827,-1.81987084172702,-1.75118486848921,-0.653577133072039,0.575792649279847,0.221455142659617,0.640742646820863,0.268567251845696,-0.0145815861298631,stable,3
9.42527764106785,6.24550638886404,7.79645649750627,8.27801475415222,4.32206098764721,-1.96468406079909,-0.66705542556888,-1.69032150127924,0.945061067992866,0.603121906120218,0.775293778721328,0.713353494140457,0.0920722351638663,unstable,3
7.78760642951913,2.2392614736276,1.65148226914603,5.86017450634511,4.22944414470461,-1.25914237402848,-1.93965445858423,-1.0306473120919,0.965969760830653,0.85631078703625,0.685565504319912,0.542035712782445,0.024035431810759,unstable,3
7.9197823262654,2.19981174631576,2.00136760797572,9.22598295197408,3.82307007340067,-1.64482373366582,-1.17406792156553,-1.00417841816932,0.198739930912331,0.797978468695465,0.174160489291113,0.749703731718558,-0.0080381729943662,stable,3
9.85800882466715,1.81496892758847,1.61845097800714,5.98999950831857,3.80634833831768,-1.92812442981072,-1.05605011962691,-0.822173788880045,0.828548902206465,0.843968132470173,0.456969185823952,0.391842269758944,-0.0178516183580819,stable,3
4.81812817951908,5.36167079110823,7.23426965044175,5.43135136358589,4.04271449100167,-1.48059907855771,-1.41871749628788,-1.14339791615608,0.921543121966843,0.621109738243255,0.239399659954895,0.995718790171214,0.0881698003944349,unstable,3
8.89789245742357,4.09010799040659,5.49122801061373,8.18095806933263,3.41698337204706,-1.22835379787481,-0.99993139857786,-1.18869817559439,0.950342096053126,0.674750607053076,0.743656107748674,0.791336921165938,0.0862236185072887,unstable,3
7.79484405134651,8.38212426993618,9.84726376356363,2.59177006946794,3.4422056915788,-1.1480644409623,-1.21185354159477,-1.08228770902173,0.119539393588507,0.382333900395015,0.314812382175524,0.615094921009714,-0.0118809412379223,stable,3
9.77499576136922,3.43583270962632,2.7221616227155,2.54159690846538,3.24926359765695,-1.59227049406155,-1.08389820369449,-0.57309489990091,0.957464776556671,0.137232766057911,0.190805030877691,0.500984868503532,0.0005824351554099,unstable,3
7.68756110052927,6.94946719331046,3.52975878032844,9.17886894429713,4.01821492785138,-1.31304384173861,-1.66795787664057,-1.0372132094722,0.321571183975352,0.598526944291514,0.180561620510619,0.74569965084319,0.0445750082268837,unstable,3
4.41419314844757,2.10301706635105,9.64292688833241,1.71440902593359,4.18126962925878,-1.9085931728013,-1.4483992999911,-0.824277156466385,0.58761793117438,0.410264216628778,0.36394716168939,0.920193806674753,-0.0373213950952801,stable,3
7.79201648983921,1.10433498158891,3.54828551741169,7.55677956160005,4.02829382592462,-1.57156121293055,-1.49258063990609,-0.964151973087981,0.564122223472892,0.202707099504429,0.476889319985763,0.90014718844119,0.0376900119380511,unstable,3
8.61401204519031,9.39163212111584,1.61263843886579,2.83471674824344,4.01086040389177,-1.66730598005673,-1.79494023857191,-0.548614185263135,0.154770586473461,0.302191827459821,0.802315223721005,0.573703320820805,-0.0344255222124702,stable,3
4.94665308072214,9.7081018888806,4.67147326837898,6.45936509233781,3.86501880449189,-1.93397720182792,-1.32766518778019,-0.603376414883777,0.817298117898156,0.65352369223262,0.708286130195871,0.934379984007351,0.0864994711295416,unstable,3
7.63691263083497,1.07863861721115,9.69870355667666,4.50607165849775,4.06247459105866,-1.73400172346627,-1.68327573846778,-0.645197129124613,0.623054410598946,0.443969655920113,0.0539144228830747,0.478344723456779,-0.018598518053759,stable,3
6.58314627810039,1.03848775305218,7.95040958386559,7.89299716447467,3.52984477444373,-1.17250534063884,-1.15919039655114,-1.19814903725375,0.186811011378837,0.460166010812117,0.295229450832665,0.615997230803137,-0.0055932325992657,stable,3
9.04020696663726,4.02390473374245,1.97645219056695,1.05555786692878,3.05564663232478,-1.85469141647681,-0.620157114826795,-0.580798101021175,0.675778748073678,0.811744927253462,0.349042862347183,0.956409986437171,-0.0189841843145888,stable,3
9.29219109205297,6.87110842118583,8.27948551466314,8.2377982447544,3.43917688201445,-1.35445720302078,-0.927020711521886,-1.15769896747178,0.724202672971849,0.729068339894041,0.0940574623102916,0.0707374877776927,0.0385812862335041,unstable,3
8.22463160484642,2.45222792140875,6.79557892519708,9.02995457198682,3.27334356178982,-1.53097315863506,-0.711891926830273,-1.03047847632449,0.584734969374051,0.334333969683269,0.21960793565091,0.763974951015367,0.0376538069386438,unstable,3
9.2081385881734,7.23727884613731,3.04993725754922,6.5876503344507,3.34298210719815,-1.23198804991185,-1.01802310625877,-1.09297095102753,0.0959925416645571,0.105202714241639,0.555785262990153,0.940383854771769,0.0165334113671804,unstable,3
6.94211315956723,0.689097000209975,4.74466294252711,0.771274602318939,3.8219787782488,-1.50107651211428,-1.2864895262061,-1.03441273992842,0.0727368870014942,0.948564170662476,0.831343233253784,0.417580328490171,-0.0192505760884784,stable,3
9.96583235841647,9.39319381351561,8.43640906721794,4.35492471157938,3.29525125497705,-1.76723494572453,-0.693239027788595,-0.834777281463926,0.730363144173047,0.747385475525903,0.279274334207624,0.389087626937665,0.055463943622417,unstable,3
9.72972447898661,1.39383533632263,4.97193659074369,5.94757144302655,3.78671714918174,-1.57060933428493,-1.00951742790426,-1.20659038699255,0.342992459877693,0.264173085108909,0.332000446528604,0.319356880033506,-0.0257396407754308,stable,3
8.11496933874685,5.93555683547595,5.52797041333707,9.19347532588386,4.13867356852909,-1.89264327607795,-1.20091129041562,-1.04511900203552,0.844388882687313,0.783212262945056,0.090348578925156,0.782304235037037,0.0734452221850182,unstable,3
7.48569692858233,5.24112039558701,2.77811908809677,9.89391038218715,3.97017198280437,-1.94409055354898,-1.47918568743877,-0.546895741816622,0.0959056098102347,0.146474545695345,0.960747956035569,0.352690201063307,-0.0271184898725653,stable,3
9.76270043919348,3.93734064856617,6.82399224111263,8.89717339818544,3.42920906466665,-1.3845569611154,-1.4802808023642,-0.564371301187051,0.453719412055075,0.417381697037626,0.240245620955507,0.71368688867125,0.0375351230285184,unstable,3
5.07406712049448,5.44474481312905,5.66784288417927,8.83130158299037,3.48825283069023,-1.19395225389986,-1.42861460442127,-0.865685972369101,0.558709786438638,0.945325676349812,0.829908537714328,0.585955331639943,0.0874464899372126,unstable,3
7.02986081338354,2.95974716623011,4.66194963035805,8.68183899685036,4.21891160055056,-1.86741553627044,-1.69560003475061,-0.655896029529511,0.137349640990434,0.189756406652539,0.432447371315944,0.169808728252435,-0.0366145159614616,stable,3
9.1057817953444,8.12046764895145,4.45245175452272,2.20379982077713,3.30727189731924,-1.23454777284433,-1.0458689780814,-1.02685514639351,0.867621335846066,0.993371358421553,0.614208881357738,0.0632072020180291,0.0665943272454155,unstable,3
9.87294577389457,1.02751143684278,7.33034659694535,6.62522867121887,4.08412451290232,-0.889216027414915,-1.94508508554492,-1.24982339994248,0.352771753245089,0.974523195686053,0.413911070588416,0.363259801939222,-0.0235457519098742,stable,3
8.1469045181262,8.52673496769109,6.73006319004605,9.02642228271298,3.84782929029811,-1.37342801566381,-1.13487202418717,-1.33952925044713,0.346204734174734,0.64955581890735,0.411778471471755,0.774951802747168,0.0656485747704119,unstable,3
7.53552042895473,1.45615400146766,9.89041917681466,0.775341594870156,3.92555712655024,-1.54011772846739,-1.50508780462273,-0.880351593460119,0.917909939833877,0.947047765360054,0.225267966023349,0.408730313265966,-0.0263053804645611,stable,3
8.65838825553021,2.37200251086046,4.04675079043067,3.56154662847496,3.69397985738892,-1.10106368582443,-1.46098918090507,-1.13192699065942,0.331708293342148,0.234059039093057,0.499050948144312,0.902536201766509,0.0012603465531526,unstable,3
8.09954242584201,9.75393594184184,0.548149254551309,1.84536193835561,3.7989049503343,-1.84559189734207,-1.32981356269832,-0.623499490293907,0.281274696128987,0.717740335999376,0.475867302395666,0.376229129624783,-0.020439217822427,stable,3
8.05477170069668,6.09167886499177,5.09521030117389,3.97291277819514,3.47222168207488,-1.69607006915504,-0.640737917505426,-1.13541369541441,0.204083276226834,0.891872575619627,0.463040529160051,0.426527726141366,0.0450739494543825,unstable,3
6.54584308054914,6.58609282111041,7.84173001526253,2.45744915811667,3.85320090312363,-1.36681279704763,-1.56593872374449,-0.920449382331513,0.371884426569339,0.620418107805795,0.834712516561385,0.588296391871666,0.0528195164592359,unstable,3
7.7553601696794,1.87884546642248,9.95834787839144,6.71506033441294,3.7610747515618,-1.62161623574999,-1.29813124531046,-0.841327270501351,0.338095538986538,0.447366078655516,0.442215000208018,0.854166732931456,0.0318339398743777,unstable,3
8.66041343776996,6.03396727348136,9.84563370488023,1.00823837144276,4.07212146073544,-1.90220297446502,-1.59665240792541,-0.573266078345012,0.548426039749131,0.8263857521083,0.98442998691957,0.556760643903802,0.0508599980753645,unstable,3
9.32823362911318,7.73062300398302,3.52483640119006,5.90445863313458,3.74282231372386,-1.79278739420616,-0.957960492468276,-0.992074427049421,0.873371936038757,0.551301748637837,0.188054154305545,0.362019317926159,0.0483973291603598,unstable,3
7.89682255611407,4.35835999782669,4.38901211837564,1.62343104499837,3.7405225284004,-1.46611464417392,-1.71026584446148,-0.564142039764998,0.918020034476917,0.475991452163791,0.250149853934009,0.561136030455169,0.0179096171007868,unstable,3
7.17023620220379,7.26602770018448,6.18472388812093,1.6885937901741,3.97717432258614,-1.48506525515419,-1.40549787894974,-1.08661118848221,0.316684305041191,0.972520859748221,0.856182553969352,0.857837791358806,0.0590543033233745,unstable,3
6.87939500271932,1.78333631845072,1.00493174054684,7.22990305837551,3.16172020759823,-1.76879068196011,-0.851476532486454,-0.541452993151662,0.438393731265069,0.518469099384791,0.215167135725585,0.839315876454655,0.0079680553329086,unstable,3
9.98391762611276,5.55554124074556,4.80867140523928,1.60613460478038,3.35172988238162,-1.34218054957022,-1.30880277709108,-0.700746555720316,0.894576748700156,0.620868882220561,0.119589478777477,0.614256043448792,0.014403460417866,unstable,3
9.93389812697867,8.98121826844502,3.76939607818349,2.94577202295691,2.89731893997753,-1.14445849920335,-0.647135781735356,-1.10572465903882,0.527400820143466,0.976203378093168,0.846956190707437,0.82726443090748,0.0502798526022059,unstable,3
9.24132608566177,9.71829402689823,8.59390366815325,7.516028464294,3.39198697785996,-1.14274611294514,-1.35400585395235,-0.895235010962468,0.663660911384021,0.570503570777554,0.716314408355467,0.891594681983201,0.0867500877484226,unstable,3
7.48954206359345,1.19479808549141,9.21224136824694,4.57719084182261,4.50141710782269,-1.64704017740847,-1.95835394623108,-0.896022984183137,0.935940658651183,0.349666439972188,0.993208582140499,0.757037207987396,0.0659775287282869,unstable,3
9.67585093958619,2.12497490256133,3.46078944402796,1.89496747731002,3.44828642286261,-1.06831075063311,-1.38132785695455,-0.998647815274948,0.373036001580567,0.495013014302219,0.416530734547843,0.94428163187222,-0.0277045480131077,stable,3
7.78023755269013,7.52459680148846,6.9022085072022,4.59308251807921,3.34669250829852,-1.29149679645499,-0.87254803767082,-1.18264767417271,0.62949001211943,0.579065141827462,0.105850849858149,0.863885150115824,0.0556741190800166,unstable,3
9.57252053334421,4.52307702325819,2.86686740984749,9.27190390392312,3.88744878627635,-1.41231642053217,-1.37044842303038,-1.1046839427138,0.191565849900494,0.329607622972864,0.194365577138225,0.557100728823157,-0.0023632399376503,stable,3
4.65434763241697,3.79394920985324,6.91301037083633,9.8006763947077,3.81451403246768,-1.44376539810725,-1.55465823629736,-0.816090398063068,0.245202583256852,0.88311526119391,0.97396861819017,0.174168379758343,0.0482201881030822,unstable,3
4.88910649492792,4.3936956346082,9.26009791629883,3.83530570234332,3.2204543887109,-1.33693808385057,-1.34312091576082,-0.540395389099512,0.696166573009206,0.810251209267154,0.512401587271573,0.209671191778337,0.0414921672758415,unstable,3
7.08465206029866,5.09331842810378,2.27928001914446,4.21109473003106,4.0305513271436,-1.91240607186428,-1.41221749915538,-0.705927756123943,0.994596739947724,0.0981474114351964,0.603481908651247,0.853815153433771,0.0475537830208795,unstable,3
9.88434605195694,9.98004009191648,7.90696945637293,5.90174977265977,3.20996240862804,-1.22771733907618,-0.822667322135146,-1.15957774741671,0.298783983690031,0.541881676700832,0.762509465765641,0.492007892764902,0.0575312716878878,unstable,3
5.62118895125409,0.692409794730262,3.9232280218902,1.32590470984451,3.50808982958598,-1.54631252934991,-0.89772732023265,-1.06404998000342,0.323051881822254,0.889849751282352,0.577063837720931,0.620362060136324,-0.0385930586435985,stable,3
5.39886443851383,9.33736185125246,5.34984274830533,8.11029775452551,3.65829404314921,-1.82235791504913,-0.914059027340123,-0.921877100759954,0.69465433778225,0.761856550119565,0.196465886435063,0.384356670838125,0.0503372186715972,unstable,3
9.18969311903052,6.188648755897,4.60634923351296,8.47975192178823,4.22458381045607,-1.5863928871979,-1.88068547844996,-0.757505444808211,0.374074030214967,0.529291412217274,0.496224313235001,0.265764489812246,0.0283460048810171,unstable,3
4.47314999203021,6.13344265354436,9.58495189697032,4.73748797879533,4.24045014864387,-1.66504068037434,-1.88116479017476,-0.694244678094774,0.816153186941437,0.765626581307581,0.398254931563513,0.356318242789038,0.0552588550002087,unstable,3
9.10301266889065,7.33673164367369,2.38275291741801,5.29000288515082,3.93212414370471,-1.48101884088602,-1.49603202231529,-0.955073280503403,0.231087468316228,0.536201863594876,0.373232953640029,0.263066994495977,-0.0048862037803945,stable,3
7.430836139502,1.61381899196344,8.60670162823405,5.23384639136468,3.74266535038152,-1.4180130580605,-1.13213959029414,-1.19251270202688,0.751237229892358,0.104743350396057,0.4062473214602,0.4229510213181,0.0307030894686663,unstable,3
7.43919687676694,9.31710559626259,7.47360831767547,3.07646995504476,4.29505199959005,-1.95097735518691,-1.24758708058606,-1.09648756381708,0.841248023150281,0.200630473128719,0.385416882672973,0.63147388765631,0.0377263717237775,unstable,3
8.83700570134604,4.64839065198978,3.03551576037677,4.47072093591721,3.97048464508436,-1.80473448748281,-0.877084327113791,-1.28866583048776,0.343694920148405,0.188445727343368,0.351593073609193,0.357155543640119,-0.0298483582823479,stable,3
8.84371482754147,7.75704198263503,7.90953548499449,6.05650073767239,3.0211626292452,-0.851321037337556,-1.33750129430058,-0.832340297607065,0.752417484062302,0.706104100729496,0.676251570417462,0.946997071652699,0.0948909664453223,unstable,3
5.07573439906626,5.52688338700921,1.66137559535283,2.08127059605954,3.53216800123939,-1.57855380706907,-1.41932112009391,-0.534293074076413,0.818973318945526,0.305037615748027,0.295798376470413,0.336659911551831,-0.0055177649615767,stable,3
7.85996514010782,3.26753905057069,9.77665488022844,6.53829350233857,3.34987865694228,-1.33771449548573,-1.4361149602894,-0.576049201167154,0.73407714581397,0.604732801740242,0.314029310789292,0.57338671021373,0.0466673149950721,unstable,3
7.10285464749705,6.0547946620465,2.20087936089454,6.23397688518051,3.23216266639482,-1.06786743635284,-1.41440361961173,-0.749891610430251,0.494363117951371,0.386994833373445,0.471508339288734,0.7230989090835,0.0379626553516564,unstable,3
9.08100754086882,9.8614821762615,8.57824439304856,3.00640542243649,3.75894496165544,-1.75254122755678,-1.28222326982901,-0.724180464269652,0.886878069954386,0.630460059043433,0.348931155622535,0.329131501615734,0.0540794462820556,unstable,3
9.34310780596654,6.92375766518699,9.49585544990707,1.47188696380116,4.13791940594948,-1.50090757236392,-1.90741144296773,-0.729600390617829,0.336490541325776,0.259995730696729,0.292487819792209,0.178851596941149,-0.0101735815728329,stable,3
9.99396067701522,5.65753957963232,9.3831022110283,9.39091501621733,3.2284418465177,-1.28635332713687,-0.910507117992686,-1.03158140138814,0.941400657526285,0.271721268469823,0.103172243997331,0.377673076159876,0.0425859797989613,unstable,3
9.97813160473168,2.95647285252655,4.38762521648809,8.41147778758859,3.88817292629,-1.0942092592216,-1.36358301506863,-1.43038065199977,0.0898088659332925,0.418670046495114,0.983439937543425,0.730518278385318,0.0335587691585127,unstable,3
3.07635054208305,1.61220241457258,7.18164976388397,1.03871679290244,3.70385688361209,-1.83679644290106,-1.31991807589707,-0.547142364813958,0.534140383977722,0.972637000993475,0.726987891109106,0.691067339704019,-0.0386691441979954,stable,3
6.84863752818477,8.89630608272749,6.20801148865236,9.69076810894348,4.24357617786775,-1.95226672369982,-1.40711011393286,-0.884199340235069,0.8080129753952,0.532315383098479,0.800843632982174,0.231340346956907,0.0697383708816248,unstable,3
4.32079071890989,3.78436104474202,8.52055347467809,6.45372806057527,4.06112733162011,-1.72761895941288,-1.56832341602584,-0.765184956181387,0.900303362241533,0.143327930797085,0.402280661987861,0.348499312291165,0.0241335090201096,unstable,3
8.80020868987403,7.07777958780505,3.5632829638204,7.42862348223886,3.5995966245773,-1.14763759498944,-1.77670143325008,-0.675257596337784,0.0672703182570077,0.170764576230654,0.256389636541628,0.722529025808931,0.0010784795529471,unstable,3
7.86820529378735,3.17703233930366,8.67913258870564,5.74774218841684,3.79386169107595,-1.61688648414433,-1.20711699694936,-0.969858209982258,0.699309373152247,0.677814767779115,0.660941767260442,0.427197100621316,0.0550296645686878,unstable,3
6.85539911483671,5.95041088542496,1.85402413707852,9.28797295933934,3.17654384310533,-1.72503434693713,-0.910183272956451,-0.541326223211747,0.102738591653295,0.689898029388809,0.709883687498916,0.909215972456884,0.0295686543844983,unstable,3
7.18966782105444,4.30149870699891,6.63047709381665,6.81455616849465,3.87777407682862,-1.5888556773655,-1.21509459159184,-1.07382380787128,0.999357153477741,0.779377892148632,0.380065431859327,0.150495762789384,0.0624610125920589,unstable,3
7.40813627357741,2.18451746104781,0.863299541583017,7.21282477368687,4.08370298613628,-1.95321945588358,-1.56949746782737,-0.560986062425328,0.533466879381225,0.135868699219276,0.423413089104464,0.911644458811565,0.0173936309581472,unstable,3
8.90011939255334,9.12923822869405,1.76457279405184,7.87693538261134,3.73685327716295,-1.70028773572609,-0.893881288039521,-1.14268425339734,0.449082652548972,0.203535684361899,0.59047583906472,0.414178863721545,-0.0008587624879034,stable,3
9.86948868172468,3.14772009743901,0.782349914438243,1.2258707441378,3.93266632061145,-1.35731088416637,-1.39464292772096,-1.18071250872412,0.144530430743868,0.904645864916522,0.662857373172491,0.449278909230013,-0.0503696569334842,stable,3
9.49464127210586,4.27583378246755,7.83936313325992,4.44319551262116,4.37755082823221,-1.96359232443131,-1.35286913931497,-1.06108936448593,0.775769437045485,0.948218125147128,0.866903512933173,0.647377762278437,0.0817928169148088,unstable,3
3.28408932498265,6.51804502743857,6.15802850706752,3.71791144979052,3.2664849448674,-1.40351094093525,-1.29356077632142,-0.569413227610732,0.187231344980225,0.961253593187772,0.303818823157941,0.502900155475923,0.0385576797233632,unstable,3
8.66348996619923,1.47845210686617,6.02718264426927,2.28608071416976,2.95182529510154,-1.43256969775209,-0.537398496065312,-0.981857101284142,0.712457570205017,0.613278537977894,0.511276024371164,0.780196304398406,-0.0034257273240274,stable,3
9.12431087432333,3.69602828230874,3.20203761925654,8.00012464459462,2.79638594455349,-1.43064533772882,-0.748604738614441,-0.617135868210229,0.701566807210473,0.588229127296559,0.193004082899803,0.824284788110271,0.0486303793365123,unstable,3
8.66063808573324,4.6840427942753,8.71658304404654,4.8103481256005,3.25096149571293,-0.845961420011031,-1.50567657850354,-0.899323497198359,0.261058642388367,0.957470892733103,0.613860225512425,0.400525598304394,0.0499232946886576,unstable,3
9.57443272815265,6.22965040698171,4.47899273819502,7.95240878867047,4.0373372800723,-1.38947206794614,-1.69592723321619,-0.951937978909968,0.50684011569157,0.461307472510566,0.758852999008815,0.545169292328975,0.0550001190137494,unstable,3
9.33363601473792,8.71857815808974,6.38843848624185,6.63454646898822,4.57753423791847,-1.92854880543957,-1.42505881944086,-1.22392661303804,0.103783118383491,0.154620101546692,0.570937369605207,0.518917277833435,0.0181734130926979,unstable,3
8.88017543664646,1.35454125261714,2.07292727234669,1.38065968056774,2.89704833099217,-1.54747153371589,-0.845846441807691,-0.50373035546859,0.666023194813289,0.400186335472261,0.818585344076292,0.788558349997821,-0.0210402675718903,stable,3
9.9966779204262,4.84136744133232,1.24464714274806,4.89036605621702,2.95171965906675,-1.06658359010816,-0.910880525017262,-0.974255543941329,0.747623429432347,0.779882762355129,0.647330931231262,0.514418667103138,0.01588198644955,unstable,3
7.06903428694411,3.60315153906794,1.99286868103016,1.82345159991954,3.17206133888407,-1.35562577123618,-1.09115358947152,-0.725281978176371,0.857501591089744,0.787063040295296,0.865688568746125,0.942044062631961,0.0282337912474068,unstable,3
9.63989500359064,3.11322249478302,7.26291450539678,7.9067864208488,3.92140583944229,-1.79710186741789,-1.51251403078337,-0.611789941241033,0.782052280470406,0.847908847537547,0.299122128704082,0.83757138164276,0.0595540003954831,unstable,3
6.09837852327155,6.63435336658979,4.54226264014839,4.73886170930859,3.85853605360876,-1.84859095747781,-1.50385440071527,-0.506090695415682,0.328228683397352,0.662146163786714,0.654567504615195,0.710067732013632,0.066244932763093,unstable,3
7.83373810433492,4.57659406821191,8.90294779262131,8.16382830807557,3.85331442405044,-1.52809149410082,-1.47155170549025,-0.853671224459366,0.689788677122961,0.0845256415742903,0.947283183162489,0.738145930136803,0.0754125565034585,unstable,3
8.15369736500416,9.52178518460538,0.807476221102814,7.50273336193033,3.98509079944258,-1.50051429017833,-1.64914951845917,-0.835426990805077,0.289589768596685,0.210511714359487,0.295128819857663,0.327741962629511,-0.0238267526188488,stable,3
9.1534004143708,4.69628493874392,7.15358449279995,5.05127065934708,4.22108090643181,-1.91737807302267,-1.65501338053285,-0.64868945287629,0.999937073063054,0.702422077727323,0.323365606494347,0.619742846544839,0.0684421564114796,unstable,3
5.1938128504092,4.15166932945898,9.5657360401194,3.20318619561878,3.7717193732806,-1.40400889294293,-1.29349258931085,-1.07421789102682,0.114695452315144,0.614688815897079,0.797073798286488,0.878369885988712,0.0241912848360218,unstable,3
6.19598793100597,3.89647436719754,5.86178173305675,4.65430668730094,3.8987451313863,-1.64273842975444,-1.39555858387018,-0.860448117761675,0.847254781212384,0.0564799373960216,0.592502134631701,0.133881657358119,0.031012265368417,unstable,3
7.35798622353774,0.959418262122548,7.51892202907278,6.41320315046231,3.51255298732601,-1.39234872087052,-1.54916523162492,-0.571039034830569,0.0704212379908853,0.523211923640961,0.175260689514959,0.428506424278989,-0.0416708476772507,stable,3
6.99184524650772,3.28433001163737,8.43070865996255,5.14475366768391,3.20369739683135,-1.54188929929521,-0.945332681389479,-0.716475416146661,0.885736498987034,0.463417623837223,0.9575515677126,0.482814620424849,0.0750864019458945,unstable,3
8.44190176990409,1.65856338962289,4.13887823907712,8.35770319641854,3.51646506282534,-1.02662153282546,-1.34421177779422,-1.14563175220566,0.863714024758417,0.124452457654754,0.0950746059938928,0.436844897069352,0.0250290966720882,unstable,3
8.93829063600065,6.89607944787497,4.50493401467167,3.98600360508019,4.07820781056723,-1.24832896165899,-1.98967139035458,-0.840207458553661,0.898969567037683,0.46452209078056,0.307647126388156,0.489264576764411,0.0474142628930577,unstable,3
7.55696061072674,3.66099513014675,6.44906868969338,8.49449325231835,3.09201898940429,-1.46651379659022,-0.627210921264684,-0.998294271549385,0.809492922294939,0.828982417868791,0.958075465715419,0.757999073778254,0.0937114911018477,unstable,3
9.12737737645102,6.10308634725295,2.44965431900482,7.01462254477277,3.66607000279216,-1.72542480264145,-1.32308875963244,-0.617556440518273,0.275951888853497,0.820404658156029,0.0876037173178163,0.472885338657373,0.0313719436562155,unstable,3
9.56645342939743,8.39831120270428,3.43682418953293,1.13206076001686,4.13202860423221,-1.90388624739386,-1.13477450297705,-1.0933678538613,0.218214178129142,0.575643090727383,0.690616448760038,0.473046240469266,-0.0157770619372905,stable,3
4.73787951551123,1.99520320358644,7.63071348239671,8.35927396809561,3.28368465872412,-1.63386936650393,-0.99279498647853,-0.65702030574166,0.688513124247849,0.528384624467255,0.0636094199961517,0.531742978205952,8.48754557232421e-05,unstable,3
4.3878069619035,1.86943863183009,1.81819980105776,9.86409790567583,3.50732933331169,-1.39947808026514,-1.21288443835455,-0.894966814692004,0.85729188923042,0.85284586680487,0.229964977515879,0.606375384332815,-0.0202079972800931,stable,3
6.32884758950234,9.42149288237232,9.60200125531273,8.19532774830146,4.3075691711452,-1.93459193572734,-1.67317217373528,-0.699805061682581,0.890792028815331,0.822860364314233,0.417910747671012,0.358489899784775,0.0727841518550717,unstable,3
9.91715716328088,9.76903971151735,7.68457446909653,8.00847914543079,3.46984911397129,-1.20208534006642,-1.00958865707885,-1.25817511682602,0.390951020375416,0.714811677172565,0.931414583711535,0.793919971649275,0.0859900387952473,unstable,3
3.61111918343191,8.43427791781081,7.42236895960378,5.55989425614937,3.39402316181611,-1.68951348889979,-1.10905725307856,-0.595452419837762,0.355276795327087,0.925969197477631,0.636044428532596,0.64504132794045,0.0703194133255226,unstable,3
5.28167893920045,4.85873320329083,2.40736921894529,1.74937514590988,3.75053027197619,-1.39278818092281,-1.15758251991442,-1.20015957113896,0.559888353735305,0.91480604407659,0.152037704994696,0.657738733249791,0.0268228721371346,unstable,3
8.85871012033222,1.77820203931653,5.71389366155795,3.34731935264338,3.33475101124276,-1.26319984156698,-1.49235932889724,-0.579191840778536,0.071851169111107,0.529710237261808,0.463619869359178,0.641581407272812,-0.0298802560626933,stable,3
3.90911116935534,5.82739174539384,7.9328838982766,8.20501664423486,3.26946494355176,-1.36456649995501,-1.17747682588885,-0.727421617707901,0.284646305263076,0.412484852366293,0.107232096862568,0.955372342662358,0.0366684927259037,unstable,3
8.3672615968414,6.79597973698843,2.35705911577954,3.97500717671134,3.92885001550871,-1.80244928566851,-1.51890431187941,-0.607496417960792,0.957662207437386,0.903146760522443,0.0651993944425182,0.432011477707344,0.0615224554843386,unstable,3
8.97237816760862,5.95436591620896,3.78694282510505,5.91438425718456,3.94643837866411,-1.36191489067489,-1.28704021985009,-1.29748326813913,0.0922215449525812,0.312989427347984,0.287750449236882,0.325684425125105,-0.029485278827391,stable,3
9.07221939753741,4.20822779499994,2.01164145038075,9.95636037920675,3.96968992478524,-1.41223674749472,-1.92123948422357,-0.636213693066954,0.0702373641786899,0.813505516616912,0.637222449426067,0.389260859764334,-0.023541956305115,stable,3
7.44017953789022,1.79714272596813,9.16011984553469,6.85975351782882,3.13276345261565,-1.2653871369974,-0.999492285776883,-0.867884029841365,0.796348058180328,0.985371782203794,0.40110264514036,0.195329399485857,0.0148413158703566,unstable,3
5.75032420327727,9.27481618768204,8.18688161015814,7.77272785403695,3.43025752247534,-1.68029707608492,-1.0209016244527,-0.729058821937721,0.175655780522336,0.940155953880956,0.85935125507617,0.969781961951923,0.0903840439867169,unstable,3
6.79139508296358,5.01577423584632,5.10719116972963,8.11493854527143,3.83962172065062,-1.69226682407497,-1.31478036008304,-0.832574536492606,0.544503346766846,0.0699002374067006,0.35261913027161,0.781795640426007,0.0408294163358919,unstable,3
9.90454152874344,8.27937401347867,6.09535563347343,6.66834090597779,3.79794008764944,-1.7889686539063,-0.7279803795418,-1.28099105420134,0.194791014087519,0.894696943329087,0.660503795135062,0.305951865630681,0.0572423666851358,unstable,3
8.18873912614741,0.758082411579322,3.61992867498304,2.54891384599104,3.69507625455044,-1.27437378679827,-1.38503875269149,-1.03566371506068,0.949595778599374,0.602263496459563,0.638177408103399,0.389579687974622,-0.0070585095640819,stable,3
6.22215373587284,0.949628025524702,7.24577082926411,7.31827617271817,4.43117673635072,-1.7945641657533,-1.9640261846176,-0.672586385979818,0.547182420410827,0.409903900382003,0.26851630009189,0.200767432935812,-0.0183737623834486,stable,3
9.27894267228078,4.57299124410223,5.61063237882283,3.53052857426073,3.44959405343794,-1.46046924327343,-1.17231865653525,-0.816806153629255,0.673510698503434,0.975578700783761,0.731890889521794,0.153240126404702,0.0595856779684121,unstable,3
5.73210979749099,8.4374508287137,7.43917816379983,9.27595749322883,3.54425483508071,-1.43891099585516,-1.55399995585249,-0.551343883373064,0.57412499766142,0.685090337678513,0.58724095271386,0.223721528682546,0.0578628640224319,unstable,3
8.68260607828506,9.96627956445629,5.84069013456224,2.66874289462375,4.11996470768686,-1.96825277950715,-1.44497981042755,-0.70673211775216,0.193453524292863,0.89085858506489,0.151606451677782,0.996200297177613,0.0150313942858596,unstable,3
7.25432160494623,5.40639131579702,0.81449180161556,3.95064251604771,4.40063114408711,-1.90665579546764,-1.36918807374297,-1.1247872748765,0.627516247115114,0.801045989734581,0.0896463984523446,0.551529639713382,0.0404158858179756,unstable,3
9.36356849715371,2.44838431434437,4.08106645826835,9.647818801292,3.58217505788847,-1.74552650664531,-1.07315861211948,-0.763489939123683,0.495476210306666,0.791445171677431,0.595220919381545,0.610328536752735,0.0203551873594556,unstable,3
6.36527096274135,0.911306432461669,1.07303718784472,3.64553510953826,3.26328945909095,-1.51417992822422,-1.2063568992404,-0.542752631626325,0.0637009411505505,0.534341675630967,0.251219408565916,0.511301003220186,-0.0511515399035696,stable,3
4.58301523287178,9.80099955247777,9.26388570185963,8.01295863734009,3.61802988738084,-1.18307450172368,-1.86288443549651,-0.572070950160653,0.190261867344426,0.952035847355609,0.147274059740688,0.879003981589144,0.0610201406725108,unstable,3
7.18848918163212,2.93581678175237,9.29808555964122,6.26959330809627,3.74509344617355,-1.15626722476883,-1.36829146072629,-1.22053476067843,0.541098468158639,0.983563908488315,0.135265102710134,0.0623830746948312,-0.0079520297970401,stable,3
8.66258940022268,7.3470826270669,7.39682219165124,0.542468807467481,3.58172011735,-1.39432759629599,-0.84976513354365,-1.33762738751036,0.910346395415912,0.343607251853872,0.374636349920636,0.993141181861515,0.0076629025962569,unstable,3
8.64943088040121,2.08690320742846,6.79402634005571,3.75727639830774,3.64382426237276,-1.76713568432836,-0.942786015751108,-0.933902562293294,0.861168737733024,0.375109151971691,0.125019348719829,0.24682533191169,0.0038156564787158,unstable,3
9.02116247609513,8.18302632606713,7.40339478479839,7.12843790453933,3.61501093320886,-1.19868079304242,-1.79428873142247,-0.622041408743965,0.610331649609808,0.322968752075337,0.293488396980326,0.96863639705363,0.0659648297960781,unstable,3
6.26347778119785,4.78384894595561,9.72335178018687,7.15980609377243,3.22539020959027,-1.09511906548176,-1.46776139146107,-0.662509752647439,0.965388520642761,0.38033370478559,0.53261083597001,0.890260515240171,0.0814057111289006,unstable,3
9.59348554227529,4.56855069034358,3.21902661593846,7.92572225022379,4.14807965029345,-1.23749533545811,-1.83590585444431,-1.07467846039103,0.53590597392966,0.491141561870077,0.165732699232699,0.134804686056692,-0.0024273617740812,stable,3
5.54886889651991,3.82061380316489,8.39430956333558,5.4273533074151,3.41668285763912,-1.13677584547431,-1.36582336196823,-0.914083650196577,0.126678069331797,0.548743915186371,0.357981549649403,0.942339854059705,0.0378696319186496,unstable,3
6.24766522783606,9.51052830358843,7.78317424035519,2.01037616295634,3.80324590977563,-1.30047291449144,-1.3370245408856,-1.16574845439859,0.921823355397983,0.998449402974952,0.356009185399145,0.434206308573483,0.0606435664161383,unstable,3
8.80119997055384,4.03150736650557,9.47799569235065,2.24560097771386,3.13089037383422,-1.27778900299737,-0.708420984316419,-1.14468038652043,0.0573352503015078,0.922138242734271,0.48380622440619,0.51323509274913,-0.0088173686483742,stable,3
9.68173120211972,5.52528339606117,3.47819174340757,8.4912441565619,3.21393723863375,-1.33457261312632,-1.14908593365804,-0.730278691849392,0.268242743507519,0.188626843559414,0.862591965470774,0.561995218540825,0.017341159293852,unstable,3
7.80222738507017,0.920348235818022,7.74410501484572,7.86577987198775,3.60112528645664,-1.658230370589,-1.31767630078128,-0.625218615086365,0.548906011799513,0.760144085771581,0.652606079475275,0.718703809503113,0.0368353736017065,unstable,3
7.61616480953136,6.29788400004512,8.33820975335302,8.97785026436339,4.55395936674206,-1.96118849377768,-1.4839185228698,-1.10885235009458,0.532678426103815,0.70453174078041,0.0567493837754231,0.881122527173305,0.063224095939873,unstable,3
9.50498388250138,5.26541457927058,2.02961713024452,8.02633439836855,3.44975561130303,-0.922753774180647,-1.52630541572226,-1.00069642140012,0.19186414756278,0.611297075548704,0.0800078195126215,0.350311872858683,-0.0040552662177752,stable,3
9.53900076032642,3.05737866765016,5.79309059214315,6.6035617594997,3.33590124252584,-1.55926355788936,-0.748178086609754,-1.02845959802673,0.852948265400291,0.300227785720375,0.769553957045483,0.308485010486855,0.0493885086197477,unstable,3
5.87240180717146,4.28686039714903,2.7712229846605,5.0768007200798,3.43752810247274,-1.80982816630158,-0.848239131790609,-0.779460804380546,0.803681067533263,0.666257695038398,0.810384938510482,0.993045408418755,0.0965043631951967,unstable,3
8.65350480111475,5.73691582374735,6.66023141434385,9.08724052909537,3.07711354401024,-0.951742148556758,-1.41757683037702,-0.707794565076462,0.072071621427713,0.295936568225675,0.131194538299136,0.780049909842092,0.017345645423853,unstable,3
6.56020459994942,8.16529484591051,0.822740566648601,6.24161045930277,3.63864685987153,-1.81799312396505,-1.16459134540517,-0.656062390501308,0.437588643561791,0.622783910955195,0.876305980167349,0.087715285495643,-0.0188913043531518,stable,3
7.39961642807022,2.40333759883977,8.96099377161723,4.77437586952336,3.79373752913946,-1.16642716925996,-1.47111886485233,-1.15619149502717,0.948894312422713,0.450353120360001,0.513298618009789,0.358691380392822,0.044598329904588,unstable,3
7.95032680514631,7.18530376008905,5.40935541011437,3.46935455040353,3.12700656744979,-1.03532238461702,-1.30017978491479,-0.791504397917981,0.674551247200922,0.776484510138928,0.0513663963142131,0.656911678966117,0.0473132095518169,unstable,3
9.37086040711106,5.09150811248404,4.42499730402469,3.13076181193866,3.03853120284508,-1.49828251596695,-1.03441943400064,-0.505829252877494,0.292611264537537,0.884063081225471,0.525081351390929,0.72484723695304,0.0460003293737943,unstable,3
5.42236171686334,6.03066233671709,9.10622220375444,8.17640686551592,3.42529511290299,-1.34068586527605,-1.2902598199119,-0.794349427715037,0.145195239558064,0.995831880006969,0.775353581027504,0.842442251224913,0.0823317533048792,unstable,3
9.7909050954335,5.61630996976444,2.60027581300958,4.66787228082484,3.3205173065253,-1.0617832149443,-1.2793698055525,-0.979364286028501,0.566475207176395,0.208075671556825,0.237838229542994,0.966885349632821,0.0207182130301865,unstable,3
9.0482951036662,1.43323249690742,5.92333257812839,6.00337432693366,3.33592399091155,-1.8151815203008,-0.777606416533981,-0.743136054076767,0.412584224202502,0.855601930892025,0.628469506777059,0.321074239351912,0.0006384647929698,unstable,3
9.61150888418778,1.26849210380294,4.75681688410696,9.40968460740842,3.14379789584784,-1.25428052319922,-1.27272266917612,-0.616794703472499,0.398496073401401,0.284068978420739,0.751743332875952,0.114214843303735,-0.0135741154716638,stable,3
8.70252189351496,7.9401572352289,8.4019928851416,4.27905866466126,4.00117505530981,-1.52117941929376,-1.27679726945972,-1.20319836655633,0.806461630570841,0.212390164894045,0.083733311314329,0.835595987799638,0.0366900327467685,unstable,3
7.43356124404301,3.76046883027623,8.251423092327,2.30855277305089,3.75234007878152,-1.62229941224883,-1.06286790586868,-1.06717276066401,0.952829448685634,0.413585579253755,0.601520575911221,0.513833151925473,0.0470972348604026,unstable,3
8.38386763048557,8.11961311873952,6.55692621302271,9.18923269403751,3.38721935689962,-1.74778787885978,-0.955155882233765,-0.684275595806073,0.840587373378992,0.756921038532965,0.878361949153277,0.826571355704416,0.100331518413678,unstable,3
7.56255773594594,0.949085097421787,5.26805948230842,8.75087443754821,3.03893016463764,-0.920831194618612,-1.42836555439861,-0.689733415620413,0.764098336093605,0.405401600676847,0.635408303808572,0.992681950530683,0.0588169317114614,unstable,3
9.59488310033338,2.9249594047123,5.08961192737578,7.80852529793795,4.04467021041293,-1.40557624873448,-1.95231509710262,-0.686778864575829,0.44096794239869,0.169036767830903,0.204993011192677,0.740695484395045,0.0244868505592881,unstable,3
8.41726841152624,5.41223653969063,7.94271943596895,2.17148335244531,3.08786576062047,-1.65337327631094,-0.93251302540641,-0.501979458903125,0.589916547306534,0.6832836348053,0.208218498113086,0.0514601047191932,0.0229493285664294,unstable,3
7.50125916196191,8.76677546668022,1.8757953462224,7.04470242659232,4.37191343395282,-1.65480125592982,-1.62867492046189,-1.08843725756111,0.391604438939595,0.913932491668842,0.354854291227008,0.444034179487281,0.0431251306386225,unstable,3
9.72223122981773,3.33582805756246,7.03044583773586,8.26550809471275,3.13832585237184,-1.47086074650199,-0.979052100474143,-0.688413005395711,0.758899450844489,0.127608870038599,0.72923463832833,0.580083455940302,0.0605362821708826,unstable,3
9.14372206223701,0.942143560602679,8.4787813424734,8.01558171028844,3.83501746571087,-1.99580451889355,-0.622634873165214,-1.21657807365211,0.922991515995903,0.225214454177907,0.730951241846993,0.28750980536027,0.0508960606517977,unstable,3
9.71298710452962,3.65882622823118,1.56691559575641,3.78373296741642,3.54474589890808,-1.23299757901961,-1.76519011734166,-0.546558202546812,0.654009075143118,0.841399408683953,0.57969022387983,0.857986076850129,0.0044864373016753,unstable,3
9.85974680404689,7.60430987421831,2.88219149577292,2.60377359007004,3.26801480689072,-1.40030408231978,-0.981946511841763,-0.885764212729176,0.0630551390054449,0.0688301908078964,0.186891007760381,0.369014612533294,-0.0385898024261562,stable,3
7.74175097831471,3.5998918977324,9.77541345311714,5.97021487469687,3.3095986030827,-0.997970873132453,-1.24529295151692,-1.06633477843333,0.512800164419234,0.981654414573904,0.556917640577429,0.0928451882664394,0.0308355653009088,unstable,3
9.84897851446225,3.03031694632529,6.06551825662001,0.534793356528017,3.01890259769967,-1.69255891549725,-0.606765613470855,-0.719578068731562,0.690447954038001,0.365375895706934,0.688527390046737,0.63156511446509,-0.0059550669895343,stable,3
8.55057398927177,1.99945140194056,9.79365443608261,0.795935167674604,4.14005914123866,-1.29660738932998,-1.98588778912321,-0.857563962785469,0.798932900314889,0.916747677659162,0.0631832193132374,0.63482953681353,-0.0288473806242634,stable,3
9.81179997225882,7.16557432607695,3.63261931259402,7.30875976165973,3.20188018253631,-1.41246203733168,-0.549502784613939,-1.23991536059069,0.573483374841134,0.690648258303981,0.446134764545627,0.737970564260839,0.0634842513726045,unstable,3
9.40921557971505,5.11220436360294,7.8800293552891,2.91902367550123,3.34136968956847,-1.97483503928138,-0.856183975009993,-0.510350675277098,0.86633221786993,0.695691597165755,0.333404604406697,0.778702998043398,0.0481706324217677,unstable,3
7.32808930324174,1.34836647598784,9.79846604069628,3.42467018404934,3.48965824334849,-1.75106789617355,-0.662914998916863,-1.07567534825808,0.870629311466337,0.527028540100367,0.839914963448513,0.602922383911142,0.0374958257615822,unstable,3
6.78412091471492,1.31835747848691,6.3581541786324,7.49943794193817,3.46247955655536,-1.29603096082479,-1.31133347555769,-0.855115120172885,0.365521669566279,0.576649356135216,0.820471864033363,0.375048089172471,0.0248372903242238,unstable,3
9.56388833846398,7.38983474288076,3.75598729919178,0.981307256318757,3.28158709691424,-1.68789846928489,-0.861828756683972,-0.731859870945383,0.154119544543794,0.725115101831423,0.105527264226254,0.72695556527859,-0.0324221385321221,stable,3
9.26456663822673,1.84254867903446,8.51459026497384,2.83221661515612,2.85199084247549,-1.64042159269401,-0.586645247032668,-0.624924002748809,0.420832053458688,0.130531804420092,0.333912527334654,0.453895887704716,-0.0166361249904848,stable,3
9.17607146036921,0.542492556528666,7.69628039550622,6.48612373747067,3.31301140836314,-1.11869699298537,-1.38587271284435,-0.80844170253342,0.588654478327265,0.344888950567539,0.851567091569963,0.233879264568667,0.0304810221642272,unstable,3
6.34590196458499,4.6459201058897,6.66710557614894,4.4295517974205,3.87477905061547,-1.08938578088081,-1.95085119477599,-0.834542074958666,0.730041659134905,0.994721974368414,0.236789118638912,0.985562562822172,0.0913479064392133,unstable,3
7.54273230683136,4.64920928952519,7.76589826417689,1.5230324116496,3.70538744106595,-1.88456127463125,-1.11026421040527,-0.710561956029432,0.550546148131179,0.0998924342713086,0.494944420118531,0.892241489220411,-0.0064123380661135,stable,3
3.86506883253687,3.69994982176245,7.8397459426168,0.882393964245904,3.73142580287164,-1.82355082979285,-1.38935221769917,-0.518522755379625,0.894975283116935,0.368739638335565,0.991234005736775,0.878101001941994,0.020325201488755,unstable,3
8.3801136503686,7.40001747474716,8.72176158307084,5.25366844795489,3.90127134623795,-1.68339033194173,-1.41669690982862,-0.801184104467602,0.827480220396547,0.268922220428981,0.884202603636069,0.378946936823886,0.0697325764354115,unstable,3
5.67134606331619,2.91089145301015,0.933074887955061,5.40268946141461,4.0336847753642,-1.76461989717735,-1.57162236151324,-0.697442516673612,0.218616860068303,0.0725719801802258,0.329413218366934,0.702260400283582,-0.0383067918318122,stable,3
7.32024524105494,2.65531089118321,9.98848331028235,6.74403690464064,3.53508755272266,-1.14707959246185,-1.71829778187852,-0.669710178382287,0.734927485540833,0.728226844704355,0.649386261232769,0.951056536903615,0.0697990120368928,unstable,3
5.57318083891497,7.86397547932448,7.07630940121175,1.0158663353036,3.6796729564902,-1.48740684175711,-1.36026200388904,-0.832004110844049,0.110351025396344,0.182565959978803,0.693873759406947,0.961678975062703,-0.0285347195889078,stable,3
9.70774163844393,4.50842155931349,1.37580136455005,6.52494662061053,3.74001039054153,-1.72033822239372,-1.48855381705883,-0.531118351088977,0.0680011457063607,0.279233842164826,0.754984137874797,0.665240110069934,-0.0280250047761456,stable,3
8.89646758323792,3.13655963262347,5.32857887177909,6.94727491355186,4.20905058151768,-1.7255506020707,-1.51098855956987,-0.972511419877107,0.174736635434931,0.759838991335051,0.789016710738242,0.555029663327951,0.0449348000180229,unstable,3
4.67927966855642,0.904764366195118,4.96259339137458,7.8608540747751,3.52672032910627,-1.18098902619074,-1.57694333213115,-0.768787970784377,0.65819572892026,0.913580011388455,0.195520316915009,0.556853744142485,-0.0142516869020009,stable,3
9.13247817890516,9.43466680067457,9.19482904227333,7.48503091855459,2.9549154301503,-0.960029989357712,-1.42594070073165,-0.568944740060938,0.391375983055441,0.827809478437538,0.282744767464182,0.8022842009036,0.0695805063404021,unstable,3
7.61525400969666,2.46665048639951,9.95967170215079,7.52561571153058,3.9745290474286,-1.3287030581991,-1.71086954967941,-0.934956439550093,0.373285215390396,0.694170307563318,0.815965142033431,0.144984369437597,0.021258633745405,unstable,3
7.28637697984619,8.67384875282734,2.58008383299488,5.38807260118173,3.4354881561689,-1.83242974374231,-0.846342889210454,-0.75671552321614,0.12614771451083,0.676418893572242,0.159271245363614,0.0915298580020771,-0.0090760338494173,stable,3
5.24017225962529,7.09272429361747,4.43059864810701,5.3833723260171,3.67709432822216,-1.20468471293353,-1.28244172348479,-1.18996789180384,0.059946251190115,0.938988100394252,0.573348329207355,0.942966728023172,0.0738358018322682,unstable,3
8.21100096945992,8.63193617893363,3.53772775928868,7.01267815117495,3.85270112248692,-1.88834345580044,-1.14758595378337,-0.816771712903108,0.216070072880228,0.952945092506283,0.984946400028444,0.880713910877418,0.0764752201110463,unstable,3
9.60683364118954,9.67419707110396,1.12653229088393,6.6465829115011,4.24872097521604,-1.36086268556499,-1.6444221670024,-1.24343612264865,0.34659260994565,0.33488313680731,0.943077665125593,0.867159229450988,0.0058559979990362,unstable,3
8.08929458889075,3.83283838201812,4.25732193140376,9.73314889582824,3.93049020042799,-1.49582215672771,-1.45841323344081,-0.976254810259468,0.0826714568814065,0.978782706858403,0.684053457820597,0.84282009588712,0.0412771833149873,unstable,3
8.51653446063749,6.11190330184015,3.01996969609023,4.05637267953836,3.53530228627495,-1.82777781589135,-0.961926966669969,-0.745597503713635,0.319422960628422,0.76790657608597,0.367093590258032,0.936703885199592,0.0502086368311152,unstable,3
7.53928051251716,5.80037560493252,5.25645110979785,5.68710762173714,3.95013363965432,-1.55470360854659,-1.34600545472462,-1.04942457638311,0.14315876832454,0.591972133519573,0.195637479188711,0.93700606023547,0.0456033416679971,unstable,3
9.30038173346673,8.31676479488337,0.892132598767767,6.83887081095383,4.25482275297088,-1.68190690766976,-1.2451830548326,-1.32773279046852,0.790593639861894,0.312757689293924,0.131627716818074,0.893573493273499,0.0523904860122417,unstable,3
8.60170244333596,7.78906715459756,9.78124321539109,2.49055024780305,3.02076254289828,-1.33968022997275,-0.875627134331479,-0.805455178594054,0.56770722726705,0.498230074691996,0.684182215027124,0.91300508843208,0.0433674904287255,unstable,3
8.95845854294109,1.82530785291124,8.36143524520048,3.33494367901684,3.41486068263104,-0.923525007432303,-1.6926665000165,-0.798669175182236,0.0941011890380282,0.825588448252906,0.528981086975818,0.891903314435588,-0.0199818761780396,stable,3
9.66129929851978,6.99066382396743,4.60182119044461,3.85690347758642,3.78551439748624,-1.12486584680415,-1.91804921765252,-0.742599333029566,0.0629923547431512,0.823081932985556,0.428613816993715,0.0656202119654254,0.0099145723212307,unstable,3
8.84267185722509,6.74076470805153,7.05572211712982,2.90189803948127,3.90346780558756,-1.99469792496181,-1.30849178007508,-0.600278100550675,0.494071875414068,0.681695146571705,0.512807114149155,0.188588275598582,0.0435383391018306,unstable,3
6.13956188927059,8.23481471193293,2.86323536866282,3.3481554213977,3.24546590020899,-1.23079884328255,-1.38988047337753,-0.624786583548912,0.294802159762834,0.569719289545099,0.43791773836774,0.382361781143034,0.0019073968159516,unstable,3
7.28472594125259,4.62480877383408,5.37588648763036,9.23510482728911,3.95175248714187,-1.96079646464146,-1.07112554088676,-0.919830481613649,0.889033396315246,0.63259017856413,0.849056632338181,0.0862934095659642,0.0693287286365341,unstable,3
9.16323812759675,5.38226472532109,0.839463892599021,6.98573562199273,3.01677494315056,-1.28993861223552,-1.11562274254879,-0.61121358836625,0.390285571117548,0.487989333286018,0.548486813010698,0.315717143737242,-0.0151961316700679,stable,3
7.63764855811421,4.99170034725482,6.42294342979883,2.14298558613594,3.36613691805418,-0.907923083817447,-1.28507539930973,-1.173138434927,0.639285968069669,0.471583491308809,0.430878478819075,0.935079112791346,0.0319276317520458,unstable,3
9.87874840923463,6.15159967314834,7.3695335809096,8.03472219396048,3.77105237471285,-1.2650229161268,-1.81900402993532,-0.687025428650726,0.411167857436548,0.58962583654559,0.931571280149919,0.945197009881739,0.0884109354657665,unstable,3
7.64143410527593,7.96444069748672,0.659927178798115,1.03287494774307,3.91145296560032,-1.38237772673753,-1.85860652854322,-0.67046871031957,0.0786596285102528,0.492752851516892,0.103499214432472,0.286472682350447,-0.0468249789906594,stable,3
6.41214917261915,3.45413177125992,3.3360547424567,7.80290821121741,4.06214391311577,-1.34411706125985,-1.75510269042596,-0.962924161429959,0.93631483629989,0.943568797968057,0.234987041511215,0.500655520898158,0.0600251292687037,unstable,3
7.24352211300019,3.30565603011133,8.41029858738928,8.48094345281049,4.06321204763877,-1.36858158735227,-1.95619895182635,-0.738431508460152,0.400333563540259,0.659297196288727,0.499539882899631,0.210583622256152,0.0215151531546557,unstable,3
4.76999991744417,8.73851233013977,7.70603920755576,6.96687289142158,3.99036948044856,-1.63403775398131,-1.68437421845335,-0.671957508013898,0.115883808645582,0.0946082955408061,0.882709488967703,0.409928932231298,0.0307758864081089,unstable,3
5.31277050783683,8.06736544154083,9.31398395891411,5.59804633176854,3.87380644058286,-1.82101306354514,-1.11761275384707,-0.935180623190652,0.556648372760923,0.933071704885286,0.69674465524567,0.617440902219474,0.0810938365744013,unstable,3
8.80279655974096,6.31931132960567,7.91654632154161,5.1422522376069,4.08233294149329,-1.69816481224997,-1.63127915964754,-0.752888969595777,0.617092778588939,0.87429983086133,0.671985540448006,0.198655817784768,0.0695892033024439,unstable,3
8.90287897967944,1.75612281254245,0.585650487707625,9.12573620978161,3.11829370268919,-0.864997227635852,-1.55764499892155,-0.695651476131787,0.340980548255397,0.559639986035274,0.0662374393548223,0.948165558223029,0.0129518901240964,unstable,3
6.05746830339263,0.979218270636327,3.40785019988277,5.7690719252169,4.37872462648702,-1.83171927868159,-1.80965068863062,-0.737354659174813,0.553726594591627,0.720780318482636,0.831971641116404,0.802012576022376,0.0399012195436307,unstable,3
9.02052396412498,3.16624781855082,3.77009111718148,1.71192820275479,3.85752494066994,-1.78473528690712,-1.55373096275179,-0.519058691011032,0.635681112665718,0.66738288991567,0.727350814135784,0.505903243834168,-0.0035783903501372,stable,3
5.46120350616042,9.29911177009764,1.33565384591776,1.2994465251334,2.98978211118771,-1.70299644746295,-0.759571806673531,-0.52721385705123,0.670605683804809,0.857583041770519,0.96835061211722,0.826899125131274,-0.0242734811443135,stable,3
9.00595535241048,0.666368046280648,4.68240300143645,9.32187659529083,3.620810995533,-1.25606453698465,-1.34264009818671,-1.02210636036164,0.249764614690609,0.0977433304918488,0.640537263492058,0.33660767318509,-0.0076935712294523,stable,3
7.60321584417811,2.28260352213191,0.860924167817878,1.95441772485238,3.19661130130717,-1.84536979769993,-0.501265920484159,-0.849975583123078,0.724276561706677,0.849737341071272,0.825894371529032,0.441909590556942,-0.0224125306978907,stable,3
8.29413744538672,6.90732250978545,3.2317977682721,0.835210390744032,3.46451803018672,-1.39497969429088,-0.853746791658667,-1.21579154423717,0.311456032026834,0.176134836554796,0.904407349342598,0.949573414806555,-0.0545076046655952,stable,3
8.43931974820847,1.35252885853315,5.64008194686461,3.21283078105112,4.4261549826854,-1.80915198564979,-1.31327130623814,-1.30373169079747,0.369497368363729,0.949463399882969,0.572755035062343,0.637744933490541,-0.0122585036922004,stable,3
9.08782158403059,7.50725259640199,9.32918507935905,5.87694727068105,3.97297875957712,-1.14091304649356,-1.90062450607484,-0.931441207008716,0.633705427590745,0.657123352004807,0.595409988701197,0.559007992048984,0.0719686797821153,unstable,3
5.97113508175514,4.76887281053474,6.30170226073292,8.34486860300285,3.91061676797618,-1.60649215937308,-1.14019058515837,-1.16393402344473,0.339293628417948,0.740429626114266,0.60516259900228,0.838211336529263,0.0719947524323838,unstable,3
8.41604296664829,1.23255375564167,5.35153470895134,4.63519536660392,3.2945364958417,-1.4558093222267,-1.20196935180969,-0.63675782180531,0.468418516356173,0.294194922906065,0.730759249842783,0.281449433368752,0.0091072823671701,unstable,3
7.08660534619776,4.48559797384974,8.08546038570732,9.39500880455027,3.36429125933822,-0.968271268596407,-1.43692910333745,-0.959090887404361,0.641271381093346,0.907621742564903,0.0535095126595232,0.605862783044069,0.0503903768776869,unstable,3
6.89849270177976,0.892969677637459,0.829088136154716,7.07346206742441,3.87039240215672,-1.98787862074483,-1.11718961662388,-0.765324164788006,0.444060856022587,0.319689302814972,0.661333180013133,0.811725510284277,-0.0127097196363457,stable,3
6.87692970558726,6.23190780629162,8.65961239203275,4.00183177744699,4.028207483273,-1.7209899873075,-1.54932139297461,-0.757896102990885,0.186774129261272,0.761001390521158,0.64875825537501,0.662913698769995,0.0547180042303247,unstable,3
6.29632621102822,6.68637060590315,8.9056092426467,8.8669077668695,3.94782855397911,-1.99204364762238,-1.25689030233008,-0.698894604026654,0.544450792982774,0.101274796200568,0.979386822586224,0.518231976277345,0.0620817353325299,unstable,3
9.9241923842111,5.94759057185662,4.5108314401697,6.38675892534551,3.80044318663498,-1.17964378677217,-1.34591663996315,-1.27488275989966,0.443254577218487,0.569404477160687,0.958940652994501,0.887415866176154,0.0795492837963475,unstable,3
7.06675310143471,7.55577860193201,4.0110274935392,2.6118900661826,3.35625459871222,-1.20814012904094,-1.09195794963986,-1.05615652003142,0.703773417331256,0.374423480835248,0.514983542438131,0.85369920438051,0.0374812047528335,unstable,3
9.13020482812068,9.06949754390236,4.60056064351626,7.06915146248817,2.9951226900876,-1.2760330365483,-1.16950291575079,-0.549586737788515,0.0916239277397538,0.974048076760188,0.0805833176229952,0.396678812910275,0.034986060710458,unstable,3
9.90722524061592,9.90230887029851,0.615992591099814,1.02694137675733,3.59986580583507,-0.906006086716114,-1.66830768879799,-1.02555203032097,0.459979484755106,0.673277500926917,0.0807904761559761,0.440052348326537,0.0012847293850525,unstable,3
7.80588692243875,3.62762809214914,6.96763843507968,1.42535480392374,3.03019623477256,-1.63815136302075,-0.612964342900366,-0.779080528851447,0.360131076426938,0.282305388642675,0.0791820820218092,0.829568836652572,-0.0314902104573441,stable,3
7.66594038184572,9.66944340152175,6.66637028922346,1.7229550407864,3.86214246063502,-1.86985159051396,-0.835944831998611,-1.15634603812245,0.515270854926407,0.391504565776583,0.0974067149200127,0.942083419421999,-0.0156225279725166,stable,3
6.96017553641277,0.621028679748869,8.90943602718781,1.76842313263501,3.29825164121861,-1.57534611976598,-1.09070739298518,-0.632198128467449,0.891095452351954,0.134722591168248,0.719267342234709,0.277690077629848,0.0302759818269617,unstable,3
9.18355051407082,8.37248449287664,7.45408933867982,7.22961652314652,4.02181728577225,-1.30564105458556,-1.64939790073417,-1.06677833045252,0.834754437664851,0.536984739728786,0.258894377619906,0.488274034985206,0.063236923092479,unstable,3
4.11905823336915,1.94964947349611,5.07457005651226,3.61285571701212,4.01750771236721,-1.43102029721566,-1.56003175402863,-1.02645566112292,0.831813080014549,0.952828589613889,0.398903146289944,0.190401371078567,0.0259897096118405,unstable,3
8.40896817466287,8.49498637702594,3.4487880800772,5.74241902433482,3.79319640292214,-1.67439818318284,-0.810868149826035,-1.30793006991327,0.925321733229066,0.973465861617939,0.15405681530864,0.603079746914282,0.0769890150753247,unstable,3
2.97228590822916,2.57923338040201,0.926517055926519,8.83368915033104,3.3532534371883,-1.6047926339459,-1.19881059884599,-0.549650204396411,0.996005034977924,0.959735427802547,0.211076553521942,0.983521330051619,0.0037318881350969,unstable,3
9.31166088329514,9.44081330417221,3.73258634169636,2.41759656008947,3.4205924331013,-1.87536450928251,-0.831358779775456,-0.713869144043338,0.986566011551302,0.132389885724247,0.0706909958508727,0.909157526957941,0.0086877471475773,unstable,3
7.49840171900073,6.69760258086713,8.79862623836277,2.12623600869491,3.13458475607426,-1.58190628043485,-0.589385910589027,-0.963292565050384,0.260826330162963,0.89900285976267,0.96475231213427,0.600598252634536,0.0591314237201258,unstable,3
7.9769292997901,6.76526257956403,4.02612991568818,3.7360672611649,4.18200680143663,-1.82583252424116,-1.67738124143009,-0.678793035765376,0.153302256553748,0.295857816211714,0.300142308474129,0.474270077957395,-0.0239807167042923,stable,3
7.87796187958331,0.608634819426713,0.927578818558285,5.92257682638573,3.98537401627708,-1.44195654789869,-1.49688984015882,-1.04652762821957,0.48266405256435,0.601044738120036,0.847403819737303,0.238182449024001,-0.0284156503735196,stable,3
8.83591818541653,3.00471119856557,8.08311806020923,2.93872633897858,3.99581921813825,-1.81674509113693,-1.22197469863581,-0.957099428365508,0.460411659029934,0.149940774433267,0.718347062686667,0.260760384890019,0.0190950366480916,unstable,3
6.99709906194111,6.97685958562642,3.90379432373671,5.9255621047255,3.4337175950016,-1.33577125855136,-1.2388336097695,-0.859112726680737,0.390109257256461,0.811003263108532,0.45365767811401,0.377518044978953,0.050355787591136,unstable,3
9.09513630913406,2.19204095348553,6.13100171736442,2.10782141097626,4.42217696773086,-1.99456721561661,-1.5451574782303,-0.88245227388395,0.0901334327566135,0.92494517394465,0.0532459679136437,0.37337241961637,-0.0147760875056611,stable,3
7.33042720619383,3.16953653086749,2.94135495702249,5.64500795878442,3.49163392509764,-1.76556703963001,-1.06141825470986,-0.66464863075777,0.226598536687143,0.182155265368924,0.52469609225044,0.358015107748967,-0.03367192517086,stable,3
5.73740624552665,4.69961197868151,8.87418496940941,1.6379058955346,3.82448269708715,-1.548907368205,-1.62562444275006,-0.649950886132091,0.790512803813437,0.797384488593339,0.319191457575872,0.892401866194183,0.0366385476945775,unstable,3
8.23666087995463,8.73187083203652,5.60811413093653,1.32322962013549,4.35028654064583,-1.79149222101062,-1.94444428062462,-0.614350039010588,0.317186653049064,0.521050447181178,0.856297686615195,0.532306503103892,0.0252304641646417,unstable,3
8.24291960352611,9.83457212573615,3.142085684462,7.40137647701603,4.38020006472465,-1.53206615512827,-1.70562890733019,-1.14250500226619,0.728170138855561,0.589472215705481,0.09478195796079,0.451173447960964,0.0485635812876761,unstable,3
8.36809851681436,3.64634392489602,3.28620406648218,9.03736462716514,3.31585809026335,-1.07575352528457,-1.33928004161422,-0.900824523364555,0.96860955458453,0.612718101945064,0.110321681886289,0.447625632389907,0.0428325416085826,unstable,3
7.27078174464951,5.29612739990091,1.53138407555736,7.72398386928211,3.59494758943526,-1.25810636727321,-1.23394094123482,-1.10290028092723,0.88411766908348,0.406862684348391,0.408565801322227,0.483391604091173,0.0393527411873153,unstable,3
5.12924730676524,7.40433024800159,8.25021775132165,7.6700018292098,4.17479175965995,-1.85667733220051,-1.49619101616361,-0.821923411295831,0.605861017584468,0.735006363116332,0.835040999227994,0.104521719536266,0.0654692929187631,unstable,3
9.79004599984181,2.70810740401268,2.53738004331974,7.93105245672314,3.30141975535755,-1.41887291537345,-1.11413519684275,-0.768411643141345,0.736350182977931,0.0811059974700701,0.425065635222783,0.482935750776511,0.0173359739187502,unstable,3
4.70667467868754,7.2201357816027,8.61280258271184,3.76382606189605,3.9377212815439,-1.99404457379224,-1.36258513660462,-0.581091571147041,0.65979205898881,0.661062928630956,0.136172559100061,0.710493844303051,0.0443848569203535,unstable,3
7.45003916481159,8.00266313484753,3.76280214015304,8.89818894441827,2.79473751638647,-1.33220860882476,-0.732859405393223,-0.729669502168486,0.901444758511513,0.964641215874495,0.223250768886793,0.710705160394626,0.0838402121663968,unstable,3
9.06929665297126,7.23090204716031,6.92560321966725,9.79723611030002,3.65099807961957,-1.71959756049567,-0.736278738322854,-1.19512178080105,0.590792502266938,0.540146246375527,0.223110240322981,0.441132852430297,0.0482290957526199,unstable,3
8.09607446771632,6.95491608594257,7.23082819305605,3.30823235925146,4.07485799712643,-1.54296304106609,-1.61826812806739,-0.913626827992953,0.315390056340816,0.365406166896599,0.748910491568211,0.129024969542413,0.0306615159317102,unstable,3
7.61026482972421,8.33908666382519,8.78983640653606,9.53535362012934,4.17558715788298,-1.84109717369889,-1.65422862342967,-0.680261360754422,0.582178334733086,0.220219567417674,0.619671633075902,0.289713760379159,0.0462901084999002,unstable,3
9.72861323262822,9.57741425037063,5.49020863306896,9.60590488087905,3.67512986755511,-1.13962064744495,-1.67388013376163,-0.861629086348531,0.421158779738586,0.201167044923146,0.227857512699172,0.204406659222053,0.0052303974206282,unstable,3
5.30426330074391,6.37589873659236,1.51733587789311,1.12260612350504,3.51559962310394,-1.40918370725772,-1.37655267735783,-0.729863238488394,0.89697082268249,0.351772616398662,0.857304281411616,0.727994846482133,-0.0065998050233204,stable,3
6.28657568829898,0.705456045003177,6.63706389441312,2.77400789020974,3.08883755905512,-1.12494895113169,-1.31385540435557,-0.650033203567856,0.59824059745239,0.469819111618244,0.251797519915069,0.990376003998255,-0.0088826554987347,stable,3
7.81472621151198,4.82286249478286,3.85276605697819,2.62810073032384,3.94748434638554,-1.550179889639,-1.45548903319626,-0.941815423550282,0.718515216883643,0.62953853876816,0.161323651268757,0.0921136908045225,0.0166512245047015,unstable,3
8.25682694302901,4.02704052947585,9.16356069227631,4.21792481404507,3.11252371294624,-1.38177101959711,-0.740431994139776,-0.990320699209359,0.322515976051644,0.927245126891704,0.130164289881956,0.218446974558015,0.0001665056987182,unstable,3
7.39514847393839,9.82999230367038,8.57192140296039,7.56543576693989,4.29361497361594,-1.94656155278382,-1.26748157997329,-1.07957184085883,0.201515916965642,0.809433485133344,0.858954057404639,0.292293776182238,0.0644473289887812,unstable,3
9.46053207048075,9.23827823792766,9.37525093868319,2.69479215243817,3.49566154888003,-1.73250503473006,-0.651285587097344,-1.11187092705263,0.4054433652189,0.762608575308105,0.777890750776229,0.426609919195196,0.0557010217404078,unstable,3
8.20790917914099,4.13639510219408,0.971310480715672,9.56813997078369,3.74171009080947,-1.5222594315418,-1.04537148499343,-1.17407917427424,0.845820737200298,0.494277198781004,0.6869760100624,0.940562150819786,0.0383154605910088,unstable,3
5.66593636120621,6.7707044167032,3.02893145093329,6.91721727749298,3.53196542275973,-1.94494325535629,-0.968419288666581,-0.618602878736856,0.616998029689343,0.722615669739773,0.55189828431317,0.377840508023973,0.0537588494756131,unstable,3
7.96691036280203,7.938466801757,7.39010390874749,9.48051382573686,3.12250684043644,-1.54255666918481,-0.6408899626503,-0.93906020860133,0.303978902832778,0.641188018531883,0.908931973071612,0.791567064584836,0.0816972805128057,unstable,3
6.16086982355106,4.75319696365737,6.74887195481572,0.520951704513084,4.06152616254202,-1.64916926822754,-1.6902270374142,-0.722129856900277,0.980778192592567,0.714503591778006,0.125747529278138,0.0663913038510387,0.0380234040360384,unstable,3
8.32053148975361,3.3943518938718,1.46872944514616,8.76687351031791,3.94012300710494,-1.59908050514272,-0.931022512002825,-1.4100199899594,0.657445265834056,0.493383909029647,0.178907354335258,0.173240409489314,-0.0057523865754824,stable,3
7.14655945667056,5.37384967097783,2.61226508993027,7.74977571157244,3.01626072647578,-1.56321468478416,-0.840268667394481,-0.612777374297136,0.641301091961932,0.881581346030106,0.837035999594925,0.749153917139305,0.0753092225940748,unstable,3
5.96115148348784,5.54550908287974,7.16073915960041,1.58047599948324,4.13019020089442,-1.53264895958665,-1.9590053471729,-0.638535894134874,0.573147543691819,0.88305168131029,0.229000537942906,0.994647488338115,0.03453203370737,unstable,3
9.29589035389705,2.45723881081202,2.43916529306023,4.7308162390136,3.88800358229392,-1.20380011834688,-1.23776761031715,-1.44643585362989,0.301822119447394,0.259819187066937,0.160941548491337,0.806994080521305,-0.0124363915718916,stable,3
9.77749516937341,4.25692333444379,5.66218516963805,8.03061076711021,3.5870326221052,-1.2002706164101,-1.54094304036901,-0.845818965326087,0.212073508877619,0.834928999458452,0.86037845715616,0.902175245056266,0.0763525475657234,unstable,3
6.59544617524531,4.4387325993852,0.867826607560634,7.47114563245857,3.62044473181902,-1.27727937778573,-1.43590671645661,-0.907258637576678,0.936423297451166,0.985771605392003,0.979555314500818,0.84011849558986,0.0609846288860363,unstable,3
8.30104914518354,0.589078797060449,4.19787975316378,1.07431657984693,3.3085412733091,-1.37865033175815,-0.889305498986086,-1.04058544256486,0.692500093017831,0.579518308097891,0.306712522983265,0.964457173918782,-0.0496874222496183,stable,3
7.32124034625087,3.14537418339001,9.96298224149945,4.51610243563876,3.45979147965334,-1.28037875553672,-1.51022311583889,-0.66918960827773,0.290379414498379,0.644727676666249,0.851697318700652,0.665380458968687,0.037317780804293,unstable,3
8.69611366997529,7.47965167484661,8.65832183090587,7.09070470513578,3.56226343984025,-1.78406371234116,-1.13929650914527,-0.638903218353819,0.74463133299396,0.933782512868631,0.234042738927356,0.98632717867118,0.0910493603250809,unstable,3
4.27453122816645,5.50629596171417,5.67840863565408,1.61267507340196,3.85733601535106,-1.64139152805639,-1.53342628110684,-0.682518206187827,0.883419639066482,0.770805783353171,0.477771905385845,0.443672228056182,0.0575219166685355,unstable,3
9.77084299659871,8.6628341284037,1.31106825335529,8.22618933205401,3.59529906677847,-1.99069368637544,-0.593043568348908,-1.01156181205412,0.875008481325096,0.608250059780253,0.110225950387332,0.192650836279104,0.0429223085717634,unstable,3
9.58742809005806,5.89125846533463,3.8595613231375,8.499053288086,4.26528310609278,-1.77555874033547,-1.54834452321309,-0.941379842544219,0.189522857164699,0.696967260767274,0.73929896896138,0.241728584712042,0.026442396040605,unstable,3
9.34711487547285,2.21922250843842,7.64161385862306,1.76122608208265,4.40244034413004,-1.65840356059577,-1.7642656000616,-0.979771183472674,0.305372481690766,0.800013405612893,0.284782628665565,0.429647564146927,-0.0296975045565321,stable,3
9.14049046824883,5.52326792325213,4.78614137533015,0.701014346867357,3.78969394641946,-1.60015205050883,-1.53785507512387,-0.651686820786761,0.313842727608114,0.340596549205498,0.365741178132339,0.143777947035342,-0.0277570052201131,stable,3
8.15316735989941,3.47378637029734,4.2503198014825,3.16366500038108,4.34069563601719,-1.95427460829038,-1.39226177650497,-0.99415925122184,0.636441165029564,0.728696110368257,0.646154481257035,0.299504135141678,0.0330854408696671,unstable,3
7.62179818518785,3.37720064488929,6.95129119837761,3.25987705949363,3.6655998445877,-1.70687096277237,-1.14061099948304,-0.818117882332287,0.885967547778287,0.102844282500532,0.574708630876746,0.982911649125971,0.0537876311270416,unstable,3
6.15528049864374,2.54709670442512,5.09087764841911,6.45499959030324,4.47139976119192,-1.90197474951985,-1.7139173409087,-0.855507670763368,0.642105762611216,0.649927464029759,0.777242721026557,0.157379990795793,0.0418412998784343,unstable,3
3.98144096219895,1.9209331224815,8.17759106329144,7.79795229824991,3.36067070244757,-1.74027024300218,-1.11258288021426,-0.507817579231132,0.43296564851406,0.666947512514723,0.892939485326374,0.362465679602558,0.0268920245638875,unstable,3
6.86198778725709,5.79380253577291,5.02280882306112,3.47435941668838,3.95847221761543,-1.56978645005736,-1.3996135027185,-0.989072264839569,0.868423894290916,0.601934868565912,0.108359484304822,0.962060229961167,0.0636718945371503,unstable,3
7.72181637541086,6.66633851540826,4.8930231207175,3.85898293242402,3.38733863106132,-1.23241089624884,-1.12281458835934,-1.03211314645314,0.666843415873828,0.711518088628728,0.266854305978063,0.540635623976729,0.0536329375814822,unstable,3
7.54525899214133,6.56383551441423,2.1758162640002,8.67481421726738,3.16128305285736,-1.41836232236768,-0.899580755565921,-0.843339974923758,0.775114049927654,0.206641952611755,0.934107095834046,0.646189839912299,0.0366545008123359,unstable,3
6.60907951870805,9.7519889410769,2.40306758400876,2.72868096892158,3.60868327596097,-1.81901616931276,-1.15935122906641,-0.630315877581795,0.124168155439314,0.231423363155996,0.596359133182789,0.430449737893968,-0.0227170201872813,stable,3
5.17466609079693,5.25007040377266,9.59810356235865,6.13306274797716,3.931243941054,-1.32481866226988,-1.4724230499843,-1.13400222879982,0.92086051969933,0.703517295334339,0.832447952628044,0.227016111531801,0.0703602775318644,unstable,3
9.35312789556112,7.69079640349434,7.60277095521234,2.29255921518931,3.74635346474951,-1.72183825358145,-0.791528761726234,-1.23298644944183,0.0536217158902006,0.895444305160849,0.562016162685922,0.453200369195278,0.0343423763202956,unstable,3
8.31199574065906,1.63284140435095,4.81821684076809,8.27515801382789,3.06293099044955,-1.1222314790321,-1.42450902184121,-0.516190489576245,0.366079242928465,0.671398745947379,0.81626025805832,0.656803612094761,0.030159961782141,unstable,3
5.81184261240588,7.33473584527292,1.56106375947293,8.56168939162755,3.34507159500907,-1.66561344316031,-1.07474783815345,-0.604710313695308,0.217872041276422,0.660064080720105,0.870146728949228,0.576260435103944,0.0158339249249564,unstable,3
9.89726539314946,3.63784366315381,4.29006462206163,8.60747772699497,3.24669197209294,-1.5406166126019,-0.733605368061736,-0.972469991429301,0.514474200890604,0.454052058330973,0.888527848184229,0.57734284984301,0.0434033375197032,unstable,3
5.83116437579094,1.74723436084038,7.26118951069866,5.20527757274666,3.26364013153589,-1.34667477617814,-1.2555736664776,-0.66139168888015,0.544256981927296,0.233392230402132,0.169253724837365,0.643727503053503,0.0098605684135227,unstable,3
8.5127874134645,0.793135411951365,5.74935333860129,8.13933062363045,3.23182039568061,-1.09283698052233,-1.23262536076065,-0.906358054397628,0.38782242005889,0.707965300890965,0.351056561778095,0.393204140390011,-0.0177546355413433,stable,3
8.74159637643879,6.82356043752881,1.06789102946065,1.67048267382832,3.18068970599222,-1.62851024074735,-0.62719329753354,-0.924986167711334,0.894755473427823,0.704244141085814,0.13292751392663,0.916387853846967,0.0199344130477292,unstable,3
7.07754850513112,3.86613487108152,4.29699494470028,6.66393359872692,3.70701017546714,-1.99087912789856,-0.614290356314357,-1.10184069125422,0.93453486543515,0.917022081451889,0.270589938065722,0.676131685820394,0.0778311623976003,unstable,3
7.35497854963145,4.26286474956339,5.65357463379469,8.28216114988821,3.28648815912312,-1.46496179013221,-1.27042516056937,-0.551101208421541,0.267384984590538,0.271038123248004,0.438167182011304,0.327272758066226,0.0058196239682233,unstable,3
8.85411393641419,6.99228335634351,5.44661083699801,5.15181990115193,3.71100924802318,-1.88491090441777,-0.867813081763859,-0.958285261841549,0.578654522464105,0.536680163570925,0.422029271339771,0.252034346053991,0.0405466484466742,unstable,3
9.45408528157062,4.55130876591003,6.33883655354741,1.53701376381507,4.26355090101747,-1.70131889005686,-1.9248456736937,-0.637386337266909,0.623410624815613,0.853274986849906,0.467220971719561,0.914992827876868,0.020361842652357,unstable,3
7.72216079143817,2.56928186317119,5.86560657800448,1.56831079747916,3.60976000783263,-1.62761631266216,-1.33576546581528,-0.646378229355195,0.342769129333351,0.35168012975921,0.417475679114674,0.292233645980678,-0.0336464739297391,stable,3
9.44927821837639,7.11666182814804,3.51533685527781,4.14265484598354,4.1307748886637,-1.57843469851422,-1.81998274502363,-0.732357445125852,0.434546351033156,0.116329748992644,0.319929743637745,0.929627805241606,0.0066443312405827,unstable,3
4.52085438021907,7.21603889456736,8.59564285016407,6.44432088582831,4.13157081542301,-1.73722870457661,-1.37980324955677,-1.01453886128963,0.292859278421917,0.788801720745536,0.13907137023057,0.345662830500827,0.0287658963772018,unstable,3
9.16454220858181,4.13243701621668,8.82867949418602,1.43302918961423,3.21430835871395,-0.858968580858956,-1.25553975687015,-1.09980002098484,0.166405218347519,0.639517122876752,0.859838180353473,0.501581607079619,0.0128214917362435,unstable,3
8.50712961846065,9.74384654793356,1.13292493728063,3.28599381863653,3.85992600703858,-1.32829624243318,-1.80807792030487,-0.723551844300528,0.643293568267914,0.865609706552648,0.628929263917098,0.053411356627685,0.0201371658424457,unstable,3
9.85271434206485,1.45349654326495,5.85976716511998,6.63961247806379,4.36029399823799,-1.59588393478114,-1.74343444071381,-1.02097562274304,0.126558241172348,0.968091283875196,0.698190148461881,0.8903536091747,0.0288665460275551,unstable,3
6.88255756694722,5.38455074546331,0.666958652441064,4.7508358144963,3.06220960218849,-1.85829808505474,-0.503495050128433,-0.700416467005317,0.81083397209156,0.739349615369258,0.453133380503245,0.530376731279149,0.0436171805461404,unstable,3
8.8852956129299,6.86240558152573,8.05931965097927,5.82476406564873,4.63208892915552,-1.60618013398537,-1.91024345977653,-1.11566533539362,0.365941496914341,0.472845706142876,0.822103743171893,0.90233772725485,0.077577262566309,unstable,3
8.1226069315541,7.0012733195169,2.33317801521193,7.57434010212168,3.0616273679762,-0.828366205459798,-1.30455080227457,-0.928710360241833,0.74698525296569,0.990469745030509,0.191449494967801,0.244322163699142,0.0575267877986737,unstable,3
9.80944490115203,2.71736610873532,1.52745388072201,0.761283118884987,3.99341571993377,-1.79471397854129,-1.4174035043694,-0.781298237023083,0.642360770601559,0.584623191786185,0.352764654330169,0.879134210463223,-0.0418194540038445,stable,3
9.59871317237198,1.77157639433745,6.36687126358883,9.2993088664446,3.86768859700381,-1.25680823781751,-1.56462690691227,-1.04625345227403,0.838253119837598,0.796586994908318,0.74112527712682,0.354781795658169,0.0380077708600711,unstable,3
8.21729289127684,4.89756713910749,9.14242921660263,1.40960183826116,3.28625111198113,-1.12778957680902,-1.56402724925197,-0.594434285920137,0.0511206359028199,0.399134209641988,0.510900298550678,0.758267543882069,-0.0211586453569501,stable,3
8.38864863168389,4.37112634743669,3.57573329875697,7.62473870916681,3.59267230133778,-0.985867586819618,-1.88236687834171,-0.724437836176448,0.648771125275958,0.988476085055659,0.823809148047531,0.809416222571983,0.0829847554908349,unstable,3
9.81331476498791,5.28022928033957,8.83348436985267,1.59981719703446,3.56380715746621,-1.47077621920106,-1.53996850448592,-0.553062433779228,0.908433273380279,0.37486015935511,0.624261888489032,0.941155227082552,0.029403255235075,unstable,3
9.70417451620685,7.65735113805219,7.9443909885923,9.50726796226544,3.68737616452219,-1.73813411288704,-1.19239559577047,-0.756846455864678,0.278921446313041,0.0971484381283447,0.835872272689457,0.160395131933547,0.027793859822651,unstable,3
5.90442565860867,1.17804643869994,0.674235208782961,1.34491979719959,3.22867658349032,-1.58716929821612,-1.12074731122057,-0.52075997405363,0.908191042366418,0.950741701622614,0.609346060316101,0.365799580046233,-0.0204642699854792,stable,3
8.51461090492434,9.86781039575374,3.13452098526941,2.94281220059957,4.08909974236522,-1.91088513693343,-1.38032125253431,-0.797893352897477,0.821697882158873,0.50767786105964,0.230958877570588,0.425379925573288,0.0290925630882522,unstable,3
8.92870187719131,1.23990699565485,6.27259158203953,9.97150425011825,4.14100493989696,-1.60897357977215,-1.75789308692694,-0.774138273197866,0.890081911718519,0.69481663187124,0.912190573555507,0.724638236654882,0.0566128580227311,unstable,3
9.27939260097033,3.04829188635218,0.644233107231033,5.4857697878,3.96523379945388,-1.57819497525084,-1.85496603662274,-0.532072787580302,0.6119861104812,0.260924373529562,0.608105005288859,0.267634002370455,-0.0310654809857832,stable,3
6.07959208073471,7.17123526662841,4.38205854479678,5.46262713190208,4.08182211045411,-1.93098018773099,-1.42038621800074,-0.730455704722379,0.068691844517889,0.142965257103289,0.56039573926191,0.473920054670895,-0.009787585826643,stable,3
9.38352942163615,9.46413017961207,9.20780017716725,8.23027927294767,3.62255464389257,-1.71219179812965,-1.20209821835371,-0.708264627409214,0.939012754862938,0.864717361173732,0.406737256281986,0.918163305914775,0.094183863182904,unstable,3
5.11678120670414,1.34977066351138,7.08365244454292,0.856951077376457,4.00772645318971,-1.65160520011784,-1.43802641234922,-0.918094840722647,0.525354322305927,0.517442622849457,0.265500934648337,0.720542159063393,-0.0500747575977128,stable,3
6.56633550133713,6.34151345891955,3.08252967529555,5.96010006620083,3.79683647468656,-1.64634054196868,-1.27874850426769,-0.871747428450186,0.994963964057479,0.912998528189995,0.114257989265595,0.281991417134793,0.0684797590207493,unstable,3
7.96099878562022,6.14396899490227,1.30038782163826,6.39404164706956,4.00125342693368,-1.4364142834598,-1.43784263986367,-1.12699650361021,0.938887912799947,0.324340563343745,0.928867285773028,0.320599579696859,0.0182575007004748,unstable,3
8.78461792980199,7.34364412933617,9.4160133886677,6.14563920374825,3.59062720132987,-1.8263792412765,-1.25358180906239,-0.510666150990978,0.865782664847664,0.356035784238524,0.524802773445558,0.725274592686755,0.0732149701692725,unstable,3
9.28205194410551,3.21023906937992,2.27388664253741,7.42443845589887,3.08111581041893,-1.31997321500331,-1.02659413267998,-0.73454846273564,0.321931224527948,0.723714432559453,0.588039318495988,0.946022964549182,0.0310828441883302,unstable,3
6.8242224813719,2.86206820496402,4.00054013431119,7.20898955862319,3.2079088734837,-1.65906776246233,-0.907665497098153,-0.641175613923219,0.457049636731668,0.563708908964649,0.381621533925267,0.60278285744774,0.0288573627205801,unstable,3
5.086534301292,1.70387739385777,0.688540672548325,5.69684173766495,4.33136613669496,-1.80195101565925,-1.62655338223416,-0.90286173880155,0.193748479350075,0.553129172961777,0.598058362963874,0.65712602532587,-0.051038555505766,stable,3
9.38253346217027,6.59490053890358,6.61116303678587,7.40634189182738,4.31882411887695,-1.45890572164225,-1.7859941008619,-1.0739242963728,0.860820951892811,0.504729656122911,0.456884509721395,0.534598335647461,0.0698575819033559,unstable,3
8.22355648618084,7.98005559734543,4.14714268428457,8.2713581970813,4.00253630815353,-1.59672358337032,-1.38568057405641,-1.0201321507268,0.514299016713577,0.831154294423631,0.290953991544755,0.132149430660257,0.0416351586613869,unstable,3
6.91660075993746,9.54233619675906,7.01925462291697,9.35337745572755,3.30226099626665,-1.9261486333666,-0.836783486169204,-0.539328876730846,0.54263807653203,0.391554457819593,0.184399356782187,0.117633052229085,0.0155892051852274,unstable,3
4.01461769709784,2.45636449075631,5.96994949173307,3.98444031664128,3.78424524911411,-1.47559790621183,-1.3968300993572,-0.911817243545083,0.783443710039704,0.985939176884845,0.634417567310599,0.731167580000759,0.0804074034664015,unstable,3
6.07326519991435,2.16680204124567,1.41201728788548,9.44164420312784,3.20087212517333,-1.45142229663872,-0.88844994102763,-0.860999887506978,0.944192145003082,0.812887634774609,0.801157981979689,0.62112738055991,0.00641119167213,unstable,3
5.58339153977468,2.83656383703382,7.37303498459536,4.954397147399,3.43882994958762,-1.76853856170188,-1.05690285502037,-0.613388532865373,0.865559347158102,0.933840587625272,0.190233956020662,0.870755757362751,0.0737881112754624,unstable,3
8.42384648148014,9.87995063699439,0.883541548026644,4.48422212577567,3.19931751073214,-1.31811413545525,-1.13072296785775,-0.750480407419137,0.803411160776861,0.276483796193273,0.489233524484505,0.542416032448421,0.0108057201142154,unstable,3
7.45285432190679,5.34461546384782,1.52446639954705,6.62837929145263,3.07484454183534,-1.79849845321348,-0.590571258665703,-0.685774829956156,0.626057559856459,0.198736751521463,0.117031015467566,0.615367145958284,0.0234077736233538,unstable,3
6.55050945483481,4.81183719396559,6.6950321399707,3.85313313077933,3.52563063439962,-1.42292747268482,-0.907300206629164,-1.19540295508564,0.737404435964491,0.547947149305873,0.309771663798088,0.602415799405156,0.0540849448186074,unstable,3
9.63285944360958,0.878893928639125,6.91696999484691,5.20310948708593,3.06838593807898,-1.29716771366955,-1.11270031751911,-0.658517906890321,0.74499874810038,0.175793864203889,0.846262294844904,0.353322135043292,0.043229305754242,unstable,3
7.82786250805532,8.13873045069037,4.52640968977675,6.10749155769385,3.57752119187491,-1.65730636856041,-0.96591969330319,-0.954295130011311,0.78446420469665,0.919059382245376,0.64283913254219,0.201734919816464,0.0726534561991853,unstable,3
8.73354530821877,5.18315696741371,7.50230696810663,5.05448767485316,3.29352454158795,-1.72895811234246,-1.04797871233494,-0.516587716910546,0.690041328555508,0.542488259930285,0.407209691500852,0.994413590004146,0.0732142429268054,unstable,3
7.42720370630254,2.38335871325824,9.52260016766802,3.62836935185284,3.64736115160432,-1.4864747670682,-1.55433156011313,-0.606554824422987,0.163269470514212,0.349967863908282,0.778193615955977,0.131904709087083,0.0002068320900049,unstable,3
9.53277363363012,5.12697214800242,1.25031487315295,1.45275490440883,4.40520328103865,-1.79254881918884,-1.89955312946921,-0.713101332380599,0.159764029905333,0.949589110293757,0.379723446762155,0.179251874285282,-0.0319688306499833,stable,3
9.89978642038356,4.06580992889082,4.89543209464261,5.70746788496201,3.7201276984047,-1.51733639303935,-1.04892595894557,-1.15386534641978,0.667443637974949,0.875331144797223,0.302840784839068,0.0917727379267069,0.0199389752610428,unstable,3
9.8384279320635,6.62957231741268,9.67070577970373,0.720113313748839,3.31848285997432,-1.49278056291644,-1.05950938903015,-0.766192908027733,0.584990141616531,0.620736377954627,0.796972756977041,0.724325685587397,0.03151713985895,unstable,3
3.28002560434792,3.92209772102084,1.42743508791062,5.38675237931143,4.30275987462858,-1.8105495410835,-1.9629464019753,-0.529263931569783,0.623721331769312,0.833010787164287,0.356778511480567,0.771320098550387,0.0511381273617089,unstable,3
9.12851042073955,5.801790733126,5.20126965271822,7.56630387005602,4.14257669190086,-1.84449426983716,-1.31544297337792,-0.982639448685781,0.165369318838564,0.367783649698324,0.11884825976035,0.139102408839462,-0.0362405076030037,stable,3
7.42128229018734,5.97923302880672,5.0340153850363,2.82867471533439,3.16476917804566,-1.82714227165126,-0.659192641560407,-0.678434264833992,0.976493847287423,0.428720644053607,0.735273659263008,0.63897313901965,0.0701240220799438,unstable,3
8.40119079681448,6.32457432568735,8.16981991595766,8.92643776712741,4.18964987166214,-1.73514713252399,-1.3883896343097,-1.06611310482845,0.240395683555222,0.880957509458455,0.904188820427735,0.591910304347505,0.0800880626795874,unstable,3
7.40526110754383,9.87576339483916,6.55183017465599,8.71696116975649,2.83458525907978,-1.61006819018109,-0.515415834366973,-0.709101234531717,0.734613095262264,0.957961090454028,0.323807967661176,0.688684719246629,0.08122083454897,unstable,3
9.37217415825802,1.15154802101282,5.3258855669209,9.46470295777328,3.88677217069703,-0.97019091355328,-1.56164866694245,-1.3549325902013,0.970644656485922,0.555942749656941,0.535207390283041,0.565145882963963,0.0395676435720634,unstable,3
9.62913411230999,6.44942711799582,9.37277588058381,4.02800259444695,4.03736098022056,-1.29103410702249,-1.85055110483938,-0.895775768358691,0.646296628934676,0.541195368967197,0.244853916222975,0.663989286331445,0.0418121944400905,unstable,3
9.93703422165225,5.77797219654998,7.11657655096215,5.83861050063755,3.22639552283239,-1.23734597013505,-1.05073558101826,-0.938313971679076,0.229586702152021,0.50784101661342,0.24174468823945,0.770991324551728,0.0365957003142203,unstable,3
9.43960520043391,9.53293940471482,4.90690327275058,2.92160117393482,3.23932715224569,-1.5380994140717,-0.847260531146184,-0.853967207027809,0.443936542720881,0.776355912297099,0.348198697447146,0.790963042588732,0.0330749360594899,unstable,3
9.67618302558131,2.46840546829561,6.23945052030687,8.1933732879229,4.03430637741894,-1.6395543070744,-1.07167730330908,-1.32307476703546,0.129285017048118,0.306635027078756,0.577689442045959,0.358334271601014,-0.0006701242024626,stable,3
7.66847092638522,9.52094872551776,6.92384310833683,5.58365904993629,3.00176156618108,-1.33748283722386,-0.529436048049992,-1.13484268090723,0.515895877827543,0.847756203200142,0.0856986049438454,0.759488737116678,0.059691593577152,unstable,3
6.91471015413277,6.74777936177902,5.41646755013121,5.49973740060164,4.44549596451352,-1.90123975402353,-1.58697858437176,-0.957277626118227,0.0611767537247937,0.209603580257026,0.281683047819613,0.615306277886239,-0.0058072584841562,stable,3
8.51345832746342,2.24200333068044,6.72132763449203,6.34942099003434,4.49318947202959,-1.97458029733186,-1.84997818230974,-0.668630992387992,0.740886803532776,0.593461837387651,0.529280105185524,0.954180957002713,0.0660078646363953,unstable,3
9.961081501571,1.1893868400052,6.80639182966818,9.5000651934468,3.86203124605307,-1.07834745784359,-1.86748715700825,-0.916196631201228,0.119649589093981,0.62661969111511,0.61771692803011,0.946512008906339,0.0256812066850594,unstable,3
7.37699759415729,3.90523155686749,5.68651969369733,3.84959663464961,3.8104652164457,-1.37008209529155,-1.6873672723235,-0.753015848830645,0.961684857328354,0.893844693294213,0.600932763703899,0.401922662908265,0.0776258880803549,unstable,3
9.39224657147729,6.27549932110009,3.91059888982848,6.56781955179365,3.64738390143059,-1.04554020822048,-1.99915922890177,-0.60268446430834,0.738699392191922,0.975983403200408,0.253030756529646,0.246481616249668,0.0563379101079484,unstable,3
5.57185485024308,6.27800768250044,6.50579529556432,1.89592588751083,3.31749680559808,-1.72885227275265,-1.04373725201935,-0.54490728082608,0.613933289192137,0.305571390422619,0.462281759177217,0.225476622679185,0.0169616562793148,unstable,3
9.17418411513842,6.08064027301966,2.62377034484062,8.52879427730413,3.82870266446685,-1.86512781117517,-1.43851478926194,-0.52506006402974,0.634033776648602,0.921832948927608,0.508292508490526,0.818556150958265,0.069934267639007,unstable,3
6.55877121128401,2.65251943375126,8.96970885128556,4.03846363709304,4.12022537176435,-1.60336090830868,-1.28743109181433,-1.22943337164134,0.760730781602223,0.277593257176219,0.192016120265244,0.586232433812093,0.0194902043260298,unstable,3
8.04222919041442,9.79029982021692,5.22264703734189,7.08248432324369,4.23049454847502,-1.81133311554446,-1.46793297029695,-0.951228462633607,0.801283119206455,0.838622933457915,0.0798131884277763,0.187008987925348,0.0528592308949886,unstable,3
4.44439842731069,2.47647261656987,5.96445649803835,6.66960313533091,3.8511128933261,-1.68840503007954,-1.41245743491208,-0.750250428334484,0.698837601265591,0.113873034816425,0.707533061872845,0.817057313260037,0.0630308482143841,unstable,3
6.38690202610699,4.98330690061641,2.66105217885238,4.79909149300347,3.18607748961133,-1.16273119261703,-1.51796906384778,-0.505377233146515,0.548033301276652,0.58099230105932,0.447725749232628,0.964874416157923,0.0661347695089615,unstable,3
8.72836985933973,8.81238833409932,4.60564786984945,2.60176164008424,2.80888772351904,-1.56078208486005,-0.568080339463381,-0.680025299195608,0.5765697303169,0.823932147575961,0.672990139756842,0.713465574766762,0.0509944453070201,unstable,3
8.24691856753178,9.79119771866341,8.85103184459723,5.27667095284389,4.29714686769033,-1.97009872288983,-1.52179968930614,-0.805248455494363,0.794611133575705,0.115890541037625,0.442432227679061,0.268780962857222,0.0379114749131446,unstable,3
5.39778796594351,2.37985651843565,5.40052592036044,7.20448897887269,3.78346956615317,-1.28921234492104,-1.15410625910291,-1.34015096212922,0.981967630386754,0.854201139146959,0.795579641529662,0.782510466638913,0.0900621561763604,unstable,3
3.34316607338059,5.0455937996872,9.01632810741719,9.51423738905474,3.544049765597,-1.56598214763964,-1.29820693752187,-0.679860680435493,0.0756409207049105,0.983020182127743,0.690202316255267,0.298956790523701,0.0432960274360049,unstable,3
6.89099321940063,0.942736596125795,8.72091855419016,3.22850015495787,3.56767962220421,-1.80601621588826,-0.97287124088672,-0.788792165429226,0.57013197085003,0.280898727334363,0.0847249681244115,0.168280011154803,-0.0234191987885413,stable,3
8.28795500625366,5.16839289425873,8.16705841278973,8.79827722173156,3.87811311442405,-1.09762051723523,-1.91828231170608,-0.862210285482742,0.988849154074435,0.246399738998016,0.974076932597866,0.930836916363314,0.0957117958562255,unstable,3
9.64112004025921,9.43741857036522,8.32057718652114,3.65015685510164,3.48687191355354,-1.6909323321416,-0.734952749834338,-1.0609868315776,0.924941784915122,0.563434188305515,0.420355348584355,0.514084831107302,0.0597748545717718,unstable,3
8.74012314519285,6.1376241339192,5.44126737839476,9.22411810124859,4.13229540042219,-1.43779971461652,-1.85173680409695,-0.842758881708723,0.876598887545548,0.590752132814047,0.689886839077447,0.470212505746875,0.075443056699482,unstable,3
9.71752617076791,8.73281928545858,3.68404125632104,3.32814108774171,4.22510622136023,-1.85645085570109,-1.55967342213289,-0.808981943526247,0.62649224197173,0.702641065862919,0.85805318627262,0.997923634668229,0.0514412963502088,unstable,3
9.03834744540524,6.98873203537613,6.52129203533881,1.70332308904089,4.20976907715526,-1.85567829426668,-1.68346857835205,-0.670622204536526,0.359832789952175,0.960901317894836,0.797470368633715,0.51522365565926,0.0571048796581246,unstable,3
9.26664590588636,4.06995780232468,5.66248693748254,8.51417450940192,3.92889903198703,-1.49778272402249,-1.34533952314795,-1.08577678481659,0.496828085494951,0.831629776744626,0.531012553258938,0.672241346533101,0.0601660876889803,unstable,3
9.73357683589676,2.22981097237319,2.14599478631434,7.30067906467781,3.76310868021883,-1.15943638759771,-1.83189698602798,-0.771775306593138,0.399355745698512,0.514639193706859,0.113902052361503,0.632099232755441,-0.00300026149718,stable,3
9.8744703319055,1.79368836445258,9.35359616213103,9.93020617391273,3.60266981298968,-1.30471318239658,-1.06455074653809,-1.23340588405501,0.523151550423879,0.702220824458617,0.774469903676101,0.196521398991427,0.0242754500521533,unstable,3
8.78701756823074,8.1962419831951,9.40244156916313,9.52724218961181,3.67401312894456,-1.11539144128604,-1.96379175823824,-0.594829929420282,0.830057592351635,0.616742963658069,0.703020388012984,0.752504647400165,0.088527911012176,unstable,3
9.05017618836015,4.33044945521358,0.513509059583012,4.93829381739155,4.01948387530187,-1.82335810502302,-0.917999471392843,-1.27812629888601,0.520014526439462,0.798613586711443,0.351848758250473,0.685147775064971,0.0195004798392954,unstable,3
9.01693298561723,1.94424007297349,6.81527589297894,7.88306727166882,4.22169697684951,-1.70585607996504,-1.61912886715268,-0.896712029731786,0.0835174699338549,0.430461257781109,0.29448974198946,0.284277578628516,-0.0330802028721595,stable,3
5.05247421650648,9.95801195664998,4.89080650463884,2.22251770078274,3.86481286160394,-1.78432461562483,-1.38717787750505,-0.693310368474061,0.0934292614662135,0.96327438283939,0.359917635021891,0.0516191842535988,0.0190417605140343,unstable,3
5.54396740119656,6.63287917858283,4.82273229823617,6.31100292359936,4.41053230783531,-1.79773221132992,-1.45172001575711,-1.16108008074828,0.0645733062977181,0.980845007912527,0.241876527093089,0.79933621086271,0.0595209037846167,unstable,3
7.44866463624581,3.09051182436246,7.1813158657329,8.85462106849912,3.22392567719043,-1.63556015201544,-1.0819283591472,-0.506437166027795,0.472740906918525,0.531332433329909,0.484437466522184,0.277159147941278,0.0246478398392133,unstable,3
7.83902156557991,8.57984726062868,2.76925080086713,0.906269513137126,3.76667260334162,-1.89623729452452,-1.18764149277916,-0.682793816037942,0.952344145422879,0.662553747579238,0.382090366497836,0.970633420196997,0.0143478109362342,unstable,3
8.52629441489455,9.27367497623042,1.13204678416493,5.94864194983965,3.55429377661527,-1.27949336820445,-1.03501360698094,-1.23978680142988,0.664922424223724,0.721828583305122,0.594470844879929,0.644430833934909,0.0408272926297185,unstable,3
9.19359260336534,8.76013243542301,2.60571322417055,3.00951019000973,3.41151303217707,-0.971651334286935,-1.84630954442769,-0.59355215346244,0.945454763125018,0.633979493347208,0.102028876863379,0.422273989068546,0.0417497392477991,unstable,3
9.33302979741144,6.25543227421334,5.56888151931594,1.47461665612041,3.59079344651538,-1.15352248699327,-1.8357895385809,-0.601481420941208,0.111534450920052,0.665443666262964,0.599209906419489,0.839467739351765,0.0076801498224006,unstable,3
5.23118441928144,2.42896293608021,7.13792813443048,4.47778336633331,3.35130108943898,-1.75320350690256,-0.971208751119394,-0.62688883141703,0.850289476994638,0.566310926715776,0.322479801289381,0.229306434201755,0.0229938778444557,unstable,3
5.43723027651393,3.49260014113908,1.93691095530046,4.22514969899452,3.8641981297511,-1.63609330366846,-1.51270930731483,-0.71539551876781,0.54645681864899,0.897775149055567,0.0679884158813139,0.862116362027617,0.0546743939659972,unstable,3
6.68655001440694,1.96172237619085,8.8277636731623,3.86267715702141,4.29123070966832,-1.74083459189143,-1.67231982570711,-0.87807629206978,0.786869936685896,0.558951036162954,0.391815946232878,0.234263530170865,0.0138677041877235,unstable,3
8.70665359482926,0.818726425373822,8.36426909349025,1.81924724108895,3.83564679755371,-1.81743834625655,-1.14844799621626,-0.869760455080902,0.587335392635226,0.818272186245668,0.281085161192121,0.890595531033513,-0.0399453045793236,stable,3
9.26268738291801,9.23959833386593,4.50260998544407,2.86251431178398,3.27102121717273,-1.49155410117643,-0.633200345011603,-1.1462667709847,0.711273713442634,0.807011084602906,0.320149037976864,0.250695757116228,0.0451534528408622,unstable,3
6.72603753594791,2.65896515683025,4.90210524958719,7.66750189300002,3.22744402410777,-1.48396923526436,-0.828957998556096,-0.914516790287313,0.753127513035447,0.931031931667514,0.678117596404023,0.216144104929741,0.050116445906328,unstable,3
8.77615048902028,2.42636484380388,7.58009528030204,6.28442992215509,4.57827662191278,-1.92404218553579,-1.84175788699719,-0.812476549379795,0.574528878788629,0.804816770506683,0.6394384137238,0.107495746145386,0.0229591393575985,unstable,3
6.44236033571648,2.57102868724103,2.46289221182892,4.43765138516045,4.00965670378329,-1.45963454475596,-1.1722739870765,-1.37774817195083,0.714709201872586,0.501520228713787,0.467977206653546,0.815663153125049,0.0433212184032752,unstable,3
9.91446161668499,5.10070797053989,3.27235081014237,8.56301613242404,3.47251391678878,-1.27398862230356,-1.67687173150786,-0.521653562977363,0.098826153315535,0.446349673964338,0.388695141773168,0.155804677869304,-0.0394624692591263,stable,3
8.34581014391991,2.61567591485627,3.03411403555643,5.89860249273771,4.53998450928336,-1.80394839483456,-1.59784227096582,-1.13819384348298,0.812312844135906,0.575164602466602,0.536325463266941,0.716368907943382,0.0440289599578329,unstable,3
9.2726664763689,2.32429335151032,3.30372699617074,5.12192475637809,4.14486996064269,-1.68556034466911,-1.86628583733679,-0.593023778636788,0.309281760354389,0.457310826999239,0.863042268217698,0.49169678904932,-0.0003547136630435,stable,3
9.69993435704222,9.92984332510077,2.64017845860145,7.63532601844221,3.85853293448602,-1.13555559474005,-1.77094542298407,-0.952031916761899,0.216599802492963,0.319710685047422,0.986351135390829,0.763808582412262,0.0222092230475899,unstable,3
4.90243171771487,2.18354578588604,3.99181035717363,8.86893469984009,3.78603223766255,-1.92738802651408,-1.34871794668116,-0.509926264467312,0.95720049234217,0.949873415576913,0.725998363961693,0.582470735442124,0.0554197710961025,unstable,3
9.94000616065733,2.38025905121653,7.93444956788397,4.155045887849,4.36780330627693,-1.5390819883009,-1.6206987972477,-1.20802252072833,0.152367924574306,0.825492248953312,0.393899013476943,0.932306132966892,0.0087711334188564,unstable,3
6.66596715897915,8.71417497383399,5.4567866331498,0.584017442665983,3.1721066865044,-1.74805048483881,-0.652940487544588,-0.771115714121005,0.266276242763642,0.479829163756538,0.231625634848648,0.729830630038148,-0.0370739911163214,stable,3
7.64443035048593,0.929123997784336,8.60405557433777,8.89901219229522,4.05795216278713,-1.46208056410953,-1.40895581725878,-1.18691578141882,0.889528093127764,0.8168756752232,0.721759448153274,0.222571841825581,0.0297682734071318,unstable,3
8.7103060013378,1.31728039840477,5.78042668017106,6.36284633303743,3.85854656822579,-1.17534801988133,-1.69282057029557,-0.990377978048893,0.996433359341426,0.154183210553587,0.909438499364096,0.981383468404192,0.0851967892587816,unstable,3
6.9464097474427,0.823417755754967,7.1178793189034,7.61887430125158,4.17666426853158,-1.58040323151447,-1.84353844332388,-0.752722593693226,0.461005506997356,0.635716677466624,0.764150884267304,0.828975690594887,0.0454484448452519,unstable,3
8.83783278262472,4.67856827549423,0.879591912822775,9.76131281750834,3.7229390710069,-1.61590174377336,-1.56331614749493,-0.543721179738606,0.413675598623735,0.141702327297693,0.201489853361644,0.138522484235213,-0.0377286580327416,stable,3
8.27026785649561,5.45552642037516,7.1348519786719,9.40624444761073,4.0617585054865,-1.75069184033545,-0.663834543190582,-1.64723212196047,0.21322098366278,0.994348363801299,0.847900562447399,0.736574406110495,0.0813915362081714,unstable,3
6.47083329264578,9.389469424594,5.72726844487569,9.04717938354922,3.34160639679191,-1.59554425110387,-1.09954951557639,-0.646512630111654,0.954420875262473,0.0806608820917271,0.338725377289251,0.49048283936393,0.046503197373708,unstable,3
7.63490833015346,7.12619328858582,3.35526178154487,1.5201490327723,3.47728610643855,-1.77020297374289,-0.878131708532083,-0.82895142416358,0.885879726261412,0.126867896955672,0.162747069322993,0.421764336548084,-0.0035244617113803,stable,3
5.04675135679916,2.58527520186688,8.41583803456625,3.24914331580948,4.02981578145594,-1.7103982218634,-1.57294543552853,-0.746472124064015,0.894859235389529,0.211072626937688,0.909288717591474,0.124548992368437,0.0413677495469962,unstable,3
9.29008719477985,2.10036606022564,2.65692984605886,5.73211073094399,3.28579824868238,-1.57367895478136,-1.11205167372398,-0.600067620177043,0.52975319497269,0.38365439770351,0.264860601415514,0.444367606517456,-0.0130878590645285,stable,3
5.84130397778457,1.48427318377717,7.12514260949226,7.00045489657739,4.28569570640002,-1.78164471129052,-1.5847493021135,-0.919301692996,0.919048438784226,0.511514049160801,0.824647498102593,0.713132222279883,0.0723695197547303,unstable,3
4.91587239249231,8.4065919020626,4.36832039639489,1.11878210746219,3.34504231866278,-1.31786341596276,-1.15185057972058,-0.875328322979435,0.904255421680718,0.671135435152979,0.856493491080407,0.830617371931656,0.0455003890421604,unstable,3
9.39631614015793,2.55735658748756,1.34960394820377,1.12731049169964,3.00187775836982,-1.40753153410973,-0.638259001767868,-0.956087222492218,0.812553024136372,0.385067268100599,0.472992795080579,0.854731019539645,-0.0391875051037569,stable,3
9.73682614994519,9.06204305872932,2.08386238121352,2.25428758147784,3.0174701073745,-1.25982499867625,-0.652064317382337,-1.10558079131591,0.505293529813408,0.892653247741312,0.850599850881043,0.824438210178011,0.0077328006758165,unstable,3
9.09429124436355,5.17654874451443,2.46832383510544,4.79291060566708,3.91518547023808,-1.79942296095057,-1.08301431103325,-1.03274819825426,0.884541611349521,0.46268455279622,0.34647680712082,0.421661948386176,0.0325371781106418,unstable,3
9.03597108514794,2.89931993388047,9.30459119061632,8.37604955088801,4.0178958397625,-1.21191554954085,-1.61178718855772,-1.19419310166393,0.863413921559849,0.23397427735207,0.0647891034712701,0.205900049755709,0.0162176844027945,unstable,3
8.49424142958771,5.99413513889796,9.88062274956048,5.50208970201002,4.07507752657598,-1.6485135934829,-1.22379795933189,-1.20276597376119,0.118732125458089,0.517862836656658,0.38374424501966,0.508853055498998,0.0223472364754446,unstable,3
4.62679352444855,4.97985667693003,8.19316504962966,6.55250661896089,3.98547480725104,-1.59255212559621,-1.3596567986714,-1.03326588298343,0.994378204396148,0.224212799696495,0.463345217036728,0.455180585411526,0.0510462894162733,unstable,3
5.46688095600571,6.70131575021835,2.62531387389636,3.88493462038694,3.61396082613847,-1.69502046878061,-1.2808209648162,-0.638119392541656,0.331795398599444,0.174202116090921,0.893209786564001,0.713040821304673,0.0190393388328521,unstable,3
8.12145284409638,4.07501161721888,7.6286647320402,4.03656334084185,3.1726377860877,-1.23173034550106,-1.30117505626961,-0.639732384317031,0.748874588102135,0.907009393823411,0.874379881412751,0.488632501917663,0.0792843859122713,unstable,3
8.20107135466401,2.99497555882948,3.56172336265198,3.92414510393473,3.96607394284773,-1.22257919156711,-1.97741623664323,-0.766078514637391,0.244513127446312,0.370362822384359,0.083542155681646,0.962636167950636,-0.0112488393202157,stable,3
4.75971524832095,7.77635330208316,5.03828464051398,0.65437851978034,3.73193765801277,-1.52736410362277,-1.48599127498955,-0.718582279400446,0.655483503006954,0.401297738420292,0.90981486975582,0.525719439621622,0.0297786533663535,unstable,3
9.28792429476579,8.08679832929414,9.62568340957909,5.45106512516033,3.98881233366035,-1.26771721607114,-1.53527088183269,-1.18582423575652,0.711582506870285,0.681025584952428,0.860325984066875,0.956195092722644,0.0911701040673462,unstable,3
9.70335286388751,8.8365546767005,2.26202090091441,8.57757482480003,4.14020648645052,-1.49992678273394,-1.84459744056271,-0.795682263153873,0.332062330157497,0.505298110740415,0.13196422105802,0.692809678404093,0.0374237748306547,unstable,3
7.60489564067448,5.17325114126962,0.603783363253332,6.53391857164168,3.98697289424089,-1.79059023628966,-0.875551052276709,-1.32083160567452,0.839045975058971,0.343271517294502,0.969242625255337,0.914355687848107,0.0320835244517275,unstable,3
4.37612570989389,6.88246408461123,1.83791443526173,7.8731254023777,3.97006600695684,-1.34751122019122,-1.65657017543674,-0.965984611328877,0.938138295371274,0.837943963513531,0.609695530695161,0.820436466656866,0.0711239103662671,unstable,3
7.45639543943837,5.92569433028216,7.29517801788679,5.43936467453903,4.15658692197814,-1.49048362677339,-1.84389551542146,-0.82220777978329,0.646870540655796,0.229847430400219,0.558239979871163,0.171737074037467,0.0360519891240373,unstable,3
6.2887378348905,6.13426228535735,7.14014019175598,5.91780586694304,4.26629400966195,-1.78515049300285,-1.33348776778342,-1.14765574887568,0.694831666012753,0.233713827457209,0.144031805300721,0.70231968991591,0.0433354340541357,unstable,3
8.3964208294545,3.42991289469843,9.22173391683611,1.69851553532464,3.60946532322761,-1.80583945045398,-0.563424186757707,-1.24020168601592,0.876502352882473,0.22302311699803,0.0778311659982533,0.625661202818481,-0.0075068554367422,stable,3
8.20313404465274,3.50146257903262,4.32086750850045,5.36640062188687,4.35028769324671,-1.97302547753184,-1.05591135747723,-1.32135085823764,0.920708598436783,0.511649097984238,0.070984145573948,0.343672664836701,0.0288805328960141,unstable,3
8.34437430336524,2.65803483298481,7.37406829276508,4.14962250399473,3.75226070387681,-1.67693321680424,-0.571957469950162,-1.50337001712241,0.513354435738116,0.481073949389991,0.175088965625811,0.637476824866469,0.0055735429206924,unstable,3
5.45177527091411,8.31247102011248,1.93277251211948,9.31363816832786,3.38978776429784,-1.3854524653609,-1.44583539765557,-0.558499901281367,0.344013140848089,0.946359778188546,0.923822432831706,0.99584143455876,0.0557044822248636,unstable,3
3.13827166977214,4.49544748494412,9.63692300003573,3.68466872418923,4.02293515701061,-1.71724585311498,-1.53070164294811,-0.774987660947524,0.947463442206716,0.24594641647836,0.686295702133734,0.652801145132093,0.0169494190445676,unstable,3
8.06555445469973,0.525776688182366,6.67683458535345,5.0154846137616,3.16205678752998,-1.49786583408514,-1.12839288818111,-0.535798065263731,0.458326949129666,0.476524047711523,0.690562739524946,0.213623588695902,0.0017063362105268,unstable,3
7.5785442463933,6.95065137507897,4.333597702387,5.0949893475848,3.75063813587069,-1.17622060949979,-1.91503851529398,-0.659379011076922,0.717633832773857,0.337614885782783,0.0516607044062798,0.929824179645443,0.0516032502825279,unstable,3
9.73076352088351,0.563038822976837,8.38232868592785,5.92468672028456,3.40062572958009,-1.48674446599385,-1.00223564160253,-0.911645621983707,0.196430712919575,0.426712335307335,0.670543470117789,0.815849965201368,0.0220048042027253,unstable,3
7.94069140387737,2.54493497222852,4.37423980419568,2.04795654904208,3.4546796369393,-1.66585230806107,-1.19256002465565,-0.596267304222577,0.743399407675894,0.401875483711795,0.915030777334638,0.236854836540752,0.0262850745145647,unstable,3
6.15165661544834,4.52350471560309,5.95645434901947,2.2695581194466,4.2240793886305,-1.94176394674139,-1.24641890289646,-1.03589653899265,0.960028546997787,0.33344097029272,0.30160642293161,0.910969077999399,0.0437306042094339,unstable,3
4.95132814988565,4.01974426187115,9.3317742533028,5.14450781727361,3.41038588991848,-1.53583411642803,-0.9967596093831,-0.877792164107354,0.0627508403246128,0.839984206433835,0.441754250029753,0.794927757349173,0.0370421456043337,unstable,3
6.03968779709613,2.38215015241583,9.37755751166169,7.36261631033008,3.67997456650684,-1.80132176645185,-1.22736911111645,-0.651283688938536,0.412124190427347,0.863505206179633,0.78344288600845,0.311470241010556,0.0280279736793971,unstable,3
8.47304475975123,0.658047029446997,2.01866917886493,2.52111285632141,3.72470883711084,-1.26657808291316,-1.05063485460334,-1.40749589959434,0.431060302469874,0.195769073420088,0.649260914199393,0.819523123510795,-0.0219647126754936,stable,3
8.85769786035335,7.11205199072405,6.04149143385866,3.06320463759941,4.20800857652139,-1.45453958251429,-1.45283055877056,-1.30063843523654,0.0780071534826187,0.966639828856981,0.658927056129667,0.733932449107422,0.0566160664304985,unstable,3
5.24206286339284,9.38566937104721,7.4521129071774,0.510928509132739,3.1539630551848,-1.30175340542634,-0.973946591202228,-0.878263058556232,0.476304543495036,0.606720504416631,0.0983049200743355,0.930259890485923,-0.017343444876355,stable,3
7.08258485536992,3.43178922427351,5.62466139366431,8.02090143891139,3.68119896855096,-1.89994740122934,-0.704799533043499,-1.07645203427812,0.356085351190763,0.808785948386752,0.362944860896447,0.312831455026903,0.021437929579397,unstable,3
7.52346352943376,9.30813546947979,7.88239192973794,9.29991993156775,4.01305563500268,-1.76403984481605,-0.760612223919819,-1.48840356626681,0.127328720258881,0.92837918535153,0.865032095344856,0.730764070209414,0.0813774237146967,unstable,3
7.72600584676082,4.61414688805608,9.13501882736018,3.55956036817292,3.7980276912577,-1.27797227702874,-1.69703955809739,-0.823015856131574,0.262596911924969,0.389580505154565,0.514542448911431,0.714859600474664,0.018969008909655,unstable,3
9.60483725729566,6.86348277106396,9.14980808981208,5.85825399186524,4.12803696291562,-1.9336029547557,-1.3318352107538,-0.862598797406116,0.843564488518452,0.547789698297093,0.656667460578154,0.558089447432442,0.0756943769383452,unstable,3
6.80519190312212,9.73388743804498,6.63142646465285,6.07291316485956,3.22959701159399,-1.45398303506353,-1.26974050054139,-0.505873475989071,0.542299396343625,0.735497436202921,0.647727577085816,0.780815703139466,0.0801687065840428,unstable,3
8.17521241424376,3.4475662461856,3.12748414156779,7.59501887984931,2.89078176529653,-1.82618235831009,-0.549913320125569,-0.51468608686087,0.162418362786792,0.309169146499021,0.423192823668061,0.403526091299987,-0.0243370342641704,stable,3
3.61521377486358,5.13966853100897,7.53094020107375,5.33323296523432,3.44748630763142,-1.42889962975602,-1.27956919356413,-0.73901748431127,0.605538249860427,0.855225112226394,0.402997223677057,0.457657953084687,0.0572714851458605,unstable,3
7.73002306850406,8.89901201868831,6.71453027085366,0.889282446015894,3.53826919970491,-1.35654034247401,-1.37928907239161,-0.802439784839295,0.190748917830426,0.6632716325092,0.183154086173559,0.709821215799376,-0.0184740893308561,stable,3
9.80354463294746,5.46497407291355,2.9144319613272,5.79185134518277,4.15674482515029,-1.30322223816115,-1.48980137124766,-1.36372121574148,0.488657809229065,0.792341940938907,0.982160144923211,0.769503010560469,0.0656030366874011,unstable,3
9.65337686598678,8.9065832336379,9.30949396032117,5.42446524583536,3.19559433314419,-0.847717471134511,-1.6508307306974,-0.697046131312277,0.845456984724118,0.252585422780893,0.586555623080333,0.846361244843241,0.0692314603940728,unstable,3
6.77291403139775,0.587408893928793,3.70864419530602,8.26164265905037,3.08070311997612,-1.8489908938342,-0.64445964976612,-0.587252576375799,0.745556739370837,0.599665840355681,0.341362515292952,0.477364413882531,0.003181975178929,unstable,3
8.95539028877644,7.93069366631046,2.6022326345401,7.52210387830862,3.70139162378647,-1.04680572797008,-1.85640265703496,-0.79818323878143,0.637757750614794,0.850954180686254,0.543440062159656,0.365931955006229,0.0530207773012403,unstable,3
5.34361412277278,5.75061112155427,3.8522307378318,6.30035152930621,3.82256943535904,-1.48901256136997,-1.66881691703822,-0.66473995695085,0.184198917883725,0.826115687569565,0.675157411442568,0.253453228589111,0.0400886720320166,unstable,3
9.77885824857234,1.40063382876534,5.25168420586437,3.38526117861532,3.52335405898076,-1.36507543006052,-1.32225787938333,-0.836020749536913,0.786262915974751,0.22294800902812,0.758952557083226,0.627853221194133,0.0247974590895753,unstable,3
9.90564013867937,6.60085919186661,8.80835340281868,3.69953221382064,3.21583625671724,-1.78014128134694,-0.52969992043908,-0.905995054931217,0.946059442368597,0.789993285190592,0.263624566777743,0.585740531202921,0.0615071352739072,unstable,3
9.48562420956693,8.9610088002435,6.07055359823005,4.78378016148233,3.24156075028519,-1.54677145487866,-1.06560051426871,-0.629188781137823,0.314737963378066,0.20775255253077,0.454000331777324,0.348466933974972,0.008677654628827,unstable,3
9.51715750616366,4.45292807102925,2.30316494947877,7.05505302165266,3.04362673004346,-1.34198635907556,-1.13521550423926,-0.566424866728636,0.899209816640723,0.35474193096332,0.216268809925755,0.133026324882042,0.015608605286243,unstable,3
6.18275301399272,6.18134709889551,3.14582536977876,9.83051539937562,3.29539134770744,-1.02349957651066,-1.27350137193651,-0.998390399260272,0.113308506020094,0.932624952702231,0.214248767741665,0.31527836352465,0.0184663297593504,unstable,3
5.59944937459353,1.21942839790918,3.40236534201151,9.87255614936253,3.62870034210381,-1.41151632103305,-1.49221613560884,-0.724967885461915,0.50405514678244,0.419993777538453,0.311670998943477,0.862640941330148,0.0097423143740374,unstable,3
6.00812857642064,5.02065394830251,1.57164321212149,4.36205450275495,3.79604278753597,-1.19301999705693,-1.30297450302967,-1.30004828744937,0.764625307732996,0.814894841578648,0.639914445319027,0.856507591174432,0.0740483881950178,unstable,3
9.74464310396843,2.69542807307547,6.18569018395665,4.37039718127708,3.62926750594026,-1.3328089687163,-1.10819775952798,-1.18826077769598,0.757672025799474,0.780036281720818,0.577785143928268,0.37649386844243,0.0318493368150769,unstable,3
8.78366174063293,8.71778498603372,5.80707666020956,7.71375681170393,3.90245342373104,-1.09474187496172,-1.49402573237527,-1.31368581639405,0.536301393588622,0.810928402145348,0.400642209506349,0.263196656310916,0.0567699421572807,unstable,3
9.07602014401682,5.73793090230257,7.06566369142368,6.50612407570502,3.06568804150473,-0.889926404317224,-1.59219580516489,-0.583565832022612,0.729263817091693,0.658147284516919,0.577820878821831,0.503889760662593,0.0729469381672752,unstable,3
8.68991710273212,6.94127638456958,6.98059211892245,6.00529598209109,4.17590003695476,-1.3078351565867,-1.59712012336076,-1.2709447570073,0.333152483371593,0.83681103488521,0.945853687846839,0.826431550551737,0.0939400420801249,unstable,3
6.90779904471645,6.25156755246447,1.54688410620955,6.76170119165577,3.50919853174082,-1.25879496151917,-1.0827682969654,-1.16763527325625,0.664031572050762,0.89985566069203,0.611966551660097,0.504183078081432,0.0561252890179663,unstable,3
9.72634147995143,3.40279474079612,4.98317563404859,6.09285832168353,3.75767084383629,-1.34630013887123,-1.70320406963816,-0.708166635326901,0.679752261467918,0.136344703881675,0.414220023208016,0.448660248135419,0.024648680519578,unstable,3
7.67886188037416,4.72510641219408,2.98126959235152,3.08208462146649,3.52849887421389,-1.80304571796234,-1.19831600392356,-0.527137152327993,0.17266347176994,0.715077084696167,0.269251294381353,0.620836046660423,0.0029367314110124,unstable,3
4.78352116802277,4.03346463373171,0.895260573382699,9.07407916565386,4.36418790203186,-1.97689948225522,-1.77848022570107,-0.608808194075571,0.485460048161789,0.938207841492845,0.310154957908269,0.782228432999142,0.0277544697864547,unstable,3
8.09403991613364,3.36130017541107,6.28837958231905,4.10886660157288,4.13408853012806,-1.65716664945157,-0.991649527135119,-1.48527235354137,0.926351776611106,0.649519450897292,0.942211486246567,0.898599267895388,0.0917926194501039,unstable,3
9.54868028392242,2.9607534198306,1.3158093461755,4.09855182585359,3.23234984777873,-1.6915732448552,-0.900970395380515,-0.639806207543018,0.784750126302958,0.113063370840932,0.90564416127297,0.149286953459781,-0.0351228411874249,stable,3
9.90247740062359,7.69049987429343,5.87275484876743,1.81081420472343,3.46679062719941,-1.19984294821208,-1.36680135059325,-0.90014632839408,0.324606247162673,0.967945029858197,0.2948108348872,0.900000697126827,0.0241661263482952,unstable,3
9.64730192725293,1.57540112463272,8.58553159390964,3.41739037198421,3.43021108164884,-1.41732000990153,-1.12670424724197,-0.886186824505345,0.905596073841493,0.778611203103837,0.379248414679781,0.17313225086022,0.0087810585888145,unstable,3
9.60321803122137,4.59013713624678,1.81680059101164,6.82545098800106,3.80216528182053,-1.8031183819553,-0.80290434957305,-1.19614255029218,0.977776866337622,0.192663146071513,0.516998161957618,0.0681995247971034,0.0052027570426267,unstable,3
9.20453105331096,8.01688589860154,9.66595956995588,1.03696437661004,3.54303427021805,-1.3520673760899,-1.30066943266576,-0.890297461462393,0.666826217590001,0.894963137773852,0.638584914053149,0.0927103158972797,0.0638402718548037,unstable,3
7.228485150241,6.13048743192718,9.15306628106763,1.69612887395488,4.36961414830489,-1.99249930870421,-1.35831930913507,-1.01879553046561,0.160916927947243,0.597125032234901,0.355351079042696,0.807760321109865,-0.0096396994595287,stable,3
9.91045951102752,2.93755927970117,8.63950813426068,9.46926892060111,4.01586227637226,-1.89176345564988,-0.894590486058232,-1.22950833466415,0.611706669729173,0.252892052835106,0.560719820264028,0.620280918706217,0.0506009145782766,unstable,3
7.75373064505601,4.23982870989527,9.72533909454505,2.91132453689958,4.28166401859557,-1.82445445892834,-1.77979350146992,-0.677416058197315,0.365728451140083,0.604288350652544,0.593177391707117,0.0748645405863575,0.0182888068313058,unstable,3
9.81470291351079,7.29654250942066,8.81385936658127,6.41998288198013,4.32793360617505,-1.78458288972521,-1.25423335724093,-1.28911735920891,0.303262064347197,0.832783787145095,0.321707256719593,0.343750854773673,0.0469961435302538,unstable,3
7.93117195270753,7.0813950364507,4.14844207527105,3.25196454470437,3.81052746661941,-1.99327506152699,-1.1245976585918,-0.692654746500624,0.636393790576105,0.371316712136357,0.315133654793708,0.527648091855851,0.02424484788919,unstable,3
6.34807893757113,0.537629842366558,5.52546025093955,5.28560407296749,3.91635144181751,-1.89322772624014,-1.09547880092751,-0.927644914649858,0.210481887563056,0.78319668211875,0.516473347915864,0.201387997293434,-0.0435622699512413,stable,3
3.61029102447764,3.67085723863234,7.85477927807054,6.12332612415014,4.13400138379441,-1.96208982526745,-1.60501813285906,-0.566893425667903,0.532820081813763,0.530019736951644,0.826976562869882,0.844137003986756,0.0695354600184383,unstable,3
8.73622225225697,4.72236388477919,7.23579211770905,6.46168036306783,3.79832641362374,-1.28684507065155,-1.97440372074577,-0.537077622226416,0.20432423196441,0.741025478783967,0.0893032720573142,0.594621396747902,0.0248481865537767,unstable,3
7.13898033796161,2.70584137023345,4.02854100659681,1.84180562889869,3.92706460120358,-1.83694177866078,-0.897103981909528,-1.19301884063327,0.897766166320982,0.818456545867984,0.0615008152880613,0.393824837125423,0.0029002878919807,unstable,3
9.54666998607042,2.78287639576298,8.53630773527817,0.69603203333331,4.16887117567243,-1.65550857133424,-1.60780845538545,-0.905554148952745,0.174503642930405,0.630432071659502,0.484196415054225,0.198528624133149,-0.0329751110881008,stable,3
7.64614450190478,9.18789607850021,5.48421900268389,9.9343133795358,3.6342259421656,-1.25454065459806,-1.33536589349413,-1.04431939407341,0.561528392781784,0.121610625333342,0.787318365938507,0.300313566268429,0.0379171762671873,unstable,3
6.82833719009549,7.56359285994421,3.35693685922436,6.57174927980053,4.36681871146134,-1.84625575379113,-1.79163056390641,-0.728932393763797,0.0990686811820825,0.419393120551337,0.625517357226422,0.915680960592426,0.0430621662229038,unstable,3
8.64631049689108,1.0935663969358,4.09826940556446,8.90599704197906,4.07297518047237,-1.91611102661551,-1.154734342762,-1.00212981109486,0.374478562101732,0.896956684865016,0.779330997155353,0.803724605409006,0.0107793561970692,unstable,3
5.77558204694853,6.0576171087142,4.56312774909204,8.40281866037621,3.32835806696448,-1.69629658484359,-0.550837795805966,-1.08122368631492,0.430418600277711,0.965763743766709,0.204333993244588,0.818666280994681,0.0698543086309237,unstable,3
9.52566534984349,4.99135492231917,5.21051979492172,3.91587197491797,3.00540193895615,-1.5539865815673,-0.659109647945582,-0.792305709443265,0.995682815998809,0.071410217880538,0.0602184295507288,0.905614109956165,0.0286088552556992,unstable,3
3.23531056355565,3.84314498948653,6.6149736629594,7.66848212701253,3.45878800567616,-1.37312851046952,-1.25493663620054,-0.830722859006096,0.900236527116477,0.896518262976749,0.0854249145172793,0.566901294980334,0.0403304454409301,unstable,3
9.00486515965985,3.91750501454335,7.06697810537134,2.35185665387546,4.26459081572928,-1.97175162813972,-1.6244164900412,-0.668422697548359,0.204437089144478,0.109605515809214,0.121278390856383,0.949361324303831,-0.0114666559582332,stable,3
6.4106709904626,8.3203646236773,8.53198391644667,6.48404880148016,3.37275105273347,-1.27227860669923,-1.18209566571688,-0.918376780317363,0.453405331359267,0.217070895171361,0.123967932144032,0.766872871007571,0.0322098345605143,unstable,3
8.79949532800247,3.08569452774052,4.8074311622933,8.47372475054394,3.13274503811347,-0.908967373060121,-1.17572099776583,-1.04805666728752,0.724399773663869,0.723531622720877,0.755680403301113,0.773893504563185,0.0663289273360111,unstable,3
5.739799653326,4.69049889475001,6.76048268152031,8.55711997453935,3.46110137816496,-1.58702289466572,-1.16681808773052,-0.707260395768716,0.427949616899452,0.268134502718482,0.858122940188532,0.747933173860039,0.0655657102666681,unstable,3
8.64050537627127,7.3872205389312,5.19763666317749,2.94680898396925,4.32796430612452,-1.59695472520613,-1.90279601105927,-0.828213569859124,0.258508994718491,0.623601144513167,0.721638319488954,0.138605404362802,0.0313555317553378,unstable,3
9.80484581514437,7.27841799071433,2.99402394500962,9.51251382656121,3.39245554465809,-1.04820309744662,-1.70642895389815,-0.637823493313324,0.325401519089399,0.21063683025513,0.242528248265896,0.127612111315305,-0.0248625842796217,stable,3
9.89370086553475,6.41025132936959,8.12954952837247,9.74353016426185,4.39546443492339,-1.48935043738504,-1.72779654304237,-1.17831745449598,0.651764422076753,0.687188407588882,0.488879550871113,0.772656863134227,0.076109613747216,unstable,3
6.97670078650922,7.48083295381061,7.57549379794261,8.72434105275595,4.37473551074501,-1.85627712808575,-1.57628633718427,-0.942172045474988,0.237737766051171,0.944396754957518,0.393424354334916,0.558457494686748,0.0644142833896993,unstable,3
7.65334124091383,7.51834287664195,4.33891747018608,6.30852141626871,4.55830563953253,-1.55948228860671,-1.90395594984889,-1.09486740107693,0.930047812757667,0.668555200999442,0.806329814964156,0.866414249653319,0.0989562535889275,unstable,3
9.94859688361499,5.09942867687172,1.44020211563357,7.26629259531106,3.8474797072538,-1.08419537518977,-1.48947899097195,-1.27380534109208,0.995784453635826,0.655017929706506,0.607749036323692,0.94794972530138,0.0587500169732202,unstable,3
4.45904240191767,2.25904390077887,3.7612664698011,5.51593562394493,4.10421322226236,-1.53645638807896,-1.66773889330443,-0.900017940878973,0.66873502392085,0.962440020775457,0.658105807850659,0.833485399167243,0.0788812067497694,unstable,3
5.3903714391821,7.84859365381206,8.65948131417441,8.59448548612521,3.59862331818948,-1.61382611305939,-0.991137128024723,-0.993660077105369,0.468662216312095,0.674313270907064,0.479421128092332,0.418388389060618,0.056498584940044,unstable,3
6.89380335885113,5.69712649995526,9.82226814933448,4.65971265686724,3.99236711719002,-1.28480920399458,-1.43213677222914,-1.2754211409663,0.229974329436811,0.639962231082884,0.591600186949539,0.392705990111971,0.0360610439432048,unstable,3
7.74191981951335,3.64347075546002,9.34146070971738,4.04272014468,3.80207677221133,-1.22654151909151,-1.79984926206665,-0.775685991053167,0.0571903101722721,0.415301813320665,0.333611996437875,0.274753496656882,-0.0376840346002364,stable,3
9.00203536042587,4.2163590852371,9.92058697599504,5.64817679288909,3.02930353702395,-0.987448783387092,-1.52393609769625,-0.517918655940611,0.69973608652551,0.7009503594973,0.201291455497431,0.784621148970687,0.054636598272412,unstable,3
7.99280594485176,7.92275408810817,7.77442182044131,4.95797608299992,3.56667581585808,-1.27241268254829,-1.61133291902478,-0.682930214285012,0.942249945603434,0.973506027486138,0.400791716940904,0.818530496256534,0.0944956998314697,unstable,3
3.49200402678386,2.65134268663076,4.28720280575421,5.40817472539129,4.30926717031033,-1.98592366150545,-1.79473201366285,-0.528611495142034,0.886261238909379,0.892014188081286,0.220226455147711,0.507077572372213,0.0486609086030962,unstable,3
9.67085288478043,4.70792657930986,8.08605939660894,7.65113464373953,4.59232915567621,-1.88332519087533,-1.636922309746,-1.07208165505488,0.127482058363698,0.519915913364629,0.130020626225019,0.87857460929299,0.0316360061018937,unstable,3
9.47983861010739,0.597944590818591,2.86142017253564,9.50686418024739,3.08446872862423,-1.1483992531914,-1.09604311897045,-0.840026356462378,0.835833702597424,0.732951570716265,0.302531690129662,0.580470856016562,0.0055919271215485,unstable,3
9.49418129743,4.4752301205395,2.18975048521766,4.60986760687823,4.21713078984849,-1.82529084885583,-1.38487715620011,-1.00696278479255,0.479550948256357,0.26212678529789,0.142662797484969,0.664295420895572,-0.0028235881238895,stable,3
8.92199865369961,5.52838198171261,2.94874355881453,2.75823576232019,4.29029327821846,-1.70491638416541,-1.88979136618902,-0.695585527864029,0.71017611741372,0.928349069120919,0.619566162290132,0.998656654044897,0.0559523795222561,unstable,3
5.70642098172096,1.79615557265126,9.27855698516464,7.51695186172695,3.42037371266656,-1.19274047864288,-1.4427841840173,-0.784849050006375,0.510283701719569,0.424998594782562,0.630421644145025,0.574712470239055,0.0348371738067078,unstable,3
8.6009262523383,8.20165836307205,3.66560814741969,2.82778026045974,4.32471369661364,-1.88606782185006,-1.50522888562452,-0.93341698913906,0.866781772065545,0.396673388383724,0.954254315348459,0.709254920626815,0.0476520611422564,unstable,3
6.71539489557792,7.69645018611974,2.91671911548255,2.22069210858905,3.18657635948157,-1.16931813241442,-1.17205722454998,-0.845201002517168,0.462944209726369,0.880517109436018,0.347928193090165,0.722041839984967,0.029657250911753,unstable,3
9.95676225229951,7.25032835549796,0.725499942033365,7.63274338480369,3.27877649565538,-1.19465807628431,-1.28638134810792,-0.79773707126315,0.501827515956616,0.398334582029108,0.792399544240888,0.980767425414538,0.026659479975639,unstable,3
9.0712286796755,1.02853215795126,2.3138331366532,4.72114731845276,3.13937947279833,-0.995765922943421,-1.49578738993355,-0.647826159921358,0.426730987825784,0.87372355224742,0.495233529922772,0.0522441707665822,-0.0239960127936674,stable,3
7.36519443345835,9.42122882778494,4.80280501063353,3.92742635881738,3.60949087050873,-1.43118315434437,-1.26455033631891,-0.913757379845448,0.475046500507363,0.932847374947555,0.399554102542872,0.893031676717247,0.0609588805957076,unstable,3
7.49884645598657,3.7827437691372,3.86957035744061,4.90302566667137,4.26739114951507,-1.81022562819656,-1.21796306526948,-1.23920245604903,0.465927346422381,0.203798611907654,0.239448419870525,0.996745587702335,0.0336322829244095,unstable,3
7.81364430838955,9.35852633132143,9.32346726845423,4.03237690573425,3.96615485370018,-1.32490976980341,-1.40901740993712,-1.23222767395965,0.833220731660855,0.395792328191766,0.984041678462717,0.795405773701613,0.0785693143357654,unstable,3
9.94698281408242,6.92562781496281,2.30491971551398,5.43047667182962,3.29907775246371,-1.30596816167708,-1.29189830998689,-0.701211280799739,0.880484924936009,0.902995443563523,0.15318740831428,0.824756020190807,0.0712195742111442,unstable,3
9.72164453702266,4.55396353673759,4.28372432399803,0.655336090302607,3.25980012121639,-1.80672182538868,-0.603143394833512,-0.849934900994203,0.43762262573295,0.586871002688982,0.805870513670434,0.447287416236218,-0.0045402528626879,stable,3
7.47485004697953,6.57020077385087,5.71527593881051,9.05233607040782,3.05187503896396,-1.90369915551735,-0.571175940875651,-0.57699994257096,0.918241815080454,0.654235546798988,0.604740093765311,0.46578905186468,0.0809591697308176,unstable,3
9.63800049164618,1.57400754071811,3.43634991335373,4.46563753613995,4.73383761998536,-1.99610079436362,-1.83939574889875,-0.898341076722986,0.172300233685893,0.257547980106886,0.396814611590547,0.467538414114041,-0.0340809230648143,stable,3
7.5358546075132,9.39972433352054,2.89036238803749,7.55524505153807,3.67035443993868,-1.81651012649445,-1.19174751162356,-0.662096801820665,0.186331761624109,0.848217949808679,0.684469381595417,0.160296828286466,0.0199786122446153,unstable,3
6.38444271916536,1.54377138334319,6.2672756317148,3.00360118338205,4.21187185529975,-1.97690523886651,-1.6771864516392,-0.557780164794042,0.607713607460837,0.554822820393655,0.810211500924585,0.808198058475695,0.0440446992243533,unstable,3
6.40742800887285,9.56235495261733,9.4121153511961,4.52700987419211,3.18007264847536,-1.44032568222121,-1.21481617436198,-0.52493079189217,0.500144151883902,0.19370826143119,0.789452729495265,0.953353703253773,0.0576428635203065,unstable,3
7.01198707145631,6.3563656690819,9.28590184318924,8.24359308496748,3.78922552966161,-1.18895870795184,-1.48640035245983,-1.11386646924994,0.131484610960681,0.592988852987209,0.870251956201185,0.443699413996404,0.0574788964241966,unstable,3
7.95653118736684,5.61964910857014,9.08166143257531,5.41486799981069,3.83053516180148,-1.28206644274684,-1.36748393873718,-1.18098478031746,0.71529716825916,0.256459400575327,0.489399442110683,0.0864588429893367,0.0331996719652339,unstable,3
9.5422814627156,3.93921068035529,3.35156776473076,4.95891112164566,4.18559179429767,-1.19677178525628,-1.54616949425421,-1.44265051478718,0.740940053554942,0.979317339344117,0.738285278271504,0.720767181384644,0.0651622323284055,unstable,3
8.09844743406514,8.33232959176423,4.01166114867047,5.57147190565162,3.41932888114056,-1.29915120666847,-1.37775486471737,-0.742422809754719,0.878690695368571,0.695361734859601,0.887005551759701,0.440311541371692,0.0774626583299271,unstable,3
7.99533565033935,9.41713972179989,8.68511394435783,3.96001108076324,3.18504673877768,-1.88513659448138,-0.76631529407911,-0.53359485021719,0.548544079766589,0.754805337151551,0.661148179924185,0.377989583141401,0.0633315665178213,unstable,3
9.91913243473467,7.10858134777927,9.41032821361441,5.28102267859772,4.23273781997919,-1.80611686836059,-0.863352300193149,-1.56326865142545,0.847544489705389,0.618918673171661,0.867776142349482,0.962457031912571,0.0911901325784601,unstable,3
8.5853507011955,7.80177563845519,4.99289215731311,7.92891510127244,2.91843082195055,-1.07193267883492,-1.15905860731561,-0.687439535800018,0.540795082236219,0.908333971946971,0.171074585692581,0.723833541954755,0.0713913615091281,unstable,3
7.88944576181861,7.26559453123302,7.20465686699111,6.86773357796209,3.51081548504335,-1.32619440253304,-1.613056920745,-0.571564161765308,0.0510077220522217,0.938756254162393,0.483224438997026,0.0622180605847447,0.0343211297838499,unstable,3
7.4553195737924,1.71669584182134,7.53639701203561,9.77026933876243,3.51138981420624,-0.977651218363328,-1.50599013612132,-1.02774845972159,0.945549267580166,0.561725580071044,0.316934930682826,0.688923272012242,0.0464999268542917,unstable,3
6.70285661459073,1.47742680132692,5.00004924597376,0.736943605751137,3.23361746746633,-1.48621148579101,-1.02103603874767,-0.726369942927652,0.509860734955904,0.809301356659107,0.388143895539074,0.490670164930462,-0.030655018029564,stable,3
9.60162726170955,2.94590248280889,4.14930474504499,4.78280911341801,2.95496735896876,-1.54004451431442,-0.666467166307755,-0.74845567834659,0.894534041962251,0.407617465142003,0.603208881919177,0.184458475959086,0.0210786292109583,unstable,3
9.79685813181951,8.9085945188312,6.83089630885967,4.91989545030119,3.0486066406829,-1.69177400556669,-0.573256033948448,-0.783576601167757,0.428305231694843,0.675982720064017,0.258490985129526,0.726354746046142,0.0499942997600699,unstable,3
9.6968461311898,7.91665447500764,1.24841161253878,9.5759755267924,3.4168936006557,-1.58765378814051,-1.02363613941467,-0.805603673100518,0.621354711994401,0.235969498245142,0.0645081609037472,0.597382364371249,0.0335358948101504,unstable,3
8.82752136307328,4.68969622228169,3.42102488330293,1.04699642439645,3.90847916230793,-1.15547635373491,-1.86064258997682,-0.892360218596202,0.629088512445382,0.91390880263471,0.436724187912102,0.875343985168408,0.0013777547680697,unstable,3
6.59744671594527,5.46983830116246,6.21781168696058,9.43675636069864,3.89189360442376,-1.74456676649997,-1.50108652200919,-0.646240315914596,0.298627503389551,0.28735156806399,0.321986495829367,0.646512085214688,0.0289854751229588,unstable,3
4.03814031570363,4.61872671614859,5.78733938417507,4.8335236848835,3.65456771148727,-1.63515516117858,-1.42651410815449,-0.592898442154203,0.45437436765414,0.899948738862189,0.295679449062059,0.355696240646009,0.0438247125978054,unstable,3
9.3969410125086,5.04806734478117,0.974991411125276,2.28750579120595,3.54513937034088,-1.78761111726421,-0.913277859995584,-0.844250393081084,0.582268346661733,0.121020277218072,0.902003650263236,0.065303302150442,-0.0496400076256872,stable,3
8.10696322784456,8.3805957036795,2.12620594657708,6.41899840465293,3.35679342577053,-1.8744225690241,-0.816469193307415,-0.665901663439011,0.221739345132039,0.831322803178879,0.867504426163185,0.846707443803072,0.0494716650376385,unstable,3
6.2468497489433,1.32376938895186,5.54540293869649,2.53665001560377,3.50951391705534,-1.22121017768143,-1.14297197075124,-1.14533176862267,0.317088842530743,0.170729238003908,0.427290890234397,0.999640082660422,-0.0123354950954143,stable,3
4.76528402151873,7.95332337607983,8.49772830224174,8.58918825534575,3.46472021829245,-1.70912369265241,-0.709637208534148,-1.04595931710589,0.790822511554371,0.939274604348912,0.556773182544925,0.735869159642444,0.0877436688592211,unstable,3
7.06512814482743,2.84976730194171,2.12877970204853,6.63156086628723,3.32977354251901,-1.74160803473786,-1.03083879771713,-0.557326710064022,0.0645318533672171,0.650939142804799,0.632273206811551,0.774212302900092,0.0033341005712896,unstable,3
8.54671266795136,6.88525220391196,6.61409577804922,4.69304328359364,3.48689617851045,-1.67207260511325,-0.559983463952318,-1.25484010944488,0.586415896694203,0.317366795016699,0.258331511977063,0.494629362543578,0.0313122912504789,unstable,3
2.72904425997065,8.0764401709798,2.2950043280702,3.84249296144429,3.7151747552179,-1.85374094434084,-1.29405437153761,-0.567379439339449,0.562930128660141,0.950013091058206,0.763989445323731,0.892612740625737,0.0418847514908408,unstable,3
7.10986354579915,8.05284481302482,1.48476240613463,9.03309084269619,3.66674266357036,-1.76055336505848,-1.02524660477749,-0.88094269373439,0.428099148411215,0.217186021422672,0.29047161199511,0.687728365403803,0.0189196599269348,unstable,3
7.07244798603571,5.21153185834177,2.78796039694459,9.33899035345993,3.99766357435947,-1.56298184018686,-1.64174160462628,-0.792940129546332,0.267847651494595,0.128402184667013,0.201583741296005,0.812768143591087,0.014911670610149,unstable,3
9.6431333266026,7.5653891945895,4.22752135930613,8.19029644632612,3.21225316986244,-1.26553358436172,-1.10955178569236,-0.837167799808364,0.55762753872489,0.513929083422429,0.986703711307682,0.526858087498711,0.0629911235680179,unstable,3
9.8234340006621,2.25060848487461,2.74988212147857,2.6160783757352,3.15962216134665,-1.46484747157742,-1.14311926112659,-0.55165542864264,0.294592817696731,0.638010805273699,0.304221747723265,0.648182461295424,-0.0166288142083837,stable,3
7.67766210499029,7.92670884580855,8.55928253505533,9.78649734473275,4.37761235024475,-1.90435707619826,-1.5170706195794,-0.956184654467087,0.526482147640843,0.780889455912599,0.564465380765918,0.49544110625584,0.0725295517798029,unstable,3
9.62499400087075,5.49316269257448,4.49666747355096,1.01705150008739,3.34625396508992,-1.24478828164017,-1.22252694125739,-0.878938742192357,0.789687170101127,0.60836142541939,0.0683182074351981,0.506851776791945,0.0034817667552331,unstable,3
8.94148449873866,4.88409943222811,9.05972511610296,9.51764409507806,3.60291178141236,-1.76086376921799,-0.942264665257558,-0.899783346936817,0.836861944087318,0.958870351552017,0.224024313170604,0.667275643203077,0.0710465862661128,unstable,3
6.77664750913412,0.835576649709477,5.61735908754998,7.81904509072546,3.25073513241699,-1.23757070042762,-1.12541489286262,-0.887749539126747,0.329415953436124,0.244471103523773,0.214774580682249,0.335529294512519,-0.0283481096054016,stable,3
7.72002577404883,7.8655506581581,4.63801682710084,3.35817926027246,4.14274791049368,-1.79672682163621,-1.19434681724639,-1.15167427161108,0.805898194597625,0.949008143777004,0.115571723312077,0.631219689986923,0.0620338723258235,unstable,3
8.31439160398667,1.13440381865842,6.25175920190193,8.59764214504357,3.42935484477208,-1.87200334206772,-0.926222325172927,-0.631129177531437,0.511799940105034,0.729160650691356,0.254452379817255,0.972849279731141,0.0286935247897692,unstable,3
8.68022225508038,4.38406094088409,4.60392664867495,9.38957664014985,4.21132560240295,-1.7554180038663,-1.79443442954279,-0.661473168993858,0.135357294113503,0.320269338874711,0.680483162346703,0.255430655681267,-0.0051814300078975,stable,3
8.03200040888189,6.85000964008056,9.45049709961697,8.85243703167856,3.99267689328947,-1.31115688737094,-1.47721080170764,-1.20430920421089,0.818028639413549,0.51097668081163,0.210598785406768,0.933636613774003,0.0760356878387372,unstable,3
8.44079033178713,9.8765722396069,1.22203791298203,9.62433367849938,3.64970413723499,-1.28704689589068,-1.28996178554684,-1.07269545579747,0.625545167936125,0.800379364205471,0.607643695551599,0.843616676620741,0.0536520381821267,unstable,3
9.0371891062303,5.6749966772854,1.27932515453841,0.981699905159126,3.83698709781535,-1.35052864045446,-1.96962159161632,-0.516836865744565,0.727695151108553,0.435144527551384,0.576939227407858,0.711330182509347,-0.0115837228760934,stable,3
8.01724740079318,1.10584927445737,0.602600207006908,6.48778824999098,3.75924491384301,-1.63099834179018,-0.869100974792056,-1.25914559726077,0.467593107428382,0.716526864829157,0.729656738328709,0.720420866053882,-0.0289381956600667,stable,3
5.26966196779164,4.09931681453825,1.15811446740902,9.08538782783633,3.39946214309524,-1.38962265500877,-1.45752787804775,-0.552311610038718,0.991448664029512,0.422340990596493,0.821942307363698,0.834831314939778,0.0316136549300746,unstable,3
7.23985335167297,9.21041404438249,4.61426173023218,5.88855856131148,4.07488726434082,-1.84089549546978,-0.984644670610118,-1.24934709826092,0.609876175668822,0.859708828114571,0.755037548234672,0.343123649084136,0.0688655457727109,unstable,3
9.95615334817496,3.27808912600754,1.49336092973816,5.09969208269905,4.11721907588148,-1.4774458062325,-1.66525884299965,-0.974514426649327,0.172563823580762,0.422756236619563,0.565029593009243,0.77291817615899,-0.0236926309839083,stable,3
5.02320253533184,7.27973234902807,3.93389516146014,8.4213673941488,3.29312185901807,-1.05143753224371,-1.55439119152905,-0.687293135245307,0.683823962105661,0.902725265870433,0.162504860955535,0.639410824732116,0.0659882955469144,unstable,3
8.34405463203214,1.40604897886334,6.7701588794668,4.66544007061793,3.51496255428602,-1.43136674957129,-1.16068192755762,-0.92291387715711,0.320126299592764,0.74880194960025,0.683670425103171,0.0504579467852192,-0.0157434854107147,stable,3
9.9300257055833,8.22996366329252,9.05605196958724,6.68446076692353,3.70157219841531,-1.18722827789345,-1.43711140537717,-1.07723251514469,0.608461506754601,0.445202247391503,0.621999339425967,0.317135212081082,0.0571740737042584,unstable,3
5.99203621766806,7.16675011970162,4.85206149365121,3.64710627374748,3.73176537076531,-1.75181378396075,-1.13550543586605,-0.844446150938515,0.652546558608511,0.818921497660561,0.994140836955203,0.912582489840698,0.101221135086547,unstable,3
6.69275715433259,9.30203496646335,7.75947077146531,3.91501587173227,3.25465813197247,-0.959847490335267,-1.32290910218529,-0.971901539451908,0.63167323117429,0.854516870379319,0.824335579844151,0.834772685898686,0.0842327457283075,unstable,3
5.74957870854397,3.9162768063598,9.82898185444489,1.75055382806726,4.17511377157989,-1.91755422387468,-1.45774949320722,-0.799810054497991,0.195876520577018,0.912697077084579,0.957189841172212,0.314361938892691,0.0234832506874057,unstable,3
9.91580682976896,7.53020672465877,4.2643415599263,8.42923542554299,4.43724231830472,-1.90536494609533,-1.47526481117454,-1.05661256103485,0.676438624562747,0.82530797352526,0.914958699108246,0.480614835745458,0.0750340634011077,unstable,3
7.13111746751633,3.00348033283997,3.44380247959532,4.64803465949195,3.91421980060986,-1.26409566458673,-1.78568578394775,-0.864438352075382,0.270757790558516,0.364421975742251,0.0583300983756909,0.883815004130596,0.0005632764472869,unstable,3
3.31973846829971,2.94144882175244,9.87442766189884,3.00537560823236,3.86218407899394,-1.54972744002528,-1.5479647089133,-0.764491930055362,0.853267928297221,0.769495757989941,0.123567845302959,0.673869148250315,0.0268768500439799,unstable,3
9.36171515903525,4.94504509652362,7.16587103399733,4.80956323572126,3.20891783864466,-1.41484685833581,-0.61276292040298,-1.18130805990587,0.426900080741674,0.29326567949297,0.331895969298974,0.691286451335292,0.0278699398768806,unstable,3
8.63192189874562,5.828260186045,5.3676136375366,8.57982212923419,3.55896448847634,-1.32059662352316,-0.92770766522683,-1.31066019972635,0.289047888220584,0.175877083265753,0.981355736253717,0.91039879982757,0.0648012050154161,unstable,3
8.19918005301872,9.19150377363451,8.00459736036465,5.17502469892458,3.94003384549274,-1.32669602056468,-1.78454196452582,-0.82879586040224,0.895270845001873,0.459029231940287,0.553240383024567,0.459004270927712,0.0690412346396146,unstable,3
8.56841781550284,6.03964586804069,7.88138034753427,7.78816347772931,4.16699506743686,-1.73605112517542,-1.42066569052695,-1.01027825173449,0.38007356440574,0.302833751062151,0.710484241041989,0.731703953860726,0.0634940648144275,unstable,3
8.5983683124256,8.3492828732708,2.35799696199769,9.03174981706118,3.36510247511332,-1.51538278946035,-1.24433332589971,-0.605386359753262,0.438052719953404,0.915896246244658,0.862199231784517,0.71629952293711,0.0577315253308714,unstable,3
6.83808844523386,2.54348324006366,5.69273855711524,2.16978235961559,2.98208440619105,-1.62470127593912,-0.779331453466357,-0.578051676785573,0.937303941086828,0.875791310101511,0.456629701789325,0.672565628674201,0.043561045979248,unstable,3
5.25054047641383,9.91371526444838,6.0170617744424,6.58482582245865,3.88492383864205,-1.26724994957527,-1.90906792314702,-0.708605965919758,0.85875904468813,0.929729640920095,0.272215000254796,0.983811648605671,0.0856898723892743,unstable,3
7.03143134334227,8.01121068605757,0.841643025967525,8.84224992653317,3.93760107689712,-1.6917084774353,-1.73632296743155,-0.509569632030267,0.5109672902569,0.411465220755418,0.549173850760548,0.490763131815601,0.0123619841354656,unstable,3
8.79455258911618,2.3981955033805,1.71447900729699,7.09128321044114,3.45250928046699,-1.60313321293617,-0.961607229004405,-0.887768838526413,0.94581868177852,0.325201995840468,0.375500738232353,0.326562173758246,0.0136190885664923,unstable,3
7.17924387835981,2.8716418338845,3.12643422565474,9.79437557143868,3.6988308608273,-1.30771578958868,-1.15310466910431,-1.23801040213431,0.801166776939405,0.451900835077655,0.114909387667837,0.0543851502289914,-0.0069510818020806,stable,3
5.33497049049025,4.61724089287528,7.45674184142981,7.69665378966633,3.05934281009888,-1.39669267328798,-0.715979964210745,-0.946670172600157,0.254004003246471,0.782379517214185,0.228786156993136,0.962215705738375,0.0582312578131755,unstable,3
8.36658588128716,8.37724777454865,6.85020636143943,5.11063076218145,3.27309261516655,-1.27375727434481,-1.39112349249759,-0.608211848324153,0.968363215640519,0.775759722244395,0.988776980107906,0.807606436764647,0.106121721411818,unstable,3
8.96115109948798,9.77718684908573,1.42393521966127,5.98246949020618,3.27394948215896,-1.36101408622047,-1.27538386564828,-0.637551530290209,0.381074354906955,0.193801460841228,0.267899770580616,0.478946015693957,-0.0080581948636203,stable,3
8.39301348398208,9.22627095618587,9.17041834525162,0.908381779366149,3.1150025864512,-1.52999398913207,-0.935923807207937,-0.649084790111194,0.422673099295215,0.780589904103339,0.146802842061842,0.624656634937278,0.0095848720910901,unstable,3
5.35082856130621,3.31783864745869,3.62783662998354,5.09010361683633,4.33651959750432,-1.74766122653123,-1.64213700153901,-0.946721369434078,0.407797743140854,0.915428165940946,0.999336183777892,0.763454050137439,0.0920415954554667,unstable,3
8.57318946486135,3.65753338388721,1.34484391793405,5.16560681055498,3.38523098919777,-1.5094449539128,-0.851917081179808,-1.02386895410516,0.797865603302026,0.870048926621451,0.353913255920878,0.718969816222533,0.041767346996855,unstable,3
9.71805002989852,1.56863813871015,9.92852504037529,3.4774680862207,3.69718353105758,-1.36064085029481,-1.41555602912325,-0.920986651639524,0.857598155390124,0.7464055442926,0.360907539104659,0.612771726327546,0.0065047057196656,unstable,3
9.52906702593308,3.4102941574832,2.58184211905883,3.74605408052562,3.2773711853986,-1.52222102359278,-0.658820661530783,-1.09632950027504,0.553664172441722,0.118005618997705,0.936310048427421,0.837321030516698,-0.0084798693663808,stable,3
9.09649122329177,1.00960783333684,2.10883260198045,4.36537896441339,3.63051342544052,-1.93509831617821,-0.962596942314238,-0.732818166948075,0.295629195805794,0.440158847499583,0.57675630216791,0.223190789514553,-0.0283322368925961,stable,3
3.66017733820602,1.57137908794868,7.2074367682024,1.62465846281638,3.20413722762452,-1.51446921395982,-1.06842874272865,-0.621239270936046,0.429250878219962,0.717929981419959,0.360496017834229,0.760318413120296,-0.0428838518314542,stable,3
5.55149000583693,7.1977134380228,3.39001298212232,6.85517523227689,3.96318482978151,-1.43278870788682,-1.76321906618092,-0.767177055713767,0.153015539374709,0.94300741331956,0.704450944170348,0.550806127386838,0.0572267516865837,unstable,3
9.04412629413659,6.08145051407109,5.60281574221305,6.36670600157264,4.18877208505848,-1.94752450469551,-1.14229209552741,-1.09895548483556,0.734113610623638,0.172782836022277,0.34564794622478,0.372264506449553,0.0334938118570206,unstable,3
8.72419166656081,9.7669861657475,6.20407344226866,8.95579424609859,2.97256800108816,-1.25953725638078,-1.1465591641983,-0.566471580509085,0.634183823396225,0.197459708650183,0.652715883076709,0.443329564401181,0.0519498115897763,unstable,3
7.30648037222228,5.24606188178824,8.63975744504811,5.62609921429174,4.6622820429936,-1.94594845887878,-1.93008244929109,-0.786251134823728,0.839479704714109,0.706178249550669,0.49202331583095,0.97843358888781,0.0923389793360076,unstable,3
7.72787964346001,1.76967438497439,2.11988822809962,7.12632597897958,3.06609192586898,-1.25317359459262,-1.12640126112725,-0.686517070149107,0.464817758172993,0.806779815127583,0.560000553754029,0.583765295729323,-0.0066718524562898,stable,3
6.68890757690672,3.06529483216372,2.63493677359564,6.9696088185682,4.16522229169481,-1.94732380169688,-1.16842966044305,-1.04946882955488,0.877244634019212,0.963565836594799,0.17823302912614,0.356195359882147,0.0409416446599171,unstable,3
5.54354294084285,2.90409075543829,4.63628828551986,2.62361339239659,4.09749258063095,-1.73537686753883,-1.62988392660824,-0.732231786483875,0.259158788536971,0.131703360330286,0.934190946398078,0.950121819245479,0.0346522024622188,unstable,3
9.07554810319756,1.96915873659834,5.02599669275646,5.21945707197792,4.12506785000916,-1.70573918306897,-0.698059597659833,-1.72126906928036,0.417639363901691,0.688156218473958,0.877117557862961,0.903601777173985,0.0564328419531305,unstable,3
7.57083777022244,8.98404713579577,7.32093510077584,6.10434751187158,3.81237144163595,-1.85972125315513,-1.12301588704952,-0.829634301431303,0.452064313797199,0.418091858188076,0.926024080895431,0.357523523707878,0.0637727919737582,unstable,3
9.4188462141078,6.76991097081042,2.96909639855834,8.11847961593525,2.90824797367364,-1.14735187985414,-1.06055248673975,-0.70034360707975,0.414624026343316,0.490321741603876,0.778701831709939,0.681018432604368,0.0441807629503955,unstable,3
9.97373926899296,9.73516219052373,3.40419903055858,8.20298216972884,3.60482169217566,-1.17939734313851,-1.62484102512007,-0.800583323917084,0.808582133872798,0.663059402991575,0.959236235010657,0.15725675095486,0.0475785419481992,unstable,3
7.35004884450223,3.29861231711289,5.39044159553859,9.98382202150749,3.15441508993259,-1.39317581378026,-0.648041020913678,-1.11319825523865,0.258870041384421,0.832153707887569,0.590095709388445,0.75133844836809,0.0392314992018742,unstable,3
9.76378037494406,6.72914417116592,5.2928985085017,5.93955433603451,4.11708999321733,-1.13361005128087,-1.84673047754758,-1.13674946438888,0.665889142607361,0.246992014826802,0.167642776883157,0.133036099556392,0.0106643816779561,unstable,3
9.80711066797657,4.54183812797803,6.49023361613097,7.67563857737582,3.96325898861666,-1.65445260558964,-1.41712762381566,-0.89167875921136,0.257501250528181,0.493025791126774,0.319361895657436,0.380250569980012,0.0146606584795967,unstable,3
7.86435193580846,3.58092253388596,7.45508411869038,1.35862760522797,3.34128933056909,-1.81191718581592,-0.5899017964078,-0.939470348345372,0.140170732881677,0.291199310555803,0.65498943979956,0.999881626738452,-0.0298564663240918,stable,3
8.17110032567906,9.57324525699195,7.21133527918636,7.66275765076317,3.82556792357051,-1.24287183718589,-1.62499035199694,-0.95770573438768,0.218273558696583,0.352251790204835,0.948275711022791,0.870686108125957,0.07353000335967,unstable,3
8.47871192236588,5.63537874098495,6.5803563334938,5.40670333370065,3.17015659106355,-1.46912756000484,-1.00212516465295,-0.698903866405762,0.918136880134663,0.918005200958727,0.432670658477471,0.249798632798584,0.0738664472076374,unstable,3
8.18526233680955,7.58940268786284,9.06262591830581,6.90143124254884,2.97682195180818,-1.72230317533417,-0.573886301900388,-0.68063247457362,0.158285667942122,0.579175520799682,0.455841889167442,0.91275972514667,0.0621477136703261,unstable,3
6.81602137702528,5.01767835396953,9.19379620159034,3.65174031597601,4.0314082360998,-1.21975161132473,-1.71365101176155,-1.09800561301352,0.25993270605781,0.348274639883591,0.311826755653396,0.949067502690186,0.0155900858973975,unstable,3
3.36243806038791,9.0661012934786,1.05270997195548,1.6536150013247,3.81235713800088,-1.62806271451369,-1.59180313505668,-0.592491288430512,0.454297503818375,0.864018104970631,0.501317044149762,0.930727883043583,-0.0258958150361247,stable,3
6.66764234338218,1.75583434463489,8.99660466799851,2.48186320354848,3.9120984753451,-1.71651935892634,-0.787710888481699,-1.40786822793706,0.811569049200839,0.3084974138477,0.584376010212809,0.972747926048433,0.02331475283737,unstable,3
4.6049905967153,4.68717755219956,9.26683138485962,4.34275113440043,4.14117980512446,-1.84687797295182,-1.48689717449822,-0.807404657674418,0.352202471286878,0.614776473423794,0.227677147861167,0.60561942269127,0.0208877280751195,unstable,3
9.2186593453169,4.41904406750368,9.33925090079933,8.06668566444798,4.44466049005778,-1.99438541548315,-0.911602072688227,-1.5386730018864,0.622000542419441,0.772773938873463,0.290235378401711,0.735310548518965,0.061330437511356,unstable,3
8.23973330379769,2.22708359420564,9.48415150263341,6.90627949609256,4.22656257265465,-1.79113628800599,-1.08694785326608,-1.34847843138258,0.235210902135706,0.653082583313966,0.432305649330639,0.386646061987013,0.0001877875150849,unstable,3
6.00399267397131,1.96759197310464,9.63181989603743,6.06388091628202,3.71937226775237,-1.18482696699169,-1.37662915687322,-1.15791614388746,0.31734756720247,0.891496424222952,0.44667681213238,0.382651411492049,-0.0068914677884465,stable,3
9.76025910158936,5.41537293503144,8.89535314733277,9.09091283888784,3.80633878257122,-1.62345852611254,-1.00790145722163,-1.17497879923705,0.0503897823137359,0.44185926559256,0.0952493521669111,0.117037051904394,-0.0413120084503563,stable,3
9.77207787578172,6.29925557946772,3.69612368344789,5.2987931162513,3.42734184968529,-1.42728391535493,-1.20706588979723,-0.792992044533126,0.970378365252917,0.930864689527559,0.0983828496498032,0.423452119411631,0.0628179754553948,unstable,3
9.44104195216517,5.2923489120275,3.60722778590084,2.49329667616152,3.29187725877125,-1.98204940980616,-0.527902449726942,-0.781925399238151,0.90073777595032,0.499383562796073,0.51148065003162,0.41999898271842,0.0272341434408827,unstable,3
6.98444466038593,2.5615824159457,3.91815091493453,0.989290298632672,3.95564276902849,-1.74714662442178,-1.67761836202309,-0.530877782583621,0.204237855831363,0.575367355663375,0.517937459054004,0.921038747012034,-0.0416817557546553,stable,3
9.55041434969969,0.50724386944765,8.29343347430946,5.63867857102415,4.05867966461387,-1.85253613750594,-1.69143065079087,-0.514712876317056,0.855456867224358,0.553265130883721,0.211749156646157,0.090678829455825,-0.0058213094417811,stable,3
5.09366187402904,9.03203550098902,5.72423574298746,5.44862422205523,3.65739150237527,-1.8644202643238,-1.07225902292406,-0.720712215127412,0.901099058796277,0.624604683073122,0.451090724028272,0.368617434803045,0.0611319845356292,unstable,3
4.92295794867858,0.964195919073548,7.96316477900094,8.55677189062502,3.31231064825872,-1.55378312218949,-0.942534171204059,-0.815993354865175,0.166337204730195,0.533636707808531,0.122647024454044,0.529823528843886,-0.0385500803471238,stable,3
9.25818162055733,1.835620841413,3.49727896614701,5.24212524705955,2.91961852125433,-1.53370173136828,-0.679335085777985,-0.706581704108068,0.756782360142061,0.412132746307955,0.462750652704661,0.516707701991837,0.0123807355324907,unstable,3
7.22583215964936,1.15547160928752,1.1154024670379,4.49046823544573,3.33716367829704,-1.39404419175194,-1.35436260776564,-0.588756878779456,0.0969464030613715,0.399224285656442,0.70657630644953,0.451189063714513,-0.0395281972732457,stable,3
7.70656563388217,4.71237489572914,9.56317023253234,8.39152133024167,3.43181692070001,-1.73064608185347,-0.519120861153258,-1.18204997769328,0.709193470895245,0.756837148701539,0.633792466254745,0.0651635457127844,0.0525435741509823,unstable,3
9.46434157067452,1.24997083525882,8.08765495446467,7.89860021071559,3.67302593203417,-1.58236275597103,-1.14203099393676,-0.948632182126376,0.777335549049991,0.889969548516975,0.487952200127769,0.669180797391522,0.0351451064453428,unstable,3
6.75032507564895,9.61454955859355,8.60168738017388,5.65561271330875,4.23715616787121,-1.82434894952751,-1.11351582195347,-1.29929139639023,0.540484088723356,0.767469911044554,0.350428400084976,0.523063831886018,0.0597448359467018,unstable,3
7.53006382499425,9.07956165035595,4.26541559667719,7.31154903354596,3.53685780009592,-1.81615493199085,-1.20621500095925,-0.514487867145822,0.238750436265218,0.833982572046985,0.0917271086059022,0.253157719358816,0.0274329025128749,unstable,3
6.09416161323116,2.76476210548992,7.14757440748708,7.1892457096008,3.84922544819884,-1.71395329121124,-0.86810018655319,-1.26717197043441,0.869363142457904,0.521153930206517,0.0889929722018656,0.523301444230268,0.0366363920165717,unstable,3
6.4368829743439,4.20015791605762,1.02173251384961,9.1241792079699,3.46649374112094,-1.83751421302841,-1.01071289346138,-0.618266634631145,0.258708824437389,0.398960190374359,0.55648584930139,0.246580806492028,-0.0330398864636273,stable,3
8.75793138322837,2.43080612221345,1.69230095756896,6.576357611951,3.47761891370876,-1.40612176782287,-1.4375160641831,-0.633981081702793,0.471038430487055,0.454176613597664,0.941431892571347,0.862172868395616,0.0097184207662839,unstable,3
8.05100473321351,3.80566316589881,2.63675917986631,7.27367322701729,3.02109388741543,-1.33465980956356,-1.07135882039161,-0.615075257460261,0.648147895164064,0.627173070395248,0.991140357185347,0.708575135411616,0.053831163021352,unstable,3
8.90699782377367,3.12030685280645,4.44236557681096,9.37864680320228,3.88372744219109,-1.66116016582788,-0.896437463474157,-1.32612981288905,0.498600041478651,0.818776005243746,0.397665266766283,0.751768068986933,0.0386466662430069,unstable,3
6.74066159446655,0.771154221024027,4.89565001624391,7.78183286997661,3.01468428235624,-1.47867999042631,-0.96104899571701,-0.574955296212924,0.37426824967433,0.850753980968005,0.0965118805426045,0.258111253855937,-0.0336157500173648,stable,3
7.11259295641771,3.51389129097399,3.46937407934479,6.21965118431969,4.07446561261424,-1.28302490066716,-1.90417589706827,-0.887264814878814,0.686753890854497,0.924129497328651,0.109304644639352,0.931306841404963,0.0680970680591673,unstable,3
9.77983057985335,6.74015913946386,8.23086569352994,6.6269802725776,3.85262642560094,-1.01290598559412,-1.66843726770399,-1.17128317230283,0.814120921223359,0.28174550876934,0.306901699489235,0.46811918165179,0.04958485308082,unstable,3
8.45284412238431,6.61103552987532,6.07162678714582,3.99134535478764,3.97824128704813,-1.62465501542769,-0.863456518040388,-1.49012975358005,0.420088524673977,0.503439058648,0.237045131382188,0.387637676495563,0.0207765422317709,unstable,3
5.68178740005889,5.74145043115754,3.83746370199976,7.49193528401089,3.5436189248406,-1.69353968623254,-1.08208720290277,-0.767992035705294,0.381842113345563,0.131080116920745,0.296578280006009,0.98697711800334,0.0380375018815726,unstable,3
6.79662442060548,8.25486032608184,7.29439266955109,3.50790967835579,4.66299881461153,-1.96186262345541,-1.88754268335387,-0.813593507802254,0.398564713912131,0.919154733398508,0.0558101670310693,0.769743785313926,0.0424395258970477,unstable,3
6.68773157323136,2.31615915460715,5.28417591781474,0.778107529755693,3.73434176974444,-1.36416923729972,-1.8598291241481,-0.510343408296618,0.578147474428068,0.435524782087475,0.231529420839889,0.803484168667437,-0.0283117127943131,stable,3
9.49630055217987,4.77059220417623,2.11264208248573,6.32317020591071,3.74180306641243,-1.12158263109045,-1.29073060068132,-1.32948983464066,0.643193430583472,0.6943616272586,0.802432746783699,0.945484702598633,0.0563277033309703,unstable,3
7.78315003499481,0.985910668109253,1.39046845563638,0.641704314321722,3.4180274137377,-1.50572577564996,-1.35640028727771,-0.555901350810029,0.556041722586042,0.667846896346559,0.915241636537476,0.912617788608037,-0.0288419784837791,stable,3
8.95086321154317,2.59830590961446,8.26229533634237,1.30265545575853,3.59178390299095,-1.98469261957322,-1.02487755399734,-0.582213729420386,0.510674263103094,0.205904467591424,0.294052426153165,0.332083424087636,-0.0214186584121447,stable,3
6.2797066208839,2.91298452926248,5.30199525812296,4.12882976891136,4.08042863376117,-1.62982584633024,-1.14729064673978,-1.30331214069115,0.54971694312228,0.13246120876682,0.0830680659609265,0.958383016570857,0.0175671929145073,unstable,3
8.69068292466006,0.837015773276798,8.96519642218176,5.35679274986938,3.80686995437982,-1.51478596629368,-1.71927819431124,-0.572805793774896,0.928936767870747,0.167284621598815,0.995741585741326,0.614082570094403,0.068823853347184,unstable,3
6.31524181209028,2.70302849002801,9.11615176998164,4.48290578405763,3.9538790302659,-1.42274250217315,-1.91188039622508,-0.619256131867669,0.840321190337875,0.911523402525365,0.233065420331176,0.726079657107159,0.0530317222140979,unstable,3
4.48754179930342,0.775592270769097,9.72786820360284,6.65559736325692,3.61829830244427,-1.71143194176352,-1.37811416851515,-0.528752192165598,0.810529883625099,0.444295442740888,0.610881379809573,0.310776320184973,0.0070478619985019,unstable,3
7.73761286428946,6.18445776450163,1.18574081171737,4.10475857212167,3.7714993153589,-1.44920941921677,-1.64821038705953,-0.6740795090826,0.308477653642759,0.208906241949829,0.147109486749197,0.19767542100229,-0.0416407082183783,stable,3
8.34144743992981,5.98996166651365,5.5172022555723,9.77917318095351,3.86533039521805,-1.66299116553897,-1.52529449967027,-0.677044730008812,0.219148835552419,0.72522338602316,0.341591596506948,0.776617625157633,0.0517625418968975,unstable,3
4.46561717903215,3.24592479854235,1.65549149390245,8.41669886488442,4.13729291613233,-1.60568874134659,-1.66454202478284,-0.8670621500029,0.736010589578782,0.945161300151822,0.493626769383642,0.80452649768985,0.0378611785893625,unstable,3
8.11268010722981,6.95782528139695,6.99154165837903,5.44686581866727,3.41411503078826,-1.26957035149632,-1.05199721214446,-1.09254746714748,0.597006536440093,0.412389726836008,0.760146207718179,0.181561573875413,0.054819424470502,unstable,3
7.33787160422058,6.74373603856536,9.63454943486096,9.55284737881947,3.7371112537407,-1.39207560678526,-1.23599986509304,-1.1090357818624,0.575474421200918,0.845927487955211,0.195071714487846,0.340509668617946,0.0536113234307439,unstable,3
5.66774425807567,3.10617341429105,2.33794333947404,9.60751272784323,3.92477788007834,-1.54446699526593,-1.40699255684359,-0.973318327968824,0.317307345673336,0.971530851742005,0.347871465300915,0.353542980174706,-0.0185562960727239,stable,3
5.41104901603843,8.91803293862265,6.36350700894,8.48611248962024,3.56640499566308,-1.51939473546632,-1.46583685751208,-0.581173402684683,0.731920457478657,0.718522436651052,0.577280182194049,0.633370652405857,0.0778244131672405,unstable,3
9.62011150308846,8.76234937738046,8.28043192487976,4.29534846136195,4.2029875438219,-1.55220759605677,-1.54697346502231,-1.10380648274282,0.948873369850027,0.512341148587026,0.154891622801569,0.76639885436592,0.0568927326778368,unstable,3
9.32224557637272,2.21384149763846,9.77221994050889,9.24321776409696,3.95621363986968,-1.88468037244078,-1.11922880160161,-0.952304465827288,0.353398352386681,0.267344297889931,0.786165791006555,0.255707168228077,0.0295720447505459,unstable,3
6.4117537354423,4.04148168923203,6.24573077675449,1.08411804269353,3.85442653625223,-1.528104775566,-1.41634746234756,-0.909974298338674,0.251241920313194,0.734080143815544,0.595596036818394,0.486327505533897,0.0099516452145233,unstable,3
8.14031500686469,7.87180478071582,2.0403313027706,8.27477672802095,3.94318370861633,-1.92320288573978,-0.915549695371941,-1.10443112750461,0.775522409964033,0.709493783790159,0.588365601378025,0.325266638066525,0.0468199556200752,unstable,3
4.89385646422753,8.41942595352228,7.43339755766392,2.70205218854224,4.14106308272111,-1.66890826152452,-1.47628053693426,-0.995874284262326,0.402049444738672,0.640118318817636,0.305942644359587,0.994018264691498,0.0271244998280999,unstable,3
7.51302728948585,6.04843234284442,6.50987053484432,5.92281937684737,3.78891757743876,-1.49490785653824,-1.45084521666338,-0.843164504237135,0.497383370888071,0.168621325340631,0.66851619686545,0.254377507111096,0.0339906898176225,unstable,3
7.69529000254214,3.1854016276974,7.39197949726871,0.724182437891339,3.084674187344,-1.65099967126555,-0.722214598870371,-0.711459917208075,0.557354338822028,0.483359685660343,0.630504732288946,0.808938435981635,-0.0034040299904995,stable,3
4.68682265255931,2.30854380185765,0.782000811421406,1.76564019459034,3.99792012547622,-1.89041281863694,-1.24776277447096,-0.85974453236832,0.941997672768721,0.944923916036713,0.688300769908497,0.194773801815317,-0.0004634397288565,stable,3
6.92654316765885,1.17111708376475,9.31051127016579,9.41637866250793,3.66328131433097,-1.57516289573626,-0.940219085715211,-1.1478993328795,0.840989686337024,0.770705277727123,0.527316792104192,0.197416539344754,0.016050496398599,unstable,3
4.22299812112133,9.39737204321187,5.38075895154507,9.36535660482549,3.25475033962339,-1.82740515521361,-0.821548754167464,-0.605796430242318,0.558270463905005,0.986737909910374,0.927515886471723,0.754314442725933,0.0834913389550393,unstable,3
9.61113997923166,6.99948520570004,4.35103037452287,9.68382842621445,3.62992490704256,-1.95974560867229,-0.976820166155417,-0.693359132214857,0.434993925798365,0.31825297019507,0.933075097146343,0.836566303182923,0.0585033999595022,unstable,3
8.44732830394807,4.51592986788512,1.89743989287083,9.97104982641606,3.23488993677856,-1.62868938323674,-0.912117562082794,-0.694082991459023,0.330579934695577,0.850600639357673,0.399340005037989,0.579219811429438,0.0188580388175707,unstable,3
5.56352762977217,1.4834826341209,8.5551408153182,7.6825562697289,4.26514610951046,-1.89414792951515,-1.7771977569013,-0.593800423094013,0.670454198748247,0.181472889890809,0.608596081546017,0.238357487216016,0.0239186889735449,unstable,3
7.58125954068494,4.06126289641387,6.19264115511689,6.55726888734944,3.22119295732593,-1.43356189138718,-0.591071434792702,-1.19655963114605,0.21707595361978,0.680618461845442,0.457294944466915,0.726298685098025,0.0504753228723986,unstable,3
9.17220592199566,6.87847130157979,5.42425869911084,9.80864959059079,3.8605680803262,-1.20363796387884,-1.32675875081159,-1.33017136563577,0.195995879600976,0.638199144676382,0.643058531336474,0.266533387985392,0.0368057335434621,unstable,3
8.03408491719328,7.2699677820497,2.29867376005962,3.60118949839033,3.99032164089588,-1.60547968488693,-1.58899567994137,-0.795846276067582,0.133879731477045,0.958070904758206,0.104811596384178,0.375256683303232,0.015714668679631,unstable,3
7.05763984174568,3.42683058578458,1.12378116661139,7.72821451524861,3.8129823648782,-1.8373184646089,-1.17609542826993,-0.799568471999373,0.820445162512358,0.466430775902762,0.21384202659003,0.742698640099516,0.0421087088873838,unstable,3
8.77493210372108,1.95269708311196,2.40826036426193,4.32953254664701,4.07625602277112,-1.63548523618127,-1.9296416943295,-0.511129092260345,0.466114796465099,0.510311101590892,0.853311563598274,0.0557383792460419,-0.011640771411061,stable,3
6.91406200493179,0.763866485621641,7.8113543642253,4.19674728535844,3.33083144402669,-1.63501665351375,-1.17559373813303,-0.520221052379906,0.287312756071737,0.20928773741346,0.461333049887702,0.439819769765311,-0.0121899290670739,stable,3
7.31756480277113,9.93501866841133,9.53328008671314,7.90087827819574,4.10350592613205,-1.62142586961628,-1.07689908434134,-1.40518097217443,0.306343492477334,0.959974048484343,0.926834737078518,0.140117915957501,0.06977825010357,unstable,3
8.84404890357215,5.14961337854889,6.51724976754513,8.59655780540141,3.29062013321517,-1.13410971360509,-1.07877409128927,-1.07773632832081,0.832945797770374,0.636698196591033,0.56478183471377,0.184960896370671,0.0597732586869063,unstable,3
9.67273626637998,4.48152445259599,0.869358072553924,9.3257494913514,3.07953475934516,-1.21050968058185,-1.32353060336661,-0.545494475396699,0.650155143469417,0.540375714006502,0.0674966482837417,0.563548239298337,0.0320408095415875,unstable,3
9.96915433644457,4.50229405934804,5.63335246266446,8.63745994964354,3.51927071197636,-1.0327869832568,-1.41514988080508,-1.07133384791448,0.944390065153093,0.0808567630779312,0.301937997476279,0.614688153186808,0.0507114584615761,unstable,3
6.7060002812117,9.52542229661945,3.28109760226472,0.586626238260639,3.46783318503111,-1.44973547042785,-1.47302428739433,-0.545073427208932,0.209274349021257,0.0941243260731222,0.993007758617353,0.488336734296282,-0.0397492935347196,stable,3
7.99181116811525,0.714354453762469,5.65692844918207,9.00624134963278,3.84664692507083,-1.27978904162815,-1.59939374474676,-0.967464138695924,0.722173075355524,0.62591625007029,0.203698486770916,0.312421820824167,-0.005198178719321,stable,3
6.11544445900351,3.84661235493378,2.87226878996025,2.15181064713288,3.81115923664867,-1.3558046744208,-1.5485082059629,-0.906846356264968,0.968095375229833,0.688894704648474,0.30618362136286,0.758048551082943,0.0479316330969427,unstable,3
6.03447116564924,4.3406390836941,1.3929010151396,7.1749522130498,3.66818169638581,-1.43623052384588,-1.0927600634952,-1.13919110904473,0.845942663880693,0.737202354929355,0.132008987012981,0.430782776520797,0.0467837203193811,unstable,3
9.99435553003672,7.40800475807209,0.774487044546823,5.48851390355354,3.68738914167657,-1.72122606456481,-0.667527050324495,-1.29863602678727,0.672051608973561,0.117101926983395,0.205429953568255,0.349897758753063,-0.0019351001815561,stable,3
9.91108779996695,0.564866997236665,1.32672276923052,6.56187688369701,3.2102867288286,-1.46287010864622,-0.637308094969276,-1.1101085252131,0.574783245112767,0.978063823437903,0.368626521918275,0.494359969657613,-0.0350630264416476,stable,3
8.3644411954163,2.98092105043042,8.09328298526213,4.73353911823997,3.96719389686403,-1.80532266941215,-0.65054189098943,-1.51132933646245,0.722117933672075,0.695925330440535,0.577588340642571,0.996839617902702,0.0684425073522426,unstable,3
8.4915074580802,3.84076745081106,2.68050557076266,3.97639401048481,3.74793625345289,-1.68686326944653,-0.762884004017001,-1.29818897998936,0.519298353921072,0.27195963283584,0.911563469549171,0.926291282347355,0.0315817195619443,unstable,3
7.77534187551058,4.42020423932839,5.80137892580273,0.615010872961231,3.19463674617967,-1.27763203206725,-1.24003453938019,-0.676970174732234,0.970797521687003,0.279749343423225,0.25690129244356,0.0838454558615887,0.0219422114574542,unstable,3
9.59332371557573,8.31041758856247,9.777326832595,8.50435450440659,3.23101891335962,-1.5596203399827,-0.824696163429669,-0.846702409947256,0.929116905982878,0.110920253916085,0.933569313546418,0.211842134322029,0.0658417682825908,unstable,3
9.51746557791994,5.24222447417533,9.55290277323276,4.02699295011382,3.78629227429054,-1.34433236463593,-1.66215648249394,-0.779803427160671,0.47920200829071,0.113285303910677,0.177736901727412,0.374544315316281,-0.0073076705153971,stable,3
8.85639413784638,5.74236607080355,6.95932690653054,4.19119794012711,4.1407730875371,-1.67598100767024,-0.951248251626315,-1.51354382824055,0.939184433706858,0.75598917437767,0.901748914279715,0.607492449652978,0.0924107512597485,unstable,3
7.39009658749429,7.82651358791639,2.16591116035354,3.17328285576358,3.9090571485023,-1.63208862690221,-0.972617930492363,-1.30435059110773,0.762042052041373,0.629441629128759,0.674232107174327,0.689521325822625,0.0398723298547175,unstable,3
5.62610451578642,5.85572061736389,7.77206192045438,1.4889656386174,3.74831179692463,-1.51920439488564,-1.3070708729358,-0.922036529103189,0.828981752842007,0.480834505026885,0.543212168278105,0.382097683869762,0.0420236821496425,unstable,3
3.93978887695896,9.96791620169117,4.85611315321396,3.6282408926504,3.7076692059461,-1.40936950315146,-1.51805911703495,-0.78024058575969,0.55618838775237,0.854111026685936,0.431307997253525,0.683494272324846,0.0352531112423864,unstable,3
8.30000683640928,8.18498927790254,3.73165849814441,4.72942622955263,4.17465643578294,-1.5891329874538,-1.64567158442645,-0.939851863902691,0.675300337272837,0.177472166958676,0.885879666219295,0.0574090640064678,0.0183176874613123,unstable,3
9.83150788196454,8.4309243935032,4.50949585095386,3.45801080557734,3.89861506427466,-1.22153857466825,-1.80233135406132,-0.87474513554509,0.3199940442723,0.249824165734293,0.434643855486994,0.630952884057672,-0.0025769923148904,stable,3
9.14977074444024,4.13409648848479,4.09724484343296,7.99061749062077,4.3059784532768,-1.82000249851377,-1.10134567241812,-1.38463028234491,0.158904990508771,0.910650948178667,0.761297118200099,0.598275648610286,0.0498613196391902,unstable,3
9.85054465598036,9.8868082234181,1.96104796780387,8.85203625673267,3.51686193976693,-1.07612102519051,-1.76555808684031,-0.675182827736111,0.10437812190618,0.237385940407718,0.696115648480218,0.156208129554137,-0.0316887983093549,stable,3
9.69534518372878,2.77789727442577,7.51144475597448,0.575803259700048,2.83531685885912,-1.62573900844209,-0.500842790532869,-0.708735059884156,0.459557522038204,0.498576992684785,0.0672229059363937,0.879837212857034,-0.0330593158550014,stable,3
8.08460378134758,8.65685995749409,3.56803595706028,5.07978857145942,4.26143739919063,-1.75824351235961,-1.8676751178477,-0.635518768983323,0.713254505449596,0.0982328141872492,0.455061636659882,0.924045406972906,0.0465599570176421,unstable,3
9.67198628610269,0.902221836537321,6.8339451047647,9.77571506816861,4.14355515146566,-1.60399282140103,-1.56100181350789,-0.978560516556737,0.741253064905532,0.433752578923062,0.289524878571847,0.308762595541555,0.0124384611820119,unstable,3
7.96246732342808,1.53119464112557,0.995337458225794,8.44387950780869,3.50084619175193,-1.73972391781603,-1.11288019582051,-0.648242078115395,0.594541111708153,0.730487356350498,0.902840123418269,0.962741364274959,-0.0019140501436797,stable,3
9.44571972380707,1.37830442895868,5.04914924781513,5.11233718600479,4.03780192943285,-1.96378309469052,-1.46082504064853,-0.613193794093805,0.188494564953598,0.444665699150664,0.896881355933554,0.209198298175185,-0.0119919612632504,stable,3
6.31450835644762,3.7212320186396,3.31260836210771,6.25365443777557,3.57045746603144,-1.90252842134516,-0.825787834715494,-0.842141209970787,0.701954898459442,0.925546970416184,0.985065193935279,0.410523792240387,0.080144382181234,unstable,3
4.76151069419212,2.2237795977583,2.64203176121064,7.55877770238488,3.59913258666003,-1.60008215875756,-1.05467738778935,-0.944373040113121,0.971352467815045,0.300028846652944,0.512987238595538,0.719929989576875,0.0424783972474973,unstable,3
8.35281286259438,5.69561655544266,7.81445840487867,5.16326171212667,4.22117169972573,-1.95610609556769,-1.18028723210285,-1.08477837205519,0.467502355891366,0.586603590624923,0.662413011914225,0.820127805582631,0.073733723338387,unstable,3
8.57547887676076,6.69841580609079,5.12877000180129,5.67111192681559,4.11578180164498,-1.40107700042754,-1.72199266001609,-0.992712141201354,0.59784742275696,0.951365348325576,0.743543414178166,0.234034206745281,0.0741193516149988,unstable,3
9.46688181411215,3.04911384392134,7.25628848547739,7.23711973412666,3.64428048657652,-1.49089074119598,-1.16366986878045,-0.989719876600092,0.256754802186702,0.205418199590573,0.0953472577019036,0.857036142397376,0.0157830343061327,unstable,3
7.77081876732415,4.41531761303873,1.68759441060941,6.67807068982616,4.24749378610634,-1.75962627012812,-1.62839706021777,-0.859470455760451,0.363095792042433,0.402210664223783,0.343787172939472,0.523907522317849,0.0030914687931546,unstable,3
4.18269985599479,4.42642859425925,8.90107498946865,7.48685662924195,3.71136926818601,-1.37822025629088,-1.76484835635491,-0.568300655540219,0.500001885234477,0.740044786390956,0.225786066327995,0.265009156756955,0.0166703415522339,unstable,3
1.63425917474237,5.30463476181625,8.06601273522713,0.92744489821305,3.89685080627769,-1.61116011995315,-1.4929581184138,-0.792732567910745,0.666420487119498,0.968965187781927,0.21844691000258,0.823370891137344,-0.0268038890259049,stable,3
5.31997321691584,5.52039162683248,9.80505000131326,8.90015108678824,3.86035061988153,-1.6416727839775,-1.03701925806459,-1.18165857783944,0.727562623048091,0.901234491367427,0.869369980317096,0.361817589570647,0.0767197338939601,unstable,3
9.79403641311615,1.21128413582535,2.51744418639218,4.70570069790709,4.14055973402361,-1.65386251230011,-1.67285444099217,-0.813842780731327,0.697808988824857,0.737323009101448,0.776148743777607,0.480911845482673,-0.0137239430415085,stable,3
6.33991778596452,1.082533326062,4.98738834537331,9.06188108301222,3.66875053461949,-1.84517338107803,-1.24142818681613,-0.582148966725334,0.562363056649368,0.779557968062873,0.267985645211348,0.119446200445464,-0.0407260842453479,stable,3
4.54860551634184,7.22110592637316,8.43559967323454,1.29242471184062,3.65189550333425,-1.76317548058352,-1.36091728677681,-0.527802735973918,0.716623484153536,0.718864069099876,0.569454756028107,0.242442959414755,0.0429268649804055,unstable,3
7.63103085213236,5.05077844447966,3.61374422617703,8.57528061457333,3.36686377287899,-1.43552072628619,-0.713748038659105,-1.2175950079337,0.404965498244137,0.190115121493154,0.298253940441377,0.666685031028662,0.0227375444643335,unstable,3
3.89367636138166,8.74043975189574,8.62722112270377,3.83245502759177,3.43029855298122,-1.36745678187539,-1.53051723552176,-0.532324535584066,0.74646649569939,0.734603479694218,0.0870284910896036,0.669914757630272,0.0324752049285517,unstable,3
9.96435161288361,0.925651210710162,1.30291235471823,8.33409513835943,3.47361574047801,-1.63456351897519,-0.65477972083576,-1.18427250066706,0.530987672199812,0.152220803807911,0.356285529248315,0.922362443948565,0.0194417978464807,unstable,3
9.09152763448347,9.27604991499112,1.10436940604971,3.65750826362717,3.6339016392239,-1.91335039958941,-0.730428135517368,-0.990123104117124,0.111059186661129,0.25579409420713,0.329518533845654,0.786958170718363,-0.0391397846331208,stable,3
9.1786814120479,4.28225585896515,7.68855484678022,5.67436576442023,3.50394148719187,-1.98528953137834,-0.884462096363015,-0.634189859450515,0.234134880343535,0.740912461888396,0.189506664788477,0.694984794289417,0.0317764597196009,unstable,3
9.35452536428844,6.36303396158576,6.15396760227768,4.14654411180897,3.25317653854766,-1.53833173753709,-1.05996612200667,-0.654878679003904,0.0799550174863287,0.400351622650812,0.0827340828148753,0.726648374013299,-0.0118182523604864,stable,3
3.00731281572442,6.07401826939906,0.858635124686279,8.68480014821872,4.23005816510034,-1.93717261986878,-1.51926326867911,-0.773622276552452,0.924423136574904,0.793961425324786,0.133047086291644,0.941519713620031,0.0486597606031366,unstable,3
7.1783838936109,2.67698479163646,5.85365060038322,8.59105365953661,3.98714118690344,-1.60515166614166,-1.47320406627689,-0.90878545448489,0.612801655582732,0.270192689627086,0.947136129863949,0.70002580243879,0.0674865548250506,unstable,3
9.5653760494136,9.91533205736945,1.61605040315636,9.12847527492112,3.81852689003087,-1.32838094993609,-1.74972913925711,-0.740416800837673,0.776054077541138,0.0692062000620342,0.965335368122082,0.249639218537922,-0.007891521728935,stable,3
9.4516141233268,3.01390743949907,8.74917127244168,1.55901460067435,3.60377086853161,-1.54782864071893,-0.992603539048124,-1.06333868876456,0.131741583468883,0.508179625107533,0.191213637456696,0.346277889089381,-0.048273607405317,stable,3
8.13368388536973,4.67142456043114,6.54491379899568,4.65274528704665,3.7100555685097,-1.37181813322237,-1.48191963701686,-0.856317798270471,0.164989598991384,0.967649895306707,0.736017092126517,0.645509911613336,0.071500593089527,unstable,3
9.85119310112108,4.99949289263139,5.49851405958871,0.554788305491884,3.544830224924,-1.42397718955929,-1.12827109779485,-0.992581937569857,0.0904865420444217,0.440390366341652,0.747269750968884,0.856419340602174,-0.0301139020199064,stable,3
5.78531491123085,1.36231906628727,9.13213652199592,2.02132648312489,3.68063645964788,-1.73865980142406,-0.853418964436848,-1.08855769378697,0.416478637286795,0.575278608088362,0.37838544008825,0.708727819718336,-0.0257262007393777,stable,3
8.44207693859748,1.7368082237852,3.89834654997756,6.8064625366993,3.73029501592177,-1.34327094525845,-1.56359500773293,-0.82342906293039,0.123762988258403,0.837015881394123,0.0840402602213388,0.737684470894063,-0.0218291731801154,stable,3
8.64818107854063,7.23610845104985,1.67305339906843,6.59576311991322,3.18013494903117,-1.71128074682715,-0.809584742683731,-0.659269459520292,0.314466844650876,0.104192727210727,0.569555634765615,0.809500533072186,0.0049483983446172,unstable,3
9.49696839126638,8.0939401449152,4.36067589300609,9.10877505846002,3.46222711846693,-1.40137735206978,-1.18425269557491,-0.876597070822236,0.348481851953759,0.381900658293255,0.500305576207405,0.27647351758879,0.0202659091470673,unstable,3
9.18929855760063,9.24840410629644,3.90707180077967,7.54739538995334,3.12169397516723,-0.945601533707767,-1.28161669627975,-0.894475745179714,0.507300865301733,0.847658362189198,0.652869733793994,0.981285886263474,0.0802991109123941,unstable,3
8.16846765111531,3.88928131157712,7.83477566107765,5.22271118678959,4.16209508959748,-1.87268634554263,-1.13539819634774,-1.15401054770711,0.354897759245413,0.33863727760444,0.41080666544163,0.203142207556383,0.0039805946901803,unstable,3
9.98812280104845,9.58925054519427,9.04945176719427,2.54394091622655,3.46073588173807,-1.60871787482515,-1.07533067056414,-0.776687336348777,0.747429442150152,0.378195131073745,0.15150058785721,0.655130646003177,0.0208392455020287,unstable,3
6.84001609608004,6.79314388515773,8.16316724214405,6.13186586016914,3.27290560273819,-1.31589960733108,-1.39641664062331,-0.560589354783797,0.100678965017819,0.381582766431883,0.75939789409724,0.569685761009826,0.0472981194787628,unstable,3
6.76579774953185,4.0647790967671,6.93376227946101,2.73139194508883,4.06948903721252,-1.58656903080599,-1.10675056595291,-1.37616944045362,0.74811653719579,0.804326363906284,0.480993642036131,0.889492523893123,0.0660295282876248,unstable,3
8.4455735093454,2.60182589778367,5.31164337818009,7.03257891257341,3.02931774378754,-1.69294114617001,-0.545369540429732,-0.791007057187799,0.693431252235575,0.84484151640939,0.127509678990402,0.158698331862828,0.0006084366581925,unstable,3
4.53677680464891,0.722583693658921,8.23945914116939,6.01158418795549,3.72479504338828,-1.66110125968275,-0.990312192337285,-1.07338159136825,0.953168621297472,0.596953370849814,0.822553976567737,0.881721460897486,0.0594254344218054,unstable,3
8.94265598923158,1.58076339091891,1.10316880752316,3.72757040464919,4.25253784438698,-1.15600298427128,-1.86049208865827,-1.23604277145743,0.372643560737657,0.854672581805523,0.163370972654495,0.672078401388493,-0.0336052948849874,stable,3
9.84464718749422,7.2417037733692,3.88560117757616,6.87230260519254,4.25621105768205,-1.8958101373002,-1.1069143915878,-1.25348652879405,0.850433093783903,0.847176333326219,0.580516177637257,0.519283603011309,0.0736758819139965,unstable,3
9.24000314570509,3.21265466771367,9.39065598454271,5.27847178389576,4.55389390944706,-1.56523603799033,-1.69842628249932,-1.29023158895741,0.203179891387442,0.793186671447195,0.0642616235041758,0.385246125011011,-0.0267221050021296,stable,3
7.23542375840789,0.502048696863919,6.33283533444259,2.81423775505787,4.25081290092281,-1.85220243779371,-1.17487233140488,-1.22373813172422,0.667283279787299,0.896757341748648,0.097131115317326,0.718193989930394,-0.020970224118909,stable,3
8.92138465713239,9.82562561613583,8.5274008255781,0.672953413749067,3.67811440004911,-1.52533731816515,-1.48515568682135,-0.667621395062609,0.910569401547361,0.679553289295069,0.43401824792942,0.818029939523885,0.0341040356335313,unstable,3
6.03505715988596,5.98264094797955,5.3402527918921,5.71229143464856,3.97630401220553,-1.6125165471724,-0.989841922960035,-1.37394554207309,0.385578992873542,0.975265734130028,0.832567033506804,0.717310069302532,0.0963148977286073,unstable,3
5.19404998742393,2.42762814796797,8.53431707773239,9.62150175695721,3.27447053924971,-1.50223398509052,-0.718575134116854,-1.05366142004234,0.969511318951594,0.597306885969277,0.314499178445506,0.988402380801574,0.0548634276898007,unstable,3
6.45859347605674,7.16170691843246,7.69179131171384,5.61716964346727,4.17335641000341,-1.56634163175947,-1.87233758403317,-0.734677194210771,0.838339014544626,0.0866025457230467,0.938278959519366,0.853255415281121,0.085325828583169,unstable,3
7.60774790224223,8.34568324421926,8.63747064373097,8.3005314288696,3.28218712745273,-1.11002749683225,-1.46745782145847,-0.704701809162006,0.318465406713189,0.223642776982629,0.439837679838309,0.504961182344933,0.0352124458878941,unstable,3
9.50618263748105,0.967321143390995,2.29778775266389,2.30465003442747,3.76753318567896,-1.82378380848191,-0.626121250032412,-1.31762812716464,0.525210171353031,0.95033047073719,0.11307116503622,0.96792937161057,-0.0159337054435699,stable,3
8.10532356144914,3.38310272953821,9.04639520107434,7.92105832068607,3.1156914585572,-1.50248708696705,-0.578682022727211,-1.03452234886294,0.493077448021735,0.680973942862672,0.171933891251221,0.801244173222351,0.0439576655251651,unstable,3
9.75497153794394,4.86907807721628,7.63536589247496,4.11764092697276,3.19072700713793,-0.993882793715934,-1.10613407843107,-1.09071013499093,0.132392778814123,0.540460723855868,0.31942830331591,0.124932576061725,-0.0166771305850601,stable,3
7.81910849913877,0.881671837924572,1.1072773157601,4.53322843240135,3.38175043289611,-1.25665725636252,-1.37841918161371,-0.746673994919879,0.0803940961639653,0.841689542351755,0.50208616066191,0.103118208632895,-0.0446540166795317,stable,3
9.06072768582401,0.914411373676546,1.61187022686386,4.61319743179245,3.88908184834376,-1.36716264439615,-1.45938177668646,-1.06253742726115,0.422058664884109,0.401583448541741,0.283815785843501,0.358602869495312,-0.0265399471329564,stable,3
4.35924525569103,3.03554743377698,7.30690250431685,5.58280544590399,4.18225818594746,-1.72967708940425,-1.74223270542942,-0.710348391113791,0.558880574134499,0.621800873910179,0.191814490102015,0.16445323791679,-0.0111219328582444,stable,3
9.63107204634878,1.73872490825551,3.61255978609237,2.74928605041028,3.41316434958352,-0.967528430147457,-1.33020099254349,-1.11543492689257,0.730904268432839,0.948399780244878,0.41250460324641,0.100104589369083,-0.034946044021706,stable,3
7.41600723902814,3.05532624790453,6.95473612714548,9.26725367726652,3.8504013157733,-1.48951703964644,-1.10004614348005,-1.26083813264681,0.0988839742014441,0.446981426460227,0.340654896091921,0.256881311782793,-0.0235138152040416,stable,3
9.88322790400899,1.35098455627017,9.57596158434026,4.31045307619133,3.03171856629438,-0.574120812620548,-1.460572063912,-0.997025689761829,0.270092185919478,0.997013706977349,0.114378708884825,0.684771151129655,-0.0347332240028192,stable,3
6.40255243516974,7.58475971664838,6.46113150126464,6.92108671381632,4.49261622037541,-1.89237595347191,-1.73480360844354,-0.86543665845996,0.324035160967866,0.842405094128649,0.885458724139933,0.144571416839332,0.0663926182000847,unstable,3
9.93744560581067,0.718288183600176,5.59927059451786,6.32642244174278,3.94732589895828,-1.460979106876,-1.24298368495938,-1.2433631071229,0.564226152198227,0.48214219531936,0.615553991693106,0.772073082135754,0.0293724853121687,unstable,3
8.86116983165598,5.81428705519037,2.99489349147362,9.22154892291487,3.48384596949234,-1.50160790367944,-1.47761531846598,-0.504622747346922,0.0861181971198181,0.467283767553518,0.202834980373122,0.694665227862836,0.0149263676992176,unstable,3
9.75328180565701,5.09485430219168,5.01832752081073,4.3822861181066,3.35642084979248,-1.83705599119043,-0.561139480853884,-0.958225377748162,0.119847557015842,0.560321987419806,0.818205295827868,0.587485062659792,0.046972309385557,unstable,3
8.11941474036322,6.00987811233557,8.48914384291314,3.54067045521466,3.74462142330702,-1.65568835636594,-0.762346562726761,-1.32658650421432,0.730215653220374,0.417272025205647,0.275732513455558,0.921369299606428,0.0478717552960958,unstable,3
9.84273301984324,2.93334514843349,7.00909931912349,4.09003466672001,2.95734180486199,-1.09878231470709,-1.27766354305896,-0.580895947095938,0.921016729864733,0.489038544909646,0.561088031782171,0.629325724702789,0.0462339305328685,unstable,3
9.99024567558158,8.47183871160783,5.29374439907225,1.77877158987207,3.98663068821136,-1.90814679748816,-1.18362641758518,-0.894857473138021,0.17780922787278,0.228638099183113,0.76176737350704,0.12537392845155,-0.0086159700292975,stable,3
8.61980135784458,6.01274426157534,8.56518588435698,5.62750127789682,4.44622725716291,-1.87056708925022,-1.9703618759223,-0.605298291990394,0.526254494249631,0.650038012594129,0.212518687446219,0.805608258838979,0.0600809452276107,unstable,3
3.16473167830271,6.02375268186227,1.23725940409898,5.14158022079888,4.40651878166056,-1.92942546759523,-1.74711243160876,-0.729980882456573,0.615539647128068,0.207938967322978,0.383952979108561,0.925409761966762,0.0170733561671868,unstable,3
8.76971255134059,9.10561004062443,9.88841060486325,8.60030195634784,4.13081131954962,-1.92180343085907,-0.731408389203507,-1.47759949948704,0.531941500617175,0.399593701826336,0.252483059507714,0.988953709763536,0.0660478192214445,unstable,3
9.06615520172468,1.15363572060311,6.50140891678591,3.95265456662213,2.99780393872854,-1.05706185533497,-0.931722683091869,-1.0090194003017,0.263605299438059,0.499221435637864,0.0910898311227735,0.812034197324632,-0.0367072027817631,stable,3
8.70051781178989,9.22729483414007,4.55011582861363,2.91055806159206,3.43924956227595,-1.82463786441729,-0.539304121906427,-1.07530757595223,0.110211956321214,0.831932873936667,0.425935487014954,0.610664903357093,0.0188582792653917,unstable,3
5.50636767817808,1.51975002710727,2.50769715345468,7.14177362521588,3.38606164468832,-1.3318441249388,-1.38910711847857,-0.665110401270946,0.720697695868779,0.746115462303886,0.985330631648961,0.533125007084109,0.0255799759446943,unstable,3
8.42220756488616,3.44364754702747,9.97484751095934,1.1966035625542,3.28251757829979,-1.67038908720168,-0.598490631422715,-1.01363785967539,0.0649926197251561,0.447238374228028,0.260093681722846,0.743834671528194,-0.046666974867021,stable,3
5.83324180059557,1.51867352215775,7.88662888800041,7.61941698848,4.17162585968573,-1.65058668306754,-1.49406302942198,-1.02697614719621,0.0966761341262911,0.904322369617397,0.708378386924835,0.464333555330601,0.0048208286834266,unstable,3
9.08983556660476,9.40787358762209,4.88727076921675,7.9412726443531,4.14128869511494,-1.24275466770933,-1.77538208396606,-1.12315194343955,0.186283618173437,0.22605320382636,0.893608711080801,0.794714584893695,0.0506002858516299,unstable,3
5.24581310481905,1.37601549806242,5.42755839236891,5.57236261191053,4.06797101608531,-1.73174730498121,-1.76043211754723,-0.575791593556874,0.220507199626162,0.782857531589416,0.288918231639356,0.369246635911443,-0.0390690130588629,stable,3
5.54006598810507,5.14732600029424,9.09604911695183,6.53546471454755,3.51106633382166,-1.8832600923104,-0.821057885150926,-0.806748356360337,0.794486497209783,0.918892333487633,0.465213401725766,0.113902906307589,0.0595268962557557,unstable,3
9.13805603105952,5.06436426747086,4.7404179140065,4.82162837268837,4.53135784246324,-1.45572922078753,-1.91575261226866,-1.15987600940705,0.961282968077706,0.325352373480079,0.0640309937762434,0.733507599151406,0.0443600599430938,unstable,3
9.59137504282681,0.632354144314234,5.87787854070007,8.6981580316253,3.33718744432019,-1.39333694337956,-0.758528404257167,-1.18532209668346,0.581073265597682,0.213668189152325,0.89585914117283,0.666483133271289,0.0504853056375085,unstable,3
7.95424262916318,6.73724987152824,5.09444929969723,2.66400057649151,3.70815130895673,-1.83464294051672,-1.00974548876956,-0.863762879670446,0.271793529824476,0.777053855499449,0.358477275399803,0.806229951556933,0.0338804883306319,unstable,3
9.18700517483821,6.12746493247475,6.41829059403418,4.62264440816059,2.68645837220459,-1.47767183207229,-0.671123734319513,-0.537662805812783,0.205675974721421,0.907828976836553,0.227058217528197,0.412593510160661,0.0349883872920819,unstable,3
7.8127274447706,5.40038981346529,4.53207307262804,9.60913595257073,3.89614018120777,-1.3853738561083,-1.46359526961686,-1.04717105548261,0.494525073125601,0.934131534948988,0.541531434832996,0.49441223736489,0.0626408437209695,unstable,3
8.10148895781455,3.85607380191695,4.97128354652351,8.33689614816057,3.52434909487303,-1.04054725258482,-1.5360443981596,-0.947757444128615,0.792773653331433,0.28216193315077,0.361282918596104,0.972310069699163,0.0658240995428243,unstable,3
8.96514925464288,5.97767370243769,5.5507615246708,3.10268993279478,3.0992494948819,-1.33862420394002,-1.05857475872533,-0.702050532216555,0.339645771711527,0.595337417436157,0.652093682688914,0.178485473319619,0.0309006295395215,unstable,3
6.73987790724117,9.39242590186549,5.97139784895642,7.99397584754683,3.16106892606095,-1.57677782742664,-0.667596117522451,-0.916694981111854,0.288290700250445,0.720330332603358,0.385333146607617,0.792938043819589,0.0632719626440453,unstable,3
8.33775208318679,9.9904336914891,5.91395094097025,9.31042774762247,3.47573159733019,-0.933014898284548,-1.57818372382261,-0.964532975223032,0.484886438412778,0.0939125807442353,0.270027323679974,0.698343939687391,0.0355894437822824,unstable,3
8.78158900565148,1.08377438820441,1.0518475915825,1.58237451322579,3.4226060543061,-1.42538342914474,-0.909433179678547,-1.08778944548281,0.0760510174758127,0.244045739751534,0.216549737921185,0.819094411531668,-0.0495318874550809,stable,3
8.5103491769576,4.23235956778568,3.63150067639964,8.55342966227613,4.08747089939578,-1.53679507744517,-1.89554587743651,-0.655129944514099,0.925380601116554,0.92648125717871,0.731468126405682,0.574605382351945,0.0736955951541507,unstable,3
9.43522126487414,2.79943798685819,0.976692688262858,4.63054217446711,3.66434583982005,-1.58522000451551,-0.901113391659583,-1.17801244364496,0.776454132424985,0.576504425985613,0.881715564019618,0.729576304150543,-0.0187061199356509,stable,3
9.87804968894888,8.62657591604835,9.57731558269298,1.25157381531647,3.37414400266162,-0.804762763306242,-1.45572948510058,-1.1136517542548,0.588749895286657,0.99793176364903,0.101011177003894,0.314255276215194,0.0378918407245822,unstable,3
8.85332176766313,4.95508445197934,5.26474964997594,6.53493858406113,4.27689346270535,-1.95510002989093,-0.628743811219721,-1.6930496215947,0.596179709016952,0.919181135064936,0.925017312870976,0.350536104956197,0.0800004972723152,unstable,3
6.81464637762065,4.64017125213089,1.86988708467731,7.61130341488683,3.28929204579515,-1.50819768157095,-0.641415160314122,-1.13967920391008,0.830201445533113,0.766935916146828,0.342231798397809,0.929598899786587,0.0730664177192203,unstable,3
6.04818287559688,0.503084474407008,8.58975575640567,1.2455792064102,3.68552684837953,-1.61795566235976,-1.55881399587785,-0.50875719014192,0.560720020588902,0.177916540539431,0.816020173700977,0.48071810261752,0.0040963615313881,unstable,3
9.00845742673285,1.2279492866745,7.52149882438378,3.56006931173541,3.44578677963114,-1.97019331895041,-0.862785976717435,-0.612807483963296,0.377122734222229,0.349887926956536,0.0865482888824178,0.926604905488911,-0.0253104812368021,stable,3
6.92017742893194,2.91592426732711,4.3238165582553,6.09809553939124,3.81193612003037,-1.47186886681122,-1.31781404376037,-1.02225320945878,0.669817412580525,0.87453755410781,0.870748238000087,0.308329994093619,0.0626141838670169,unstable,3
9.29657723474917,6.11780574969022,0.739073750114976,1.05659395095173,3.6215773211947,-1.46821825902706,-0.871830769957893,-1.28152829220975,0.814825471239072,0.524449696065584,0.984179683964957,0.920389524634518,-0.0288511322681874,stable,3
4.13912194209571,0.625133347167389,6.25409613902646,9.63564106838504,3.61288846531289,-1.3596487947213,-1.32097044769333,-0.932269222898257,0.79686458337329,0.168548728168197,0.441094425421165,0.63409629973389,0.0201478508622716,unstable,3
8.58133178851415,5.08184256382313,3.24278086817925,4.49227140665407,3.87120307802518,-1.14140093978363,-1.61751310494104,-1.11228903330051,0.724685013884755,0.316603297859825,0.283420269398001,0.893468416879351,0.0415838654791613,unstable,3
5.1726259574243,8.46802662101949,9.95256042143042,5.54375096225972,4.14410291941348,-1.8231499371175,-1.22624762120919,-1.09470536108679,0.710076333744685,0.76269764281273,0.600739448403978,0.22644542279465,0.0592506745256635,unstable,3
7.73586502233829,9.56924069734105,4.52890206831534,6.36462821587585,4.23781813900358,-1.5927312257265,-1.05162116553882,-1.59346574773826,0.65356894571154,0.89846017581805,0.206792981272521,0.876593815197207,0.0760240035710124,unstable,3
3.0523415553149,8.14027237194724,5.90471177941265,3.24625129281104,4.25478472904955,-1.9103270754908,-1.67210808462026,-0.672349568938487,0.723031277577732,0.599791249747332,0.461664885794623,0.739939752673211,0.0379895080232962,unstable,3
7.95711144264901,0.967602712311957,4.80693350580679,2.00240221593095,3.82625269567871,-1.64898035619453,-1.32577831460109,-0.851494024883094,0.676199947537803,0.161621911958908,0.995476937689803,0.248441062244073,0.0211458614145578,unstable,3
7.38784556492425,4.34495997467209,9.21656839302527,3.67494376227146,3.93348106431841,-1.99260832978353,-1.16961090222767,-0.771261832307209,0.251525680206332,0.174441053641004,0.170887650635337,0.547368400449289,-0.0320411937319272,stable,3
8.72945282723735,5.24286444007902,6.51340124916653,8.73365616159585,4.14020699730206,-1.5185113953584,-1.53301393629377,-1.08868166564989,0.769722383451561,0.880665996976519,0.468815494196385,0.484636065196183,0.0743335379879095,unstable,3
9.97132119471785,8.26465242359854,9.63117694137825,8.27055229929838,3.90133519924034,-1.86669141727183,-0.667878019395913,-1.3667657625726,0.0683697352165671,0.685725241315594,0.142738250009231,0.80277621397771,0.0460675352388071,unstable,3
8.58241480201787,9.65504862292584,6.2208237136485,8.1618744389751,3.93219115744403,-1.4543996870495,-1.26382996716846,-1.21396150322607,0.915763449010252,0.610517395495508,0.436471974663545,0.269285096183077,0.0656551736468822,unstable,3
4.80609979774348,3.20887613155866,0.978794830066164,5.1330213785496,3.42465339319875,-1.22737809770887,-1.19357377290725,-1.00370152258263,0.891216312873802,0.907405053414386,0.30706072024363,0.583519640210894,0.0556366951565303,unstable,3
8.50158492008253,7.32245354847473,5.81584935526188,8.67013683366263,3.1587012163132,-1.25510911879707,-1.08349788734735,-0.820094210168777,0.242129684288276,0.499773922749155,0.507040160467487,0.165685809056764,0.0230359978603926,unstable,3
7.79019931292748,7.34423837989399,5.48699957447178,6.65773003182559,3.71961387602077,-1.41046926277153,-1.63277481107622,-0.676369802173018,0.661932650910775,0.521292127110928,0.998913658694531,0.216492029714804,0.0714196907889364,unstable,3
4.89646060245674,0.71748037574864,1.10940564002267,9.03894036205801,3.39087314428137,-1.10419477430638,-1.09221973158257,-1.19445863839242,0.728325551111039,0.858102233407774,0.254032427610836,0.724898743959819,-0.0221998086136929,stable,3
6.90981449692969,4.29555471203258,8.78932234566151,2.19664410816138,3.45446281019922,-1.86498013095352,-0.914818737310032,-0.674663941935671,0.870955146805231,0.373990605843423,0.408847181335766,0.744762291260015,0.0321399976483557,unstable,3
6.19919493465124,9.14264806475693,2.2459436203411,5.58969818082496,3.99668305385689,-1.4476767885908,-1.39306913554039,-1.1559371297257,0.994444116300016,0.553983102251159,0.268294447460508,0.624113447932574,0.0592731130655898,unstable,3
6.14179124107101,8.25200188709879,8.79316776519504,4.2932484511037,3.54618718598467,-1.6876846158128,-0.605835593255772,-1.2526669769161,0.991345052375185,0.836211236987269,0.201187102166949,0.82444403473217,0.0803861584745566,unstable,3
5.53381395531995,2.49760766283987,3.03638906144344,9.62949707681491,3.75459615320738,-1.42122773249153,-1.38282636213491,-0.950542058580939,0.611864377082796,0.913820620275957,0.953920843871968,0.402436647686639,0.0223002472800577,unstable,3
4.99769504685438,3.24738501698491,9.75440850720931,9.70395997120355,2.99934178591368,-1.75976035292962,-0.717032163275965,-0.522549269708095,0.948793879759676,0.34690503230204,0.413844936384249,0.450515968077241,0.035564446989863,unstable,3
7.05976934502362,9.11781553945629,9.48734233004632,5.13503238977519,3.65715580457862,-1.67386018855574,-1.39280120404474,-0.590494411978137,0.848734387919178,0.271579791355595,0.553416552988401,0.389688485082143,0.0547685403103303,unstable,3
9.59656548388657,5.45942612689754,4.18481293052558,5.2250882083999,4.15855917071193,-1.68318946784851,-1.96475366540744,-0.510616037455981,0.851203361562749,0.910507583833486,0.166402771092389,0.55798429972323,0.0611034344934445,unstable,3
9.23175881714656,5.76987248079594,8.39510652669352,7.39800500232993,4.31069861027466,-1.807525108204,-0.907873491126578,-1.59530001094408,0.183790425388491,0.998342142781104,0.631677143152299,0.571387449435755,0.0698457040538188,unstable,3
3.51156526346556,4.31390555127696,7.47453729104525,2.96463451246489,4.20236746144536,-1.68702346820039,-1.76618202550743,-0.749161967737542,0.748744081494845,0.739541867181556,0.771189166621276,0.792630606235605,0.0695983573019442,unstable,3
9.37179599462785,3.36591592936553,8.05897510136347,6.57544333962508,3.54051061804422,-1.45695340820121,-1.08469400571757,-0.998863204125443,0.499377488295275,0.201899054095123,0.641279219408917,0.363401755783602,0.0359168234870391,unstable,3
8.30544190609949,4.81334984070752,2.95057899375469,2.69367100998537,4.37094237399846,-1.97602490831317,-1.59023185971461,-0.804685605970677,0.778442601946086,0.310026251903903,0.0951584344572178,0.242505713291792,0.0010357044432237,unstable,3
9.4807056511422,7.38636924761509,0.763124604469445,1.73348520315768,3.51943182176838,-1.5098907718293,-1.40002850922557,-0.609512540713511,0.167452293459933,0.206281857547036,0.125220352899668,0.215722816022844,-0.0509223177989422,stable,3
8.29294597017579,6.07766919076274,1.89604925789523,8.24146885085234,3.83897367759008,-1.38571881662968,-1.71975798065802,-0.73349688030238,0.971096036652817,0.762139400311213,0.876992824145341,0.878809142370477,0.0729872579506945,unstable,3
9.74067927704556,7.13996805295041,4.11888889651536,1.14068655753997,3.64195790697265,-1.8266890907774,-0.720029552369076,-1.09523926382617,0.146847979274233,0.538573276935177,0.994732103679028,0.0868381965999689,0.0118220887091786,unstable,3
3.91379940147314,3.6908613706769,8.31730783048728,6.32608244867687,4.00125981182693,-1.5446747149446,-1.84044292337756,-0.616142173504771,0.0568303564578132,0.971333735589043,0.353602884580338,0.521780902387261,0.0237940009536445,unstable,3
7.0965957665223,7.40663615195315,7.73461149854489,2.65528850532158,3.47689128071882,-1.04088671497087,-1.47227252488307,-0.963732040864881,0.903219627850325,0.304050087436249,0.165523017448587,0.76554323925256,0.0330055325751153,unstable,3
9.52200246284453,4.39637774008658,4.69518488406308,3.75810130465556,3.8984385017138,-1.61968952278778,-1.54457873888016,-0.734170240045863,0.435926509474961,0.185424951551419,0.164117796816048,0.945714906737658,-0.0025991115106297,stable,3
9.94901361080055,9.72870488772826,5.76244716971201,4.65476698724225,4.47112110461691,-1.84301375397334,-1.68037832801507,-0.9477290226285,0.707971132903423,0.582771123758876,0.748411947151634,0.892155709368947,0.0729169687714641,unstable,3
9.10790625552631,5.03718422284854,4.54876972347331,7.01701347233991,2.97330907014711,-1.87662443276487,-0.570971952787822,-0.525712684594421,0.662495936548476,0.105776055174348,0.617307640515936,0.953751207709736,0.0614648924252703,unstable,3
6.98120433075299,8.44587656815991,5.04032078864984,5.13157329858879,3.68091157685327,-1.6985624536351,-0.862891512193705,-1.11945761102447,0.175333471601756,0.867372777825788,0.529441586065402,0.652725150692385,0.0575945530974893,unstable,3
8.39786068170811,4.60341357188314,7.50961129508542,3.72862310538867,3.81955759363797,-1.28463043186786,-1.48753899853742,-1.04738816323269,0.758791545684161,0.0950946054044843,0.355557621468425,0.300466334212812,0.0212994824597616,unstable,3
8.02825988871779,1.63729589512957,3.63785595137373,1.05420723060543,3.39552895693167,-1.54743067868145,-1.11736326918144,-0.730735009068775,0.566862935141138,0.46479420766677,0.69071578526027,0.0999191338730778,-0.0224489504726294,stable,3
6.10112924013012,9.83267400319176,6.34640115294103,3.90972142536164,3.98315935357522,-1.47725196263978,-1.62092144448122,-0.884985946454224,0.788147039549701,0.230178505744177,0.61083865785921,0.439524687196558,0.0476333026652899,unstable,3
9.61845570002588,2.68036534489936,9.5935272487552,2.70278230998289,4.06661065362383,-1.95880260875144,-1.28377272944984,-0.824035315422551,0.694714657091121,0.992156297315755,0.226009607489738,0.123089698864203,-0.0039166612925164,stable,3
8.05366634364923,9.47770817519706,8.8800261470154,8.25011124421417,3.59415080760926,-1.36297143512829,-1.54212585339034,-0.689053519090626,0.77055243373226,0.410746359428967,0.0703082269438636,0.114783678225547,0.0285210465206348,unstable,3
6.79341696587665,9.92352457155758,4.6843389694241,5.23024389115261,3.8100446707944,-1.46898892609862,-1.64826378335269,-0.692791961343086,0.436703093412954,0.0671982653152291,0.375265181171377,0.204370820967858,-0.0172161545733546,stable,3
6.17083719716085,4.12195655627586,9.59712453530412,6.26089523220508,3.78432587582323,-1.99848695980441,-1.08165784056816,-0.704181075450661,0.681305524014703,0.497928527780087,0.211487817599115,0.703664357313933,0.0503505031694152,unstable,3
6.53776415092373,8.23700475258332,7.79791729900952,2.14965141300054,3.54326558361186,-1.57834852335928,-1.25853365195442,-0.706383408298157,0.506161885547193,0.989750251488577,0.279820243602404,0.606990552926963,0.0453212834979448,unstable,3
9.82564264771754,5.8515177702056,8.36006105074793,9.39967349999421,3.86811303425058,-1.13118454251208,-1.75900051634702,-0.97792797539148,0.139319845136849,0.678817173221891,0.0941807076484372,0.750879523067059,0.0359739266190513,unstable,3
8.49533079429523,7.60695159285755,3.21793917443621,2.42866207966625,4.6260980168808,-1.94088830286312,-1.77245056067172,-0.912759153345961,0.218724342470259,0.854847472086123,0.209914368643421,0.698561285457029,0.0121036224921428,unstable,3
5.77010655199732,9.71760211098411,2.41983507629138,2.47898749925009,3.64133040424433,-1.52913281830682,-1.34211075042522,-0.770086835512286,0.472111894669066,0.554341848828917,0.670270984179515,0.378595933275729,-0.009059255782298,stable,3
8.57036947884931,5.4460266625122,9.70793673254658,9.00274310305463,3.81823727507908,-1.05407307100402,-1.65990085472416,-1.1042633493509,0.749977783027834,0.798305348052848,0.561256405416906,0.604378994551263,0.0774756819423624,unstable,3
8.9990566446695,2.98987832876396,4.47415199936667,8.04346078706498,4.21433435571768,-1.95262421796897,-0.90489565326717,-1.35681448448154,0.867348676841004,0.7005527896798,0.83627564788307,0.931029797481904,0.0765917156565735,unstable,3
4.81152614984127,7.15834753008034,3.02698365330516,7.58843759813639,3.84829331273585,-1.73850700712239,-1.23571975652119,-0.874066549092275,0.606418426315819,0.968335458789479,0.742847228978314,0.812351058688804,0.0825026322312098,unstable,3
4.04112505503495,2.25587020342526,2.62223374115402,9.85884660402484,3.21897814959245,-1.48219704990152,-1.104872644126,-0.631908455564931,0.107841708027914,0.70195381911057,0.103908565096868,0.630540263919537,-0.0231563678622249,stable,3
8.3402866401105,3.25708836388135,7.35680353103729,5.90630191903915,4.19594827876896,-1.47902850608841,-1.86999957832467,-0.846920194355876,0.964510543130073,0.879526659765401,0.537008754716306,0.396433984013998,0.0656973248995273,unstable,3
9.15962558591174,7.57316406785653,1.71719602070866,9.25072323252631,3.98866963890645,-1.67494122025856,-1.61242823142153,-0.701300187226362,0.188221661666242,0.656396485597034,0.52182284501057,0.394347197981038,0.0105356460689775,unstable,3
4.4550760332291,7.73272679405551,9.27077603709749,7.67474713965801,3.69943348949216,-1.9437009238348,-1.06370255659408,-0.692030009063275,0.144162244681207,0.870823257770728,0.696289081578918,0.991369167474621,0.0824401654974539,unstable,3
9.80534762359381,4.46866316735128,4.29456698894008,1.32443296325395,2.91992948621224,-0.869461635300051,-1.37600432622293,-0.674463524689258,0.564808627369113,0.561432552478931,0.0871515083334898,0.982704745374866,-0.0289627484461738,stable,3
9.39094649856699,5.42786595226107,0.580397189315723,2.74721690050508,3.0554037124875,-1.18332616018165,-1.18258881008688,-0.68948874221897,0.591077967847656,0.335423815580464,0.744279301593738,0.586516783282552,-0.035442768408829,stable,3
8.64406686771528,8.77535705985979,8.9589097946972,4.47307690604937,3.38219380586279,-0.984478756159486,-1.77803833030253,-0.619676719400776,0.499451984264553,0.918452880069988,0.867627670365922,0.17140276284956,0.0734377240746466,unstable,3
9.21610816879191,8.80266062518376,3.70728861503775,2.43885778804995,3.91256164492346,-1.03569246515428,-1.73974504779562,-1.13712413197356,0.732319433879278,0.865919281697854,0.746338217273019,0.593750196784142,0.0488324559208755,unstable,3
7.74524391260105,4.31169345309805,7.89338601721199,0.917803558803466,3.4579622526056,-1.42501161115739,-1.2913453159097,-0.741605325538514,0.576198194853815,0.851929361590135,0.172011877422347,0.788636815555382,-0.0046142724137042,stable,3
6.57042500206513,6.82597832927115,0.962812429610873,4.10387364356611,4.35648529388095,-1.81665785819377,-1.74064601820983,-0.799181417477352,0.791412855169261,0.369686672857549,0.22974407739475,0.25227477320354,0.0116528664791758,unstable,3
6.76317923685069,8.34434451727993,4.44378394611437,5.77267970303877,4.39049440170019,-1.98610331848605,-1.58666257060305,-0.817728512611089,0.44944274088357,0.785749286093509,0.276031959656506,0.990189980763616,0.0726467437429929,unstable,3
8.99675640285263,1.54673686799315,7.54756543765231,1.93584438088847,3.27809987529132,-1.86410127615083,-0.65642065624533,-0.757577942895156,0.577957231441058,0.386432411389864,0.75449523279735,0.965713279334896,0.0046889492918596,unstable,3
7.86247197946896,8.01771155612462,2.64672434739961,6.04350284995876,4.77570114677444,-1.94985655793637,-1.98016473978405,-0.845679849054024,0.389484078986674,0.939581553912123,0.351693463801112,0.90427261565806,0.0685164444795313,unstable,3
8.54840244729937,2.15024259477111,9.74055673921808,4.88965284213983,3.70189701318668,-1.5645479519816,-0.931590993590618,-1.20575806761446,0.345428658630446,0.911878603140252,0.888432390326418,0.948054278285205,0.0415177946888754,unstable,3
6.98587201707429,2.87987851696708,9.62279412537055,3.69996201508384,3.74833746805494,-1.7088879083899,-1.41603208983813,-0.623417469826911,0.59330991574645,0.77660971018599,0.699131440064126,0.436378690942234,0.0337920350052157,unstable,3
8.02201761994997,9.74859697501081,7.63819935567736,5.0833390527759,3.66165448432351,-1.4111664690836,-1.71164694287793,-0.538841072361975,0.154452644516627,0.669502920121058,0.0938769773654488,0.288066028367841,0.0108252411328828,unstable,3
7.79301099241624,3.46358550677801,8.71449050963675,6.21333195518496,3.13437029908957,-1.29220728566527,-1.11889162793641,-0.723271385487891,0.923086497541211,0.954249786329581,0.381995879404264,0.606084785376574,0.0708655443254474,unstable,3
5.03101470670281,2.62165274585271,5.01164989889255,3.63127041882547,3.8751134332275,-1.92159422929148,-1.13312129923694,-0.820397904699075,0.271606006290371,0.915600458476577,0.0980607163693477,0.541165428455077,-0.0050755529591098,stable,3
9.84779163386321,3.91539589308092,0.842374070200301,3.50939214363643,3.67402086484744,-1.09553947192926,-1.5805553550967,-0.997926037821476,0.83249390385003,0.249394054037002,0.843489200501911,0.972170337554351,-0.0311353324807637,stable,3
8.89947488622114,2.07267780108987,2.49402336285843,6.19848003100288,3.74679942880503,-1.99036965158186,-0.715423200271046,-1.04100657695212,0.262067085861705,0.622566080854595,0.277733543955957,0.8207862953192,-0.0006209287534975,stable,3
5.79183061141048,8.80773361743558,3.00197430375265,8.22482413365061,3.70550373656595,-1.33666959834993,-1.75009101822193,-0.618743119994085,0.166101801495585,0.818971359908336,0.16887172222247,0.0789006844890979,0.0067046978901661,unstable,3
9.51591783876945,7.97135043151928,4.88266681355142,8.00041227975392,3.27257400016438,-0.881143418821006,-1.39152428307539,-0.999906298267981,0.182299977424095,0.228569242566242,0.0604902536196925,0.584634263434698,0.0044190215924057,unstable,3
4.99116837836833,1.80791591016145,8.97031331790796,5.09702937172408,3.64517620287308,-1.3721737789877,-1.52547088439841,-0.747531539486966,0.750257686050395,0.23166811019151,0.117913538156598,0.575400066086702,0.0090008657693683,unstable,3
9.40244308191306,8.37120062931734,0.799615924606693,8.33556962526455,3.31111035047604,-1.8557398835281,-0.539740851561585,-0.915629615386354,0.619337410303653,0.641665307186812,0.177069473763688,0.675030017935593,0.0515164818661058,unstable,3
8.78947744334902,7.13571173010435,5.74326648878667,5.74181966922159,4.22577011534477,-1.70605068391649,-1.20927245840771,-1.31044697302057,0.672956379539312,0.260672922581385,0.754815791375012,0.223061223762002,0.0474572227958994,unstable,3
8.09099354068424,2.90898861892689,1.08866078556112,3.49600686799709,3.76241979162866,-1.27554257184578,-1.63772980654418,-0.849147413238697,0.419651518317524,0.752228785959426,0.208951680421568,0.147144865671599,-0.0344229990088392,stable,3
8.59539549587551,4.68275599125383,1.19309190985154,5.43183069468103,3.85220272758814,-1.67052785333315,-0.831903947349288,-1.3497709269057,0.269094964104445,0.320516516815874,0.501118366992004,0.966746143792282,0.0109246283136046,unstable,3
7.22130876412345,4.14584377401768,9.77474794048289,6.341467863686,4.08706150828136,-1.77352847583682,-1.02921215060975,-1.28432088183479,0.80219475822391,0.358766839942757,0.92209680612328,0.997274212229142,0.0873869386405815,unstable,3
7.93311026260545,3.15547802340799,7.29238390846131,6.2039154051119,3.83975356031883,-1.51713716141359,-0.932694601827464,-1.38992179707778,0.823026418677352,0.67504458505041,0.839611937223274,0.589301213784604,0.0786288647771335,unstable,3
8.48397689619761,6.52890970954722,1.73069015058316,4.85953861133894,4.14773549184966,-1.33947517234279,-1.91410916523427,-0.894151154272596,0.316652217524203,0.682175281135567,0.442106561976069,0.174827086793019,-0.0011407626769713,stable,3
6.24363177949216,4.0682333805537,5.20247636219428,5.73660171285369,3.61362485738592,-1.71019932014806,-1.29855679319921,-0.604868744038651,0.762506287329226,0.0947348272753391,0.801369646427127,0.491513929984752,0.0600472878977393,unstable,3
7.86592278222821,3.78179260818324,1.8107038051501,4.25856134928095,3.0734739104715,-1.19116913716536,-1.28581934533335,-0.596485427972791,0.800073088193871,0.571635805401305,0.443752869891641,0.84997938654423,0.0424762042311823,unstable,3
9.82499513420766,4.5506736100635,5.14180921970969,1.62821739950536,2.78560441167791,-1.42747790776234,-0.729156896989245,-0.628969606926327,0.215020925752425,0.335567735302683,0.302504352265234,0.624445608212819,-0.0381409078256582,stable,3
7.99448073792369,8.91718271592688,5.70295560030553,9.67798124953419,3.75915076218071,-1.89160202899905,-0.897556442744413,-0.969992290437245,0.141066562780292,0.543824918510924,0.616106033798071,0.532069098258585,0.0449552137412509,unstable,3
8.58845332139495,1.18804715077246,8.28148525448355,8.83022080001626,3.95940497985684,-1.75158984522886,-1.533608580278,-0.674206554349978,0.882289019588118,0.310536234238652,0.803007654281897,0.809594451566344,0.0709387288201397,unstable,3
8.65168434710121,1.4488324075312,2.38030387470601,5.58191534209676,3.71796115875116,-1.43206515044146,-1.18174807125884,-1.10414793705086,0.787619910913419,0.058733017634179,0.195987689344863,0.12352672581971,-0.0088865172840793,stable,3
8.17002385998595,1.03151431822904,8.77678764776694,4.32587928833344,3.14804829616091,-1.43462799051653,-0.776624172779126,-0.936796132865257,0.850569476378722,0.792207957993461,0.533882642211902,0.133642984516923,0.011146948217555,unstable,3
7.09141628878866,9.15527215786504,9.22458214323432,7.06203633125289,3.61480133957614,-1.71514598302742,-0.737476423003012,-1.16217893354571,0.824421967893917,0.803704607014048,0.406668762207694,0.293456808474931,0.0699580645294263,unstable,3
9.70731778031319,5.31745612964751,2.51504107352685,7.59432463571983,3.93983910601702,-1.9422447641641,-1.39187196996385,-0.605722371889069,0.778854430528815,0.0541182050199644,0.49408586488224,0.363418948457742,0.0139832141449842,unstable,3
7.4910521315059,9.90313592763302,8.42105608820559,9.044783914439,4.5181624712421,-1.96809070447206,-1.69360709662566,-0.856464670144382,0.879534384244336,0.722932834163529,0.385611265301774,0.824933348562119,0.0854542488563074,unstable,3
6.48505262566155,1.17339015903188,6.49584612033845,3.04066927006391,3.07505051275349,-1.19918674828431,-1.32546348538229,-0.550400279086886,0.346384235989318,0.842693019629609,0.501400562001398,0.229478006089702,-0.0323826155762559,stable,3
9.54516973126554,5.86653786625966,6.81793630246595,5.12818392448041,3.08893260869257,-1.28758109152794,-1.24243385482639,-0.558917662338237,0.418425907495904,0.745485229169673,0.860487072547006,0.411183049356966,0.0697059645050657,unstable,3
9.65930324079314,0.59975622879708,5.64547017953661,8.61192898636391,2.94175650292951,-1.15818413058663,-0.782002630161971,-1.00156974218091,0.247360599730789,0.805835629082759,0.091979963921482,0.929071208883869,-0.0079519953664115,stable,3
8.24779648903925,2.61122309414834,3.12925693421919,1.01247077231504,4.11312843030426,-1.93486662434364,-1.55418610785432,-0.624075698106305,0.340779141127412,0.448335781654782,0.804021153582806,0.378985942667847,-0.0488369990417187,stable,3
9.22814183991007,5.2645152115418,0.648387795804231,9.71552924326575,3.1560360039292,-1.18369306931796,-1.06412383173693,-0.908219102874305,0.710465470642485,0.146404899347215,0.950652696113691,0.770621136243559,0.0080045710069432,unstable,3
9.65627951199773,7.06475966506336,7.30106123980388,1.19601892450291,3.80172040920745,-1.63104014184868,-1.18850488051658,-0.982175386842189,0.574480853654624,0.828717191997278,0.617237859983697,0.869343043564413,0.0374147456471959,unstable,3
8.18827770780738,8.75795298738004,8.33269578376998,9.61500508710705,3.92390695893701,-1.39099872299075,-1.58038604394631,-0.952522191999946,0.628560332730962,0.890566960725187,0.505881555210715,0.54407642003722,0.0795038365610083,unstable,3
9.24451495706044,0.852173564259429,6.40562555268619,6.36827726674296,3.85168958961664,-1.86315520582066,-1.35582283528591,-0.632711548510066,0.268956529046646,0.746835155691595,0.18518338121373,0.770053742619836,-0.0147787581351662,stable,3
3.76272353998184,8.32641507125386,8.09837665290028,8.61709137257867,3.83778426664069,-1.6040755799656,-1.67557890898986,-0.558129777685227,0.821931494358736,0.118863336376123,0.624868265973836,0.478096307974835,0.037400684979694,unstable,3
8.99192360966359,7.15412807413183,6.13607873098602,7.81703072890288,3.43310773052451,-0.984267118784436,-1.79956002790504,-0.649280583835032,0.111969403530075,0.0744957661157369,0.0818091974921932,0.510677092524392,-0.0226987722213577,stable,3
3.88968064952968,8.36531850450266,0.544410569055774,8.75040088499117,3.97342820268173,-1.58687874557765,-1.36736135714732,-1.01918809995676,0.863351943007604,0.777836006462867,0.441594866215086,0.900197688585821,0.0453164245928039,unstable,3
5.88540542320177,9.98926489887207,8.79084808798265,2.0017244404069,3.99517122114622,-1.95278686988442,-1.468541923836,-0.573842427425797,0.61222386251124,0.487570228873243,0.192128726249177,0.503663745748901,0.0069628212977531,unstable,3
6.56909613781822,3.10524816929775,8.40935014464689,1.55065100890864,3.3699005569498,-1.45265837358162,-1.1477739735177,-0.769468209850485,0.979523832812645,0.755556294092016,0.307287391899424,0.838572506490317,0.0249722654561359,unstable,3
8.79000932494102,8.6581371773115,9.51207063793233,3.75139069494896,3.51725743799162,-1.85351976866801,-0.679784188797558,-0.983953480526048,0.199057962152393,0.935469804690912,0.961370809679172,0.124185258619477,0.0641977374588611,unstable,3
7.89808999874237,9.94651845082216,9.47967063209617,9.37211320491225,3.89536488242116,-1.78741316774655,-1.2663348631738,-0.841616851500806,0.258908150982356,0.205074384141339,0.839255815340696,0.886187009373645,0.0660436877487474,unstable,3
5.02988306155065,5.96175578890253,2.63896566920251,4.4691664093081,4.50455325308835,-1.93590870210292,-1.67852147166003,-0.890123079325398,0.0697497178159701,0.900896885286154,0.621514587838915,0.537472602721733,0.0368219482860665,unstable,3
8.75969101527761,1.43619879156495,7.04417425263282,3.11440064814957,3.31871600975694,-1.49731937468461,-1.10769296686287,-0.713703668209456,0.30296064401841,0.654575265662286,0.642521697147416,0.176324651641562,-0.017540803882624,stable,3
7.48092285603096,9.77435932243296,6.55939122205329,7.38526730221858,3.04264856668274,-1.54708167855589,-0.913780119808391,-0.581786768318457,0.753356670921154,0.921110638271341,0.640125886518238,0.659554257053684,0.0900074463187352,unstable,3
8.50337064535427,6.32303946651794,6.17839325423097,4.29744210594267,3.61812454864746,-1.21611627485375,-1.8529930487392,-0.54901522505451,0.748400428275438,0.325780984858262,0.636112395543118,0.974240377064992,0.0728316957749033,unstable,3
9.02810712036511,5.80552647006606,9.49442736548464,6.99734406880847,3.77565590978555,-1.79225987913212,-1.04411433255282,-0.939281698100606,0.205331772563724,0.340002623255554,0.216695576096351,0.581188251499325,0.0183987597148464,unstable,3
7.48417274273557,5.75108578534328,9.34985593823913,4.41073243759307,3.74791056236406,-1.74252039855648,-1.33256340293431,-0.672826760873268,0.351781295239956,0.337813611844768,0.491424413913586,0.911352046189768,0.0427724984691835,unstable,3
7.48470776395128,7.13083056572368,7.01512936152233,6.2266823078539,4.16669782404299,-1.68301050260746,-1.37227048896198,-1.11141683247355,0.653829792892437,0.270938315747236,0.395413974270605,0.141719666004135,0.0296087599484199,unstable,3
7.66377514427372,3.31118582486731,3.96142044565125,5.35821175806272,3.38698853214135,-1.55362568265685,-1.19639290191614,-0.636969947568362,0.243628054084141,0.685860705951601,0.257876802493096,0.40359706619906,-0.0031942920805652,stable,3
5.76072479620993,8.35569672213442,3.88987609481162,9.60518833861221,3.60654914567316,-1.59591062803225,-1.08440972203695,-0.926228795603965,0.909899500843362,0.685009062978936,0.430011806633962,0.59860962562409,0.068121197193618,unstable,3
6.53689375491106,9.88057031117997,7.72644910218969,7.28332936347434,3.30987543157856,-1.61905311061048,-1.11437427228522,-0.57644804868286,0.719589976998967,0.206902478137168,0.977506270018171,0.296714873769232,0.065389338473467,unstable,3
9.73415032277929,9.25959487738564,6.81290776030939,9.74036866240436,4.7675460491319,-1.94991096787278,-1.7094167115777,-1.10821836968142,0.742258531909392,0.936244005700479,0.405062383355745,0.980082744831218,0.0905876787011647,unstable,3
7.72869919740802,2.12380640319948,8.21030861300079,7.64959360191664,3.59251042026492,-1.9020933418469,-0.705188461661246,-0.985228616756771,0.631196143775508,0.443902695224207,0.887943365914326,0.677552188369804,0.0654226587087496,unstable,3
9.42879712061026,9.8353886617328,8.71480022589116,5.56708754772063,4.46591498380176,-1.47180604032483,-1.5057680932554,-1.48834085022153,0.229532184137881,0.833793227007984,0.264203754369455,0.736857933546264,0.0525017623476715,unstable,3
8.07365620619496,4.35239119172228,0.695614651790063,7.72758640728832,4.43942038529666,-1.65502662030882,-1.92849343082262,-0.855900334165222,0.232019250205563,0.332986284127128,0.439184426652251,0.856654565782646,0.0053400594468215,unstable,3
9.56843822206415,8.17667164294843,4.48191189859136,3.5068749710037,4.42959514733974,-1.80959502500412,-1.9467227607916,-0.673277361544024,0.527780115395408,0.786460097414798,0.400126666770834,0.642703490196657,0.046313238941703,unstable,3
6.99460666402525,5.70212603668118,8.12160716206795,8.78227787805585,3.62438906591144,-1.27038574272249,-1.10167169417723,-1.25233162901172,0.172504856910725,0.230259899862406,0.736098109712841,0.820932220929691,0.0555589980622437,unstable,3
5.37475433254749,3.43739959117661,7.80495381056671,8.8475298752369,4.16126118792855,-1.77703100853778,-1.2612656599545,-1.12296451943627,0.70716658640135,0.615198111637955,0.597487485175394,0.917927216197262,0.0715464429065974,unstable,3
9.33634080453105,6.60959552512553,3.44560341603738,5.70400124351117,4.36988050901292,-1.71444719350024,-1.2050594476537,-1.45037386785898,0.989440915411486,0.84625088704269,0.305732620883598,0.59464563511415,0.0734986741923247,unstable,3
7.98165012542229,0.940334350690944,3.56251790984535,9.24767496696397,3.46468685416585,-1.02951068978062,-1.52459312231423,-0.910583042071003,0.507030940746752,0.244922034078831,0.178383253240909,0.660659804153366,0.011265270752459,unstable,3
4.24181173022672,2.38726732939704,7.58372675672809,4.12181639335457,4.27688024035364,-1.85173285060744,-1.13451920463258,-1.29062818511362,0.760258874173312,0.81961609507946,0.229531671426409,0.69022699496732,0.0416083819986652,unstable,3
6.73661456532178,4.67044593224029,3.81509701559962,6.72734114783754,3.60671531449979,-1.45978295528379,-0.91841871075019,-1.22851364846581,0.24987113301903,0.385689633557271,0.137552060536018,0.917556737636689,0.0321756540239328,unstable,3
7.25464069082184,2.64316988268532,9.81899972425994,6.66915871951674,4.140336434252,-1.5178394095462,-1.3378038918619,-1.2846931328439,0.292979625820217,0.781297870019363,0.479848940081499,0.699170482339482,0.0308679863837238,unstable,3
5.30730541976696,8.90196027864121,3.21543555866196,6.48551820041948,4.26185696063815,-1.53155401843515,-1.89921583688251,-0.831087105320487,0.637278672476119,0.921610101867118,0.464443629384076,0.51177008367404,0.0608311482466932,unstable,3
4.85407138041285,3.04132753173268,8.08271001261645,2.97938316524599,3.19632266747702,-1.68169151512375,-0.903030384552747,-0.611600767800526,0.930714116502361,0.854270568658913,0.371516523825666,0.677219264049261,0.0573069023630454,unstable,3
5.3443661826639,9.4263158506549,7.33128223013016,3.72992643340641,3.82922073106012,-1.28113825222369,-1.58246865088789,-0.96561382794854,0.874587216482004,0.766589093879842,0.083472462546113,0.974618188979864,0.0572426594533327,unstable,3
7.05125939914456,7.72443572623419,8.0153385034291,3.80765215190564,3.04157901020357,-1.55009319056758,-0.707332109948469,-0.784153709687525,0.560206831184586,0.182143853768872,0.24955360842508,0.792082571849116,0.0252098987769443,unstable,3
6.57121048288625,3.50770600837793,3.21803908711724,8.20722229711059,3.76722995526066,-1.6845327911131,-1.39040446609521,-0.692292698052351,0.371272661027025,0.430609428104924,0.163131753721979,0.432994382004918,-0.0038497794134714,stable,3
6.67490575749056,7.0698487800649,1.61982026197847,7.87271532444583,4.16188575709828,-1.89837588868681,-0.826466392103012,-1.43704347630846,0.89568762062407,0.914128526663362,0.152824993420062,0.283081286529571,0.0609189937462809,unstable,3
9.04790172590286,5.98425741386455,8.34672103921297,6.7728988628468,4.29355107884406,-1.99918434784539,-1.73316070534529,-0.561206025653379,0.475202819379207,0.916262706558794,0.664418556226706,0.334750144309235,0.0702334892416822,unstable,3
8.44460305616367,4.03832608842377,1.0235969075911,7.61824021130322,3.96869867809285,-1.66761723837933,-1.37426400323997,-0.926817436473549,0.733314902524818,0.312871523402684,0.0844836364461237,0.0699194080940424,-0.006606753957039,stable,3
9.74730458892467,4.65520157939214,9.87478790008937,8.55456383218277,3.76222303389015,-1.36407352793594,-1.55310275209395,-0.845046753860265,0.320912806213691,0.343024196490698,0.542338531131902,0.277833563296925,0.0262412911932992,unstable,3
7.08049806420619,3.66676455016801,6.89653284331588,8.18530545258681,3.31004289479507,-1.43158364402903,-1.20573564498918,-0.672723605776858,0.0947366096134612,0.280063497984827,0.697189051216403,0.680044675010481,0.0376615948648917,unstable,3
9.15748754215967,3.80899459267607,3.64575983145391,2.57099664436432,3.17005646600631,-1.38294425984991,-0.914605925535527,-0.872506280620873,0.247849932409434,0.425815768062386,0.687181477456847,0.733121014575909,-0.0058964971901997,stable,3
6.86631810004474,7.69824103233104,1.95030541379886,1.25459303000465,3.33250423504904,-1.33130449484517,-1.00039010544096,-1.00080963476291,0.499790122796812,0.530774172221278,0.861906581811586,0.311788667635533,-0.0115270444323147,stable,3
5.15862824841295,1.08592472141064,3.97307091037696,5.20380113829973,3.11161372293476,-1.42057951395774,-1.10648170264054,-0.584552506336477,0.331225710210531,0.75566192443567,0.65943199726627,0.204196365402649,-0.0257703074648552,stable,3
6.97830582489059,4.99913724600432,1.22898230929415,5.6126742640035,4.19867455507162,-1.87230744419408,-1.56806626637928,-0.758300844498258,0.49176631919418,0.253597325155785,0.136002019411098,0.599433536717723,0.0086696175004,unstable,3
8.86801381585245,4.94516217575021,7.36213589198694,8.3741672403087,3.39340263762456,-1.25268591429564,-1.24338843200789,-0.897328291321034,0.407606023844636,0.909220519146604,0.500773314913842,0.354865464331759,0.0553153236235865,unstable,3
4.82692211500123,4.27958922918026,8.30791793077162,7.56944195992684,3.26862867446076,-1.43827901422972,-0.768315950999304,-1.06203370923174,0.425596177121453,0.87677252376462,0.130334131227878,0.710793965156956,0.0472060290234726,unstable,3
7.35901246502722,0.71887299318274,5.33625129199176,4.01943668234005,3.65997265821963,-1.56731345851737,-1.12742729176315,-0.965231907939108,0.991820574276334,0.639294540165452,0.229444576124105,0.674253497624461,0.0188910102306653,unstable,3
5.28002036381083,0.543933360164869,8.28063519790943,5.80276556271015,4.03652378232018,-1.99042253068638,-1.23834100311735,-0.807760248516453,0.669598134289694,0.712885119794509,0.858714718070816,0.469372662487453,0.027698211388421,unstable,3
5.37687322099803,6.0528660762063,6.4191261701696,3.17118754936384,3.49550746859908,-1.53962814433961,-1.30536363081445,-0.650515693445015,0.377561310881184,0.647178380506198,0.930923541633713,0.278862586201921,0.0605794137607251,unstable,3
9.98032430654676,2.62721708391706,5.37202822121691,9.9884705389551,3.29754482938712,-1.54208044102179,-0.711433444448863,-1.04403094391647,0.10253381156756,0.289722385868069,0.590423965601133,0.646610717673539,0.0123291195410689,unstable,3
7.83607294688394,1.71730336062654,2.40534313809846,6.89689730455444,4.42647029826067,-1.70217684169516,-1.36968333890452,-1.35461011766099,0.306838964752643,0.771959012549266,0.0898262826027919,0.943171225660542,0.0087320362778904,unstable,3
5.92524273872273,0.518327191413927,4.31796846120339,5.12364766950198,3.76141731419424,-1.81223219381657,-1.0450706256459,-0.904114494731766,0.606341253805938,0.813279368286128,0.31218399139884,0.681148113399411,0.0024370506905313,unstable,3
7.54932065905662,3.35549110666228,6.94130203758394,3.78064745133986,3.07399830758093,-1.13350860818444,-1.09682254012839,-0.843667159268097,0.340632716136362,0.785447608230679,0.732001097783929,0.503344148607713,0.0462863489148964,unstable,3
8.21394051566025,7.5838885312215,0.577094222317461,2.25365812673974,3.57281522576837,-1.44507335454953,-1.52223281741624,-0.605509053802595,0.488949217503081,0.487226487511501,0.970743083627883,0.0566126338478876,-0.0379686901823154,stable,3
9.64392913270618,1.64152770271912,2.83917271023246,2.63647401260107,4.10720209677163,-1.72359916216671,-1.63541356252257,-0.748189372082346,0.335069728294737,0.111008604869603,0.779221404752604,0.831207297856412,-0.0241794279340484,stable,3
9.30254905789142,5.79437541070479,6.01930816368848,7.71254368106395,3.35747091421603,-1.50307613006762,-0.949686605730676,-0.904708178417734,0.747170269967796,0.834301744289929,0.958744086666885,0.547007487801178,0.0926634615043073,unstable,3
9.5863832569717,8.83868277015731,5.30517611455015,2.52553386851886,2.99445411750764,-1.61725646958044,-0.583979507732717,-0.793218140194484,0.312395635298894,0.395448844292668,0.307756401670395,0.859298395618036,-0.0048417828734489,stable,3
7.59120249036433,8.9868706459834,4.18510748516045,3.97710830983545,3.10256038447376,-1.87708700534704,-0.654831320156413,-0.570642058970302,0.892258482570137,0.277924800507765,0.266719732280849,0.23986782489421,0.0289652543969283,unstable,3
9.01239778539146,0.830045645307179,3.97990347318546,3.44728191743634,3.79160217038251,-1.15827570468542,-1.84881225527587,-0.784514210421219,0.265416864182691,0.574214735499466,0.67938827794445,0.250917475812052,-0.0382503321216262,stable,3
9.7372211257961,9.04436624819174,0.655244146068138,4.0339560874739,3.02867622073239,-1.7668359268134,-0.696198109410261,-0.565642184508732,0.668582572388751,0.689656701860604,0.234389279503439,0.227761375056618,0.0252448415466611,unstable,3
8.82403724927277,8.05759927558018,2.92214637793191,5.01793719106564,3.90066782208957,-1.43056940986488,-1.61681078186318,-0.853287630361505,0.372213982695726,0.0980390280615981,0.732117056392914,0.0538751896989765,-0.0393500256243757,stable,3
8.61952946979947,8.58813675533556,8.85244580964476,5.39677141817633,3.88391233915408,-1.53040484125975,-1.57378210509719,-0.779725392797135,0.787326218524315,0.552683069987079,0.162284787994712,0.537344460573248,0.0554348955418297,unstable,3
8.24844908886861,7.9492461188575,7.88288692411197,1.48620624308664,3.5829393014313,-1.74680579260951,-0.577626828597987,-1.2585066802238,0.996646063154199,0.72673333078283,0.284037585355721,0.751664814736431,0.0473190805719797,unstable,3
8.84027511513415,9.70728466924392,7.95514802750183,9.28879562916509,3.42170123383873,-1.67609853673377,-1.186896350075,-0.558706347029959,0.356697629481974,0.980051758498515,0.467096457671616,0.999328006209408,0.0851524951014927,unstable,3
6.10777646387278,8.70295073866455,0.60088527986391,8.22001734659263,3.98710216161754,-1.38116593784514,-1.45119396686021,-1.15474225691219,0.88518418732757,0.795511462520391,0.75826572589231,0.625949327342506,0.0447091617794711,unstable,3
7.45452762729415,1.61339537158334,2.86389794743209,9.94487140061926,3.3921152484801,-1.60726212005856,-0.816291122923652,-0.968562005497888,0.771606392031398,0.263995343285247,0.0807353634273761,0.80647445746234,0.0325965969010231,unstable,3
8.9270291576138,8.34116860400846,3.57243802801283,1.30161960077403,3.57992887883781,-1.05170988514624,-1.38383820104558,-1.14438079264599,0.381514168641862,0.213188218957366,0.625929048526271,0.997439820987221,-0.0274730847735799,stable,3
9.92362781146808,7.46798155899122,3.48455379148246,1.93414855635888,4.00435989563299,-1.32638288404765,-1.99397558487798,-0.68400142670736,0.75529587605876,0.201952165701766,0.135669153127592,0.797331613428301,-0.0115369620134165,stable,3
5.27819518133834,9.7203359017956,5.82030600580242,7.63545199947038,4.0729985925048,-1.88963495418942,-1.64851129826157,-0.534852340053813,0.262863215231848,0.583338025970908,0.684595177131145,0.323466552139127,0.0418057472496185,unstable,3
9.74616465878818,7.2708654985573,5.23182659820077,5.727399344061,3.62732860535283,-1.07368959056088,-1.82054669766825,-0.733092317123699,0.961921824082724,0.17623466855248,0.905404584690202,0.609856270685034,0.069794991888082,unstable,3
9.88930929875401,4.96653365998644,6.15719682517388,2.17761768932682,3.9004660968084,-1.98089228803662,-1.19713072091434,-0.722443087857438,0.968655503306128,0.524012219263868,0.669364364209732,0.666186061981944,0.0457771094663786,unstable,3
7.58749909942717,4.8004670734595,2.90259223477351,5.98649008720944,3.33375929847832,-1.38332306357671,-0.77120206716354,-1.17923416773807,0.375930676256886,0.565531809502738,0.830089503843984,0.82327075260493,0.0595461001317968,unstable,3
9.27782292359255,3.09312662123,2.25267013139573,6.49681917873287,3.90134808856279,-1.87361123429718,-1.46378422551911,-0.563952628746501,0.297981638664538,0.271337013072427,0.102092567392163,0.547542551828154,-0.0161903935651227,stable,3
7.63280307977254,7.04520116730251,0.960858046501631,4.54563650928072,3.49844240236915,-1.93669059438272,-0.902646540566429,-0.659105267420004,0.905083711197993,0.309281494850481,0.824060963389263,0.0807483526885603,-0.003835574413903,stable,3
8.98612223539013,5.8110745605086,9.82687486470823,7.02726407733244,2.85432730849626,-1.12738127103705,-1.05393020508848,-0.673015832370729,0.498976725046862,0.665063615152664,0.677628935759964,0.836744533424127,0.0779854946254388,unstable,3
9.94103739360647,9.48026860479095,7.49026163198679,7.32851047813091,4.40433954204395,-1.94881832422056,-0.900503090605652,-1.55501812721774,0.278356365710726,0.44832577024825,0.34560830236932,0.667753382818344,0.0455796537233391,unstable,3
6.12162716605498,0.887534060575208,5.04370457649206,0.528408873153303,4.3589294586474,-1.94605959058481,-1.85517915485293,-0.557690713209659,0.228040809234683,0.726911667393259,0.219499006595833,0.132565868133783,-0.0489799241806926,stable,3
4.98073742660196,1.27295724886955,8.71369833902438,8.86174146871716,3.37793746710905,-1.32356967394161,-1.30179864905376,-0.752569144113676,0.50243713913952,0.479336414990544,0.612517028820158,0.369817813972812,0.0122597146959854,unstable,3
8.77413369692171,6.9269192007829,4.55210854056056,6.17056540927548,3.04809952117181,-1.6225702969694,-0.809837942643301,-0.615691281559109,0.919172108141324,0.902035809821407,0.329745403743074,0.458935049225095,0.0767145900287212,unstable,3
4.83352399395768,0.988943793899333,8.54419718764913,7.7817450977594,3.67226368926804,-1.41487256102806,-1.70824179464479,-0.549149333595193,0.117300870850032,0.808408374654,0.770514863420386,0.238596902627789,-0.0155361074706758,stable,3
8.28532007815486,9.51135623930494,9.86974695190757,9.56504186918538,3.74531278202432,-1.19794335945715,-1.35825900255605,-1.18911042001112,0.148789156704693,0.956648579740732,0.244528631474719,0.506027591602645,0.0538390159126163,unstable,3
9.08013789684648,3.3965976918962,9.9164406579274,5.64661434367596,3.83035060261108,-1.52557899894752,-1.52078870858578,-0.783982895077777,0.332473595009827,0.717366921871306,0.380659661087965,0.257702441222355,0.0064985518142914,unstable,3
9.23076211835143,2.17796527945659,2.98800973079831,6.85380508386379,3.39887922360777,-1.5533095681326,-1.10021625144036,-0.745353404034814,0.38772665504527,0.910959474532896,0.322403838649766,0.75878312418797,0.0099976139197388,unstable,3
5.56920338772801,8.58602816322004,4.04777194958141,8.820845352184,3.29695524381081,-1.74932701580859,-0.886896095386543,-0.660732132615673,0.914513784274329,0.641510651661509,0.917522215321675,0.753840624168576,0.0857008656993137,unstable,3
8.5495614767812,2.52904375540669,7.42949215310564,9.13239852547101,4.10072626466306,-1.80087508254118,-1.51073815714152,-0.789113024980365,0.48588548599365,0.410872717874085,0.401419593363638,0.324286864276871,0.0175337231669326,unstable,3
6.71124474158168,3.99134325707258,9.85019386398558,8.07041922015882,3.15255940820494,-0.773641320242919,-1.5818975960158,-0.797020491946221,0.86241613121574,0.984192451120046,0.415247972175089,0.616540377879512,0.0736178029344895,unstable,3
9.3496026099472,4.30687116501469,8.04104464369715,7.60432919335926,4.30435495207608,-1.97971241713595,-1.39480808532638,-0.929834449613746,0.261701379978085,0.551874796616051,0.68643420765128,0.623638881581016,0.0537194646196632,unstable,3
9.70839643187473,3.28015919591102,2.35562263363003,7.48023393029789,3.7750202834692,-1.78421421935271,-0.98325583586318,-1.00755022825331,0.915347279779177,0.741308902111573,0.0657601059407508,0.380002888097613,0.0286567169350417,unstable,3
7.74900926447294,0.538449972949049,9.67167547066447,5.35349070103929,3.29552436191544,-1.99822477573985,-0.785939415680757,-0.511360170494835,0.675075875173595,0.892778577919613,0.074314060718189,0.955477951582719,0.0032272588332644,unstable,3
7.86702929519359,9.01695990391206,3.07036826183471,3.55854085399654,3.01304978401955,-1.38971505261443,-1.1030249189696,-0.520309812435519,0.720158502581414,0.915688372615929,0.79347167066768,0.969995066971729,0.0656347081165538,unstable,3
8.10251163910978,2.50663040029159,6.16761851994812,4.68539505859453,3.00894963529192,-1.12181099138317,-1.13368054659381,-0.753458097314939,0.678928209110267,0.636038138862703,0.25707285222806,0.266431144103416,0.0099899360238668,unstable,3
9.38876140593096,9.48643506858932,9.72126825534885,5.22828994192196,3.73266095101421,-1.41089866560644,-1.34344452140012,-0.978317764007649,0.660339124514546,0.747621550036177,0.709103272641292,0.589639756798092,0.0760757683661822,unstable,3
7.97379413894841,6.715647766829,1.38377307519648,2.58125451883145,3.8152339359318,-1.90383513215662,-1.30375073731298,-0.607648066462204,0.340092638387949,0.468425288740026,0.551519927250372,0.746495406454144,-0.0158586970437741,stable,3
6.52095980022617,6.45494412615057,3.82754907897471,2.7136532827123,3.26120964848221,-1.33839712539053,-1.36618867705661,-0.556623846035067,0.658997270316276,0.628716981360625,0.221744850465587,0.417847132000144,0.0318791777404509,unstable,3
8.36089909607955,5.97096342767002,3.74916950571332,9.45718804358215,3.85472432355409,-1.01761913800561,-1.86688730762731,-0.970217877921171,0.250413998768823,0.432974805130559,0.128580153888189,0.70893556706591,0.0266622906554179,unstable,3
9.88159392658159,8.9407979182065,7.2004782514081,1.54225659898368,3.02527878818329,-1.49147097232037,-1.00708604752115,-0.526721768341772,0.722634723264016,0.231523919005111,0.76012183373602,0.170836335143226,0.0404180805693794,unstable,3
8.4522293076963,6.76855251759618,2.06730799087011,3.83698727086927,4.06605299851036,-1.71862733018086,-1.46528156668104,-0.882144101648463,0.70128251335262,0.428165673892749,0.515774410077108,0.777923231255647,0.0308124814291428,unstable,3
7.58551894307423,4.38834688955798,4.79173433980896,4.7813147758065,4.00900601785732,-1.86554535250848,-1.27200375045238,-0.87145691489646,0.0579506281648204,0.887101460779663,0.718501783124891,0.407707309383668,0.0482273330216878,unstable,3
9.32562645469956,0.681340399219736,7.74167268459439,0.966361425422388,3.13629882538484,-1.34098476968542,-1.09742332831504,-0.697890727384377,0.275708715522086,0.173378643001562,0.637542037823008,0.516169314273978,-0.0297517834691443,stable,3
5.3952420604579,2.52500279672829,6.75889377861809,1.8503111627807,3.51371542555432,-1.64873360589055,-0.84755205117513,-1.01742976848864,0.902785634480676,0.741818880225768,0.451620789932309,0.684521455922141,0.0369202636684662,unstable,3
7.73066258866258,7.23370067842093,7.07751272366628,4.26415616136856,3.89884719430997,-1.47389065126003,-1.52420101252793,-0.900755530522007,0.718430416223172,0.743608051208026,0.59101012387466,0.268112635604994,0.0689178237515396,unstable,3
8.8052144271202,6.2167438654585,5.37039911814192,8.51287218744914,4.28848281623356,-1.92623007548113,-1.41192960493214,-0.950323135820287,0.731456984548782,0.0513951328140392,0.997941004667467,0.351465186172931,0.0544551935376963,unstable,3
6.14805199778384,2.47273341626265,0.928652491161111,2.12540560311796,3.79636096203287,-1.7074685406273,-1.40117003784713,-0.687722383558436,0.766534651490657,0.943614658596468,0.642032394026936,0.769393224728262,-0.0018435870464386,stable,3
8.98489653624247,2.6150068911813,2.93784352511788,2.95300723937659,2.83476859105913,-0.963845764861628,-1.26728729196574,-0.603635534231761,0.384474146048877,0.648313306303717,0.146054585628087,0.574028632904253,-0.0297260069760345,stable,3
9.0681047645304,5.55335871682756,7.26332947657969,8.97705303040026,3.55163439224475,-1.04193517375649,-1.80661688432764,-0.703082334160618,0.932269244087642,0.816251274345858,0.118169240337532,0.966127523319931,0.0822642318544009,unstable,3
8.81787433188238,6.09925476898595,7.82785664609773,8.81468190482074,2.97735869933667,-0.707286131654878,-1.37941053678474,-0.890662030897057,0.24707863536132,0.885852765296483,0.0879333916453866,0.63866448032103,0.0472358336748821,unstable,3
6.26518541739011,3.45999621848664,1.12977500821905,7.15362586660879,3.60283292621604,-1.25781026032148,-1.18400730728654,-1.16101535860802,0.725196070852514,0.77669631944055,0.798614226944322,0.344541404045938,0.0150817586889964,unstable,3
9.1171611844201,9.82241540138958,8.67210662124888,1.73689903625051,3.66729506946125,-1.55534428038033,-1.46313983026039,-0.648810958820535,0.243300531743813,0.157994802188217,0.107886072848458,0.732788394097585,-0.0401832370413908,stable,3
4.61760455614425,5.1316344084763,3.21491338930248,5.78690810448474,3.93451412509371,-1.84025291053167,-1.57617751676963,-0.51808369779241,0.127989216361424,0.226476864217757,0.318968062387905,0.822676559505586,0.0075625436761087,unstable,3
9.73225221576923,2.76198016238993,4.21041120310859,2.97554421941035,3.98007711426934,-1.09702937625599,-1.57714451328871,-1.30590322472464,0.211902758941328,0.853745760285528,0.261566285138355,0.257981563805147,-0.0322042705046722,stable,3
9.25154089120391,8.53522786879827,4.35309612654881,8.23295277086505,3.01093370291919,-1.23846336360106,-1.02274805534213,-0.749722283976001,0.288482809503663,0.384334411446234,0.45274148966241,0.30469043200811,0.0171698737930922,unstable,3
5.13977520831727,1.80394463415267,5.46650284033531,1.9855858619464,3.94289128728735,-1.81726643037222,-1.35539332189636,-0.770231535018771,0.84465531490033,0.982531090750913,0.387863242643356,0.765702801285576,0.0317227027874157,unstable,3
4.77408161750594,3.61096059520681,6.49471891478685,7.29205750292706,3.26466362224342,-1.31201554843889,-1.20321548201812,-0.74943259178641,0.551126238182915,0.852606840500709,0.623562839662269,0.14025776023661,0.0453170284260946,unstable,3
8.77083149384605,1.49903241329825,4.01863839641433,4.07346331417196,4.28256723050741,-1.89014778202843,-1.71132463734578,-0.681094811133202,0.838877439077754,0.33952487562101,0.403757375722186,0.989558457086292,0.0303521776172107,unstable,3
7.93856615291232,4.47005635364949,6.101488631194,6.49366751859133,4.10848510533058,-1.76507925049871,-1.24103332458026,-1.10237253025161,0.450624741222041,0.632110358126807,0.377833614912471,0.960271164849219,0.0696651023867167,unstable,3
9.0348237395954,5.75189323021928,9.61243068910535,4.89660657842142,3.79598917069231,-1.20140114810602,-1.41957086841352,-1.17501715417277,0.739292759461303,0.570157015539817,0.309394526733208,0.681237514518331,0.0571864355145838,unstable,3
7.85313136079106,7.71154107006856,8.23674192593968,2.01194570996062,4.36517419348487,-1.91586157173065,-1.39843350401915,-1.05087911773507,0.681892249912354,0.883425652865511,0.0912463566883444,0.665647156743453,0.0387515639253819,unstable,3
9.70175413043408,4.40430864738594,1.11301106851557,2.12277648053991,3.18841378451879,-1.70646465745702,-0.662826874808921,-0.819122252252849,0.845343342003595,0.394315880617772,0.618233721074592,0.907249232621911,-0.0179067588090468,stable,3
8.9588436871866,0.969284534355579,3.05941432826001,7.20054491132037,3.2079731684645,-1.5085504416918,-1.18681532743383,-0.512607399338868,0.348151658573314,0.868077382828407,0.594292134201067,0.682952272519365,-0.0169202320228853,stable,3
8.3155066408653,5.58103606959363,1.26982761410138,8.01944963684547,4.00228336292168,-1.84746855751714,-1.2456968867603,-0.90911791864424,0.125372656277686,0.47539613822574,0.324136111397077,0.823954000002095,0.0170609696182274,unstable,3
8.01032495792284,3.06900712110442,6.72280283005034,9.96375710463097,3.1321242190215,-1.73695713867892,-0.882582709139562,-0.512584371203021,0.0688737166778487,0.697515703880871,0.653847190223726,0.139635365416176,-0.0038747691169221,stable,3
7.28690853011968,0.850063077619788,3.60615386892851,9.34090793966892,3.51960191616915,-1.9328774581312,-0.926115337907441,-0.660609120130504,0.747959246535423,0.217277361794144,0.0960081972332077,0.586986854371058,0.0186313476970618,unstable,3
8.54490165992632,9.82069530941248,7.09500689905126,7.03112391084066,3.36130998967731,-1.90113405494882,-0.880612426353293,-0.579563508375199,0.522408823838967,0.721296925722933,0.190219850875319,0.523390319574287,0.0550606146130121,unstable,3
7.44770022439432,3.80625037265508,6.35559047465332,1.67409972485969,3.87239103474344,-1.64534207785886,-1.54344413632752,-0.683604820557055,0.34752309709428,0.831252664875729,0.51217962629369,0.996473172331241,0.02055437472793,unstable,3
5.7663993100489,5.47680920216258,4.83080154445597,0.802769415997656,3.39492389077654,-1.78520436324939,-1.02988771056524,-0.579831816961907,0.113755413367753,0.613761843719209,0.255230396514154,0.240328915882051,-0.0361944575617412,stable,3
5.58355291149953,9.35408170142281,5.57540231595127,3.88296740747336,3.32632367017642,-1.52207754900876,-1.0812048167235,-0.723041304444161,0.605700524127731,0.714323790922556,0.190705749615127,0.893364655026424,0.0488799610591926,unstable,3
7.06163388210981,5.45357649658483,5.78397574574496,4.6422127517389,3.29157737477071,-1.08762407048602,-1.08866253495422,-1.11529076933047,0.636003589741206,0.765236956121901,0.328017463676413,0.568939185639529,0.0653882483397716,unstable,3
8.7374832839728,0.758770868446329,6.71041472733672,5.16219055649667,3.10574635342163,-1.6994195836812,-0.754448548286909,-0.651878221453517,0.503233590277533,0.498070200831216,0.286036999236044,0.336772961043135,-0.0175286274922171,stable,3
9.42491734228544,8.06559300577076,8.02309221630511,4.23550344886078,3.5352873397731,-1.79174398349384,-1.19657725275563,-0.546966103523632,0.993142942150754,0.84864768984268,0.707677558588383,0.461506150431912,0.0859889134252576,unstable,3
7.01991729557792,8.9220919216777,9.60762282989375,3.36768380478192,4.05635306146416,-1.2388016612385,-1.68455736506191,-1.13299403516375,0.111249377060606,0.989877784497379,0.0822597953276441,0.711683446733049,0.0261931361856472,unstable,3
6.54947747355845,7.91943228793426,4.95144749599008,7.23909342412696,4.0913067732709,-1.64957489004835,-1.51958430319483,-0.92214758002772,0.706958081023361,0.115094809967559,0.330692323056785,0.528933700190845,0.0372704105883751,unstable,3
8.18930767426593,3.31975638952947,8.2035034910318,6.06980873827189,4.10143931515911,-1.68667649965031,-1.24154541218888,-1.17321740331992,0.215841229026015,0.269156740820564,0.75753259348513,0.743685002722734,0.0464892771716911,unstable,3
8.5064722669592,6.01671584575474,0.641640364645387,4.16237842829945,3.61920411884798,-1.22792108026982,-1.20801979881619,-1.18326323976197,0.184821636597834,0.0710298596660327,0.583597384269236,0.959948628161474,-0.0285191079381711,stable,3
7.15856969046705,6.62681653967845,3.65852906773598,6.38214923345688,3.33425508646873,-1.51645764721042,-0.958886973240552,-0.85891046601776,0.455517600526987,0.402558003964553,0.522617116137854,0.783010116102334,0.0547586244557959,unstable,3
9.23710348403205,5.07072637558996,8.99975164013327,2.46485196465597,3.7867787825157,-1.33918335062194,-1.4414302460735,-1.00616518582026,0.557121527659483,0.1619941580067,0.175890307870471,0.0505463997738052,-0.0088008320731126,stable,3
2.29237241368366,4.59280258596365,4.4841151314138,0.540351420407055,4.05624238538977,-1.77603495451622,-1.66438823156174,-0.615819199311815,0.33149416511109,0.683105350187429,0.0733341595597484,0.866322044836688,-0.0167460441396104,stable,3
8.94361052246194,7.68572138191824,9.60967244474115,4.47122854357931,4.29946111205402,-1.5267852509229,-1.55197667620016,-1.22069918493096,0.779865003834186,0.93780839342144,0.112298310925653,0.792832339109966,0.0707347777370808,unstable,3
9.42217960602578,5.91459662820901,5.99000095901589,6.3748664551303,3.76678836979216,-1.64056474216018,-1.58328347417125,-0.542940153460729,0.47154503807282,0.341296994968021,0.923648140021649,0.783739346824916,0.0745814812293515,unstable,3
6.94492480870597,9.84137239761828,4.23905013682868,8.09395920767144,3.53870328808666,-1.44986367412017,-1.00817896353531,-1.08066065043118,0.739127010511508,0.526460328172971,0.482436423530218,0.500926635165889,0.0573206210406658,unstable,3
9.54412576379082,5.52834806258931,6.62430042997819,8.66070722397948,3.49272175174044,-0.9155435651195,-1.65697309531135,-0.920205091309594,0.215998551658582,0.291079495190108,0.557390019060824,0.7447096997511,0.0453174709861368,unstable,3
5.76712756090009,1.15743387171496,6.1444383796181,7.39300162633481,3.42354293824209,-1.4370218225712,-0.676889102865825,-1.30963201280506,0.405868893402222,0.972744510380923,0.209517229182913,0.98578068275881,0.0173628475349492,unstable,3
9.93224202896152,1.99842239335406,9.25348707489141,2.71691815818269,3.76563655771496,-1.39838688736582,-1.81343640902231,-0.553813261326833,0.418898829703144,0.329422422621242,0.956870705799082,0.220167656286046,0.0248972647597624,unstable,3
7.65406006908742,9.09510440646847,4.29751726242568,5.99666796226505,3.32165658993391,-1.4132776063435,-1.00375204737654,-0.90462693621387,0.124602127086445,0.723954684571021,0.745931051913979,0.873868731750232,0.0623972128573002,unstable,3
7.24767248861376,8.94647730228001,0.965732471167564,1.28154170669274,3.18130301386924,-1.93375316844321,-0.623101306736097,-0.624448538689932,0.542266753760281,0.506849198722278,0.836764404996105,0.834068045042064,-0.0388585899189553,stable,3
9.0073743715153,5.80404572433103,5.66381580906098,9.17487669896558,3.25120255141131,-1.28078527364358,-0.953870090250927,-1.0165471875168,0.796064206165973,0.575930243710506,0.566587779970304,0.72826323669901,0.0763556122697136,unstable,3
5.56057007121283,9.85895188381609,4.91138936742935,7.7556526800009,3.45203078129565,-1.56530747468268,-1.21431119921268,-0.672412107400294,0.896604016142786,0.700074387675207,0.912978278635731,0.746615368638424,0.0909902046108977,unstable,3
8.16599838491408,1.55089650535996,1.29946937154394,6.87642298802974,3.4619542646212,-1.06061726757045,-1.87013447113653,-0.531202525914216,0.20186739027154,0.952128136183139,0.223059138330298,0.627569361520795,-0.0334555448761543,stable,3
5.68901573936935,6.85919671360262,6.66416030942044,5.35452371635307,3.94022027339906,-1.5850135377435,-1.8136000471007,-0.541606688554864,0.75745424982522,0.565266618202706,0.846742281000272,0.391438788370846,0.0809884819483744,unstable,3
7.96748089733215,5.39947747382944,8.26325272304122,8.48911805525963,3.99018336566437,-1.56194824368372,-1.31277260119012,-1.11546252079053,0.64111500911623,0.377890546918637,0.352798882178994,0.543353383597191,0.0520617025820117,unstable,3
3.65457377471282,4.01797796360324,9.88441201456788,6.73818946700124,4.02933327535083,-1.83116920809321,-1.43179101093775,-0.766373056319868,0.792597512263523,0.329897245286101,0.546452038081579,0.979796831205457,0.0565472496590756,unstable,3
5.67317776263991,1.24327523620467,9.33485820518526,1.99389998897878,4.16317468637457,-1.78791166497234,-1.28102050531851,-1.09424251608372,0.534918281030976,0.815347230461277,0.156917702360307,0.572682595620705,-0.0222397028525235,stable,3
1.00434285294797,8.0379322970319,5.73097035705481,0.808235340410762,3.97248516842813,-1.69198459824102,-1.71513860163431,-0.565361968552798,0.609764182083661,0.906192770590233,0.122467486438721,0.832590265859386,-0.0390236305291217,stable,3
9.31502058895498,7.08438337923865,3.19499079892777,8.87890663130633,3.39589728178434,-1.5343849647245,-0.654159180825681,-1.20735313623416,0.289421826719667,0.732168793450592,0.385701838348909,0.471616237096559,0.0370437748595245,unstable,3
7.62455810004233,6.7484971826762,5.06107886657505,4.74522228953338,3.81996515674991,-1.56109787318312,-1.61086060387625,-0.648006679690536,0.474060531309855,0.475090961570651,0.53911072192434,0.475091741843864,0.0469541266310959,unstable,3
5.4040809470112,3.3331245644582,1.40325034179098,2.55875243946781,3.47108367640445,-1.42196231260343,-1.47929231765463,-0.569829046146385,0.509459847744419,0.884459728187431,0.303584046241998,0.499450710422326,0.0104103747707698,unstable,3
8.67045079079402,5.73018585135673,2.4057477347538,2.32243106671986,3.08193164963751,-1.54829758605039,-0.971077791037899,-0.562556272549217,0.236153055344368,0.10729928794547,0.567930434629673,0.143864946057963,-0.0274212813014801,stable,3
6.90387864149506,6.5262745487515,2.13399219174589,8.28004882696753,4.53621052098155,-1.94527749624446,-1.76400044469249,-0.826932580044598,0.537796649608329,0.617945313665487,0.518107081867052,0.784196910291573,0.0535664387132752,unstable,3
6.81801236311386,4.08420959687375,6.80721255936107,1.76734077035451,3.09953939684417,-1.6123497017302,-0.93715208543702,-0.550037609676947,0.629597924061859,0.906689514713904,0.402663753221243,0.612063958627378,0.0399527261576433,unstable,3
9.86525822260326,8.90370827268577,1.18095149908891,6.32360071655813,4.08409994223641,-1.32282714286309,-1.75410482035209,-1.00716797902123,0.346820493875792,0.510442622919112,0.610994781736728,0.427471723957729,0.0018576460729403,unstable,3
9.92849294696394,2.44595581303383,7.53366345968058,3.27985881753606,3.72189354299636,-1.32389281022517,-1.54949504310302,-0.848505689668166,0.871339015887792,0.369453127513179,0.128779207533393,0.879245509360692,0.0072578613198773,unstable,3
8.95266391339074,4.07663316885558,3.59218551680602,1.08058818657557,3.78886520501385,-1.75860932435344,-0.684819886648969,-1.34543599401144,0.145827719796698,0.532765981346094,0.249109945919298,0.981819431410877,-0.0405387229717549,stable,3
6.1245429503656,1.62536348261669,6.15611436723041,9.50054309831831,3.2347941962136,-1.8212113844174,-0.695953850978124,-0.717628960818075,0.115116384323389,0.921012629834927,0.681292242389976,0.896204712427225,0.021651970522759,unstable,3
9.66225596462985,7.99288443004488,7.34059779917746,3.76621394262542,3.35732492674491,-1.61494584978286,-0.973139164579578,-0.769239912382467,0.441388972420542,0.864918522057055,0.554249479949045,0.16134593870537,0.0545758687086466,unstable,3
5.60506570659536,1.48268890720735,9.10723544915071,0.530151294069679,3.08242648373237,-1.88620024049436,-0.668671336971305,-0.527554906266706,0.990294583515788,0.256947528737213,0.192550381761476,0.713985282018707,-0.0121589807250745,stable,3
5.4366391725829,3.94588231551878,2.11702291202549,0.785302547338803,3.70706290402244,-1.45812164290117,-1.48618218634448,-0.762759074776794,0.370783851685069,0.112886905320425,0.216975593697481,0.916671998385957,-0.044034117661143,stable,3
7.46155610403167,5.43890290460674,7.30013212771999,3.77640241124487,3.59613988274107,-1.16352413844715,-1.60630178086454,-0.826313963429385,0.419383821029486,0.60019209015697,0.952091710532503,0.95369951459831,0.0814895827676219,unstable,3
8.42834229788685,2.69758299102125,8.68226258089816,9.49556169076137,3.63316435905177,-1.47604246753269,-1.50685741465165,-0.650264476867428,0.81500282757006,0.963876606421524,0.812970300823571,0.866168722376068,0.0747433287327179,unstable,3
3.68944780347823,3.60807529116075,6.13511846688978,9.56069320854992,3.58237962873577,-1.71159180980404,-0.935218821643223,-0.935568997288507,0.856618050208285,0.997744191142838,0.615236193783999,0.656334603595451,0.0636086563710074,unstable,3
9.95770785929818,2.04230434657532,2.3726664198752,3.51816929407846,4.44575197837801,-1.78704399491866,-1.48052577846041,-1.17818220499894,0.705344853700872,0.0787338854298182,0.201340496478131,0.898751667663285,-0.0104834088606338,stable,3
9.56688210437186,4.57872495618435,6.05743652328659,8.17173159013891,3.18253716005397,-1.27818154307069,-1.35798956632309,-0.546366050660191,0.851506464964055,0.668086913343988,0.624443744077924,0.749381270559418,0.0794490438898781,unstable,3
8.91163609468502,6.53764902328805,5.1917404040488,7.85627869760318,4.08207936584589,-1.55716529499989,-1.16597214450022,-1.35894192634578,0.516317850004637,0.140439634296629,0.286852770885326,0.0501702323775704,-0.0089072776701394,stable,3
9.98171443210326,5.43371739108409,8.02507403915123,8.00257130842945,4.31294035474373,-1.46174815056116,-1.94218641585896,-0.909005788323609,0.914187660687889,0.587890217326928,0.829177314103443,0.748505474278225,0.0897895429547232,unstable,3
9.62398565407563,7.34772540077215,4.94660321619103,4.67577542702873,3.46544485358696,-1.21171326790991,-1.51690659211443,-0.736824993562617,0.470639942830362,0.424947042547852,0.354940622795869,0.851070727090704,0.0436363587972691,unstable,3
7.884118443775,2.0859278112872,2.95819621432038,3.1364142253955,3.28959464241415,-1.45010996367943,-1.25637431022197,-0.583110368512746,0.0517081697591289,0.955223788653383,0.483531648817407,0.361610296039626,-0.0237799043440983,stable,3
5.81561069725194,5.27089712604365,2.92306665605647,4.84010179879188,4.25975552609679,-1.93830168918379,-1.76952323905344,-0.551930597859563,0.999466657064767,0.83887795788752,0.628015689309518,0.652397636523932,0.0946557813596121,unstable,3
4.30329880880731,5.66662633407197,4.51853229130814,6.73271083011975,3.47328082255739,-1.48469357705874,-1.4238900327594,-0.564697212739254,0.881387191679152,0.228337033482095,0.189312341029136,0.680920948234744,0.0426495613742064,unstable,3
9.90851375557475,6.55038819113668,8.88134654419489,7.76115697305069,3.5890999904908,-1.38063865578843,-0.817192379390705,-1.39126895531166,0.724728178640502,0.707516699841435,0.483002766179186,0.895482981173734,0.0844981860327725,unstable,3
7.13769126597516,1.184948230914,0.61719589173448,2.33108254412696,3.88890734022025,-1.63724768988683,-1.61692392815454,-0.634735722178884,0.483282145031131,0.164835473226744,0.842391691305649,0.249726259859863,-0.0442420305945306,stable,3
6.51420100389721,3.58623854334804,6.75193061553106,3.56849776104286,3.57197196507039,-1.51550529733071,-1.33212081508056,-0.724345852659119,0.859697433008038,0.337516053273001,0.463976973678652,0.854916131699209,0.0608183160481578,unstable,3
8.55586595299547,7.14607346209816,4.42059518715371,5.15775623609027,3.47745099312312,-1.34548197581349,-1.17500861876936,-0.956960398540273,0.366013584311522,0.805988319191579,0.129703773962026,0.592859741515023,0.0448996204587121,unstable,3
8.88858325881402,2.38138021565111,3.59304058982156,9.35820227683433,4.1796006059532,-1.93195825844918,-0.90404330200369,-1.34359904550033,0.858208338851639,0.883600998330985,0.724860707159113,0.313654369380511,0.0230223517657923,unstable,3
5.12584124789857,3.23645810531555,7.02397412127515,8.24725434879492,4.01558957157489,-1.56437138503987,-1.4801359595628,-0.971082226972224,0.844043708562528,0.428443697321198,0.185282287775569,0.604110116493019,0.0395864510721368,unstable,3
7.60972063329418,3.65363084848217,2.33635334956116,3.90010108822581,3.02869111610142,-1.10650918741928,-1.35204652999007,-0.570135398692067,0.846792219404409,0.561963305394291,0.996074245557471,0.978092936785205,0.0660076076795533,unstable,3
7.61446298150836,1.76063116622249,9.02001755920853,0.691763150951674,3.72479753245037,-1.01807429164099,-1.91936138476729,-0.787361856042093,0.998250097903621,0.93300237808599,0.108919895355293,0.458496615257692,-0.0220426670996874,stable,3
9.96251505732398,6.68904122981927,1.02010892808463,7.89180974770327,3.91238788529355,-1.64581671694771,-0.860923083151481,-1.40564808519436,0.56999101476821,0.787273926662346,0.71358358978474,0.22290256453015,0.0129164696132047,unstable,3
6.87488110567606,4.7362645699614,3.33093944587049,4.59751703154102,4.38567683601309,-1.9500825969735,-1.78106923481702,-0.65452500422257,0.21840587832568,0.71810788792033,0.711153398499744,0.0909783399597218,0.0120350574507433,unstable,3
9.42366822607062,8.66828468397956,1.87165170434061,2.92472681327006,3.16248930739509,-1.5801074172925,-0.811814249320968,-0.770567640781624,0.347732240841717,0.759324935935041,0.935368206563778,0.795297492460826,-0.0005336052771072,stable,3
8.29680954583129,3.75448606862838,3.33935977965057,9.61229700573571,3.94417087417147,-1.57629373251152,-0.95003921501796,-1.41783792664199,0.703323510692801,0.535501227481384,0.308818423955063,0.148249727646059,0.0104801830718439,unstable,3
8.26604997167679,0.647965942389367,8.70461624730539,7.29399929516089,3.73929169397451,-1.66070303945331,-1.25988094051328,-0.818707714007923,0.282272550213139,0.693462414942618,0.429123856016048,0.420242861623677,-0.0130254230547939,stable,3
7.21188628919192,7.79071062885843,6.59120891939281,2.35924019820058,3.65502357480602,-1.59638379282434,-0.86432517730497,-1.19431460467671,0.199943958714938,0.769748996747219,0.275625707660145,0.626472892016829,0.0184948760611596,unstable,3
9.78265780310986,5.75418884737705,3.10217898629609,8.34027381111881,3.17093489570925,-0.888964000765362,-1.28900776811229,-0.992963126831595,0.945659756259973,0.947205720743269,0.243671443462075,0.0992722241667833,0.049218876777786,unstable,3
7.07594207828045,3.82671838417155,7.06745989612811,3.55786544395003,3.11827376319759,-0.956133617081586,-1.42571955752962,-0.736420588586386,0.872639565964384,0.867165493446112,0.411874795982059,0.67771268771517,0.0708033783132504,unstable,3
9.97211157074597,6.1683100699241,8.72542694891251,8.35963072153331,3.73173575793936,-1.49607859533861,-1.03508875700873,-1.20056840559202,0.407976006833416,0.211980345108446,0.09695296275108,0.803820566875738,0.0347751446414259,unstable,3
9.23015215083788,5.89449405822686,9.86045362802506,3.46131777744225,4.01040593589968,-1.34078700569626,-1.50021223041123,-1.16940669979219,0.0670395988085342,0.651758363065564,0.896170597016943,0.432848691318763,0.0381601677265838,unstable,3
8.86603160538679,5.42523575877271,6.56583640038199,2.66048195688304,3.31025425283527,-1.1262820040419,-1.11951761466399,-1.06445463412938,0.688851130039103,0.563890135244662,0.910219178343418,0.627341041684379,0.0647811234574341,unstable,3
9.10835565215164,6.55593019129474,4.43803846335748,3.60989146406833,3.73413803659338,-0.908671574410226,-1.71140125117849,-1.11406521100466,0.672804721799106,0.646915835923245,0.0632619791903603,0.748834144690594,0.0385324779126556,unstable,3
7.22730187303975,5.35805134327121,9.98092988781696,5.70184468776552,3.09974194304208,-1.27366152720655,-0.906048847884184,-0.92003156795135,0.259062792413533,0.761748299442114,0.338089463541418,0.116962564724729,0.0161897698576098,unstable,3
7.66542538566903,4.07728612448201,0.924710813594738,9.47214852072456,3.83155952827391,-1.97290056541873,-0.670556114893826,-1.18810284796135,0.226827448318654,0.87374598901431,0.401955838794283,0.345480951093385,-0.0188203142798367,stable,3
7.37961352956084,9.10465155612088,9.67630098559489,0.955255546427064,3.35580431881127,-1.51153873379417,-1.13256360745102,-0.711701977566082,0.777723321097436,0.753355841898702,0.363645236080576,0.335754584749434,0.0440624071380915,unstable,3
9.44357709284542,9.9044639611361,0.726585821237334,5.66540927379464,3.8208138951758,-1.41740188756059,-1.6697531792319,-0.733658828383312,0.438740766977424,0.700699240243851,0.762288035854122,0.148122854190827,-0.0037357488121818,stable,3
7.50250683812501,0.637196658056474,8.61013637662664,3.31915586608649,3.86899674763269,-1.76144021320057,-1.12428446600944,-0.983272068422683,0.644777781585155,0.726046992192893,0.242884847640158,0.695922149198247,-0.0214629864074585,stable,3
9.41507455943183,6.28832406882219,3.97499176566325,1.84910538781271,4.00429516834777,-1.9486473602607,-1.42178596373482,-0.633861844352249,0.154989394084967,0.160019307176698,0.671873173001024,0.201470533417814,-0.0443626232948287,stable,3
4.98293503246497,9.22090451825777,2.20559023769908,5.69991099208502,4.25660159786908,-1.71054555222829,-1.60021981561591,-0.945836230024882,0.440609527197035,0.869631274917049,0.996890013355032,0.922230793371784,0.0555144284447414,unstable,3
8.07486677502907,3.16910530164809,0.83666351946221,2.99873502299316,3.42925390374404,-1.36137611840104,-1.20787719754468,-0.860000587798317,0.909407497284276,0.50583817151117,0.799481056278879,0.72357697008398,-0.0153857655477445,stable,3
8.01311357206719,2.77334030631088,9.65109668808712,4.71584677656852,3.30922417397468,-1.55182533068509,-1.0671444074113,-0.690254435878294,0.363386519686454,0.26138413148674,0.602678040846817,0.27838633098134,0.0123335205792637,unstable,3
7.91389276495998,9.16451522601584,6.12232592365533,9.90852712754944,3.27236628875148,-1.19914999788563,-1.48150160968669,-0.591714681179158,0.20613512577131,0.61593113141982,0.359750954234995,0.182117078301405,0.0241575237132153,unstable,3
8.61615755735136,1.1285717465307,3.66141537508966,1.31298500264351,3.88902387372327,-1.29458145799831,-1.70237316242076,-0.892069253304205,0.222694189939602,0.83422365042229,0.74536408325227,0.337536854609605,-0.054370419833953,stable,3
8.60662653650836,3.80115439692603,3.69160912659464,7.45602695102183,3.43936746378275,-0.976160272406077,-1.43420844279983,-1.02899874857684,0.595905248800188,0.731351641655596,0.62971196513581,0.247591630901387,0.0316250201344758,unstable,3
5.72602072653933,4.84184508334911,4.64073248161089,9.71205433229877,3.72871064510723,-1.76124888350827,-1.08312629998104,-0.884335461617925,0.398439427528566,0.903424495000429,0.790552205435919,0.791225653605857,0.0719373720244443,unstable,3
7.16749036743284,5.13677542204101,3.47940178645857,5.60071809964953,3.53008627713252,-1.61453072860891,-1.10349032574925,-0.812065222774365,0.771685312435634,0.801743011527414,0.517624382916305,0.313027676607113,0.0623734292020241,unstable,3
8.39148422177598,7.2397295128483,3.36135573640011,8.79601247866778,4.41498495845061,-1.84414517047225,-1.81658570157177,-0.754254086406587,0.639632312536235,0.315549521045557,0.136577900324708,0.844431057554279,0.0518699254297168,unstable,3
6.01409777218661,8.96425053372393,6.76259610900831,7.97781735437975,3.89175802255471,-1.6574196995014,-1.13837945443722,-1.09595886861609,0.170547102677036,0.991849893455499,0.387506152299383,0.901762837113694,0.0748813817595038,unstable,3
5.98686959312265,4.3378133430202,6.05548938804818,6.03441140881999,3.57412892930674,-1.57795029715885,-1.34170450404681,-0.654474128101079,0.677237817602039,0.776069902889729,0.479114744523679,0.662158264165656,0.0793655098904299,unstable,3
6.9965223738974,2.67169509945393,1.95604501177499,9.77839902921903,3.6259318037432,-1.38648963295157,-1.02066439704697,-1.21877777374466,0.545061624929865,0.628209398494669,0.2974374513296,0.991463702883172,0.028894598056561,unstable,3
8.76776980713581,8.75116787744393,5.13460092822538,8.66448735522538,3.52891242740342,-0.929792877181328,-1.75354636113466,-0.845573189087433,0.609419716588848,0.848387849126719,0.720652681122274,0.991121888828488,0.0924443566761338,unstable,3
8.63544489169104,3.03399381802463,8.7340177164922,9.43119059960928,3.65712243804635,-1.00695354231418,-1.47016745103154,-1.18000144470063,0.279595517823977,0.977277020664905,0.304630720713269,0.0703203996203025,-0.0150682789358956,stable,3
8.46743147782515,6.06239005799847,5.74615537860617,6.26496978716579,3.51586084913471,-1.6565642295904,-1.10932016826066,-0.749976451283647,0.679011591142189,0.587652617141687,0.656374921491217,0.139395396181705,0.0556336791406767,unstable,3
4.46678222727651,9.34248514803274,4.33937971318304,5.35990050869003,3.96080573896504,-1.902784466714,-1.22548908585925,-0.832532186391787,0.765921280398294,0.925447317073742,0.622863508875327,0.774458273219111,0.0782948264647333,unstable,3
8.79648468814705,5.17692459029573,0.624381070949335,4.72389885710718,3.36773758074531,-1.57177552737246,-0.842004469211074,-0.953957584161777,0.926383285347679,0.225965869032011,0.189365277210585,0.906181745390969,0.0368083684730733,unstable,3
6.31329147882782,6.26868884616527,2.77654443352845,6.67777952771954,4.03823161576504,-1.72203448797617,-1.29276895847173,-1.02342816931714,0.563693151254472,0.42139732936203,0.909677999015079,0.917667080555924,0.0691764863070791,unstable,3
9.69072652324189,2.9230494946655,6.83780941922944,6.1886579283427,3.58472066453995,-1.23685619802172,-1.37617892124857,-0.971685545269656,0.666284479828698,0.452979719332022,0.458932448994514,0.876495921202402,0.055694981400641,unstable,3
9.57235509160014,4.93393384655545,0.673464639840077,5.62435341458273,4.24910143255986,-1.90020069421476,-0.909697741707438,-1.43920299663766,0.920570861911341,0.456356963635876,0.263719809701582,0.382473743747474,0.023759281496283,unstable,3
1.9164759656331,2.54042359451531,5.27042096584726,0.502024587725662,3.83496849709956,-1.88243607097865,-1.44732858108068,-0.505203845040233,0.734700123070789,0.691854448088969,0.413547953989725,0.846979635221098,-0.0137953840170673,stable,3
7.55241143422083,5.53769215476615,8.94793329221715,6.01862013829353,3.2018369997985,-1.22708009916301,-1.06219285048973,-0.912564050145761,0.0836309043813834,0.839038919684906,0.733286170763747,0.900728135109826,0.0740643872723992,unstable,3
7.55882746096597,3.70723450390551,3.65764475482337,4.06691408431625,3.15076589518853,-1.20268955521048,-1.21052604536266,-0.737550294615386,0.235867099375447,0.0959680135139194,0.295952797330436,0.850750293966817,-0.0115869242678356,stable,3
8.00948858418456,9.78131226536694,0.716183064043988,5.06048447828831,3.93069521991924,-1.96854098200941,-1.17542284547198,-0.786731392437848,0.947934070112046,0.591300805645232,0.767287768347131,0.282650926825803,0.0207627352557139,unstable,3
6.87787558926542,4.11381955756933,9.35676781531216,8.29975267970043,4.05677933217085,-1.89746997765313,-1.59058108366223,-0.568728270855488,0.27656696353838,0.845536163799819,0.11244007846344,0.822562275075128,0.0419687822611618,unstable,3
7.31352290584701,5.89963115754125,9.38007061704028,4.36634441984838,3.88365942005989,-1.84702970075114,-1.36322207110182,-0.673407648206933,0.463071968909244,0.583187180400756,0.634001608745386,0.285208755690957,0.0464138479615904,unstable,3
6.53052661542757,6.78178989860924,4.34969522452047,8.67313819998627,3.49280712530602,-1.39028526338323,-1.53219257925325,-0.570329282669537,0.0730555567622988,0.50544104823246,0.378760930415059,0.942630832928815,0.0452633081862953,unstable,3
