tau1,tau2,tau3,tau4,p1,p2,p3,p4,g1,g2,g3,g4,stab,stabf,cluster_id
2.95906002455997,3.07988520422811,8.38102539191882,9.78075443222607,3.76308477206316,-0.782603630987543,-1.25739482958732,-1.7230863114883,0.650456460887227,0.859578105752345,0.887444920638513,0.958033987602737,0.0553474891727752,unstable,4
6.95351155782518,1.37912500228657,5.71940003020014,7.87030742603241,3.22449515790325,-0.748997751247627,-1.1865169283662,-1.28898047828942,0.371384852592056,0.633203555433068,0.732740894287254,0.380544478575059,0.0166342974538163,unstable,4
5.97318647796828,6.04311848916973,5.9960449836661,1.07693958243215,3.82821811448162,-0.989549142506556,-1.07902571955567,-1.75964325241939,0.350474935760746,0.128154394470496,0.548860907231716,0.503974237784797,-0.0230131339403443,stable,4
4.78071330094865,8.45334255746003,2.75518794596618,4.24978929144039,4.11210459945627,-1.15415757612057,-1.15840304162763,-1.79954398170807,0.0633621937780536,0.987507304944471,0.791912254627119,0.292634388226655,0.0212336270954038,unstable,4
9.93605035330734,4.40654158307195,6.82548256598869,4.8551365943656,4.14953397785072,-0.962996982034028,-1.49164510923186,-1.69489188658483,0.955617589180665,0.787557445555592,0.667851721721907,0.637185671909518,0.0761082548827678,unstable,4
8.23421911818654,8.83525617171532,1.59934544876611,7.62040103067845,3.98096002530882,-1.65465562641161,-0.600065552451671,-1.72623884644554,0.812149886893758,0.143850509502519,0.980108942415168,0.654095210241171,0.0253997260673886,unstable,4
8.39404503514825,5.74869233101569,1.97252848811996,5.56856696210402,3.36909554388584,-0.66404452963256,-1.34931857017755,-1.35573244407573,0.782084076093746,0.367548833137683,0.218638741859193,0.133181990004274,0.0124998181953094,unstable,4
6.58774307635393,8.55277522544775,6.71696073709148,7.91740903888713,3.88869663060639,-1.41624379248756,-0.752603758202831,-1.719849079916,0.543917338180749,0.58477645014912,0.970892779190125,0.727172229408394,0.0890725718740916,unstable,4
9.28575403724697,1.05225476913985,3.34455486119043,8.79104078446898,3.42464409204744,-0.989738354814646,-0.693916183530761,-1.74098955370203,0.890949250363854,0.179388964941195,0.704158376806418,0.706239051096461,0.0416851645426719,unstable,4
6.74521435313124,3.12712312110038,3.92716530235617,7.7579885065924,3.4084593810428,-0.846231223281589,-0.688376810929726,-1.87385134683148,0.757866706937889,0.832285770962534,0.379493541632433,0.242668907494299,0.0354861064637626,unstable,4
3.9898504245833,9.54598877757237,1.2191374458245,7.3544582501001,3.96510089760722,-0.58725894994745,-1.54570456996384,-1.83213737769593,0.442927870360343,0.612155473810246,0.304396707586088,0.199837425156209,-0.0091852265271332,stable,4
4.55761700754621,4.31132651185223,5.61384363144016,9.25961692720992,3.85207019844542,-1.0632671583054,-0.950833402657846,-1.83796963748217,0.975159283731857,0.957579040152995,0.386146325345598,0.515684664548405,0.0721567593176422,unstable,4
4.02051982507196,0.970733454765333,3.61171758831452,3.07736816482621,3.49562710309307,-0.819445523791725,-0.965343588558235,-1.71083799074311,0.566963433139125,0.73808710172383,0.919892494538585,0.435357552626013,0.0270170029925942,unstable,4
8.13733995722737,6.54185555069938,0.952549605452991,7.27339484992157,3.60069679945138,-1.19845597058807,-0.674148103721393,-1.72809272514192,0.45914262504642,0.92564992796286,0.0687466751778836,0.352389393507921,0.0421553199785747,unstable,4
2.85567680558354,9.9726607859262,4.77724827853619,7.90243973991915,3.99686774083732,-1.17547510722216,-1.2761138826998,-1.54527875091536,0.841682028667813,0.630221773673979,0.22085685758122,0.825760025859963,0.0400340600427072,unstable,4
9.65279127366859,8.38975485346774,5.12299716575353,0.889502498576313,3.28214904209759,-0.586541743780987,-1.42411633649979,-1.27149096181681,0.866631301439625,0.660594780501395,0.945602308237813,0.988647555358459,0.0348603889106645,unstable,4
9.80031816256616,3.37201924142352,5.05658223732158,6.08954586235986,4.08755294039729,-0.749788068774261,-1.50244434315665,-1.83532052846638,0.280766778887248,0.351242119335179,0.450951085453555,0.809877268810547,0.0307947425175272,unstable,4
7.34436789386126,8.52559063908636,6.8035209815106,2.91551093747425,3.02821164538512,-1.01834074565272,-0.754596535672725,-1.25527436405967,0.763529284958552,0.91000220763637,0.975813838249613,0.146970734308735,0.0841625669308457,unstable,4
0.867087833116122,2.80053402861336,9.07275242759945,5.53638845811707,4.22868871041747,-1.23513606876137,-1.03781194834062,-1.95574069331548,0.752231120026072,0.623179662534828,0.608407919176042,0.363984723192651,-0.0200850573678023,stable,4
8.14787763615608,6.15977531931127,7.17948453720619,2.33209282739094,3.20027273827073,-0.529385801511514,-1.1497866646887,-1.52110027207052,0.230438309598862,0.413463229865706,0.518902292236981,0.643877372985514,0.0108890280482732,unstable,4
3.85394261847435,4.43375120480764,2.11683043261039,2.97658702337969,3.54180497504262,-0.965987454451434,-0.953001501379348,-1.62281601921184,0.881635001371985,0.303905065953813,0.127745145431571,0.285593250162395,-0.0098844079222654,stable,4
8.75884118425865,6.6029915197388,5.5915664879464,5.42818519557024,3.87206028594707,-1.06766798912641,-0.870845365582651,-1.93354693123801,0.782897035710711,0.839878946408331,0.0500536923673214,0.135779320044041,0.0453708894096416,unstable,4
3.14003184481189,3.76203771802105,7.59470741095608,9.62853883766251,3.43138047992868,-0.552155308916117,-0.904723800892453,-1.97450137012011,0.492502489054888,0.240887866018852,0.964004905670395,0.187825158748382,0.0248351675111115,unstable,4
4.30701668929218,4.0625811274468,6.35281786851861,8.20803108505042,3.9851582661374,-0.969581636370963,-1.24427883209656,-1.77129779766988,0.685535115613977,0.593211887079063,0.441299949947676,0.652074457627382,0.0553094805158447,unstable,4
3.42788625826481,4.60300908382237,5.52625379483547,1.63685246228579,3.57976538141474,-0.950823533600254,-1.06478550329757,-1.56415634451692,0.813206317869888,0.45378169859575,0.999171157169359,0.815536371573097,0.0644616730320599,unstable,4
2.29010201664729,3.0285121910687,8.07123445293378,6.16994415418895,3.62459184011598,-1.10400271984471,-0.820951351359079,-1.69963776891219,0.785595353867617,0.770193924117427,0.234289805259104,0.225069824434083,-0.0205225551114685,stable,4
5.05088806363079,7.71676690420388,0.687845139173651,2.60521618473243,3.23589424330102,-1.0433423209458,-0.964965157632437,-1.22758676472278,0.487892300220062,0.966825507387257,0.638771527031907,0.60576990330014,0.0094344226553955,unstable,4
5.46186049719905,6.26032552355153,7.38313778527093,7.51296563062157,3.52176871597589,-0.770592757899559,-1.32091385466486,-1.43026210341147,0.755396846864178,0.264822359697585,0.46097183509261,0.921109560750265,0.0727125039361208,unstable,4
6.08315473588847,3.50454149858387,5.42843559668728,4.89477408933358,3.52819583740673,-0.519298635876738,-1.2530483069261,-1.75584889460389,0.843849921769506,0.421851042060916,0.206851141319661,0.237628888878544,0.0253575279865356,unstable,4
2.54592959013997,7.70753311927206,1.08390069691341,3.05901272632342,3.32909821492969,-0.910937656240235,-0.913195008686092,-1.50496555000336,0.109068982908172,0.922880121807422,0.824355440695579,0.407182174026818,-0.0207266050658345,stable,4
9.06533714883124,6.07116586388343,7.90777065041213,1.91866081339156,3.5393677295042,-0.97397252514686,-0.746477971568285,-1.81891723278906,0.302748467366266,0.689396661473892,0.934279761295005,0.457119263022414,0.0488107226455665,unstable,4
8.17735872326181,7.82020906210732,8.80410397204418,3.64420328207678,4.00770547914987,-1.00117361571072,-1.37058611584451,-1.63594574759464,0.876219242273007,0.083712824402604,0.052260485609906,0.517519291862029,0.0154395729953511,unstable,4
7.55042195376498,4.56068628110623,3.90598000964109,4.82415091861554,3.55515288048444,-1.08013405204031,-1.13616592794487,-1.33885290049926,0.42972270784339,0.353745243280421,0.398783596638663,0.213334043331305,-0.0025222335425479,stable,4
7.93597584958184,9.19742267504163,6.0059671090865,2.94885521666813,3.26426726323053,-0.920199668340024,-0.71969652880322,-1.62437106608729,0.697069638247982,0.749621589333358,0.303726816814919,0.235419022320333,0.0467293181591702,unstable,4
9.00951599071171,3.98901467039861,8.32542004903725,4.66736774461,3.24582892506615,-0.58843242051882,-1.34274386832276,-1.31465263622457,0.841291109007739,0.621900798197648,0.780313001988733,0.321305777585498,0.0631594441589952,unstable,4
2.46618657792131,1.26584369942043,5.11556198497433,2.45814108257113,3.57300884832493,-0.847258451542573,-0.772326377747429,-1.95342401903493,0.794386947490769,0.582623963039556,0.606744841139904,0.948479088106457,0.0292436594384643,unstable,4
4.67304024934626,9.99829123648624,7.69974398005054,6.20622452572336,3.62503141263261,-1.0430923114068,-0.699221854533546,-1.88271724669226,0.359554622888184,0.500214158658318,0.098915061210274,0.977100168893045,0.0419582839507503,unstable,4
9.8678936193549,9.77126629571888,7.79451862159444,8.87536223476538,3.21899454053604,-0.635439102571492,-0.671954618584016,-1.91160081938053,0.813649719585944,0.30708500395411,0.778094130535177,0.39510743356903,0.0688342112312126,unstable,4
3.74221302720455,5.9861475087954,3.61077384824485,3.18602517459643,3.42164440043424,-1.186479421689,-0.95454795281922,-1.28061702592602,0.871817208536138,0.422664971450508,0.0861394348438259,0.59011167710711,0.0227578768080887,unstable,4
9.7243959325998,9.08633828168542,6.56116197155963,9.88658342487016,3.81931339010998,-0.777661925279431,-1.55845067855235,-1.4832007862782,0.870524483517992,0.371177637376844,0.471892894785651,0.217871878682385,0.0534479569657307,unstable,4
3.49990951692878,6.68670184858515,8.82268935853955,2.72312134241513,2.7161889008771,-0.515335529767512,-0.647784286815615,-1.55306908429397,0.60185467325418,0.920460450744736,0.734199272368366,0.0991282888748636,0.0516076560504479,unstable,4
9.50594671233757,1.06787431836692,7.14136710416815,3.43213368476204,3.14800000744144,-0.562820084499125,-1.21629022084383,-1.36888970209848,0.719773000873864,0.693119557232172,0.169750772374325,0.590892351491626,-0.0217423607557078,stable,4
8.20654246840371,5.03920927131798,5.30470098514988,2.87502802057926,3.89901037076045,-1.29064120325164,-0.724605799627106,-1.8837633678817,0.425638109171635,0.521748755495175,0.894739770635341,0.38341506050288,0.0474636357828038,unstable,4
4.85916844538989,8.71170302922218,7.79049342286407,3.98890964015048,3.37653271550185,-1.14245994961819,-0.741380927736382,-1.49269183814728,0.227846763432396,0.514800300937899,0.978528498879635,0.555245150475744,0.0561688379781285,unstable,4
3.47470928768886,8.13480869964097,2.95397998494724,9.1202336272027,3.5653523459516,-1.1703437070062,-0.740727801309805,-1.6542808376356,0.198239971607092,0.567797338644069,0.880052982118687,0.39296607605435,0.0127853563040716,unstable,4
8.70961545539914,9.51172952111314,7.79263655654787,2.79207201012037,3.57426382422396,-1.52356405893058,-0.540758141341479,-1.5099416239519,0.3568513150195,0.104348537433746,0.956182210190205,0.765998385207763,0.0343233193408308,unstable,4
5.35940543006131,4.41181822166161,6.68933811684466,9.94332124005362,3.40765028810691,-0.8593044502637,-1.22846646423474,-1.31987937360847,0.602310842565248,0.919977485328129,0.462335930887355,0.533973432202756,0.059555889460637,unstable,4
4.21514421896221,2.68739199413948,3.66656065494199,5.80776725139666,3.35957048091752,-1.08984528347545,-0.789069419294619,-1.48065577814745,0.792238774677699,0.913486498428186,0.461387661366849,0.72185391073562,0.0729168604989974,unstable,4
5.44113955391925,8.54870804311406,9.6406512818784,5.83154527282108,3.37708997223774,-0.548255122548132,-1.17813994266405,-1.65069490702556,0.73107874386094,0.418417004895436,0.542051342261375,0.633542627417308,0.0615137721814276,unstable,4
2.9317828850754,5.90033151118163,7.04121401580668,9.8951780487557,3.07625621055522,-0.749643781111995,-0.582389022711327,-1.7442234067319,0.963936877819197,0.814690405004381,0.135487036883103,0.087357409133336,0.016301713728503,unstable,4
8.15839936856528,8.29327683053152,4.68159292639321,1.36777752344025,3.40160934829612,-1.2220463364882,-0.950436131463875,-1.22912688034404,0.11752146296665,0.823000610148349,0.537996287366664,0.121866037064794,0.0178210597497598,unstable,4
3.04725758964343,0.733106557060918,1.57485400735512,4.18840411317429,3.60259717335305,-0.718642097377486,-1.15996597944305,-1.72398909653251,0.846366168261481,0.0602559815224865,0.668834336867892,0.0705621040195844,-0.0491343402566202,stable,4
7.66458037813473,2.35775296501656,5.75530924944619,9.94078049928576,3.90043319484454,-0.651358803051547,-1.25909697635333,-1.98997741543966,0.900540536459722,0.521820222035731,0.890948297403945,0.24760681591011,0.0548702597581075,unstable,4
8.27870470874688,2.47480547924968,7.84440269362514,7.86647855493457,3.59396686940559,-0.728184059013543,-0.982134233025066,-1.88364857736698,0.677989329307843,0.823651088189179,0.200458882413553,0.0543219779394392,-0.0023796895108426,stable,4
5.96879067277859,6.63140007581309,0.929713606977963,7.58116407219747,2.95342596456081,-0.908145750639122,-0.601611756735202,-1.44366845718649,0.795994929840131,0.227435134938532,0.261540261436518,0.830746892177622,0.0427025249582178,unstable,4
2.017717312563,4.08854296503684,8.19083349146622,5.91541451905975,2.98773924626081,-0.70690298502167,-0.696274218762445,-1.58456204247669,0.203419790037791,0.178820391821028,0.735508772482706,0.383836950562388,0.0096959712020298,unstable,4
5.50505018961241,3.84291593603535,8.6472871064183,4.17002481771449,4.1795186538523,-0.718131175376743,-1.56296045313266,-1.8984270253429,0.978882098347818,0.931843781971495,0.928168802933545,0.283299096298137,0.0810023845297939,unstable,4
3.19839506776184,2.72453576979325,5.5617355336024,6.74915816989957,3.84035364908026,-1.02532563212295,-0.975753703692777,-1.83927431326453,0.705793492109885,0.0614842489971104,0.655528765205105,0.716620874306912,0.0411515533183713,unstable,4
2.40060295817946,1.04877325001392,2.0282253411225,6.55679041895288,3.55594631046635,-1.12033588360951,-0.555780373994063,-1.87983005286278,0.666720434038293,0.148319343807671,0.416112565997635,0.267458597047669,-0.0216031068475381,stable,4
1.0436862523186,8.64637917213653,2.85434957874521,3.45983461577379,3.79351569138189,-0.753578280977951,-1.18091913891506,-1.85901827148888,0.299894169308547,0.291741924706808,0.0631054921172466,0.678133975292499,-0.040939045643415,stable,4
6.4067994765263,6.87813855712282,4.91868208760839,3.18900173344377,3.98636254762849,-1.0962402121246,-0.980002914813184,-1.91011942069071,0.3607540194827,0.0944917031431769,0.554899908084081,0.601971993202231,0.0056179280103694,unstable,4
7.67019644161365,2.79683330021381,1.8348758623987,3.53997769814909,3.40507137658436,-1.29576797962218,-0.650836376124516,-1.45846702083766,0.277862340301698,0.186487023244913,0.48615766207115,0.735659158727589,-0.0438597569014261,stable,4
8.55879515562276,4.87877424990782,8.45418303848524,1.28060283501599,3.51341672369574,-1.22387792156197,-0.65332326698628,-1.63621553514749,0.268705177946686,0.753922489775926,0.346804249209801,0.997171550487778,-0.0140272288245139,stable,4
5.62637618010693,5.80325201852644,5.2304498552889,8.11949267352737,4.12046759831771,-1.10379940904438,-1.244090354263,-1.77257783501033,0.379382436569707,0.791034632656241,0.665407978910771,0.129072632646534,0.0496526313364334,unstable,4
8.73058308235065,4.71140458081404,7.90293046421438,9.20538069716854,2.67604665724763,-0.510843932888075,-0.56879540377548,-1.59640732058407,0.689319138002474,0.528094174054499,0.782172815940566,0.997118936314168,0.0867509130849325,unstable,4
9.43098669954453,8.031368346527,2.3613125584587,6.15120790788149,3.64368441509069,-0.992137369149353,-0.759110299518809,-1.89243674642253,0.978436803276503,0.372903444366738,0.853425443208995,0.615602271246613,0.0487483124425014,unstable,4
9.60850305488764,9.71552002100229,4.18390668598795,4.46239429457867,2.96016770658701,-0.535632587947126,-0.545063872288587,-1.8794712463513,0.180917293498631,0.148475868170526,0.490886043179821,0.186426889728481,-0.0379388071107973,stable,4
8.48531503723153,7.46845158735519,1.5325676132924,9.66152560653411,4.35161070664592,-1.52458485934272,-0.855276922733255,-1.97174892456995,0.698437744283556,0.6350874302466,0.355775197851579,0.219101407412868,0.0309306294027318,unstable,4
9.1189088846366,2.93525059658076,0.628533079146023,7.34315158446544,3.38019965321323,-0.713043141908792,-0.931449316669768,-1.73570719463467,0.536618452825322,0.735528465718728,0.808530310195695,0.707790703713299,-0.0072076310808149,stable,4
7.55452041852632,6.86711531208515,5.02960325026694,1.60197279472712,3.07748880490092,-0.608610551336303,-1.07314064420175,-1.39573760936287,0.190025404175199,0.111195829482792,0.813701169914296,0.281957375956418,-0.0171261085905649,stable,4
4.11831674219946,8.22286407140719,1.31472092645356,7.10039256548742,3.5264179071735,-0.808945289090858,-0.861404789702839,-1.8560678283798,0.442431354683108,0.438439297000463,0.428997177734926,0.2736390667536,-0.0176220903078751,stable,4
5.62820015177983,2.5027661872279,5.58006657821824,1.6487324444878,3.0785588008658,-0.589209289157379,-0.811357713162363,-1.67799179854606,0.0528939791072777,0.964319248326285,0.204578894446988,0.994844250330105,-0.0216828401316897,stable,4
2.83565082804102,0.921784016316524,1.57290094197824,2.96948115192995,3.24888929375955,-0.791120311228593,-0.731720823017298,-1.72604815951366,0.318026118625978,0.97733855424157,0.407562376038214,0.0626029418095248,-0.062558618735266,stable,4
8.30985782607236,9.91226823774655,7.2449318987195,2.86609722216739,3.76652246132848,-1.27313042110786,-0.902454981894896,-1.59093705832572,0.953957898986957,0.53680073237121,0.416680068708466,0.730962256528913,0.0555574519402114,unstable,4
4.16499326215999,4.27279847073781,2.67049775934005,7.42969887283521,2.88120352315156,-0.524018131772825,-0.574869039968378,-1.78231635141036,0.539714420574345,0.958762016093974,0.456750714948869,0.369762751983026,0.0427692146436536,unstable,4
5.20867264408712,4.98982300123769,8.60766347849312,2.12411671550834,3.92214375308628,-1.54480656799009,-0.832406084687542,-1.54493110040865,0.87861378927675,0.964800212212907,0.170177782000741,0.54306990652667,0.0553805877897424,unstable,4
5.02736665700419,5.96809944183362,8.14429408210594,4.86871403124348,3.98786473596862,-1.04704747543957,-1.15948243275759,-1.78133482777146,0.873146356471952,0.288432851786487,0.655370409647523,0.67009545208553,0.0690893542134372,unstable,4
1.06110485175932,3.37979446112268,3.73710445648087,3.67477575896814,3.62128401170449,-0.656364941956895,-1.05290281379138,-1.91201625595621,0.553891947375953,0.328897909821871,0.44354682806144,0.7957802560594,-0.0026573656738002,stable,4
1.62352925516381,2.41308296613789,9.21098727387566,2.82275751459637,3.09346907108456,-0.732654345099849,-0.593950607456768,-1.76686411852794,0.137886578846492,0.122534248663606,0.215336784423665,0.328353141926056,-0.0388828088858491,stable,4
5.97796436707849,3.8720350756794,6.50881316564123,9.18698136383743,3.30423213526936,-0.850337180704204,-0.761406689087593,-1.69248826547756,0.279810846703772,0.101680056567965,0.919949067800476,0.105665543857472,0.0167076998272896,unstable,4
5.57978545348925,8.16410431655753,3.28851606407564,8.46668969611758,3.10925300175778,-0.626408244977601,-0.935893221804581,-1.5469515349756,0.956040442999508,0.430308610143209,0.327933808932516,0.621576397975691,0.0581231889147389,unstable,4
7.58669580824313,7.00623423622227,3.39859435821096,2.30893491725938,4.12613408482326,-1.58479910069234,-0.558657127834251,-1.98267785629667,0.600932708464639,0.923236288176483,0.25810787882883,0.765208260452744,0.043384036820306,unstable,4
5.25733958315134,6.78849526048871,8.92380453778421,5.13839365739512,4.06346912755494,-1.22355217526359,-1.36441228409635,-1.475504668195,0.296310842974565,0.75544955518231,0.533782309491396,0.0563107620523719,0.0343910192267076,unstable,4
9.45812800929829,5.71474670301808,2.70442307878418,5.44611709099211,4.3600108728541,-1.04787520975817,-1.32073696230163,-1.9913987007943,0.997322477356718,0.449316627051004,0.233188844655263,0.89933170770215,0.061105782488365,unstable,4
3.58020095450846,3.61446727411707,5.28322976048407,7.50081628198363,4.05193361631237,-1.4777893061642,-0.589427971160924,-1.98471633898725,0.600727606768962,0.604002744196923,0.485503639915307,0.921673459605735,0.0614215945132878,unstable,4
1.82875019996201,5.06174136408409,9.38691059445816,5.10969587334445,4.14185925574548,-1.05593833446453,-1.35522226951031,-1.73069865177064,0.988730219106169,0.342269653926252,0.823519651215231,0.956747288032832,0.0347823659678234,unstable,4
7.07564071381036,4.66481206376274,2.3000902610631,3.47462481309695,3.22049241443452,-0.507329372527904,-1.11091024493787,-1.60225279696875,0.252205376560199,0.620956669687164,0.89830255854398,0.93778523942426,0.0486325285512939,unstable,4
9.91341324801941,9.16725223871217,8.10686931333911,6.97584000246138,3.38002845301317,-0.726289000641589,-1.33366994228055,-1.32006951009103,0.621869491191452,0.707980597505167,0.337412908948997,0.189047431986207,0.0524619663074611,unstable,4
9.13459823727533,4.36959492458169,9.68060387910034,7.30497770451072,3.12725655808457,-0.65430476462522,-1.0396243304687,-1.43332746299065,0.91295519630891,0.881441986225246,0.905104822845579,0.0684756627298717,0.0693725711427177,unstable,4
8.62154166193736,0.822056350993225,6.38314204559148,3.45626420032236,2.8368713857991,-0.736888026418164,-0.781846932808845,-1.31813642657209,0.791624639676689,0.790313300975726,0.847214683137652,0.0836455815742351,0.0152814694737222,unstable,4
7.78416260153117,9.35223762003615,3.23316643898246,7.02801050986379,3.40872634756335,-0.88753262897284,-1.17164599756347,-1.34954772102704,0.208313707005631,0.79695384322171,0.337734191879438,0.431499590444986,0.033697717086643,unstable,4
6.61944245381757,1.66507101375873,4.47071642617736,8.88738988613096,3.35678698795459,-0.567592682855623,-0.911071257091034,-1.87812304800793,0.47581766463449,0.135469908322198,0.59128185956475,0.934841499726284,0.0441269061485688,unstable,4
9.69196462387532,4.89854629146211,0.802096812124096,8.45125132229739,3.83412029965214,-1.39645031007243,-0.72557542508262,-1.71209456449709,0.577103055763529,0.156034912642158,0.777497492107348,0.29623571378521,-0.0263462041078399,stable,4
7.5449216061826,8.24163757794836,7.6816858618167,3.11589576737505,3.04501545037723,-0.582631221592333,-0.998631685030612,-1.46375254375429,0.424769667576064,0.860609887129399,0.761656168200679,0.762101053750529,0.0696666508748086,unstable,4
5.64913430580265,7.12426798629842,7.47717618825105,8.38689193549189,3.44746511240926,-0.638047166883748,-0.959186296485586,-1.85023164903993,0.644476278423191,0.336969427449056,0.293179259781,0.815058870495224,0.0587709857616503,unstable,4
5.43265144835568,2.05831019310275,6.82782595157741,1.91748150296729,3.96539644155609,-1.25239697262631,-0.721401680401957,-1.99159778852782,0.408479502739099,0.640303435969129,0.587920842311917,0.849818869034925,-0.0002777779743699,stable,4
9.79179332618103,5.19970128204697,6.43844498138916,3.1209577288739,3.17920279478018,-0.790532404643588,-0.709470461298095,-1.6791999288385,0.95703346629044,0.0928597195430018,0.895112656994888,0.774020981998886,0.0547465821039832,unstable,4
3.70954097381387,3.1728254412798,7.46770747710779,0.910834252142196,3.88363537695296,-1.17786959199472,-0.875092005227821,-1.83067377973042,0.118229928749629,0.671495859485052,0.211315781706821,0.646221633392936,-0.0510756728032897,stable,4
4.38073777425494,2.20375220358491,6.96278507988121,4.65871866404351,2.92451060772201,-0.758870935291913,-0.604739752235264,-1.56089992019483,0.495711558693168,0.769376200085828,0.0729173969642189,0.323797214811534,-0.0204571494121478,stable,4
9.20011934563875,6.71045153583768,8.36658184306697,4.97922623649915,4.19890040677153,-1.77417586099157,-0.511438333089859,-1.9132862126901,0.791151998766083,0.997704677220078,0.578371884645878,0.0624674354076828,0.0724190281896166,unstable,4
4.80514422344675,7.63733501933372,8.27420884115059,5.69933314390752,2.93172813756134,-0.682721376523282,-0.559503245479346,-1.68950351555871,0.572092265235246,0.403185475065563,0.534214194454494,0.335307591398008,0.0410087186301294,unstable,4
4.55888927637914,6.8743348416797,2.11461881646714,2.79451794764823,3.57740272395137,-1.14826102171136,-0.768430869616847,-1.66071083262316,0.156779570421593,0.333124615043033,0.149913612695889,0.614357744158547,-0.0322021198535887,stable,4
9.4415343729143,9.51457065609465,2.57263697874113,7.35852262525309,3.05377924361418,-0.516170882260031,-0.654416124881129,-1.88319223647302,0.904335241371578,0.339416950808781,0.978838112168926,0.721121181485918,0.05259406581598,unstable,4
8.19430883328613,4.54709516775655,8.64681893646467,9.20702243123889,3.63282425064168,-1.26051800470768,-0.997192513435637,-1.37511373249836,0.446253468535749,0.517171732482064,0.765175752721522,0.888816749513441,0.0738082382870764,unstable,4
3.37368543927636,6.50568696292272,4.913937844583,5.11507646633233,4.04415042278253,-1.16424043340421,-0.963279775683558,-1.91663021369476,0.153539665824474,0.967361941200864,0.815391526649384,0.315554506427604,0.0612113318056376,unstable,4
5.16341466135081,0.908251956378447,5.36651259005131,9.03248476171222,3.8077795099393,-0.629371961245115,-1.32467794151959,-1.8537296071746,0.615637925180095,0.326489374124473,0.917053080470075,0.621319267131211,0.043281401623203,unstable,4
2.74335474446695,2.67881787160402,4.01572262571304,4.86207577790862,3.87706183705075,-0.944688857913984,-1.15294493692927,-1.7794280422075,0.579915304749551,0.274613990913393,0.953713400540753,0.130053887777934,0.0114414881131333,unstable,4
2.78361070330312,0.801443748610688,5.48188915977764,6.56074158708488,4.13892006580985,-0.978049096450221,-1.18189656546366,-1.97897440389597,0.585263112515515,0.782471629203586,0.336878512508341,0.171222169008452,-0.0519706518854458,stable,4
5.54630438206876,2.34156363187745,8.46842814626672,7.98527000335557,3.95368561626401,-0.779233268146391,-1.23577711485354,-1.93867523326408,0.906990656546932,0.985162782571813,0.673827359281752,0.401290351124582,0.054243594955327,unstable,4
2.3715795853882,3.82564461538839,2.18731247972819,3.39749705397293,3.61424987977448,-0.715769866132259,-0.991919119600393,-1.90656089404183,0.588357731263423,0.651466992632226,0.27465645960751,0.303000159285336,-0.0146223887997317,stable,4
4.32722417136323,7.86177259765966,1.47670047407913,8.83503855119399,3.34843600636079,-0.690315146421641,-0.696697901452961,-1.96142295848619,0.809599608923346,0.817064622745819,0.229168390021591,0.728787985774801,0.0552639759981829,unstable,4
2.49692526567353,8.8708554478397,1.0813934695702,1.19214739995617,3.87361531474027,-0.58200023272041,-1.43338488823755,-1.85823019378231,0.540614746024309,0.719508379563043,0.618676745593163,0.766102458448287,-0.0251696992483722,stable,4
8.844957954939,8.24844386825128,1.62340131280711,6.64527416454412,3.65762117680926,-1.51411376029818,-0.724969096490846,-1.41853832002023,0.729981800998673,0.454766297925804,0.41985090525747,0.398248745795899,0.0313544885218307,unstable,4
5.9605775948217,1.35664013783392,4.06126399815108,4.89894079753986,3.65675513062918,-1.42897787064329,-0.542783302892535,-1.68499395709335,0.758392819229712,0.112302745257121,0.617726547156337,0.908029248032328,0.0611116421272647,unstable,4
5.87411491088384,3.25881516389735,0.8438215384259,1.57335041878397,3.45241793122119,-1.38049876308328,-0.538072083655605,-1.53384708448231,0.895891262080681,0.789881591476952,0.361322234722757,0.975887637642,0.0131006000587036,unstable,4
8.25480547540116,7.1965053305913,6.64244645298588,8.3666037263834,3.92785146099609,-1.03741846316507,-1.48735252389885,-1.40308047393217,0.334032320979843,0.921507078342694,0.901161243150347,0.623502828809886,0.08794698362274,unstable,4
2.55501574821728,8.30495376550719,7.76934938814166,5.97192252430426,4.3595875469161,-1.10204170839466,-1.25928969534953,-1.99825614317191,0.743497011833821,0.366905146914094,0.519256534530225,0.463053151779668,0.0256381469453994,unstable,4
1.74694033099283,7.98382511096897,9.8789745525292,8.04646823417059,3.59832286198782,-1.04019562541198,-1.10141759176985,-1.45670964480599,0.764845192221696,0.465924716136866,0.52199531678881,0.456091988597504,0.0182384222116252,unstable,4
4.16049174765612,5.34644233251016,5.24552332193028,9.65975846433861,3.14388145728236,-0.866744847262395,-0.874445476720785,-1.40269113329918,0.48889413027137,0.91759790495613,0.0870708506381302,0.345155722159747,0.0261729091573186,unstable,4
4.9537285440205,3.00977223818714,0.626422395087138,9.02812012256137,3.58507636496034,-1.05222160909496,-0.734735959495895,-1.79811879636949,0.811386337770249,0.332495125607904,0.484351352855498,0.826442478325602,0.0118860554580577,unstable,4
2.45552753200248,4.56702346786893,6.87568573176536,1.46975481063231,3.43845319740301,-0.76555596128779,-0.956517037630291,-1.71638019848493,0.645226889628728,0.305878916426906,0.396257166008094,0.452996506485632,-0.0208792337105808,stable,4
9.21982562953881,9.61207944955962,1.98700577109231,0.590817908739322,3.13608821053473,-0.611636472403956,-0.946573425214435,-1.57787831291634,0.969780792403459,0.325925586379615,0.891821219446547,0.862497037557323,-0.0194786563932832,stable,4
2.82348729126668,9.63861020995723,7.80673547202314,8.07370821769863,3.48472170139138,-0.616886880596389,-1.25243902302453,-1.61539579777046,0.695909486974477,0.167666040341719,0.67874558239535,0.822525754926709,0.0470286653111314,unstable,4
0.926462569196371,5.61756783248904,9.55757874859124,7.33300793242508,3.05704649469562,-0.533576054688962,-0.85473540684199,-1.66873503316467,0.0640492715757631,0.113625744480779,0.719134604112739,0.437885641670475,0.0173683693878343,unstable,4
3.12340929663944,8.49664892632723,5.96231177591393,6.16213940675844,3.08810577158677,-0.598045634239539,-1.08773170023971,-1.40232843710752,0.27231394796595,0.663437985068199,0.314891749373957,0.719763450522874,0.0433887562491553,unstable,4
9.1358496259006,5.73335789457919,8.15060367940819,4.56442398249491,3.21026696285563,-0.854722147044062,-1.05349395975303,-1.30205085605854,0.191352770672179,0.151701381321131,0.297920176295682,0.273538758592915,-0.0235816357364102,stable,4
1.58917981967402,8.94229409263144,0.749390960714535,8.74190190106487,3.55703694602171,-1.1380581720262,-0.543555810930871,-1.87542296306464,0.493543655657783,0.977763862881936,0.414925379101329,0.486823650753632,0.0107612604723722,unstable,4
6.93850877424907,1.61639847362239,2.55802289871803,4.99555856518494,3.45953400992407,-0.778599095559213,-1.12520225647839,-1.55573265788647,0.441437247663583,0.606439908913117,0.22278204043453,0.114408964687248,-0.0316277121689705,stable,4
4.74657706684647,9.58381476110261,7.01263394790549,9.24874361287924,3.43772834519843,-1.07698611399638,-0.914525183921587,-1.44621704728046,0.776250536859364,0.486996214400226,0.311377544905591,0.424626158574199,0.0431451007802811,unstable,4
7.60836205197804,3.68554476764521,0.59769801266758,0.524040271460568,3.84802324719607,-0.991891624477366,-1.19040307406436,-1.66572854865434,0.408089892081983,0.761972563462614,0.213932620559775,0.509282520853127,-0.0428494862706303,stable,4
2.18215302454409,5.35996035278591,4.68964405869945,5.61078425887433,4.00215479391661,-0.832232562288223,-1.29531770991297,-1.87460452171542,0.101772996280022,0.588650244680612,0.554992406433483,0.327969609638732,0.0152266186571612,unstable,4
4.58990858785439,2.33624768578915,5.04439069855361,6.22056259741182,3.5520420219387,-1.04447922564644,-0.926700292762776,-1.58086250352948,0.770891081881268,0.144705321275562,0.928452587727291,0.664250902604489,0.0707899655075575,unstable,4
4.97154629213518,5.67390057408942,0.72204958801528,0.885486341746722,3.66253297913316,-0.687456710430328,-1.38731018366334,-1.58776608503949,0.826833670260492,0.543405735939827,0.372777126977703,0.160678290477813,-0.0044533877560853,stable,4
0.631811421865656,3.71146821129476,3.45747702431616,2.71539185064065,3.89520302830198,-0.825606427527231,-1.17946747459139,-1.89012912618336,0.961150962887246,0.635932494861506,0.456391278716887,0.664558585372821,-0.0058674040789673,stable,4
4.53213844136059,4.46358532917205,0.758531301964493,3.5858365061668,4.05610600283033,-0.883734643101785,-1.22230455171675,-1.9500668080118,0.947164435313067,0.124329940383219,0.599706352139695,0.456943805453565,-0.0040425823161502,stable,4
7.02281592542699,8.66565090666998,9.51517360719297,9.58221009476973,3.57902717377388,-0.658185417038482,-1.4207565749104,-1.500085181825,0.337689488757646,0.878629632863776,0.295958881353248,0.324882746081247,0.0514639366158157,unstable,4
8.32826481233593,3.80300520445171,1.46054569020655,4.6919724609716,4.13350088004676,-1.65283139222058,-0.533461229835928,-1.94720825799025,0.9149649647194,0.149180196169748,0.108552184363778,0.266140617564579,0.008863583104734,unstable,4
4.4909002404605,7.96805607725431,2.81966090112699,6.70855425173207,3.43851824729636,-1.02466254745167,-0.793605792596994,-1.6202499072477,0.744798620685468,0.592175592040535,0.212811726157177,0.999455134838838,0.0673755753986496,unstable,4
8.74721733665202,5.29452741691701,3.99771460455438,8.03995907015796,3.18718796884421,-0.922592406206136,-1.13447047847833,-1.13012508415974,0.516135913716159,0.121985778698248,0.339126982245755,0.451341917091554,0.0162605031274739,unstable,4
9.61650407922049,9.30025606522098,4.37974912970983,8.61053049977892,2.91804972432253,-0.835286134406575,-0.665079562167288,-1.41768402774867,0.310847259340947,0.0757910723113455,0.381293258011375,0.828546774866857,0.0300601010628978,unstable,4
6.50921265387078,5.56585318157736,4.03038604209707,8.99207031560852,3.28788892644503,-0.71618774347934,-1.19246883448339,-1.3792323484823,0.699352136839004,0.468202476648694,0.42813751733591,0.833837722293895,0.0636729732712458,unstable,4
8.64746101250341,4.00247699019528,7.61801576672487,3.48047185698212,3.81718046027811,-0.804919358092593,-1.26233487715393,-1.74992622503159,0.292699917823812,0.980344811007339,0.624331846095033,0.933109879254272,0.0602054005482089,unstable,4
9.60098953395456,1.8159523497934,1.23320954423103,2.15672548423151,3.29455538110927,-0.594903511013952,-0.895641683464369,-1.80401018663095,0.589819091838342,0.188858296277263,0.695153983791824,0.621392378078948,-0.0302733997808552,stable,4
8.5868050832309,7.80897382693241,8.76764274071653,6.28590698630177,3.83231095120266,-1.39965145215538,-0.87796660349397,-1.55469289555331,0.820297630023976,0.545902355787859,0.756807255454524,0.637919398246931,0.085019175379742,unstable,4
7.91845726625378,1.49942872809289,4.44330409754996,8.15538176413252,4.13690832386927,-0.922313011076604,-1.42276081709507,-1.7918344956976,0.186598701689936,0.906275190453922,0.977370371472631,0.104093651822936,-0.0177090302530973,stable,4
7.05255980966222,3.26405709452503,1.4059494051429,4.49754850258208,3.74135819053998,-0.629025503657432,-1.4079452866733,-1.70438740020925,0.868306093146595,0.605566024886885,0.100590869331643,0.747319985124562,0.0438046559099076,unstable,4
8.27374761464699,5.44760346087834,1.29794313338539,2.4812675541321,3.24363543075128,-0.518618989754631,-1.34743984594936,-1.37757659504729,0.108309469180843,0.701043933593243,0.120755222001412,0.588989141470666,-0.0292274090811607,stable,4
7.84697416753599,8.87735423014541,5.84379627440246,5.89558215030978,3.98374983602559,-1.6182776071896,-0.728624202434963,-1.63684802640103,0.932917471576509,0.581647176850279,0.640909196859867,0.305371453873295,0.0733062081494909,unstable,4
8.14135148875486,8.49889456869598,6.64883712669421,1.36709014886993,2.93339674185219,-0.83352570678785,-0.706183952289622,-1.39368708277472,0.898490855764219,0.276707869648006,0.570652041225043,0.471067724024828,0.0372672220212073,unstable,4
6.27445806370714,4.78045039418456,4.47495480725515,3.93844661675317,3.9466342964363,-1.29111965675973,-0.812015049489005,-1.84349959018757,0.590446261121721,0.315367763577681,0.358609125902565,0.140014722037214,0.0048773915857784,unstable,4
8.14948115997995,1.41123994536536,3.48719956191384,1.39209961515145,2.99413444085063,-0.935821748573705,-0.603894758464734,-1.45441793381219,0.781848046166216,0.611549909001908,0.134843913473749,0.404945327783914,-0.0224703217420941,stable,4
7.23400176230931,2.67175516637284,3.92158218243094,8.25199897327819,3.87142899771435,-1.0545455037524,-1.01080679981953,-1.80607669414242,0.977977147005202,0.94009086055561,0.449653055366814,0.301212143989134,0.0453850378746498,unstable,4
2.25962997340501,7.1910521011441,8.3284440237297,4.64109528896006,3.69841017770043,-0.764197863402369,-1.02010845177264,-1.91410386252542,0.221193660499614,0.191995860895712,0.326806233347579,0.117903933471919,-0.0416502121343476,stable,4
8.99743159353772,3.54927255218734,4.90243177806101,9.85502695871267,3.2791274672961,-1.24155547409797,-0.712945023831457,-1.32462696936667,0.485582593058628,0.155997028931944,0.189889322065368,0.46463941399334,0.0120815137799622,unstable,4
1.44139789725317,9.23562132847102,4.29328494007952,1.33453203645791,3.58300517834817,-0.504773132841615,-1.16910707861045,-1.9091249668961,0.461758834001269,0.765862288527408,0.815241633204484,0.878757452179344,-0.0154300895233827,stable,4
4.95812695872346,6.11442241030803,9.92508006386242,3.29542003791861,3.86263639603303,-1.39986804241706,-0.656178820836439,-1.80658953277953,0.405624975887013,0.648926380757195,0.925777980531282,0.181286238195662,0.0464982828070232,unstable,4
7.51573708264038,4.74069371032651,8.02923363095794,7.65028768532944,4.12221244709225,-1.35287439324376,-1.1062099542496,-1.66312809959889,0.884038925085589,0.631288159401328,0.306621288233729,0.499563690700969,0.0660047665412374,unstable,4
7.97248443106917,8.85913412902772,7.8908515302232,1.41468798799859,3.15928224878146,-0.504093862256815,-1.21447304007796,-1.44071534644669,0.427433982954284,0.531677553285126,0.351373436370968,0.758429810130206,0.0087493878879438,unstable,4
5.50412113483397,6.40889305893232,1.51917632760959,7.97034976148688,3.8000578945756,-0.537523961147911,-1.55038134674003,-1.71215258668766,0.518974363396515,0.378594012278555,0.263348203130821,0.0556343908549659,-0.0254847002959309,stable,4
6.88915629844101,6.45001329226854,0.805016881768708,5.90820906345497,3.57066779859534,-1.03821728074887,-1.13663261973407,-1.3958178981124,0.671568223433895,0.511998379112302,0.95525368475314,0.729359339724801,0.0304180440132894,unstable,4
1.79569678774212,6.64286877613586,5.5961153670713,8.05857505261063,3.68067134477756,-0.604314803321404,-1.3886305132747,-1.68772602818146,0.592224804318289,0.864102325526051,0.792451833703972,0.821539108497931,0.0718093771763345,unstable,4
1.99658720824656,2.49595506682211,1.23493981453564,5.51502587511728,3.783306222691,-1.04208140322852,-0.965571664178441,-1.77565315528404,0.316325286169661,0.369282916857043,0.187569524177704,0.470750830948264,-0.0449222147703141,stable,4
5.95099697546001,3.87786082826788,8.26535177404985,6.67339859197473,4.04250286235263,-1.19819266545486,-1.04042695697356,-1.80388323992421,0.464574050866006,0.173426124521876,0.708097488615926,0.633213014173942,0.0509956320904687,unstable,4
9.07463151284094,7.20993448809462,4.72919362287843,8.06889876564696,3.34686427118409,-0.860896418061468,-0.900914793711714,-1.58505305941091,0.456806511155185,0.599506867090367,0.348511449209575,0.876168877279634,0.0654711467325469,unstable,4
9.76196407988811,8.1741126473722,8.84546775396011,0.92149599792253,3.2529067705498,-0.818016968855984,-0.988884426034242,-1.44600537565957,0.0729536299865879,0.39261851158542,0.687790642527683,0.484440923626599,0.0006445085445798,unstable,4
8.01975818474692,6.86960380165997,9.32586329696676,3.69116005522745,3.77529376989895,-0.977564522680151,-1.22989305615603,-1.56783619106277,0.127195536876814,0.9537204408936,0.417013638755827,0.235070307817238,0.0357969913771255,unstable,4
6.9827333569565,2.96167134794361,2.25681455665459,5.32635017346995,3.5982420016146,-0.756193908791826,-1.19948429576277,-1.64256379706,0.411929713548671,0.56694598748454,0.905757759018514,0.87555721769542,0.0454658945196656,unstable,4
3.89617940091868,8.23272416971021,8.20556059735754,6.68103429482365,3.55625453914174,-0.570978705027595,-1.31604554633417,-1.66923028777997,0.396006667331265,0.765962603239273,0.420149695217377,0.672426960681044,0.0604300629988747,unstable,4
8.75567873627469,3.39616536423309,5.18449602417874,8.01192531319588,4.19127773372265,-1.36880165411093,-1.04328691959094,-1.77918916002078,0.110931841941593,0.715144150843761,0.448684951148547,0.0963016251707787,-0.0226221081425765,stable,4
9.28373257195775,9.80553448278403,4.93806665791704,3.27219618295153,3.62042864015775,-0.975880354449537,-0.944232346822368,-1.70031593888584,0.92951234038102,0.262638601427466,0.109428595050637,0.211448035462659,0.0251115391409759,unstable,4
4.60467490027484,7.99726663257623,2.03683347221909,6.81939767311864,3.6620053617575,-0.620117097276216,-1.07620637758507,-1.96568188689621,0.719382668998063,0.682720612432963,0.957907683017455,0.0716158682172257,0.0170251016056895,unstable,4
7.17227546298361,9.87287807658834,6.4341652646822,2.703221699904,3.25789401827229,-0.686206920509331,-0.828423443689849,-1.74326365407311,0.662710543841131,0.431402404483053,0.409846869259801,0.778452647149606,0.0339879686327204,unstable,4
1.10618424503964,9.47572995789426,9.75940859081313,1.7568067060549,2.77035182045748,-0.63561691685291,-0.545681093369378,-1.58905381023519,0.195207567408819,0.772348576249438,0.983096018752736,0.621677447540801,0.0320331575594456,unstable,4
7.71636426114939,7.24571779769267,2.53813956159136,4.60189824950965,4.21707116876417,-1.73056371920548,-0.602138848788245,-1.88436860077045,0.896023367972594,0.260385048732043,0.765677638857223,0.27568561524077,0.0293583384407357,unstable,4
4.52663636635363,7.2950011929353,4.30948403262811,2.76322393336128,3.40333241552239,-0.777451139632345,-0.814470417709858,-1.81141085818019,0.6188996351756,0.830801859910809,0.804882876953563,0.256656832856789,0.0604956789774019,unstable,4
9.00349028002801,2.18802308249098,4.02007135269262,5.32257044755442,3.67656407151427,-1.02121383791715,-0.880519365006022,-1.7748308685911,0.221614122656003,0.191648293522636,0.88027506866731,0.83720492539293,0.0341961912748888,unstable,4
4.17088171061521,6.47735641370727,2.30911638564273,3.83345070784135,3.47611288175496,-0.979571778777696,-0.604893986482662,-1.8916471164946,0.0728633897794306,0.193968699106238,0.459594885498976,0.379740000995778,-0.0302396642280412,stable,4
6.58537875648699,4.72944197599132,3.45005805676696,4.6070879277313,4.04302042645703,-1.13910580043563,-1.17864539248709,-1.72526923353431,0.780002707323044,0.261049847006401,0.265647572997586,0.1509006826837,0.0085676198483507,unstable,4
3.41574585810709,1.36080419269764,8.25949050253518,0.605361636777653,3.40678477925104,-0.953680716356926,-0.741343890579383,-1.71176017231473,0.574909625213294,0.247802858731407,0.200081014035117,0.294589421487492,-0.0253238550258053,stable,4
9.41856013558013,9.09800030081406,7.13702518641906,2.82474417163094,3.33759071428865,-0.785523719989613,-1.32925697520631,-1.22281001909273,0.0548362962985318,0.663567959690261,0.821141873612416,0.208817378485834,0.0360942978375225,unstable,4
7.69757673284917,6.15449579011878,8.15873363721165,3.65387532366753,3.13025714265173,-1.38653026311212,-0.507047566517186,-1.23667931302242,0.121329615200951,0.838085899487137,0.716834815857656,0.397935966948509,0.0495525472244872,unstable,4
1.64832164395477,4.13058181994003,9.59578650457411,7.81130589862021,3.30885508752584,-0.735832598095108,-0.652257576284232,-1.9207649131465,0.554733458553852,0.946935947079386,0.380199820615681,0.45834772353196,0.0112977509950207,unstable,4
5.16702124844091,1.40381139599675,9.16675250274277,4.24846391994606,3.1903316623355,-0.838358771102573,-1.10552732591166,-1.24644556532127,0.873040271910286,0.917764379202385,0.86968529642934,0.356746664737813,0.0265277456313252,unstable,4
9.83416917946257,6.06788957226569,1.22829778794791,1.29041024386585,3.22278150696808,-0.823927179716504,-0.624619928153965,-1.77423439909761,0.583603738600449,0.686557406392975,0.36790638996206,0.813166988027962,-0.0254039069032737,stable,4
3.17234054244353,9.01933646756225,6.22331718273502,9.36596666902943,4.00442419118324,-1.02213572621901,-1.11893282740603,-1.8633556375582,0.879667039218532,0.810547873804741,0.886342985510174,0.153383480879385,0.0571826898045106,unstable,4
6.82738847175235,3.3876075796148,1.92207033715469,9.95276597945996,3.41742993745421,-0.855167227589281,-0.68422541488288,-1.87803729498205,0.20592825547559,0.0595046732425166,0.860206045765954,0.630094323396364,-0.0251902814101575,stable,4
6.93493128887655,7.03859886941654,8.01422227615269,1.3995103292247,4.09850183810913,-1.11949471926598,-1.03005005239578,-1.94895706644737,0.844742791262015,0.394934345438416,0.0760028023155429,0.111182060647419,0.0173794486858217,unstable,4
4.01085657305475,2.85061242106237,6.68684598963198,3.82513110232141,4.22200176992139,-1.51611993191397,-0.740506186325371,-1.96537565168205,0.339488379907883,0.815271073991874,0.299967054388293,0.965438532353858,0.0444047046008416,unstable,4
9.26762588459399,2.23471929115987,5.18974340898043,6.35447326387989,3.88150215364083,-0.579479726425826,-1.52770395258177,-1.77431847463323,0.46645827616835,0.529423815752934,0.901329262522164,0.280276607440382,0.026956925694328,unstable,4
9.96315900956773,8.44741963564442,6.41506087890704,7.19938241168353,4.32265738645831,-0.790873925857409,-1.60509239881274,-1.92669106178816,0.252135306922533,0.545646769907717,0.321072715887068,0.0575931969966507,0.012307972971432,unstable,4
3.50655974434945,3.16159904214827,3.47113491746504,8.55049207140347,3.06544805672758,-0.811070466976543,-0.538419455477269,-1.71595813427377,0.950619988887719,0.701600992449317,0.786613500629748,0.563872609718003,0.0532538768793392,unstable,4
9.8680145486069,8.32502065678718,9.68565837861752,8.68044439982437,3.48652454458861,-0.600180389049917,-1.10337725348228,-1.78296690205641,0.752715404233298,0.779126331176568,0.752342447424267,0.326388111473029,0.0793480338674922,unstable,4
4.33907443187869,1.97203409854509,5.94290565291083,9.54186153655309,2.92115438364863,-0.591686080704944,-0.50387725156896,-1.82559105137473,0.639229781463288,0.307712051867684,0.508856188518564,0.173106622802245,-0.0048950182944275,stable,4
6.15982299179635,9.1947864804914,3.70036050011725,8.87689056615639,3.92099859525269,-1.12192331045518,-1.01726201632177,-1.78181326847574,0.437274034587,0.500124908226538,0.139453378253892,0.400809298786668,0.0245601910323161,unstable,4
7.39198281566986,5.90374314648547,6.53685754444175,1.35449633741801,3.23498966111003,-0.820377350172796,-0.543431360373017,-1.87118095056422,0.205302038781539,0.250800481480717,0.269521401949466,0.0952112560585036,-0.0439543866598137,stable,4
9.95071435950562,5.22853299928268,3.59964643577752,8.47437123436299,3.148811422456,-0.541551084733941,-1.30758466558045,-1.29967567214161,0.548213426663133,0.0506417995697621,0.54689191487007,0.284012897873254,0.0034522372534926,unstable,4
6.73535127118772,9.35163036039204,7.24686346736986,1.50651676628465,3.37490345160251,-0.929026668699121,-1.17345138851005,-1.27242539439334,0.906445400899265,0.869258793831804,0.560479667929166,0.822979965303263,0.0559848318709521,unstable,4
4.10310794329019,1.6835271381259,6.07761744384969,2.15727815213042,3.22485151891754,-0.65326903507259,-1.12604447940177,-1.44553800444318,0.822216464005706,0.671600533174386,0.468422742717211,0.975266772961589,0.0335632509986305,unstable,4
6.20991858151497,2.94976177516247,7.74061127910319,4.7005036399702,3.55182313957881,-1.09476844863957,-0.634721905502293,-1.82233278543695,0.156498118458311,0.568146164895288,0.103755735702477,0.921269860329725,0.0096986390979504,unstable,4
6.14645132872529,7.80125492383437,2.12756089810779,8.66350988960584,3.96670828878803,-1.49413936466716,-0.938993496221362,-1.53357542789951,0.921446893123484,0.366814052837493,0.666675006966221,0.337339782045408,0.035358902165235,unstable,4
2.512281417194,3.60500719445598,7.99145156148002,7.98308578325086,3.23689087173454,-0.936617481363379,-0.710892287034762,-1.5893811033364,0.185527732452622,0.494346628543632,0.578828497442331,0.142733007758367,-0.0087291266171557,stable,4
6.63426801153671,1.56048715994844,7.79015124858111,7.09771645106676,3.78503801240794,-0.907570529123419,-1.06782540726707,-1.80964207601745,0.336001604659073,0.343709385699286,0.0668683878566476,0.895857178317407,0.0134129113873102,unstable,4
4.17007326539862,9.96043280793824,8.80873081022209,9.37109862629308,3.15568026651149,-0.871074746860052,-0.659802790848317,-1.62480272880312,0.746912248064573,0.495477333023224,0.0774859573110112,0.716982670506763,0.0394222097855842,unstable,4
9.02464169924867,6.98056222282519,3.1018448815951,9.72374737348785,3.5920607827289,-0.635003755695419,-1.5614562149144,-1.39560081211908,0.243591901814223,0.453510432156259,0.687302381933882,0.965562226827377,0.0451402411811407,unstable,4
8.39244364139498,3.81689645774555,4.28014744565182,7.03797213791742,3.12277216799098,-0.771603737903026,-0.500681724136509,-1.85048670595144,0.909809481214702,0.237681282872859,0.798228238482705,0.581632875594422,0.0633429037726361,unstable,4
2.7523949684647,2.70324285724547,6.56340976816346,2.44816831545685,4.02638536732897,-0.669741664037353,-1.43517354195516,-1.92147016133646,0.354173791199204,0.20681293986264,0.319573203971493,0.384441034199053,-0.029705349253461,stable,4
2.41834404967849,4.91156853470142,5.1482878721876,8.76115571246833,3.13229960009622,-0.938662116810726,-0.535963955965184,-1.65767352732031,0.361176287629649,0.751463450974474,0.685938566251922,0.908319965558407,0.0607031857090545,unstable,4
8.02966722288448,1.30254027384745,3.57440678208809,1.48747848696855,3.7826245489603,-0.935321151759196,-1.00832417443275,-1.83897922276835,0.620431782488947,0.165061325513265,0.342532236469702,0.482158790918664,-0.0183712176968173,stable,4
3.91036257424331,3.07149642418404,3.11944813903738,4.94793023399968,3.28185249572603,-0.67919663622618,-1.16748868149042,-1.43516717800943,0.767779021317932,0.671053102300287,0.54302829997458,0.96215521147104,0.0841162616733133,unstable,4
6.95127970706822,9.38155005810173,3.80085678407233,8.21754052615573,3.52226801130746,-0.52159549137142,-1.3686437495239,-1.63202877041214,0.470550373384848,0.800761567721813,0.49179627518038,0.644886587377379,0.0619489547177084,unstable,4
4.68569046707267,5.40404656140227,3.19035536294109,6.47804245956673,3.67927874784573,-0.839279412477557,-1.30143589820623,-1.53856343716194,0.692165970525736,0.376047613450915,0.568857613442654,0.394922375620838,0.0380958719465753,unstable,4
2.91009765589449,6.63727771658102,7.91251214440126,9.71982380093704,3.35597545047077,-0.755036634832597,-1.13871651354727,-1.4622223020909,0.814465175210022,0.129878184080282,0.43803295022939,0.416519850968226,0.0049163449299216,unstable,4
5.19603959008522,9.43498149670854,4.42791609061983,5.21645173900492,3.65075851984627,-1.35190189566071,-0.513537104984652,-1.78531951920091,0.808534340678358,0.836300612007709,0.722340486291836,0.994123947486146,0.0924869102989052,unstable,4
7.4281730215154,6.82927983712665,6.23771379919944,2.13691098433769,3.21670276233935,-0.891592234614002,-0.908063452397462,-1.41704707532789,0.622580209979801,0.730137538873233,0.988608883669025,0.34640581512666,0.0733495640939534,unstable,4
1.44294103467988,5.35320681893653,3.52139195514973,7.42011044823134,3.41300347886469,-0.877287573826266,-0.769353138390649,-1.76636276664777,0.498774179854183,0.878175007514396,0.16654606727945,0.57663774748223,0.0201693908636583,unstable,4
9.08281659602006,9.26038590856242,2.68588603838056,8.12586802829761,4.00811364160288,-0.918444288792403,-1.73040516113192,-1.35926419167856,0.867495510536912,0.855718296436996,0.479761824423205,0.106799566975901,0.0510934115995004,unstable,4
6.82331870477014,2.46157665926673,3.80675779192311,1.60390068311846,3.07349815618865,-0.873550394291943,-0.768100879231456,-1.43184688266525,0.413074766406027,0.184980348990962,0.226854306276786,0.288824139139904,-0.0293055407338021,stable,4
7.95518158930186,3.49041944824645,9.12740037411554,4.32828723514392,4.11820137941753,-0.598917707586277,-1.63821296831986,-1.88107070351139,0.0903781963064824,0.150754749831145,0.0825951514344127,0.693101484806875,-0.027668064889938,stable,4
6.02216178120676,4.46468595423679,8.61860362039941,4.03484118046034,3.88258907245601,-1.04346464667681,-1.02675797972085,-1.81236644605835,0.11466336480749,0.906362102765567,0.0933101590690704,0.0852521633774566,-0.0152029866121992,stable,4
9.78756639299012,5.72049726987859,1.95271879924459,3.81823449136717,2.9623900500095,-0.861210141679063,-0.547587812998705,-1.55359209533173,0.380144520216702,0.543230768686412,0.555900597308044,0.638014094504735,-0.0004819895103918,stable,4
2.72778044915453,3.4424166560038,4.40978921878297,9.4282015993909,3.32834742707581,-1.05456411184479,-0.699861472682003,-1.57392184254902,0.308506666501326,0.803471510622703,0.311128475236788,0.26680534773742,-0.0260213513488818,stable,4
8.79869650607338,1.95977501757046,3.81210417829538,5.0558211298991,3.747000531238,-1.35091281498759,-0.751522927438363,-1.64456478881205,0.792821813335145,0.995568485139805,0.874856791240783,0.780093531228404,0.0511441975515887,unstable,4
2.47299578050161,7.6337211212098,8.08172248117392,4.25154786999907,4.10579507697686,-1.20170400466452,-0.959111892102123,-1.94497918021022,0.76179771590938,0.888526501360964,0.342406914316385,0.0873315818959812,0.0225947316218904,unstable,4
2.65507467864562,8.50364251105441,3.26880946255465,9.37389827776812,3.83333924146026,-0.828951206575101,-1.2657561387359,-1.73863189614926,0.126858081466157,0.719287867194412,0.776358962188843,0.115635526363743,0.0031796371157737,unstable,4
4.97239127859368,8.14166709179137,6.70742367095298,6.29375127395835,4.15181233670523,-1.14177144951208,-1.14412474477808,-1.86591614241507,0.341910124956798,0.107047497746968,0.136819714743919,0.943902505010951,0.0248077875681137,unstable,4
3.75647316878348,6.36531118717835,3.36503265259495,6.6632730337018,3.47559649216121,-0.627326114197506,-1.01543834268861,-1.83283203527509,0.0749755286307761,0.827374034495475,0.771958340757479,0.186186655396825,0.025052526582528,unstable,4
9.52329187035252,4.46039458794171,6.73439012973956,7.48277196920182,3.80650409975191,-0.710383017480024,-1.69906856351388,-1.39705251875801,0.368414359888456,0.372399698279293,0.0931869586841168,0.898846668798052,0.0365763558516965,unstable,4
6.51612819937208,5.47112601000598,1.75701542928094,6.5459618783021,3.86512827769752,-1.06423965515518,-1.3530197982836,-1.44786882425874,0.684675443401759,0.267935523533717,0.485761037478952,0.696887116437133,0.0360802042647238,unstable,4
7.50754511283494,9.05331140577162,4.63192349682924,8.11368928111825,3.55357103020323,-0.622289689312177,-1.07866003987381,-1.85262130101724,0.913420842969205,0.733559491665789,0.602147704303237,0.957615514219339,0.0942707744306126,unstable,4
9.34412792702501,8.67947194240739,7.57464570108898,9.76633574421284,3.98717979041787,-0.670931209452345,-1.4931088306495,-1.82313975031603,0.758108550921789,0.882416652635933,0.450206615699463,0.289315630835136,0.0726592952217181,unstable,4
7.47898901556737,8.10173730692746,1.35974404472493,9.43592339569471,3.7746307910551,-0.734643478874501,-1.2411871325637,-1.7988001796169,0.105446939695135,0.146828174702206,0.0745642940364091,0.150840174549422,-0.0469112131641991,stable,4
8.77023371074882,4.15431514008727,1.25266775713606,7.2524457308681,3.76764496089942,-1.43707199776993,-0.548951088704541,-1.78162187442495,0.165098317519129,0.8335791190434,0.738757567126726,0.153895120834754,-0.0431240631795558,stable,4
1.56210013488134,1.27669956671254,2.17702004992046,2.27172671484582,3.16277423121486,-0.781790986749018,-0.704915011971188,-1.67606823249465,0.751912469855279,0.440338273791556,0.532366362228817,0.590806464937385,-0.0199667581763636,stable,4
0.675248112510843,9.5041976386329,3.41611101182394,3.70628251417099,3.61946506404824,-0.842804152320325,-0.802796310650918,-1.973864601077,0.0667685247017571,0.107895670708281,0.827135659331271,0.770768860468993,-0.0152576796272262,stable,4
9.83727443283899,5.43795762425683,8.13140115619987,7.54623127717789,3.6898590524058,-1.0090917834356,-0.698340994157654,-1.98242627481255,0.382642983618844,0.626040472188245,0.0533812959731161,0.59962301349895,0.033303935292007,unstable,4
8.12335621278753,0.560300918487157,6.34472952994746,4.13580265161176,2.84578192136013,-0.524600897800666,-0.602410579959571,-1.71877044359989,0.240376179900144,0.183609346178843,0.453001637169814,0.26241130144735,-0.0330593287068502,stable,4
5.11149424809986,1.86205213739187,0.575257492621394,5.82849524224529,3.78965148171303,-0.704971586869645,-1.30627821118406,-1.77840168365932,0.713112747563131,0.392887359297801,0.445215627006036,0.407079495584283,-0.0209512046188866,stable,4
8.90888727856111,8.69352628737093,5.93923445486681,9.05318350949636,4.1507848065738,-1.45368325540274,-0.968609856354084,-1.72849169481698,0.419951919240551,0.121888788620596,0.73079823982076,0.412111141264103,0.0380119380665331,unstable,4
9.82934742477807,8.81315809283489,2.52569862655875,6.47268785178188,3.11698038588987,-0.614348316689441,-0.833295824538136,-1.66933624466229,0.662841013525078,0.238324593018732,0.909168514901703,0.724784103600889,0.0340331995322512,unstable,4
5.26812886743179,3.32432969220808,0.846224133819528,5.80924812020883,4.04490579942655,-1.29878108681684,-0.870312658460264,-1.87581205414945,0.960573185635154,0.144597429758908,0.134160999101985,0.660760071069625,0.0318932655920731,unstable,4
7.61170839327299,7.49412693237965,6.26001169291178,9.78229104959476,3.35982677857321,-1.1271677323326,-0.663432273656316,-1.56922677258429,0.768169438295027,0.546239189032408,0.0779636029479792,0.974092890125287,0.0706900972864033,unstable,4
9.98734446230518,3.46674208906672,4.07488942298767,4.48830036961292,3.32056721006108,-1.01907200687131,-0.629940410071716,-1.67155479311805,0.105930653345911,0.655473911005657,0.879440162157394,0.432273112010861,0.028962728132167,unstable,4
2.92538125918356,8.44818182702626,3.57768878068661,1.64459763358483,3.50942543731519,-1.00522606341004,-0.524062054154568,-1.98013731975058,0.645631076916771,0.749777699192994,0.940760325101378,0.627204153353198,0.0134203059949386,unstable,4
7.48018343770384,1.43727867043653,8.56111436644597,3.77400137319268,3.67707729125332,-1.06041300583621,-0.642696498380695,-1.97396778703642,0.808893162721196,0.979206150324728,0.406113415481487,0.140563959998373,0.0012741952256979,unstable,4
5.09155376023209,0.75173082400976,9.30055698885431,2.58571285415995,3.94757089690708,-1.37488570084393,-0.603694847245025,-1.96899034881813,0.900466124853851,0.909621834368972,0.0877159673622402,0.822338815219892,-0.0204317800152146,stable,4
8.15632568513001,1.31473605803297,4.74802155327231,7.16904165905652,3.72169652301529,-1.43653494762187,-0.692975367890566,-1.59218620750285,0.730995602750919,0.989288859951028,0.977475822388673,0.613631447046248,0.0466371593448683,unstable,4
2.42334289067927,5.27938999966918,4.87699292928457,2.62101557776235,3.70144351387712,-0.787756585012167,-0.921840300327004,-1.99184662853795,0.702971924293905,0.850101359258746,0.664613423086802,0.273731468368024,0.0491243056952055,unstable,4
3.42032144684639,7.4889761687801,8.73159018552679,5.07230804810126,3.84469639994953,-1.05066653903003,-1.36879016638934,-1.42523969453016,0.288587577758044,0.897169376740035,0.559579681392944,0.295897530653153,0.047987825766009,unstable,4
6.21566810722241,6.31489934836146,1.03329450896942,9.19110842685499,2.76800179277418,-0.804131463156804,-0.576299242863921,-1.38757108675345,0.317001667652714,0.953945870880473,0.653170672492294,0.574981527627123,0.029481110742975,unstable,4
5.48219927298202,4.89067426386614,8.73539596994809,7.40238610394623,2.93899129277993,-0.711521332835092,-0.557653940056206,-1.66981601988863,0.216940464228974,0.285608934418721,0.959997045006488,0.212945938285333,0.0359427379612553,unstable,4
5.61218605150174,7.33826122209727,5.99804011961897,7.33795643602273,3.56471945120132,-1.06911021698676,-0.57547962930603,-1.92012960490853,0.0761512343417318,0.451455819229834,0.693680094089812,0.261892154570564,0.0264858044517027,unstable,4
1.14145263778826,9.74267128714108,3.18470249634717,6.64154560904826,3.60071865551554,-1.01728424076166,-0.824581569608918,-1.75885284514496,0.31831840850611,0.459899037458633,0.481608399741357,0.547074796132557,-0.0061410868621279,stable,4
9.02996757510764,0.613754432895349,4.2531838725674,8.55571039684707,3.64011966800799,-1.02926386583979,-1.14396208171917,-1.46689372044903,0.927479915655376,0.226864078527944,0.272421711799198,0.807234192509614,0.0458345300935861,unstable,4
5.12822380308558,7.36463451022347,6.02641428585519,3.29077607117707,4.06186332722091,-1.14384926339376,-1.01230570532109,-1.90570835850606,0.344797416786936,0.451726546354133,0.141694420908033,0.183112227536286,-0.015577536320852,stable,4
8.08523583424133,7.94892144038486,2.54555611660017,5.35143811399108,3.68606275027612,-1.22750427585007,-0.852778297434095,-1.60578017699196,0.314568561548511,0.751194744550885,0.254885709338614,0.392762663618647,0.0274956019606987,unstable,4
8.42472951033798,2.64817903524444,8.82682187792399,3.57977303630824,3.84411363538646,-1.10084362276163,-1.27189760124799,-1.47137241137684,0.128512605899912,0.136152543478498,0.285905718587125,0.208009014023002,-0.036366072359291,stable,4
3.5124738740932,6.02958903051381,2.65442999822033,7.42478402023012,3.43151698175812,-0.631394206634339,-1.28715196398816,-1.51297081113562,0.847692524356182,0.330658082433559,0.0802417985438986,0.805831511726192,0.0342335852254406,unstable,4
9.25568781541223,2.39570744470883,1.53502540138148,9.78961906272722,3.01597640658861,-0.600811301466171,-1.2949504253663,-1.12021467975614,0.708081786627201,0.535860764281552,0.243537524425152,0.0939195120388176,-0.020512967284667,stable,4
8.46889051928815,1.04712462576472,4.31033906055005,8.13403494866202,3.16964636059033,-0.986797744986997,-0.639996750116558,-1.54285186548677,0.916690626597713,0.127947097314915,0.0563461592704977,0.611709634375473,0.0356085609786953,unstable,4
5.48337836879136,2.06067889100006,1.46477705161697,8.15198961078207,3.4699171869264,-1.02763892021367,-0.90711751222529,-1.53516075448744,0.751792576279969,0.663986646100648,0.752265664079131,0.368840302615298,-0.0114402456154317,stable,4
5.6683028150515,7.66374939594255,4.56468499677491,5.91818049587721,3.77556669617349,-1.39853603669412,-0.898882379676402,-1.47814827980297,0.755512125254801,0.392022869724138,0.816940919256366,0.731920148656631,0.0821161082249509,unstable,4
7.98833330277796,3.89607937941791,3.53922101327217,1.9663905563644,3.83584744937952,-1.46448848815117,-0.649241699893831,-1.72211726133452,0.526591588579968,0.145743784775386,0.82796483401282,0.723027793214435,-0.0077232374564883,stable,4
4.67551569266218,5.08896840254283,4.33214845423647,1.0353906548285,3.08497472014757,-0.871306540155259,-0.626600111081731,-1.58706806891058,0.156223810118064,0.436453359209003,0.739111754708157,0.960328266284696,-0.008774902964453,stable,4
9.67973768679978,3.44209920163921,4.85503585597521,6.93446269656961,3.75332536454728,-1.30406420805893,-0.743552406953543,-1.70570874953481,0.672240527221824,0.305702656871263,0.243749368475008,0.528780593260169,0.0276127994345074,unstable,4
9.08491739585177,6.69888142608919,1.91537278390713,0.968784689453861,3.67174036285265,-1.38676571882666,-0.70019306506702,-1.58478157895897,0.829044223800807,0.356103481887247,0.407589914964009,0.899044316678689,-0.0120392168810219,stable,4
4.33309374083608,1.23818204021758,3.60288477897232,5.89734791901335,3.5921327389739,-0.795486947340833,-1.10524873556759,-1.69139705606548,0.0655743022632902,0.588888785683763,0.145650203141229,0.36111686913991,-0.0448430617835867,stable,4
6.45157042410051,4.32717900853006,0.914826240629167,4.86602251636304,3.62668148989998,-1.14634370617178,-0.816192820726044,-1.66414496300216,0.350218395472835,0.322793794052962,0.303084336353207,0.771649169466121,0.0023472097583006,unstable,4
3.41477213290955,6.72019526625099,5.54064810562216,5.80720215100679,3.48975444089313,-1.17038017516476,-0.522737044353201,-1.79663722137517,0.19580653561959,0.434899898084275,0.782040299217196,0.371077840551547,0.036480933223322,unstable,4
3.55524990307818,4.1421458180677,6.96746806835965,8.92988186529367,3.34996948011989,-0.578673646791221,-0.805293999441993,-1.96600183388668,0.793366054666194,0.626935180152648,0.127935860511239,0.67481346977962,0.0297178458074999,unstable,4
4.80163119449039,7.33288972223003,5.06454554458358,7.79048556629474,3.51038783243877,-0.708697364998411,-0.893463664461579,-1.90822680297878,0.143053527694048,0.402959259618858,0.619354173307017,0.0590537888861005,-0.003352534243498,stable,4
3.07003290269551,8.46746013566063,5.02118685273444,1.12134980323054,2.99843137469336,-0.55694378758372,-0.679673522038176,-1.76181406507146,0.134709662140686,0.675154064660204,0.24716120999123,0.0752747385936358,-0.0140227799813127,stable,4
7.5897260730861,7.33423162492122,3.88846781441029,1.61471203861593,3.41472738195027,-0.887893241460458,-1.24091685898829,-1.28591728150152,0.235765377859183,0.678952342350528,0.183856742570266,0.506623955110501,-0.0097202423902965,stable,4
6.88745536946349,8.1051479035164,4.76847411978616,5.50601766950442,2.89419928524715,-0.526178331578278,-0.668098367302434,-1.69992258636644,0.441278227570256,0.25471615543042,0.552988042565109,0.566666547681415,0.0386274204710389,unstable,4
9.78693500927284,8.24292110619137,2.34632422226391,3.13799290616857,3.64071169571505,-0.627924917106424,-1.60584290220948,-1.40694387639915,0.848184835686889,0.589005711462244,0.412809856662725,0.786709258040656,0.0319706955730635,unstable,4
7.55137071945785,6.45108556685664,8.02169598143169,6.28530496132337,3.72052451350913,-0.997719942246866,-0.827616261814197,-1.89518830944807,0.109567248912399,0.89597517126549,0.968712040446311,0.739396797961002,0.0857704038000381,unstable,4
9.7046098018388,9.4187742204685,7.66677865897402,3.03362253807432,3.44353585168395,-1.03622291133767,-0.588081955863279,-1.819230984483,0.287240875453352,0.526727213750432,0.732338346076553,0.373740157801073,0.0390651471143419,unstable,4
4.4710815924374,7.41390590842196,1.12800087800701,7.89590787478692,3.2217039707081,-0.598810674400465,-0.672507481211657,-1.95038581509598,0.142970553276211,0.531450617250017,0.81137663830723,0.820520650905863,0.0118375960934348,unstable,4
5.5279680433444,5.06859671148785,8.72420446853403,4.16761802639195,3.02449019164501,-0.503336167323741,-1.11012320930557,-1.4110308150157,0.45739098897755,0.444201588435544,0.476380195522609,0.553512023778631,0.0352861447696856,unstable,4
0.677271391363651,0.648480271050276,3.87935000858717,3.21810894710731,3.67161910717146,-0.631001630521275,-1.15194439611867,-1.88867308053152,0.315738897823006,0.641818265736886,0.170783563660606,0.0899939900490572,-0.0529882407422696,stable,4
7.80906751185551,8.32791499679243,6.85652973048317,9.48030864024552,3.74996768190582,-1.63376492072372,-0.743731254504854,-1.37247150667725,0.734440759918356,0.462540291704462,0.228090144230479,0.248097750633288,0.0435534924238903,unstable,4
9.18142437123234,8.51924598241324,7.7933541727113,6.03509725644004,2.69962945764786,-0.638367530492134,-0.812439731195651,-1.24882219596007,0.457724025264884,0.410218239688493,0.0692717819981312,0.0502310898156837,0.0032564690798691,unstable,4
6.16985133344219,7.93395404903606,9.99298194403339,4.90413894310388,3.37751363047084,-1.21428861564826,-0.782648326736444,-1.38057668808614,0.449758522940963,0.0854782435790077,0.870401804083517,0.343250793201118,0.0357004949779126,unstable,4
6.22303422769444,6.01141365252988,8.40673593178539,4.4628557918131,3.40718524105201,-0.772779877443355,-0.638776694971393,-1.99562866863726,0.999599955057276,0.673971027811153,0.674078007084854,0.237432819835787,0.0775493527014662,unstable,4
1.9199291475803,7.14115995721845,4.02788741204307,8.13674882538073,3.57442874761959,-0.813075328585948,-0.977681158544263,-1.78367226048938,0.971936854423488,0.0553625731647864,0.808616158567431,0.243080630442329,-0.0261442045284983,stable,4
5.84671834321486,7.76745198698234,1.02664211585431,9.68289911169916,3.87363054191633,-1.34452821734388,-0.94722883974408,-1.58187348482837,0.481962760400105,0.719450467475732,0.85592238931842,0.166109931496156,-0.0025306632506205,stable,4
3.51069821279619,8.95494295059448,9.09083256914938,9.81864006525752,3.49503254702642,-1.21023350994159,-0.747862229305506,-1.53693680777932,0.56551793384718,0.818170132865778,0.795197228472823,0.817499607794376,0.0770049419377277,unstable,4
4.12846098893683,6.51839181821765,4.72014347832983,2.9912383233719,3.17769275518956,-0.531870881808153,-1.21913491810595,-1.42668695527546,0.921737630908738,0.320137327929706,0.580341531442005,0.887039209114451,0.0683597700337636,unstable,4
8.39056709595835,1.26699843450416,6.63899501333669,8.44659357269541,3.38524711990315,-0.723380818750337,-1.38925507477849,-1.27261122637432,0.0974020784491242,0.508556883764823,0.507542462801534,0.542270094826698,-0.0025757806362269,stable,4
3.62065708515143,2.59207950616896,1.86278825065511,6.57023245733532,3.54452054698225,-1.04471745166201,-0.820384002099698,-1.67941909322054,0.530920786248705,0.988852079325628,0.754101926127159,0.998761753122321,0.0506570268235952,unstable,4
3.52203225388619,5.0314889561679,8.34305935763892,8.17738813273993,3.40542312828539,-0.85207407168363,-0.582524818593345,-1.97082423800841,0.195724241554023,0.883971704570181,0.596745141442933,0.583331215466196,0.0557249082512181,unstable,4
7.37117175680273,1.2041441090491,1.86732532955856,7.0218031426807,3.38037191081489,-0.923765029375302,-0.59207930462003,-1.86452757681956,0.975090766641532,0.854756546735385,0.128458633099701,0.866029270113009,0.0342871877584831,unstable,4
3.72120911097892,1.44092841593832,6.09442225814703,9.08121234973769,3.49393522915664,-0.791595730047231,-1.15002769964795,-1.55231179946146,0.393733467320891,0.963340068952086,0.086283143036837,0.112798310081649,-0.0430577220296246,stable,4
7.43768613233608,7.2994728821273,7.01346028504206,8.79510768002125,3.27781587685504,-0.917170684190199,-0.680299345151801,-1.68034584751304,0.222714829721272,0.524243377802566,0.482560212170975,0.0945431279994349,0.021115086980572,unstable,4
8.52809642988458,4.64963129689277,2.46499897215908,9.20969486214243,3.60444715873513,-1.3742293895859,-0.863725081756967,-1.36649268739226,0.338619648592974,0.426847452656508,0.850455146174902,0.626236515581758,0.0158278208388641,unstable,4
7.11110882912363,2.00114918956045,9.85170461685326,3.84445992338697,3.83557182165953,-0.98159345040085,-1.0571181022468,-1.79686026901188,0.975858481212346,0.609932459338448,0.0782269390148495,0.370906929186067,0.0123429262931749,unstable,4
9.81070137617817,4.89163657129612,1.75164296748681,9.23399244719053,3.52266586961456,-0.681109882201836,-1.21990938662118,-1.62164660079154,0.108155345472156,0.619635902698202,0.574400398438475,0.490997185876946,-0.0112540891705812,stable,4
5.57548150779847,9.68256417526341,9.88910062647689,8.16004555537462,3.40124233554792,-1.27668081084394,-0.885202943386009,-1.23935858131797,0.785252947223326,0.926003199319978,0.780178519868588,0.456476107518962,0.0830130612789058,unstable,4
3.22495702191395,5.30287528202122,9.05892740548525,3.22749560931555,3.68720841711795,-1.08739112564891,-0.680364736353908,-1.91945255511513,0.297400338683855,0.402649901155682,0.18301200866708,0.127923505764554,-0.0431768006262547,stable,4
7.79974283969867,8.06410671275703,5.02335146184447,5.41742884199041,3.39700052416956,-0.787053094664845,-0.676785639312374,-1.93316179019234,0.690227274129766,0.155219720762472,0.177403416940446,0.374788088515261,0.0187331620431805,unstable,4
4.15142946139198,6.25936499564635,5.44456335544108,7.26337424802071,2.88728216386781,-0.807356242882623,-0.579160674536356,-1.50076524644883,0.393325938200918,0.195428093356671,0.915113898637507,0.832159233356381,0.0652978798595356,unstable,4
7.96601145684489,9.32290611113872,3.39501322262443,4.48548855758167,3.74348607666485,-0.991777602118254,-1.41345855288049,-1.33824992166611,0.550738916826466,0.0885247791679285,0.465875043583328,0.931106136002177,0.0293330953123898,unstable,4
8.8252299559919,6.61808715240572,6.39136920045939,7.06685577872372,3.2191820759426,-0.743473311978276,-0.953220025305753,-1.52248873865857,0.870739653884225,0.175048466281361,0.59865423362753,0.374837633352525,0.0568100309355637,unstable,4
5.55026941484477,6.05671238850376,7.47287409459904,9.79059413715312,3.44100977405717,-0.807800982634502,-0.947016703976109,-1.68619208744656,0.339697968344792,0.364457272243464,0.632653024792067,0.0668657177883026,0.0196945810833216,unstable,4
7.6068745380796,5.89538349161454,8.2979569897066,5.1426567736719,2.9920058651777,-0.809985561915033,-0.783116484811576,-1.39890381845109,0.50589750535115,0.512451764828629,0.117472083488441,0.60820775202539,0.0370356680728438,unstable,4
9.18037527811801,5.97170446001254,4.98458722023997,0.623524897501152,2.79987372948955,-0.558526806309889,-0.5522614131312,-1.68908551004846,0.518911747763823,0.406286119214511,0.463277022246765,0.101279035566265,0.0080573813897019,unstable,4
3.73253469695189,8.62987869389851,4.46322613598771,1.31800606984764,3.4219507775798,-0.938751854042616,-0.60331689352867,-1.87988203000851,0.434245846243504,0.275946989110366,0.901071710629966,0.142515166324854,-4.29520845828148e-05,stable,4
3.02752066059582,7.56257100877194,5.75022273726584,0.941783815549291,3.6782835985624,-0.84266934637652,-1.01981912164991,-1.81579513053597,0.489961300971227,0.869908229700874,0.247706877389838,0.0689961331011064,0.0114317623137991,unstable,4
2.52823657712705,8.23919792596872,9.24666726119061,7.6817499478486,3.97811985721167,-1.15461490866437,-1.00186070668553,-1.82164424186177,0.215460297460755,0.934789059724391,0.387567861790712,0.553085277581568,0.0534096321186791,unstable,4
8.44385260631516,3.21634856537231,4.67387774486457,9.37919601781361,3.18327443057005,-0.855525272905943,-0.807997783067869,-1.51975137459624,0.447119117069929,0.308052024521467,0.701998982046768,0.174500310793481,0.0091363931627952,unstable,4
9.62277233996945,9.72206460067831,3.38943408613373,1.66538855883165,3.85402540306637,-1.53135442625987,-0.564147387409722,-1.75852358939678,0.739481963055286,0.101550718657916,0.433729650376821,0.653321979118276,-0.0177577195842927,stable,4
3.53459149287901,4.10552863945499,1.70983435947746,9.95998768524792,3.32733320286671,-0.891260598574777,-0.834797001157503,-1.60127560313443,0.913479724763537,0.121187384689227,0.119023355556888,0.894691410544224,0.0088514312962255,unstable,4
7.7335575524908,4.36095171694444,8.09958736100987,1.14602969987686,3.20867594943435,-0.639661422470119,-0.919575688351691,-1.64943883861254,0.379882652198576,0.933289835132986,0.670867642425888,0.217352546471066,0.0359295843613059,unstable,4
1.53720280290737,9.1701765917912,8.24988917987929,8.30333118828781,3.70909784491444,-0.94503899032356,-1.14170979711732,-1.62234905747356,0.590476629601372,0.488763054136226,0.700465137893296,0.688489221416414,0.0432190752797617,unstable,4
5.34715069242354,8.16665428596771,3.29182470309242,4.95209520776636,3.31398233939825,-0.60875338730372,-1.31502634717241,-1.39020260492212,0.911568844514918,0.833467424058719,0.0511962127772334,0.300900867449984,0.0517395136998441,unstable,4
1.80206145856202,6.8974962756951,1.01692717220607,0.753432630320615,3.39740348983244,-0.968404561176349,-1.03675701597072,-1.39224191268537,0.816300809659737,0.741434335031331,0.215473774298565,0.595625492503756,-0.0219561232022263,stable,4
2.43856474972528,0.728488051123067,9.91162819897897,9.23111959785344,3.4693849561717,-1.15254847296004,-0.832171224423091,-1.48466525878857,0.907998264715117,0.342775360309718,0.484075965646869,0.137651107189972,-0.0156296888553824,stable,4
4.777294100305,5.71573365001484,0.861409702258976,5.11954376364575,3.45540086371939,-1.1948241920442,-0.714945249783632,-1.54563142189156,0.310105047318927,0.834578395839939,0.698973255103932,0.463873759461543,0.015262879621804,unstable,4
2.32303436986808,9.72935919585135,8.16176150665041,2.22396628633939,4.08379107742917,-0.936082415679504,-1.23120359800194,-1.91650506374773,0.33490558491284,0.21957686742119,0.795102763039527,0.54602378463447,-0.0022846928552298,stable,4
5.46790626877343,4.00070004534671,9.73658630459277,5.60813736237671,3.10034921997921,-0.900829412141885,-0.740186437943019,-1.45933336989431,0.514225489383553,0.788066649293875,0.787882075608674,0.636843707875854,0.0635793580633751,unstable,4
6.72516452024373,4.44122752251341,0.852099662336067,9.45001558733795,3.65180063119826,-1.02310030453954,-1.35086407914564,-1.27783624751308,0.786081628426527,0.429406916272875,0.553540972084594,0.855650220813087,0.0335745009290902,unstable,4
3.71817415258109,8.139676455662,1.87414384426327,4.4028502772403,3.00974702683127,-0.614278223347745,-0.816558030190889,-1.57891077329264,0.211538802802598,0.627316653554788,0.161213324614376,0.80812845734364,0.013924163667657,unstable,4
5.23275000172947,8.6201385934091,2.4612014667489,1.83906721055707,2.84069378871209,-0.621140523783432,-0.734564992873487,-1.48498827205517,0.545308333184113,0.658375437518263,0.282939622653743,0.0796634559675632,0.0035718156637347,unstable,4
8.30146235496809,2.40064476199077,0.679324319553596,4.24684482909397,3.44201295762474,-1.38307934232845,-0.70602963508087,-1.35290398021542,0.686077269812333,0.447425360203758,0.431114306113601,0.163830564013693,-0.0319993794114619,stable,4
8.53900849611075,3.15744316860772,5.92471956850685,1.68237900662451,3.09799531376433,-0.581486366130959,-0.539544784483942,-1.97696416314943,0.445651350756506,0.526216155372106,0.827064212942413,0.789255125030623,0.0177499858836058,unstable,4
8.23798696800679,5.72659153626675,6.04838420650962,3.48478829885483,3.07017629570231,-0.559632433069183,-0.682233616361127,-1.828310246272,0.781243142713763,0.747481185029305,0.53049872415096,0.62394914896953,0.0709813165401472,unstable,4
7.7988233647569,6.01302923688006,9.54966795772404,3.35076614756653,3.20811520401486,-0.604999338366965,-1.33663842218679,-1.26647744346111,0.714296014308247,0.988726752045391,0.469423231230282,0.618487652648634,0.0703670733868349,unstable,4
0.574149145527149,3.68348907268295,7.96684797608865,2.83248685099554,3.21832019257138,-0.947012498368172,-0.778009808152891,-1.49329788605032,0.934206575774642,0.440691168463993,0.15968442260331,0.269979196812005,-0.0550067464844249,stable,4
4.48507872836324,9.11326262086458,1.69461218618741,7.35062493308828,3.62218176130653,-1.28447702758086,-0.921671348861849,-1.41603338486382,0.851623964519278,0.781426731539847,0.248827319800449,0.990568419493018,0.067630938172705,unstable,4
9.41644459718158,9.37922676424719,3.02083616528173,7.51201743528738,3.86959272621466,-1.31330276620428,-0.7018993286215,-1.85439063138888,0.946514164009781,0.807458937892165,0.962757397274892,0.206505258573665,0.0581685905381042,unstable,4
9.12968074371272,4.64463731558509,9.50014952264469,4.17915022653951,3.67159868104902,-0.760117046086944,-1.25224547808558,-1.6592361568765,0.386017527821428,0.265093618727373,0.942331432761943,0.783888003125185,0.0505327525466651,unstable,4
6.94777179723436,4.24842745090115,1.09480907010246,8.33602731678724,3.87851259960097,-1.04498451155777,-1.29879371581774,-1.53473437222546,0.917724745910232,0.761357089812626,0.8823913992559,0.445333660651301,0.0326771813521182,unstable,4
3.3516335009562,2.6105015909289,5.49218007649393,7.03374682940941,4.09295128869654,-1.22535716471862,-0.921578866987082,-1.94601525699084,0.858693768199066,0.499933660980266,0.300337087681006,0.31638734442039,0.0088172900150698,unstable,4
6.59984861580111,3.27239698251251,6.7885734354913,4.99673298073553,4.17606294238097,-0.94030372704973,-1.38481376110238,-1.85094545422886,0.409672207138601,0.269575009600671,0.863755182714636,0.284555380775131,0.0377289945063049,unstable,4
7.44466532788144,5.29683665184962,9.16493701551037,2.98737089326809,3.76840120046344,-1.10704614482333,-1.20073875823506,-1.46061629740505,0.177009830158997,0.280798798454389,0.455558202887832,0.0862391473179252,-0.0134982725788244,stable,4
2.10812411314301,1.4812847716345,2.01270943184171,6.75379810860601,3.70872011233599,-1.2528887910468,-0.716175082347775,-1.73965623894141,0.857725071552218,0.751967441632954,0.268343188327884,0.388497087333761,-0.0308963889573293,stable,4
4.64754839852911,4.25541708664534,5.14843003384116,9.47753224468214,3.63483611709554,-0.896296783504833,-0.955271781889792,-1.78326755170091,0.512532990324511,0.293443176678356,0.341482761272108,0.368355265629971,0.0041583686516008,unstable,4
8.47345668409615,6.31825393500963,8.50194780221552,4.59399128106501,4.08618257477453,-1.39281778259353,-0.735807032694237,-1.95755775948676,0.665169312506178,0.446696996672242,0.752809433390205,0.0958843794380443,0.0541414561863006,unstable,4
6.50205997347638,0.543120232814073,8.92979500468085,1.79910305914211,3.4628271573349,-0.702089295740891,-0.933753588525846,-1.82698427306816,0.300053432566012,0.0902770448047784,0.708498952378639,0.468034517680394,-0.0103946490916307,stable,4
4.8501496941703,8.49414735373807,7.13115450636275,9.18293297838757,3.49618961131798,-1.02624135142796,-0.618534478346084,-1.85141378154394,0.221908200425064,0.749019834094682,0.712003935539526,0.58414184485627,0.0659042111480997,unstable,4
9.87194120141051,9.26989742501394,3.15055902305163,6.97442166996008,3.70061041382204,-0.675142299527093,-1.26839959810574,-1.75706851618921,0.555950759196926,0.981398547334599,0.865915908613119,0.878119502673706,0.0757527540182023,unstable,4
3.70522816415171,5.2354340100741,4.25567461349966,5.94046735662779,3.76499802062041,-1.34923267008901,-0.579240315707412,-1.83652503482399,0.709676129925295,0.503977606037037,0.186403564221751,0.666830050883876,0.0448097390920626,unstable,4
7.65254098806637,8.23799498318862,6.81158686558115,8.31452525818854,4.29584936902129,-1.58286160008645,-0.79614033553896,-1.91684743339588,0.571315712666403,0.692765344359271,0.82205223386477,0.319797523898315,0.074895217846239,unstable,4
1.13166390225471,9.79856221580909,1.35245339071674,6.79448494801312,3.30262396948059,-0.934105400415475,-0.548236111701979,-1.82028245736314,0.815225300984256,0.300776782932359,0.0992808059309633,0.810958598371213,-0.0169641225525357,stable,4
8.81392487324271,7.58791467603829,9.30354265597597,8.65042273440188,3.30361173538235,-0.93925263617367,-0.649604354445974,-1.71475474476271,0.344025226463432,0.692647194313346,0.689102304955124,0.610100625982289,0.0716242214206101,unstable,4
7.17437395290823,8.21320842833347,5.05203523210707,3.93099244085294,3.90588942163802,-1.69057850324068,-0.520858552184992,-1.69445236621235,0.933689542406775,0.799803945285355,0.979920020857585,0.268358494839281,0.0873063570230803,unstable,4
9.05492276866855,0.723792001908238,7.87227733540406,2.28388804372593,3.02980520423858,-0.973642097237962,-0.551811094293452,-1.50435201270717,0.53633709445965,0.413863447876303,0.931145038751243,0.951436924369673,0.0130845536065893,unstable,4
7.95260473020965,9.65887683686309,4.90455794943841,7.70007891308109,3.77666289125883,-0.938962332166266,-1.15596665617171,-1.68173390292085,0.567820908605312,0.923254784609849,0.667223209672314,0.591211110106485,0.0775404455545872,unstable,4
9.84652968165297,4.26499832648651,9.90596613232787,4.01134612357037,4.08527657103347,-0.982680407190102,-1.48591061953047,-1.6166855443129,0.621661500805992,0.559443469720773,0.481719279409592,0.57700327823331,0.0363631178513984,unstable,4
3.75964751838596,2.36375751845191,7.04474524567956,2.62621135907135,3.98196412813955,-1.15504544687665,-1.03211739239836,-1.79480128886454,0.972874340124028,0.766798614126249,0.564926094363375,0.418771522064303,0.0389314165536604,unstable,4
1.41752753665493,9.94058428184657,3.38877194867854,8.45899366099249,2.83041309438493,-0.787109933076578,-0.502711940455914,-1.54059122085244,0.557107494760675,0.521907499718898,0.572436665630919,0.628227322754692,0.0065020492133773,unstable,4
8.46479382575324,3.5535790978535,1.06150979164729,5.60217181446488,3.4733975540343,-1.22418580190854,-1.03377751382685,-1.21543423829891,0.987753106893852,0.248538994976811,0.477530742323401,0.339556221935011,0.0116718017246987,unstable,4
6.46562495059771,4.86403267836473,4.87433015783583,2.34879043545134,3.16844664083806,-0.803204605580296,-0.711571026236378,-1.65367100902139,0.542465556151199,0.461006042640521,0.742746867504461,0.511004581583766,0.0445320029093622,unstable,4
7.8930913015196,6.66970229407691,9.42847024209163,1.96997898061745,3.46406015177948,-1.07214845836575,-0.721893575975392,-1.67001811743834,0.642594689863844,0.930616363325326,0.592973004337651,0.340348692588656,0.0600225730246681,unstable,4
7.933999070231,4.5179885691644,9.11521800345376,8.16849719912019,4.20625190512536,-1.29495931005622,-1.13112196796003,-1.78017062710911,0.481813121918522,0.865006271484263,0.907035109878909,0.859788476436292,0.0870403367095796,unstable,4
6.77803020510673,9.78599365093302,2.44259159171312,7.79599801551806,4.3103198226146,-1.13494643656745,-1.34491404057075,-1.8304593454764,0.606596764248074,0.764701249656791,0.747840608143999,0.0729734269731771,0.0251159464819294,unstable,4
5.1751546965997,8.94522001083246,3.58391734008671,0.61872147274306,3.0314579139605,-0.509157801573235,-0.819502838360763,-1.7027972740265,0.956498334793996,0.749299147497697,0.784140176605952,0.75534287393539,0.025356798557338,unstable,4
8.42918057703151,7.39279764350927,8.62728010788451,6.15748508220372,3.37296247368059,-0.822345946077898,-0.894878845173109,-1.65573768242958,0.586551318820759,0.863338496480356,0.116521450285572,0.462578419229399,0.0583543643243851,unstable,4
9.35750804410649,9.0852878910083,0.768567810994387,6.99239676410845,3.87627647051591,-0.802837955141161,-1.43959074849809,-1.63384776687666,0.743777946729289,0.765411703310288,0.986868658861899,0.436521051005681,0.0251440104834788,unstable,4
7.76364760191152,6.90406481132929,6.33709080778688,8.74862750616894,4.16330023522392,-0.746600784922764,-1.5843099773065,-1.83238947299466,0.929260368778847,0.732195899786755,0.090761523883593,0.923384346983405,0.0835050310424228,unstable,4
7.10864277725208,9.32926107676303,4.52501865785274,7.27222024833921,3.35936957545763,-0.774384746200836,-1.33689388909151,-1.24809094016528,0.769318576757297,0.534575915098046,0.90698884330858,0.534790108850716,0.0762366954367926,unstable,4
5.82326662707073,6.69608849434267,6.95573272209564,4.68177304039537,3.47933563221493,-1.32200736100434,-0.666127299202734,-1.49120097200786,0.394991161764557,0.674417988294165,0.82006609148276,0.191878027862115,0.059307344789101,unstable,4
2.52121677748354,5.94096026531591,5.6198965733984,1.9678168846435,3.30476404703228,-1.13122565786157,-0.558833227767144,-1.61470516140357,0.50274854170015,0.736072715977124,0.701193705106274,0.611612813108643,0.0393348263878822,unstable,4
7.24553359775451,9.54946716735789,5.06539913850267,1.79688597574594,3.32678102219731,-0.680244204390864,-0.79672924477089,-1.84980757303556,0.606793079628525,0.736416890241127,0.515231004491399,0.238897438840384,0.0397970985816127,unstable,4
8.11190294336214,6.24435561704792,8.16061662988819,7.08718014931012,3.10781123796464,-1.02732086729241,-0.56617326005525,-1.51431711061698,0.875204236882653,0.997457541672329,0.0594499184394162,0.659120157786431,0.0808343187713766,unstable,4
4.88559352362849,4.49265424554147,0.813041592003079,6.89623488718841,3.69970177772679,-0.850124812012049,-1.13174980394003,-1.71782716177471,0.142690342111958,0.838389704322247,0.449985728547625,0.806175225585634,0.0234326502965605,unstable,4
4.71687904417263,6.51454330092221,3.97348279854021,4.86749851185819,3.82940341407862,-0.7228169866679,-1.5582879861339,-1.54829844127682,0.755986251436134,0.967289154996964,0.286488904283528,0.437788095489576,0.0698490719501773,unstable,4
1.19881270052716,8.20033935580557,8.26745311009927,2.04727320996402,3.31175691385221,-0.763744402772328,-0.975863229334797,-1.57214928174509,0.718069936226891,0.181766199431954,0.367161634108833,0.547874008642441,-0.0209092320027632,stable,4
5.5182933865284,0.700079584622849,7.05880872006442,3.00169712628824,3.96409851359523,-0.624111090028216,-1.57501403944538,-1.76497338412163,0.78916471273743,0.449470717968715,0.352159600071091,0.851388485847723,0.0149294868787723,unstable,4
4.5652656674969,6.23338177576993,9.39374317725441,3.7148917022914,3.63949030664294,-0.667562297837425,-0.998313870725129,-1.97361413808039,0.376601339510545,0.311714657686551,0.405287237175794,0.161289699654962,-0.0063473461188082,stable,4
3.87902374916867,5.29791233667637,6.19379152430291,5.25782469492173,4.05048976460161,-1.14008368875841,-1.09309233503719,-1.81731374080601,0.499645107887386,0.209390027757912,0.940355600978691,0.110423376611264,0.0307424275993061,unstable,4
8.2514902095044,3.82011519384723,3.16724664751211,5.38246329754952,2.84031866978769,-0.748282089627069,-0.580023400739266,-1.51201317942136,0.9158575108657,0.359473567093897,0.188934662135803,0.933196686634886,0.0566978246077315,unstable,4
6.95929101204447,1.02369744786859,4.85425601796061,8.42632442027152,3.73541357196649,-1.30475051619333,-0.784923612689902,-1.64573944308326,0.533773827035708,0.591690153131589,0.586007662812857,0.970300481510974,0.0408554823163785,unstable,4
1.90194234919108,3.58729518838772,4.35179204474468,4.95947693181701,3.21309825528696,-0.625019285184646,-0.735345240211045,-1.85273372989127,0.970317866131918,0.0684635848496668,0.957307152396542,0.437436842603671,0.0286453386201042,unstable,4
4.46422695282907,2.89364402795309,5.43853629406474,8.37872694556629,3.88538617120001,-0.962187902445311,-1.22336584417514,-1.69983242457956,0.386409889943023,0.0948486946355016,0.513444447182049,0.202983724533422,-0.0176133154571642,stable,4
1.98495907540392,8.42031197673081,9.79456037445802,6.5494222277827,3.63376207066194,-1.07721797529953,-0.651803786575119,-1.90474030878729,0.473498924756545,0.507780807345003,0.108119437179158,0.400606852799739,-0.0059859988246834,stable,4
7.76258475237371,2.33448379250293,9.65611950009378,2.77968664880844,3.48877527811878,-1.1308414181939,-0.814775168389536,-1.54315869153534,0.407144125087321,0.345090942203654,0.14454121220264,0.77617864282858,-0.0299257773850824,stable,4
8.4576090767302,6.8162131743677,9.29724375301574,8.42563619712731,3.43823649034153,-1.15361395761074,-0.810459171883343,-1.47416336084745,0.510251593055973,0.410098636136367,0.815736182064423,0.16269591277563,0.0537377000322717,unstable,4
8.3461285930467,5.70024160781135,8.84145934306969,6.86130805845137,3.69593692245151,-1.10441195480907,-0.799129008420883,-1.79239595922156,0.916550086300814,0.683453702158761,0.44750384046022,0.147230736657355,0.0623561339240991,unstable,4
6.02760832783482,2.26822597408793,9.50916710441245,9.27363103243194,3.84579441723487,-1.41890569303931,-0.533367306363431,-1.89352141783213,0.252258859553712,0.316247380255191,0.66957110227305,0.517689605752919,0.0277073431439318,unstable,4
8.82633611239336,8.92022420804801,9.29099290175473,2.27056544662494,4.13060090625751,-1.72424656389109,-0.565271475442592,-1.84108286692383,0.41511722870671,0.296585415456328,0.307635693570627,0.510282667925369,0.0032786416882712,unstable,4
7.11604731293947,3.73453703105096,6.63455949951947,8.30734064219349,3.61503188728764,-1.0502073157547,-0.966635618545744,-1.5981889529872,0.847352574252629,0.300129357647694,0.674944978651973,0.95817774085113,0.0830759652130161,unstable,4
1.29830765056731,6.39593257776855,3.1767549261753,7.88832149680749,4.05619828378199,-1.03113729661083,-1.0734130903409,-1.95164789683026,0.152912850439426,0.582960005859308,0.462669076243371,0.4331019616526,0.0039848468418126,unstable,4
6.69521895901288,1.48724845903623,1.70069170480152,3.52814506093647,3.91498913912556,-0.937865688750881,-1.02836951079062,-1.94875393958406,0.556515445499015,0.925196340843495,0.405330075535929,0.650618061625614,-0.0219999595524436,stable,4
7.13289611579578,3.59433542883588,7.85104269757228,9.18073528560078,3.60087475898674,-0.807248516365932,-1.20035952992568,-1.59326671269513,0.978406682039984,0.397684419419236,0.876142759622966,0.531467631448365,0.0793088941489429,unstable,4
9.48398749985059,2.9172118666933,2.92400360249435,3.5104574113848,3.30344121633985,-0.594476709606697,-0.786285730793653,-1.9226787759395,0.223112473644866,0.652762805799228,0.149257340777972,0.802681891771907,-0.0316072746212143,stable,4
4.91120295449812,7.06047511924646,5.4690436091161,3.17935860626368,3.58209240958138,-1.25107814755766,-0.582855273593601,-1.74815898843012,0.739512843501511,0.955729113637787,0.426359231912093,0.515329448840104,0.0712682628020558,unstable,4
4.72578445391147,5.40972936907049,3.42688324670014,9.56253875638499,3.54538363178341,-1.12998594503428,-0.75785724208242,-1.65754044466671,0.52444533648084,0.769604272309572,0.532963366951963,0.198944699771126,0.0329177173793636,unstable,4
9.4821114256682,4.87842777781779,0.7206854764394,4.34380830485516,3.41430594771107,-1.0913725474625,-0.815900769422774,-1.5070326308258,0.856118035955469,0.678118679581169,0.681830945959184,0.489461025326409,0.008767635968262,unstable,4
7.97824684634536,5.39442000361398,4.00689610792281,7.87930873119198,4.13664524673819,-1.60056976082061,-0.615555317350838,-1.92052016856674,0.819335948529678,0.264904150349143,0.111616492973207,0.183026273645024,0.0190286899745418,unstable,4
7.60573534866364,6.54276830290423,1.08029666480086,6.73660215009109,3.30408697644223,-0.582382306623016,-1.38824216691152,-1.33346250290769,0.913240695531209,0.441274172020961,0.184794082734962,0.875051141502516,0.0646323123013261,unstable,4
3.50571587072278,7.49528521556344,1.72764079600553,8.30647590336817,3.16868629644471,-0.958738629884354,-0.856386056136235,-1.35356161042412,0.528878247256228,0.403449469616266,0.360981501155825,0.156045773528591,-0.030098580686357,stable,4
7.91489582552291,8.14924419725185,7.56496614700913,8.08243362972459,4.06701938236516,-0.826276499763294,-1.71041735777726,-1.53032552482461,0.982512191602425,0.567083485563918,0.111227229268708,0.660891499580324,0.0726262711782441,unstable,4
5.98392754866584,4.90644091392905,9.81814347576185,9.98628867271417,3.92638858227816,-1.27534478448163,-1.04743252242439,-1.60361127537214,0.799949195739198,0.141101285470499,0.245825039310483,0.640431549083226,0.0398142222489413,unstable,4
8.77205314622743,1.8009871545417,4.97562091519913,3.12226408685312,2.72823290223288,-0.56689359361002,-0.658223188223154,-1.50311612039971,0.739652099882722,0.220127681302745,0.99512930802264,0.660422193795261,0.0410081878745629,unstable,4
9.15910605425232,3.67001296925743,3.71742590716145,2.91590530459458,3.87813699346396,-0.998906239749992,-1.11849892388366,-1.76073182983031,0.451894500577418,0.174613468055817,0.536715918405019,0.280975030112666,-0.0266413300887938,stable,4
3.03647084773961,9.50090991403997,8.17139198747908,6.72380588065975,3.84495611477407,-0.841337994211842,-1.08108538632194,-1.92253273424029,0.461139151955423,0.736698526385905,0.129327545628789,0.405164035183415,0.0224694509116646,unstable,4
6.62916048703487,8.14238224460528,5.06946635584772,4.2015497003429,2.990154950262,-0.688941091925069,-1.03415147753643,-1.2670623808005,0.931859575290288,0.469264956435944,0.178716988545976,0.716041774638249,0.0593586728774189,unstable,4
7.27503963810791,6.37004285632804,7.04923407726216,6.20882583026391,3.46433920465145,-0.971222970948974,-1.25702597980165,-1.23609025390083,0.142058635645678,0.310276381616457,0.32083621794543,0.159939592196476,-0.0160816593720254,stable,4
4.2900123592805,7.74963707696218,1.49601948007185,2.64369346789223,3.67028199196545,-1.09726972249968,-0.967653165108245,-1.60535910435753,0.690558395917222,0.346200363376918,0.695933064441639,0.369120825944187,-0.0224482734579745,stable,4
9.26141009701084,8.69098148499435,3.89400777914346,2.5723685967852,3.17368376333563,-1.07277676786191,-0.809994230670191,-1.29091276480353,0.610547517737,0.734434883523772,0.795811363038997,0.054113362614183,0.0425971646479294,unstable,4
9.63402530146294,6.37685402601277,9.36974145011794,7.45047719183463,4.19352749626339,-0.872577012019092,-1.50898238365559,-1.81196810058871,0.970203690955278,0.108603059072174,0.73105397968199,0.391730510116394,0.0652760939469964,unstable,4
8.08128652384571,2.13649281788188,7.1099565444775,8.45668070425491,3.75177153194638,-0.745758392955747,-1.5723649868999,-1.43364815209073,0.698476737848248,0.271411521334533,0.449851274253646,0.406449169496651,0.035949713013341,unstable,4
5.73128889441814,7.76560898566056,4.12828045366032,6.54772757228091,4.28568155508551,-1.31042516853788,-1.00391948809994,-1.97133689844769,0.310748256220815,0.693973136537075,0.977232789781977,0.475881663957562,0.0642377173538244,unstable,4
2.79987601061338,1.96466389724299,9.05345769447426,2.02637277271937,3.2100062650141,-1.02846009982309,-0.665912116552994,-1.51563404863802,0.300380274578778,0.972077742363181,0.946786103768856,0.86527834114193,-0.004799309699828,stable,4
3.1566895069334,9.87872465493392,5.24734614148418,5.25245863386161,4.17260030751623,-1.02515973669068,-1.26551624697071,-1.88192432385484,0.0500093036111293,0.49767689606668,0.927045674859319,0.901810231877179,0.0565498867634085,unstable,4
8.46083833916174,5.75506338055665,9.89309035410745,7.48092769255915,3.66073651052148,-1.0680843674907,-0.83795563191676,-1.75469651111402,0.123582860162577,0.788038817947758,0.54967245473769,0.0858913499067351,0.0260999525763709,unstable,4
7.77709603708925,3.92512227241568,1.80271488007687,3.94721105205131,3.96958389635665,-1.22241165662243,-1.12589930354331,-1.62127293619091,0.528602073081734,0.847017676490576,0.548309193252968,0.297200085917645,0.0096832392577162,unstable,4
5.60723500353323,7.04369191215608,5.4632342366709,4.76431222227031,3.13265345092109,-0.857151357738324,-0.52664567659602,-1.74885641658675,0.364235306397828,0.739907317331412,0.798826147260472,0.990045740323534,0.0911866000455263,unstable,4
7.96364779056899,7.51133705344979,2.94746349493093,2.93417354331117,3.90156851326784,-0.71483138278746,-1.26078942116442,-1.92594770931596,0.820524999172006,0.382787241365825,0.419281867731232,0.512824380649496,0.0277298410036265,unstable,4
5.03667947834523,5.49815298100652,5.44868320500195,8.21480777102178,3.62480412402187,-1.15111392145532,-1.08029676119644,-1.39339344137011,0.441528670167992,0.226549322353945,0.462939001835021,0.790685582224815,0.0449063687583391,unstable,4
6.40208491046921,8.89554157509619,7.54548576440816,1.14283876473733,3.03287819764798,-0.513830359832442,-0.937574916759506,-1.58147292105603,0.319867806772238,0.640747025262642,0.297261995649817,0.73579828815616,-0.0013286783663768,stable,4
5.97063515536801,9.71052075130582,9.62151569939299,4.8962588137531,3.51536262069417,-1.01631970974925,-1.24871598775749,-1.25032692318743,0.949169430759654,0.675814761525443,0.921612463430578,0.257362348992256,0.0772056919569199,unstable,4
9.9417426592348,7.6314838208152,9.86997979479914,5.35624231362992,3.17707265802835,-0.737424155353755,-1.41969486258593,-1.01995364008867,0.909004160088099,0.556021172341305,0.333033988822123,0.287928797430807,0.0569989907940236,unstable,4
0.723455572470534,1.56411805882097,3.11559135083165,9.75149626471499,3.44136920692686,-0.740062262786983,-1.00421273386335,-1.69709421027653,0.90083494678126,0.928600979451032,0.424232850909741,0.0822355260831083,-0.0614227758665816,stable,4
0.728186139954452,1.78095790431959,2.99878283189199,7.23820764219549,3.18440786053806,-0.6989076398617,-0.943495248531492,-1.54200497214487,0.194108930506659,0.528008448236705,0.501232803740341,0.741933963849756,-0.0256676676809452,stable,4
5.21489107145239,3.72212505847549,9.11789031831064,5.26114717277528,3.92988545275629,-0.914848187728261,-1.27315077008734,-1.74188649494069,0.852458850654049,0.725052798710279,0.893315825741222,0.659189585314097,0.0804212242035698,unstable,4
8.5405086613409,4.14733018946379,2.26438638078951,8.05419698434178,3.75544056539934,-1.106010007436,-1.05984518529486,-1.58958537266848,0.228199273908814,0.767606233567529,0.960875295348469,0.378143144232911,0.0057393384411386,unstable,4
9.33995497029822,4.60449248665707,4.71207191039143,1.06912699409958,2.86093089665731,-0.501236063109618,-0.815878574298415,-1.54381625924928,0.436941190545431,0.328698448020205,0.102593836024599,0.817804124825556,-0.0353102045065194,stable,4
7.35219366382643,9.70164774291206,6.80290646520449,4.96863124667737,2.91122885969128,-0.756273284242651,-0.986602088375378,-1.16835348707325,0.73315706080633,0.639850504775899,0.732621233519876,0.295528024988198,0.0689883269400371,unstable,4
9.95964522579225,9.28972138951397,8.69791553290223,9.83678407309704,3.88251665104523,-1.08543538469285,-1.22907929087348,-1.5680019754789,0.929132104326629,0.587992167473658,0.164695138113669,0.858792592156239,0.0768751897067565,unstable,4
9.47645706267,9.24404707751861,0.58268999248991,8.01867497099097,3.76443798355541,-0.69528444332598,-1.10159276299496,-1.96756077723447,0.49280634915788,0.989992243042199,0.495867354371366,0.787649865310619,0.0530152022573216,unstable,4
4.82954418354686,1.05126529316722,4.92771315083657,2.98148939778354,3.57386078031556,-1.04458229769778,-0.922505016363808,-1.60677346625397,0.974232142854732,0.063443123145533,0.920652445880033,0.827561211421575,0.0747910704128611,unstable,4
6.35169981465456,9.28935421974574,8.24512573245147,9.46773789845231,3.03153207503756,-0.704547641833313,-0.873228539226879,-1.45375589397737,0.892489946587012,0.262161844677695,0.167391750861317,0.969257959067774,0.0655826124005359,unstable,4
3.9380787913198,9.00077906998912,7.89693411901738,2.13096942872474,3.04734356696637,-0.620498646714724,-0.92057256740398,-1.50627235284767,0.997190965730583,0.275503199908147,0.967317621530414,0.358784127187253,0.0458230590144793,unstable,4
0.653577712563961,9.99224357752397,7.5011498987567,3.84129248506257,3.73591283967378,-0.971537930425874,-1.06232913629608,-1.70204577295183,0.904639054631538,0.960346921982075,0.914387099603296,0.482076569880386,0.0252001913311995,unstable,4
7.30741281590922,3.98950123480305,6.36990415954108,7.63001458604001,3.20772314253413,-1.12311232753318,-0.738982747531589,-1.34562806746936,0.990355338658803,0.461592519155744,0.65895624763976,0.535851137382651,0.0784678690886249,unstable,4
6.90043672945581,7.7269259766869,5.38481237187268,9.26288620705474,3.38541640611832,-1.24521105592177,-0.688458117381786,-1.45174723281476,0.248343413542972,0.595731056160021,0.605649652586011,0.973695665606441,0.0693626570518328,unstable,4
6.48168631727051,9.66307682092586,6.78009836001417,4.98870883687645,3.59408961241022,-0.883260027263744,-1.07977402123592,-1.63105556391056,0.409132079097602,0.28443238226072,0.97640999504138,0.974869634412204,0.0771193126912455,unstable,4
2.89685833996951,8.41607674460495,6.75639737050448,4.85440184781661,4.0840223074155,-1.03377010165832,-1.18146698735093,-1.86878521840625,0.122203953520244,0.362602421390135,0.409753373224902,0.796214095105029,0.0242464749299052,unstable,4
1.22007238130631,8.80402795789752,3.87428286207579,8.43394852585372,3.61402677475396,-1.03923627329074,-0.953566120708885,-1.62122438075434,0.908352828399126,0.923594204394413,0.238880681291588,0.660156195094367,0.0213592767081745,unstable,4
7.27911926627734,5.35628543364429,5.59741856719085,8.89603377806009,3.84513905983478,-1.10153706444264,-0.912759469313116,-1.83084252607902,0.835553013862146,0.194788341333319,0.254617676684,0.823019050303066,0.0591823607555792,unstable,4
4.85268782022009,9.49356270948114,6.08020563910218,1.95024228244792,3.6072246505226,-0.790691381558508,-1.30687872185657,-1.50965454710752,0.122364500950397,0.362515100546204,0.388079260339731,0.83805662264067,-0.0319001757900178,stable,4
8.08985732139412,4.87206240349795,1.72655689263457,5.13587278034355,2.93811668419781,-0.652732946879091,-0.576148910607654,-1.70923482671106,0.310931634537218,0.501403070822262,0.10988359561107,0.539138228134495,0.0023684112187579,unstable,4
1.75971528860355,8.15837494003813,7.08652428048617,8.68848963787543,3.2214738900856,-0.541790463385673,-1.02706938261773,-1.6526140440822,0.970509347224936,0.593806518085093,0.444815476259735,0.227457489584805,0.0057144824577689,unstable,4
8.98250430724439,9.14419184862828,8.51337212204658,9.25447146376885,2.79926996812977,-0.660178806071484,-0.807439040183497,-1.33165212187479,0.473743415542482,0.58720794028759,0.180489296748542,0.993196822316678,0.0683133401284866,unstable,4
7.88453097218252,9.50170995164697,2.12947730184642,2.96316154636586,3.37497086817103,-0.551139407262613,-0.839552313481877,-1.98427914742654,0.451545906302748,0.578243695049076,0.524817727905243,0.528470654318485,0.0029665464464081,unstable,4
8.66218269212727,7.61594273723565,8.12508649925023,9.14408608250013,3.44995152495696,-1.09532641547468,-0.946177422066417,-1.40844768741586,0.384245097031345,0.453891478538907,0.160066449147195,0.950733375824844,0.0570379013051606,unstable,4
6.65847605745877,7.96145338873133,6.85913922520396,1.90232239610874,3.09175138843629,-0.938502518411318,-0.58622416634215,-1.56702470368282,0.15901825106598,0.521519264600789,0.772577990136304,0.142430087137457,0.0276907186217561,unstable,4
7.1488397880706,8.76840925306571,6.18022654748545,4.21374194325225,3.72774558467161,-0.672495069651364,-1.11776746698591,-1.93748304803434,0.247523434781502,0.247969279290773,0.701464249642855,0.841746114700179,0.0437108913540988,unstable,4
8.60736970516676,3.6928984140894,0.729839144158142,3.80649728082003,3.63053142678863,-0.81728324722189,-0.928940219224081,-1.88430796034266,0.930080420310473,0.893505903423413,0.675984782745779,0.300864922611148,0.0019145786611901,unstable,4
9.66798794444267,6.87601410254916,3.01923519125958,8.29939058556935,3.70041107987022,-0.548843839524139,-1.71588517165888,-1.4356820686872,0.931758574216312,0.246895263038147,0.631744132074966,0.157142723017883,0.0276934632137259,unstable,4
9.87139587720665,3.55250647342539,3.37492666407261,9.73591242116365,3.38492028390089,-1.10845715546057,-0.676477674568316,-1.599985453872,0.974873190764615,0.245152268540671,0.112805682121172,0.447497528328727,0.0362595214545725,unstable,4
8.42562297021972,3.60103006752982,1.09087554101887,4.6176607283445,3.45979037356259,-0.836170820170234,-0.869415427773947,-1.75420412561841,0.132260288502281,0.762817777715846,0.562859515410132,0.0937123892221937,-0.0524454136601969,stable,4
3.5687518025781,4.83398582843339,3.55593679014306,1.82143611197099,3.61027109372934,-1.21675333853011,-0.740005889763101,-1.65351186543613,0.557745476217036,0.623844422071032,0.316422355892182,0.670162796138773,0.0159064468944929,unstable,4
9.47731275325151,4.43869950685246,6.65630531820134,3.43117733051092,3.96322605307472,-0.769079277400184,-1.49038705906728,-1.70375971660726,0.179435623815319,0.476111251211037,0.593540633808533,0.78072997430087,0.0277647415217971,unstable,4
9.2270869468025,9.60833937071247,2.18340214538353,8.87423039789867,4.01140388740827,-1.52067768656617,-0.794831336109503,-1.6958948647326,0.489566536263134,0.200846483045254,0.632963003547371,0.668981278097209,0.0228890518746321,unstable,4
1.41610859748365,8.4662970779734,5.36333133049878,9.86685249971233,3.88264522147043,-1.17498338049731,-0.767231721477315,-1.9404301194958,0.851594892722948,0.500553576378392,0.537702815717436,0.655187713239124,0.0151301347008846,unstable,4
7.0245565858895,5.36449051547037,1.04148557877362,8.37661578939916,2.97302825342829,-0.512337701773469,-1.29993265187407,-1.16075789978075,0.8182753948761,0.807980903023472,0.86153829807491,0.0853424544604984,0.0201073914582008,unstable,4
2.83481811064635,7.8467891365231,2.50957430265774,4.56366653312759,3.59812610374043,-0.724911714313726,-0.990924003824347,-1.88229038560236,0.672900873600374,0.113269490572147,0.417650178410253,0.372884470723747,-0.0251780623943434,stable,4
7.09528648886473,8.16186481659956,6.3612753671738,8.94614938099628,3.309519696767,-0.911035020149057,-0.726581377539714,-1.67190329907823,0.54621736983337,0.500327815553767,0.940619366160954,0.563823926000231,0.0781187497412958,unstable,4
3.45465991690345,7.09969241598513,5.4495739232033,8.40636425918614,3.43414816724874,-0.531531645784026,-1.00675512137297,-1.89586140009174,0.527737953006296,0.334112870647369,0.294272578061647,0.347974221066011,0.0056665242320454,unstable,4
9.64783831422359,4.55306411274493,0.587951239785436,7.77702504975734,3.14401993141242,-0.818228954878671,-0.731054759560293,-1.59473621697346,0.630171761250299,0.257178656300676,0.643125351255641,0.833462590050714,0.0163727682015138,unstable,4
6.21210556501333,1.45711568488578,9.94860732548867,2.44147153765386,4.01215921032386,-0.954133595705894,-1.1436553323035,-1.91437028231447,0.621185151958494,0.576155713462315,0.085044787459994,0.164781881135396,-0.0464557983706914,stable,4
8.84575221516538,8.36243786686183,6.60714421145873,7.25873595485509,3.62511838973601,-0.823507163516688,-1.26598198772225,-1.53562923849707,0.336107526598655,0.961828437199829,0.6654991304721,0.688328044107333,0.0827679431829021,unstable,4
6.83698194868889,9.66627325959841,7.42669612405928,4.97026726965216,3.36197145143001,-0.576022002202924,-0.825520389369852,-1.96042905985723,0.160843184157595,0.347950897431557,0.591762687564704,0.106057458360232,0.0114630760915289,unstable,4
5.85376433527336,3.86861314000495,4.16896805078922,5.29994898105244,3.89399777320542,-0.879152259270032,-1.28898801441903,-1.72585749951636,0.607435977987669,0.220273756906461,0.600062007891082,0.207031794994172,0.0180495882075594,unstable,4
9.17018538304511,6.55786089720316,5.83774266725092,3.38849495944451,3.27602556298345,-0.811216821952874,-1.22294141030352,-1.24186733072706,0.840678576141972,0.572660161030404,0.999436972116603,0.480073466216227,0.0767775314742021,unstable,4
6.25599523031788,2.54240096048577,7.02471361264223,9.47651816863582,3.52988848720273,-1.22488121236698,-0.68822753842416,-1.61677973641159,0.568221379357646,0.618402918820718,0.68573894533444,0.660087695195988,0.0516493454729279,unstable,4
2.08224125582549,4.37196007541653,3.58834135632227,3.91722700131743,3.55897279247444,-0.728631063917477,-1.10229560443354,-1.72804612412342,0.500607147255868,0.297054523327412,0.559350673322361,0.831003543306449,0.0294115846979492,unstable,4
8.62981236266707,5.17888440878874,7.43573766442332,7.63153359593725,3.99924309695898,-0.885871026273607,-1.30604614042313,-1.80732593026224,0.280642086877357,0.849143387237366,0.840693317116385,0.746194606357099,0.0822400319036466,unstable,4
4.57512751365707,0.514420997125143,2.08835864996125,9.93508942941923,3.00507640711831,-0.750467718139396,-0.64330237181941,-1.6113063171595,0.197005845110144,0.731801204617488,0.123326921079212,0.854945265863414,-0.0300486177931007,stable,4
6.34115052148751,0.87596386289387,2.87574848420435,2.46002794970829,3.46021675602063,-0.901896002110105,-0.570103485248517,-1.98821726866201,0.108947502385237,0.369968230742258,0.765736194712147,0.905431919656676,-0.0093410626260704,stable,4
8.28362257823874,1.78563771198204,6.8943542893903,4.7232468013829,3.87869977357194,-0.913488721089647,-1.28563800693959,-1.6795730455427,0.484302518944745,0.342030477476843,0.875813438745554,0.237514698938283,0.0301159071885905,unstable,4
6.58427814264494,2.60660213442011,3.41527034103175,5.8653121425306,3.53767448270851,-0.595686734815478,-1.10044607040597,-1.84154167748706,0.248847890288457,0.444904888899621,0.808912927212031,0.605348259268153,0.0265533623706477,unstable,4
7.62661559667594,5.40496583510751,4.72751021760429,8.73018572720519,3.75482048055937,-0.875308765253669,-1.30958464589097,-1.56992706941473,0.235075690887221,0.738870209500294,0.225353378043624,0.0560159087840666,-0.0020270616591771,stable,4
9.83350081428661,9.02786028763649,3.71263850033332,4.57041445197945,3.80116111954521,-0.613619204627816,-1.34078996437173,-1.84675195054566,0.754965526434993,0.945239330398439,0.450885230185734,0.88567789869681,0.0703229861207592,unstable,4
6.87846204228352,9.90029754156015,8.50981636326894,3.40469069172351,4.15982167114791,-0.990679566675192,-1.26360165607894,-1.90554044839378,0.624203428044937,0.207251011566318,0.540369855502888,0.411861022930711,0.0314910201118261,unstable,4
8.12983421591613,0.843828821102169,9.91769236636602,4.50093146257185,3.73903536395598,-0.539749559011764,-1.50206803989018,-1.69721776505404,0.474670681280263,0.552128290748877,0.397515732655149,0.157944135672745,-0.0202368657995235,stable,4
8.73110042535133,4.29703769207536,1.26028256586629,2.20149109157772,3.43837992778681,-0.624621048860101,-0.888751531300799,-1.92500734762591,0.79694396239594,0.339155939101141,0.811720135286258,0.716123751430176,-0.0220375898841898,stable,4
2.21260764619628,2.54073879660585,9.90001364231237,3.26346405561153,3.7796009926852,-0.905501493698929,-0.876408193032688,-1.99769130595358,0.312762054250711,0.681962988760818,0.148106840073101,0.176368740902211,-0.0303085164280857,stable,4
5.26227162405374,3.91925887378858,8.73202999718453,9.18444712657977,2.95584566721989,-0.676361464157456,-0.88181975008013,-1.3976644529823,0.0724806531692389,0.130918900860924,0.634199445136279,0.869986252113858,0.0417320279807206,unstable,4
6.68310499360383,8.58514230781441,9.05250948637967,9.79822318465371,3.70212169320787,-0.938445494876523,-0.995484072065877,-1.76819212626547,0.739004543113273,0.0674824248196313,0.393643791719621,0.903542687871153,0.0594591820662943,unstable,4
3.3505867740595,7.16989809032782,9.47284359265318,7.79780918336329,3.81197463079702,-0.810662016955728,-1.19909245417506,-1.80222015966623,0.0743381224297185,0.111405017306606,0.499667262185562,0.928193466917721,0.0372864221380007,unstable,4
4.87340447976288,0.975181892885955,9.97819271262937,8.1568121390673,3.72150790947592,-0.703849705700518,-1.23350948725834,-1.78414871651706,0.417757531296229,0.860789109453071,0.152722810556464,0.467986147768568,-0.0396890894002971,stable,4
8.8820440479184,6.08014446973206,3.44641021261297,9.13491793885516,4.1651081965277,-1.8466941231443,-0.572178603119333,-1.74623547026407,0.630484224799644,0.705289788980285,0.187038952454713,0.569815549461879,0.0524509861322724,unstable,4
8.91763534844142,9.22872167056687,8.51847680729863,5.51782949049142,4.03830051611017,-1.3139177784894,-0.969401613966632,-1.75498112365414,0.414862642009737,0.819852428383715,0.132455589290113,0.782662680783536,0.0571218143865175,unstable,4
4.09706937211659,5.30854380379474,9.22096182450786,5.89182728808686,2.903638982129,-0.909141717433394,-0.508686131513677,-1.48581113318193,0.121745981239993,0.543538654269875,0.781514847170402,0.131342451784303,0.0242365269933175,unstable,4
6.71999770890235,9.96742938358614,7.19870847001044,5.60679615868778,3.89169657208401,-1.31614036962681,-1.06187699475841,-1.51367920769879,0.271673324699104,0.192374884525302,0.76367216079975,0.590459809997794,0.0437531551448819,unstable,4
6.40075169520488,6.96017613214516,2.95274353413065,7.8007342879018,4.17326150730581,-1.04392579839773,-1.1301064187344,-1.99922929017368,0.753201213865702,0.666389280181534,0.424826139803856,0.468596495885049,0.0587496181037854,unstable,4
8.65688227467362,9.95653164291144,8.88929142052005,5.5456139411571,3.11588843103452,-0.713249176707619,-0.729342185760522,-1.67329706856638,0.821053899897635,0.986925542356758,0.321588732005724,0.606281784868493,0.0784745704762258,unstable,4
9.18576395991185,6.51222176852044,7.37737293856127,8.10373864045081,3.56795085129007,-0.532870425499382,-1.57005428637859,-1.4650261394121,0.55552406897263,0.109707207751984,0.142178248023757,0.93529757673799,0.0470435399982211,unstable,4
8.33661233832803,3.96200886610691,4.53177169524559,2.28536332081168,3.78895873247607,-1.21231285359652,-0.665359622096957,-1.91128625678259,0.387618797548121,0.726150299230774,0.0711909441068745,0.621185705852989,-0.0185749822421117,stable,4
9.72535495375104,9.72543028249126,9.28948000158604,1.98691774641649,3.11774249079917,-0.839700041283574,-1.22973369325094,-1.04830875626466,0.84002247322156,0.495159873015544,0.169830576129239,0.425476826951209,0.0316971064652912,unstable,4
7.93731383617467,8.93215465199085,5.0977340711731,8.0592407416985,3.26351652928043,-0.516677762044978,-1.11936499707211,-1.62747377016334,0.134863973200244,0.701461648730258,0.97004663322275,0.125011358624733,0.0424632929275921,unstable,4
8.56069648694012,3.02205408117562,8.15698169077336,7.75848743733147,3.3725372224369,-0.574801658673876,-0.887459124539373,-1.91027643922365,0.982835143812495,0.131136188140928,0.377479032389366,0.6501307236705,0.0607756553630454,unstable,4
2.16515750618239,5.95881185810915,9.19299494179295,2.56312783336079,3.35793734470397,-0.992298750212591,-0.712848757733114,-1.65278983675827,0.251019125586313,0.41273501578997,0.28313845525551,0.714647618968383,-0.0200953444355889,stable,4
6.53177166227126,1.11699044889804,9.14890886950318,1.94456760376223,3.79671116382584,-0.887170918137673,-0.938442390435666,-1.9710978552525,0.0665117675531621,0.109156716992265,0.552805331234784,0.754668189671823,-0.0210743452055101,stable,4
7.85501839585699,0.698895692102017,7.97059740924982,5.32431382601836,4.12779755860219,-1.36281763146872,-0.826139881973364,-1.93884004516011,0.273825771243691,0.587044619787361,0.469002091185957,0.723297176216786,0.0028034207061835,unstable,4
8.2750490915919,3.89174944475438,5.18753269638453,0.680365316411434,3.40219714762067,-1.23930740102591,-0.568406126408849,-1.59448362018591,0.852307482712544,0.223401639098231,0.536423678318161,0.438008966045241,0.0098054095417134,unstable,4
4.94208019974411,7.8853101190944,3.42857170049233,7.28842448937603,4.11039591307919,-1.10485991659006,-1.16995911446983,-1.8355768820193,0.426598149716691,0.990765345286737,0.0563737658950687,0.221006119084184,0.0355203157778551,unstable,4
5.4288366714904,2.98714355581088,4.31073502089158,3.72278133288461,3.82009788876614,-1.17701840572983,-0.847838136922463,-1.79524134611385,0.532913973950385,0.679593168880258,0.833364435706924,0.277443391014045,0.0502302648222691,unstable,4
5.39637627881448,0.867102460394753,6.55119363411519,3.74797790578424,3.91800036235578,-1.28013641673877,-0.67424728481404,-1.96361666080297,0.807086659757419,0.0690750210201822,0.0519455810912931,0.425945084129767,-0.0123801094772944,stable,4
7.9327011945691,1.25423370261558,8.84992196626097,6.50329383563408,3.57523528154256,-0.854346349624719,-1.34243742573456,-1.37845150618328,0.0853847318395041,0.214005306429109,0.440880698086679,0.35940375195034,-0.0180273148199075,stable,4
4.76059696018763,2.96843215373141,2.37988105452729,4.8342666846826,3.55136983251785,-0.614904856829497,-1.27096587684489,-1.66549909884346,0.586297281437367,0.609702627077267,0.38511496260362,0.220705656077487,-0.0001694812979846,stable,4
3.33792836738663,8.65273601160531,1.1415703664639,8.0557711137963,3.20215651474233,-0.890732949092029,-0.933152721378882,-1.37827084427142,0.22553340013145,0.416757941521013,0.794265632719279,0.619633645894527,-0.0125678025790836,stable,4
6.49427570032729,4.46085103255481,6.97794111729183,3.02877023384396,3.60930928613216,-0.909228951843351,-0.944663098112261,-1.75541723617655,0.778560805428756,0.604325135860811,0.457824156172556,0.0542199546930485,0.0421941453061491,unstable,4
1.6060469558166,6.3071329451466,6.98364586658126,7.02173927171982,3.51922478561205,-0.829110476955853,-1.02970291137705,-1.66041139727915,0.758620718702725,0.905573343473795,0.117739338168064,0.69843148326044,0.0363327882408917,unstable,4
3.15486460953451,7.96724616782663,8.22018082837821,0.991047857644246,4.05363681381106,-0.973711748445686,-1.17351495687648,-1.90641010848889,0.680824956121708,0.465670920313838,0.0804287492750457,0.123644338950986,-0.0350105808582164,stable,4
3.2017148094948,3.65579034731041,8.02426910596982,9.70232803793447,3.22315959188235,-0.7886135588401,-0.867634944203368,-1.56691108883888,0.853986679595537,0.821295653811449,0.123178763284655,0.63525688344423,0.0138932329060872,unstable,4
8.71093588115891,4.33433027669125,9.90343940455291,9.43200321867568,3.99753998577038,-1.36503164915391,-0.771051931817597,-1.86145640479887,0.502293286096528,0.266946224263577,0.783606314053435,0.312614621908463,0.046831646625202,unstable,4
6.45785558678805,9.68651604962924,2.01404150146191,2.63434090893307,3.91998575272334,-1.54760080689571,-0.686135465190792,-1.68624948063684,0.859518276112238,0.723106243471836,0.411591878751331,0.512025095021924,0.0291364004882671,unstable,4
8.74531003693844,6.97750579323866,3.35844382352601,7.85276377725188,4.3703483695881,-1.57445036915375,-0.838835878736712,-1.95706212169764,0.305221507365525,0.675623838322724,0.858225133034417,0.788793376160383,0.0625263370732786,unstable,4
8.73514211355654,5.82038514305352,5.42134819646862,3.5441561950564,4.0359904807645,-0.698744871368713,-1.43821117489714,-1.89903443449865,0.823915298135343,0.646082594259998,0.0873892798938428,0.312755213607765,0.036340410393611,unstable,4
5.55522937317533,9.48541006202896,1.02342721117007,8.30454698609135,3.11655312214843,-0.724313720200909,-1.17145382095554,-1.22078558099198,0.43269789136652,0.437159082389468,0.623098100538886,0.0619894284741604,-0.0341706259447989,stable,4
5.04562701254748,2.63721167249312,6.183347074901,4.61959161072179,3.35304795819553,-1.00009584667226,-0.873745486324723,-1.47920662519855,0.795641604139414,0.405690210637249,0.226645102748303,0.174876397485993,0.0048991415773533,unstable,4
4.71594200639913,4.67662728880682,2.44063042580815,7.7796611195014,3.59292064019234,-1.11074293312444,-0.995734272274666,-1.48644343479323,0.744708566335448,0.845244689515893,0.961809042051922,0.152271306497522,0.0571284148235092,unstable,4
1.53450696358295,5.10469343140152,9.33983086657525,2.61957882093954,3.39793870366642,-0.72147639082683,-0.892992727672949,-1.78346958516664,0.461994690389065,0.278277799019642,0.689015815676745,0.467203405607885,-0.0177502483616233,stable,4
8.88699207387985,8.01239312797774,2.83404651448376,5.72205017792201,3.85256778179852,-1.1742296744955,-0.948859407712251,-1.72947869959077,0.987437578700754,0.207139026207778,0.421278983299421,0.668781400602879,0.0492005599963007,unstable,4
9.51079594906977,3.37138497788174,9.62775101112423,1.40450048922417,3.09830404161868,-0.639255543034489,-0.9855707802583,-1.47347771832589,0.942718066058102,0.675514246004514,0.338144242921526,0.302260885407954,0.0217165582622711,unstable,4
3.80061548060015,6.28060198319218,3.22732553336321,1.75375407246194,3.57807727113888,-1.05774763640939,-1.10427925625845,-1.41605037847104,0.41857300951796,0.557755432959266,0.294572045897257,0.402493763194831,-0.0160722406963016,stable,4
3.44579791075094,0.732004757982772,4.23484277502256,5.8696775670762,3.62454694332461,-0.557563786671695,-1.40097382190695,-1.66600933474597,0.641485495801013,0.836008504763382,0.0765859254510386,0.828360955433499,-0.0102109861117802,stable,4
2.70962941852754,5.00610069073564,3.28398360668133,2.73262093111353,3.3683818896749,-1.01359705340987,-0.964334081756638,-1.39045075450839,0.738550401521268,0.512897886214533,0.688025083638674,0.977467491703442,0.0683307226558751,unstable,4
9.19649941029561,4.77972241674722,9.58233658467508,5.80157390797639,4.47756076458281,-1.51944769443944,-1.08323895687672,-1.87487411326665,0.559753215445142,0.861183942933946,0.147658965472027,0.769824488227904,0.0569176214021892,unstable,4
3.51572967032942,7.80537791427444,3.74246565845616,4.64466444008834,4.00323988262059,-1.45053249258715,-0.592851287070464,-1.95985610296298,0.978095271223891,0.975816127769214,0.58269394892297,0.800451509484192,0.0863539857174864,unstable,4
8.67147523190211,8.15146837269953,9.04109591349273,3.23414456179135,2.89926841490222,-0.55177597838674,-0.553227396185184,-1.7942650403303,0.8811477142784,0.818703026744271,0.467671543120613,0.507989813408102,0.0695827770330741,unstable,4
6.16198310433568,3.09177284837294,9.09798366143294,5.29767269424527,3.56822881126584,-1.29268985433008,-0.785619218197814,-1.48991973873795,0.155703470314541,0.443726933394496,0.788662688689146,0.842607940675588,0.0430503485153389,unstable,4
3.10167059085991,9.52917518805822,1.30189034833004,9.91602766603801,3.82876757413189,-1.07393289580906,-1.0273748363178,-1.72745984200503,0.155603591645623,0.980200112105532,0.448518967637387,0.306934044465505,0.0145650267599683,unstable,4
8.12608999920687,7.82361769654026,6.57759811273358,6.28075629590254,4.04844178484695,-1.04416694937869,-1.17101690488686,-1.8332579305814,0.381332664796101,0.522471333706856,0.846416640434914,0.197057503145202,0.0547275953445011,unstable,4
8.8098939620609,8.86328127347624,9.4660619171235,3.04196354644635,4.21225695780411,-0.755499247553048,-1.67415298120967,-1.78260472904139,0.750848458754244,0.965549143035652,0.171632951138549,0.183851046579004,0.0555875912213426,unstable,4
1.87554713879239,0.691110358876677,7.34266475511184,7.6563821424284,3.59225546848007,-0.962609023686533,-0.801906416248472,-1.82774002854507,0.826017676826679,0.777321920123898,0.371304484330147,0.548685163047167,-0.0459149446826048,stable,4
2.94739298546128,5.51211024586841,9.07568355317455,7.72174742996986,3.12591453123864,-0.733778644345468,-0.545220171437354,-1.84691571545582,0.354004670856151,0.634126501548408,0.619927069619087,0.628676112882537,0.0503694889846092,unstable,4
3.69449302148269,9.27135066842266,5.91796532268423,9.10899208492733,3.73355976535692,-0.611769038512441,-1.28607182763042,-1.83571889921406,0.781086164702768,0.0989757907002186,0.620088745113864,0.98105131221066,0.0538607476365259,unstable,4
2.23437723147344,2.96689047208163,7.65185217836579,2.38450638239078,3.45928736785079,-1.0138053497149,-0.574637866439018,-1.87084415169687,0.513623208673492,0.509790861218532,0.495311700447546,0.734435798918316,-0.0203070496346928,stable,4
7.00914264813016,4.54872020904542,1.28692356018805,6.33117461685678,3.29794386183615,-0.652158264910337,-0.882959566492401,-1.76282603043341,0.134362283470588,0.251396618918482,0.679728746915676,0.622914667784636,-0.0269601985697677,stable,4
4.66902283249763,6.48785567248302,4.38337321155076,1.19505250785812,3.83604700114679,-0.719531269193662,-1.29112845494887,-1.82538727700426,0.381753366120184,0.451832631890181,0.90529937365844,0.0964269957168447,0.0249869473579914,unstable,4
0.814857466219319,8.63878370929831,7.3986366039353,9.38229378637368,3.18730253820594,-0.669614274980803,-0.787641825567349,-1.73004643765779,0.388810668251577,0.458709277191978,0.907950249563907,0.726777378446412,0.0502585086609885,unstable,4
9.7716384062029,8.22760319805726,3.0438375718343,6.4184082438245,3.48877144967064,-0.89891422019935,-1.26264396433652,-1.32721326513477,0.415450964970012,0.867693171344504,0.409551371923641,0.0875259215030354,0.0299068942853365,unstable,4
6.85266064965298,8.27087181888469,5.64991957542002,5.82086158878139,3.56511977657906,-1.25210746377936,-1.09825196362125,-1.21476034917845,0.453908810242966,0.285917802458436,0.625401398186029,0.249909314126542,0.032203413376624,unstable,4
9.12355686123724,4.34108272052533,7.85687822763675,1.60985947912936,3.63388948373428,-0.810904200566688,-1.30533456615065,-1.51765071701694,0.733777134808019,0.762100907107302,0.48119353075185,0.852638768128583,0.0255573594334103,unstable,4
3.9348729011779,5.19956729793402,8.83454397128191,5.80381825484029,3.42092455994276,-0.972333162501746,-0.731813317699963,-1.71677807974105,0.607511529734049,0.626723547093846,0.620538554737957,0.410136121348495,0.0503307053745755,unstable,4
7.39083567669047,7.65242280805523,5.95360818998012,7.6618514846561,3.54467312127681,-0.662886104432726,-1.26525256849499,-1.61653444834909,0.338311130288988,0.289396776149147,0.854658952598232,0.835009642711888,0.0703594816787087,unstable,4
8.92417087714969,8.68108320303754,3.9886433796932,6.85118324660234,3.45029729564452,-1.46320763342393,-0.616816992292355,-1.37027266992824,0.127338304143046,0.286622639986351,0.186595554718756,0.487215121753135,-0.0045876860205648,stable,4
7.81663382078747,5.78476019964586,3.31345923459914,9.89023693564809,3.09332639057971,-0.945699714968272,-1.02194869526535,-1.12567798034609,0.715187233681744,0.868355744220547,0.461924240800241,0.216807958822279,0.0510237055894756,unstable,4
2.77980184970705,8.91942067565282,8.70287874793876,5.26834905712835,3.70897732813018,-0.530735368094058,-1.33994119353968,-1.83830076649644,0.957783656765799,0.616216130326748,0.340386364496825,0.220509650181788,0.0151235549601298,unstable,4
9.34123222492394,8.64839398995971,4.2169435277811,6.71686623064481,3.64277866132575,-0.830120992796554,-1.11834030581366,-1.69431736271554,0.488418341634865,0.517657421500244,0.820166532584759,0.603225210380539,0.0593365211349137,unstable,4
9.84083208810048,9.11435879722327,6.27619274163169,3.68395974009545,2.73612177515945,-0.701315475127252,-0.537606491974846,-1.49719980805735,0.816919482135926,0.144753466100105,0.328289903192688,0.745944073578307,0.0313199088081776,unstable,4
9.11061440842312,5.16117829645167,3.51269575966238,4.09080890071449,3.20240375288216,-0.994302779480291,-0.723206640829123,-1.48489433257275,0.792384277900752,0.275845970621265,0.606141924205376,0.232680883524319,0.0200003554920398,unstable,4
1.14544645354546,1.73055210277169,5.56584872808965,8.54254519858314,3.73276979004908,-0.890919784212927,-1.16870103910241,-1.67314896673374,0.817912827713904,0.419016857831487,0.368386158211471,0.269535839792783,-0.0206796254244786,stable,4
5.49570849892866,5.04936385725702,1.90023230057964,1.14526237276078,3.42665581689194,-0.78412823105905,-0.800214349278842,-1.84231323655405,0.170863903637337,0.581829279018005,0.257750367674099,0.204845292052713,-0.047142847215002,stable,4
7.1651259968187,7.68696696378586,7.44309405405377,1.35627211979969,4.0888916114169,-0.994876107677876,-1.11651742839603,-1.97749807534299,0.900660614633493,0.406584793005232,0.0803941160016868,0.38369804700902,0.0191590753956625,unstable,4
8.68757703273147,7.95623876854775,9.88399396807309,5.295233096023,3.94145589655533,-0.903345765516371,-1.55804274612324,-1.48006738491572,0.337957465510363,0.88561093898953,0.0553838871148531,0.250587835910864,0.0324005644643762,unstable,4
1.42178252167603,1.22021735771917,7.89273339832409,1.60072960851695,3.7088797680036,-0.832691425595107,-1.09667837597309,-1.7795099664354,0.139655748677865,0.417022151846605,0.205169181357705,0.632345803024732,-0.0448746437659591,stable,4
8.00137947055729,6.50399163771273,9.16074919741034,4.46889113842349,3.54904723486724,-1.10922662430604,-1.24937203747237,-1.19044857308883,0.94092654284402,0.824583989962768,0.243841927363715,0.0698050279796741,0.0590488143349516,unstable,4
7.99154271978401,9.57240434523657,2.13749462475951,8.14782991441439,4.30248545729838,-1.96246192699253,-0.5466449063509,-1.79337862395495,0.919835307143998,0.800496596411804,0.749402297603828,0.745286441649962,0.0693694205967424,unstable,4
4.75010373541921,3.4506343677173,2.68001170057676,8.71047559782537,3.83763538033061,-1.12448706983933,-0.865051735809632,-1.84809657468165,0.625244389402453,0.313693480827763,0.621679907551686,0.251041302075286,-0.0065149637372722,stable,4
8.92003387469704,3.71365239008311,4.9852667891536,1.8336831957504,2.93206702220812,-0.63412746774815,-0.561972150229942,-1.73596740423003,0.229870746193252,0.3859382584729,0.158662999725926,0.224943836519988,-0.0400964260936302,stable,4
6.69727641171016,0.810994699891459,6.35976534246399,6.77268091718765,3.03728689536617,-0.683955189054948,-0.885775429601059,-1.46755627671016,0.268799140361835,0.226269632307722,0.140808910650541,0.095035631655202,-0.0382779317657152,stable,4
6.15029823167045,7.36606090803005,0.987426117298869,1.98470028387409,3.89674109281705,-0.906610678938601,-1.27000167165623,-1.72012874222222,0.252048679234537,0.304246670820509,0.611484964784964,0.812970625792888,-0.0327538749845743,stable,4
5.75918773901819,3.40180152804026,3.33126002970843,8.28699350812102,4.15230510046453,-1.55703600126114,-0.717747747273918,-1.87752135192947,0.216677529070597,0.95810602685448,0.769059421716279,0.109572016220783,0.0165760233016177,unstable,4
0.757934971548873,9.46204213826315,8.45601586062615,9.51703818202618,3.30205346571731,-1.0879285317265,-0.816943886453391,-1.39718104753742,0.923168338865115,0.675425934949287,0.662822180711404,0.364119405126126,0.0162839256190994,unstable,4
4.40048055787331,2.52084890538524,6.30753313019838,1.30721099737396,3.41793995140207,-0.831869522632682,-0.758000295975828,-1.82807013279356,0.460298931913842,0.945432757280259,0.112194832617482,0.804004893629241,-0.0217562099821763,stable,4
4.46306733831952,9.39457730240783,3.86260615016447,7.41388451843599,4.1861279770016,-0.745630298337445,-1.53915091202561,-1.90134676663855,0.467225009781534,0.35769616583009,0.824620202162792,0.702945489841853,0.0479946183484095,unstable,4
8.86952280244146,8.63539622489145,4.36977826935319,9.08139178502793,3.66740667450177,-0.832422477802122,-1.02214374693934,-1.81284044976031,0.403970729319293,0.677303708739943,0.775000841129936,0.382809876912427,0.0535136156945613,unstable,4
4.99865861823016,8.46264402110715,8.67595988947055,5.7057831490312,2.84369414430347,-0.580527667268366,-0.876837885279872,-1.38632859175523,0.893851391236295,0.423665940040366,0.93223283069398,0.0678281355624052,0.061115994191389,unstable,4
9.13693682320853,3.98505720465693,1.90840760613279,9.13949287560881,3.05679477519009,-0.55444149517786,-0.664664493881888,-1.83768878613034,0.332248670353965,0.498312795116032,0.66942786339726,0.720666522589339,0.0102675796754996,unstable,4
4.45041542582819,4.42173193638021,7.8087927310136,2.7724356800691,4.09655137092448,-1.36332201515207,-0.742795521134557,-1.99043383463785,0.974788906686757,0.8965730766538,0.641610562793159,0.661838778452176,0.081498231932361,unstable,4
9.81553977057558,2.68259793293625,4.3080926697008,7.17404721427755,3.88823728469704,-1.2340498081351,-0.855506919989875,-1.79868055657207,0.633863849994353,0.70740095786449,0.416286657198153,0.267005602858254,0.0074180772267254,unstable,4
8.00789560228373,9.87776891891455,8.67037797489393,7.93557332694933,4.21781764594715,-0.63866077567091,-1.67503710935591,-1.90411976092033,0.755689827954688,0.23116946599323,0.691032208894862,0.458104595929208,0.0646088660379739,unstable,4
7.15707404390107,2.71210571142465,9.53977707125901,5.18534101417428,3.25593648253051,-0.704246723939967,-0.706856643383717,-1.84483311520683,0.37491708664433,0.397236001054725,0.567602281443555,0.248308518348571,0.0098140839065736,unstable,4
3.18088206411647,9.55776979720808,9.11198718061354,2.55470716468779,2.91446475114129,-0.826417021290166,-0.511211231186474,-1.57683649866465,0.653100142587227,0.923351210448721,0.832763593950922,0.748283115255716,0.0463235922072833,unstable,4
8.99046580878595,6.95376604824205,3.07518616223568,2.10137986556613,3.28748219782932,-1.08706134086982,-0.55703974402704,-1.64338111293246,0.929646534737404,0.218860897622467,0.420975409257211,0.872535881712053,0.0071289456136174,unstable,4
5.45443514260678,7.52031810272079,4.74866899559778,5.44007377886568,4.23650384847008,-1.43537754241691,-0.820466622198548,-1.98065968385462,0.940049860642616,0.103732796833009,0.415690013106224,0.811183305763517,0.065300257547489,unstable,4
6.72777089111491,9.79612018363666,2.47524632171969,7.53054209196273,3.67313216357238,-0.790048478039983,-0.898152302182035,-1.98493138335036,0.98083750413549,0.793134920810055,0.436589361124753,0.66172059371984,0.0714262959888935,unstable,4
9.66732107452634,6.23713622440039,8.86157234036883,6.47121439684274,4.23142536537519,-1.1545540753845,-1.26186245642694,-1.81500883356375,0.802050720539304,0.100206367044841,0.490516566473143,0.176005192265136,0.0380891762985931,unstable,4
2.41439894939442,4.79806891275737,5.83381926599736,3.93338877179889,3.78041830666715,-1.00200763261807,-0.85212361697515,-1.92628705707393,0.793481665038492,0.768724508917723,0.920383114621468,0.303461268224554,0.0668996809466202,unstable,4
7.36263379643927,4.78944827129644,2.30132312945527,6.6386784844353,2.98598165259246,-0.594767510763777,-0.889538192186516,-1.50167594964217,0.330876924978148,0.681352599496638,0.220077778062788,0.229120768256299,0.0002373719064305,unstable,4
6.85559425506193,9.05818852581644,6.85530370449034,2.41446978405807,3.40721409760598,-1.14199498522765,-1.11231441825689,-1.15290469412144,0.580808082369526,0.681813440731714,0.14256979139928,0.222831935607499,0.0262360402626127,unstable,4
6.22813770093964,3.24262924443063,4.19219891247614,5.64077775645228,3.93242223856709,-1.14228622892267,-1.01469759324074,-1.77543841640368,0.235950781688951,0.0874376661511895,0.27616457181809,0.341080976872841,-0.0431963543871869,stable,4
8.4192402851366,9.41646945440531,4.70185920171344,4.75212588617437,4.12256772098523,-1.73227170194152,-0.663199897306215,-1.72709612173749,0.661576290993434,0.753178395730076,0.406484528524132,0.491883579037075,0.0571288192268108,unstable,4
4.28460373711396,3.46110938252079,4.61636422001175,3.54525681519968,3.56182582200406,-0.712645866890927,-1.19960620025223,-1.6495737548609,0.213425805199023,0.320326117224119,0.916682607804369,0.624536936576112,0.0395817289225654,unstable,4
3.86910945507019,9.80308312793558,5.84190967811247,3.60065708809531,4.22879007897077,-1.04582709281334,-1.34998388179562,-1.83297910436181,0.373861786156348,0.876317954615987,0.284508848455508,0.392350425860393,0.024092475618851,unstable,4
3.25030680869779,7.61077189827722,9.71997696036781,7.6540139880184,2.79363902073956,-0.80548340908474,-0.501448065668857,-1.48670754598596,0.582029455464571,0.650986043895399,0.968791535456483,0.661476387456291,0.0718334453461842,unstable,4
1.00973495153318,9.8135964955468,5.90970462218078,9.81599038173971,3.73635522346515,-0.579140639502311,-1.22351600025669,-1.93369858370615,0.480474792750914,0.748290260219511,0.755558417732324,0.207667781035454,0.021977211549873,unstable,4
7.46342570503597,6.17721079236419,1.75033632258927,1.98629830314947,3.22663731134659,-0.744164915960724,-1.11532228479305,-1.36715011059282,0.0679403326136561,0.189520646070219,0.0939261631569127,0.560826488839821,-0.0363498589644475,stable,4
9.58495669833851,6.23444121385344,4.86897173682037,1.75874921271186,3.68485099139406,-0.769186398989789,-1.41993275854713,-1.49573183385714,0.93977701810934,0.268030447187287,0.610658022158505,0.178609217447462,0.032957751363743,unstable,4
7.24136375861459,7.10989121236745,8.30935160856392,7.74061196260055,3.19714651479002,-1.17517311038006,-0.780970014049078,-1.24100339036088,0.344526384231949,0.0797400035759574,0.200818661073972,0.911152059703618,0.0357883555419415,unstable,4
2.60565500329508,8.70664411381413,9.04393617969052,7.37389562234519,3.79652420481461,-1.2420961367293,-0.750194059472985,-1.80423400861233,0.636915553181995,0.288878028580021,0.812172306382704,0.12781754142961,0.0190707169061744,unstable,4
7.12418113512705,5.85931230868584,2.21816273027975,4.99013924139417,3.36575946722625,-0.541176830407919,-1.48403909244192,-1.34054354437641,0.975575798811838,0.550714182526293,0.47814366419928,0.495590227317255,0.0578218104915917,unstable,4
4.78676083428523,8.28965758761271,3.76508848537535,2.79759772462935,3.31259838739144,-1.130615322784,-0.720091588340327,-1.46189147626711,0.164503916681206,0.906107659779827,0.91952524844449,0.179457619263747,0.0323306572170721,unstable,4
8.16312224704035,7.10721127392746,9.68880631070263,2.05413453918067,3.59544865269234,-0.692772347750538,-1.25882090018389,-1.64385540475791,0.103278302493077,0.172867802180003,0.657643454417758,0.679534334910152,-0.0102389972981219,stable,4
4.78055366137122,8.11604801893336,3.61622664058609,7.05248747709175,3.05973594933517,-0.862244033447245,-0.614105472726584,-1.58338644316134,0.54401381119687,0.375666208431446,0.872886889233717,0.548624893243515,0.0500700918732279,unstable,4
6.95778159964917,8.50551774242179,6.94776804796611,1.72825054926225,3.54645284131717,-0.904644914000935,-0.64213282632723,-1.999675100989,0.685902883371708,0.65939632489453,0.292872105147856,0.536578510835319,0.0342226071578906,unstable,4
6.15779413596489,7.54934675012695,9.75331991543475,4.05398169464034,3.53256748255031,-0.695494959559315,-1.12899565760568,-1.70807686538531,0.596511241695366,0.223355383915491,0.641107600644494,0.978033472427436,0.052089778354235,unstable,4
8.61013546664003,5.65963174302657,6.42912207166428,8.27756538729119,4.16731193194452,-1.24937765400198,-1.11488898083838,-1.80304529710416,0.469792214779445,0.938431725495454,0.110838961822196,0.95225477346509,0.0724204489762493,unstable,4
5.5589241154864,1.08954757139919,4.55944172709489,6.91229462332209,3.61251274738821,-1.07641251474146,-1.12982448750818,-1.40627574513857,0.981304506282916,0.0706117113223567,0.958151872408787,0.380616418729236,0.063766652875497,unstable,4
5.85801636775912,6.97341157305921,4.4784343317804,7.77071049053723,4.05653905057755,-0.806007270087826,-1.28533173316529,-1.96520004732443,0.596789567981521,0.309962370352066,0.121849854108155,0.960542318287395,0.0538939243181369,unstable,4
6.21648666760773,0.756722542627365,0.934494733345206,8.18010480284531,3.92258659983014,-1.39461240526398,-0.722365277049493,-1.80560891751667,0.211144303655523,0.58267224518801,0.386867985133573,0.601191057360396,-0.0546035748711163,stable,4
9.3081495202989,2.89708700496329,3.7223975686884,5.68294843997058,3.62308112007988,-1.22702833976987,-0.839738755245996,-1.55631402506401,0.547643316522302,0.113831528131529,0.95295167132969,0.131668156578534,-0.000813616179014,stable,4
8.11343228235979,5.65006442897869,6.81051730566714,5.44240801565116,4.2062020784637,-1.13952913284415,-1.14703420166528,-1.91963874395427,0.696364468083849,0.899753614140579,0.770255913140986,0.229697104238393,0.0794278485327812,unstable,4
9.95451515373114,7.3636845046619,5.96266332042724,8.15057483396143,3.38065631408236,-1.37598952120732,-0.625628889124666,-1.37903790375037,0.225095106832336,0.495966129688545,0.6468178817608,0.289277580693255,0.0365836080980233,unstable,4
3.51983788925918,9.79913394371308,7.55213858928375,6.03745548692982,3.42703651089196,-1.14471724711156,-0.669775841249421,-1.61254342253098,0.295565544351062,0.120807431410317,0.328974195913336,0.980388182809873,0.0290449772937538,unstable,4
8.40367193172571,3.06369144380137,9.92436851292031,1.17084005568792,3.20039041257219,-0.81235172600362,-0.835131243947381,-1.55290744262119,0.173369166918157,0.280510052803669,0.345950967838337,0.162332743263571,-0.0440585649221069,stable,4
6.92164917500027,1.91707098051299,1.3632591158498,9.76522794067048,3.01289221291181,-1.08743724084783,-0.532409203375678,-1.3930457686883,0.175743035934744,0.789836999705585,0.89118414881848,0.861066838428492,-0.0360672820540028,stable,4
9.90056020115536,8.64402044630147,4.69149323382782,1.92875264213895,3.15720720953646,-0.753856383298733,-0.689314053993521,-1.71403677224421,0.398017951427754,0.43049459520826,0.337950958052406,0.466353578870419,-0.0033820185746885,stable,4
6.91067863057607,4.74629464914879,5.99273466016616,3.01471418844069,3.73680998418698,-1.33528574378194,-0.579758534544625,-1.82176570586042,0.121375535991075,0.98949511712398,0.2941657096564,0.527474167599275,0.0287655299605808,unstable,4
6.69606606465795,6.23265250713872,6.90807299891758,5.18425925258567,4.15858148321368,-0.50248961055465,-1.75836558473943,-1.8977262879196,0.222881088311593,0.209828443553613,0.0778866026733478,0.0566697448984778,-0.0416975325001688,stable,4
3.3323619124894,8.70938946008716,1.84988278698777,7.72977805734541,3.34160316192708,-0.743131052243838,-0.854826501522399,-1.74364560816084,0.541886057711878,0.620550019972144,0.212141924467998,0.156486458483745,-0.0096702914898055,stable,4
6.77958618815457,9.64591952072418,6.08126718298566,2.93835885685902,2.69672164753246,-0.560576503769716,-0.744006579655805,-1.39213856410694,0.52954895406377,0.639055956581273,0.248267704029898,0.28509759399068,0.026390284897961,unstable,4
7.59401873618617,6.38650603980561,2.05861259598383,5.75420956838097,3.64773353817493,-0.768487102525588,-1.07667611883739,-1.80257031681195,0.975995944660233,0.265181902219959,0.814463286626608,0.718716219315514,0.053988489160119,unstable,4
1.85551124646012,4.68882608811578,5.30667071179609,1.36451480084551,3.8873874137401,-0.909881064261089,-1.00018188874256,-1.97732446073645,0.335901887986362,0.977922071014078,0.678336309935815,0.210010348448146,0.0301267856816942,unstable,4
7.48810170258563,5.72800961673855,3.25832094258679,5.38029589572523,3.88436479987573,-1.08228783858772,-0.834071826136985,-1.96800513515102,0.143521335946411,0.922633190459891,0.913324245161859,0.913926440569831,0.0824955382975534,unstable,4
9.88629324684938,9.48043427221626,7.74493607471532,8.86662210640275,4.32032793337649,-1.18140273332655,-1.23528506862081,-1.90364013142913,0.926872874911443,0.361536846700108,0.585857479453752,0.35134511221195,0.0665931750501091,unstable,4
6.27678352265935,7.47338436221459,1.16473246707649,3.48359319182618,3.62458946432779,-0.887135015735123,-1.22453892248175,-1.51291552611092,0.403398810444538,0.840128164714868,0.916765184752075,0.5096716022786,0.0120689475094665,unstable,4
5.82041141784154,9.13259076629052,2.33108714920706,8.32882353523036,3.23886181301913,-0.628799349003751,-1.26566875597084,-1.34439370804454,0.50894416812297,0.871941656759508,0.506912346919404,0.220590524758601,0.0329257764136909,unstable,4
7.56687394759263,1.13077254504022,9.36043964671992,5.89945479347378,3.98627159375389,-0.864782600635325,-1.4936476738546,-1.62784131926396,0.207686530781757,0.093377807953778,0.772942606731255,0.552426691476906,0.0278554968402032,unstable,4
4.36154452626209,5.31262634300288,6.51598801816155,1.39839856445367,3.93010120959379,-0.805645531890076,-1.20449593092524,-1.91995974677847,0.661164662644117,0.891338508706442,0.29771180150821,0.933902868992488,0.0391897347299681,unstable,4
7.70238711142818,8.12597656731484,5.41731587274815,6.3605790021754,3.68003071967581,-0.816476141952223,-1.17850623545625,-1.68504834226734,0.564902737813571,0.591313380995719,0.116469156366722,0.650433437466429,0.0529692386348761,unstable,4
8.32712378925095,1.60069688261313,7.19993192686962,4.06522455898846,2.75352738084934,-0.623991594585497,-0.570494822546991,-1.55904096371685,0.842931910883816,0.0742204823731806,0.661653608303396,0.519447342866717,0.0471575685993132,unstable,4
8.3840613943005,5.64733271411461,5.73380498769666,5.48496197174987,3.83846354024475,-0.902795664972742,-1.20251755921838,-1.73315031605363,0.433383674544515,0.325642313904974,0.383217181518838,0.825361238966807,0.0485186292471184,unstable,4
2.33201837677348,8.911151483712,8.06972894303504,3.50653071523897,3.53623423743295,-1.16178849500725,-0.667806492550578,-1.70663924987512,0.59446084448762,0.6234016748469,0.550871780013162,0.48162530252967,0.0217903918468701,unstable,4
8.05844220375744,9.00593388004727,3.37229552517532,3.41893636628838,3.11802548414375,-0.742914198607008,-1.08154077975403,-1.29357050578271,0.770057242778357,0.678755722855066,0.169987575763394,0.728062076482949,0.045179493129629,unstable,4
4.9767478820817,4.20062505948055,1.3409096002458,6.45212511184618,3.42338911387432,-0.836496147745813,-0.683430709466361,-1.90346225666215,0.24743716428583,0.861930040641425,0.218098221204601,0.93147891615868,0.045480013336258,unstable,4
5.03895364018993,2.85497544506334,2.35109939585044,6.76040414950831,3.82564837795682,-1.04753537279874,-1.1777009497663,-1.60041205539178,0.511727673895037,0.5355680848814,0.271664167005569,0.496352576402442,0.0059229883394579,unstable,4
4.13265116750734,6.18694122693213,0.905770423665014,7.94564423971925,3.83860970727101,-0.865192108260514,-1.10722795244193,-1.86618964656857,0.987970417035056,0.909761546038352,0.384792681674234,0.182152963698542,0.0392133351749116,unstable,4
6.46031220749121,1.79237703199328,3.31394737438387,6.53794372260249,3.29667920906874,-0.543895866427547,-0.922816076576244,-1.82996726606495,0.541468454085031,0.553831199570776,0.420658744986184,0.807087138084314,0.0324554853846563,unstable,4
4.43662359351155,1.61525148180609,2.152844614714,8.19449982989853,3.17888764681664,-0.855811378858273,-0.893082255108876,-1.42999401284949,0.578534428886548,0.81659132994297,0.536931671541411,0.590988870613732,-0.0167633356700402,stable,4
5.50091886532933,5.73401590747258,0.902232419408881,4.56098966698998,3.50582780134733,-1.0837437869988,-0.588461637742375,-1.83362237660616,0.0796729002056865,0.194076240098557,0.258937203456867,0.172084436943505,-0.0453938945677451,stable,4
8.78246096366118,1.49237481191701,6.66893280404784,1.29736130914271,2.90988266418422,-0.511365573682694,-0.597655816672102,-1.80086127382942,0.850676985408639,0.844737372154995,0.523713485450009,0.781114034613649,-0.0146974385771568,stable,4
5.94122080732353,8.58386825648545,4.1819436204317,5.90934551358646,3.09802866984598,-0.725495237639954,-0.710318968040787,-1.66221446416524,0.249287086955245,0.435500836452319,0.748441528006167,0.415101358397627,0.031507145245079,unstable,4
7.55999897013344,9.75446025459503,2.84041903918224,5.79950000414298,2.9439121834834,-0.90640461820194,-0.802311764377053,-1.23519580090441,0.725937663647477,0.556602531816551,0.20231548531488,0.12377070349535,0.0277086645633994,unstable,4
7.54006546144969,3.24063052048779,7.91119411228879,2.29003536321674,3.20144677332626,-0.785604270929366,-0.565017376409669,-1.85082512598723,0.700756085534175,0.0983781323270616,0.335343097682715,0.981956595141368,0.0061348671701282,unstable,4
4.98154435380298,7.47481394913176,1.06493715353612,5.97920860326164,3.79436854830726,-1.20883018936279,-0.699793029002438,-1.88574532994203,0.75464188951328,0.775182867204383,0.557502011023009,0.616700064626469,0.04917019859832,unstable,4
9.61043275083574,8.2822246242245,2.57612260671537,4.54126508636555,4.1895426908232,-1.28829161477102,-1.05218524326785,-1.84906583278433,0.456554412866904,0.218813313832448,0.444429203214371,0.218651199319864,-0.0158690254660609,stable,4
8.80843546273706,6.26617896942353,9.09405784626829,7.97261149155196,3.94780715725803,-1.26599809854953,-1.15131619206492,-1.53049286664358,0.74328761134099,0.683269373330659,0.645500399178053,0.592656920615071,0.0809718901640092,unstable,4
9.20715805207451,0.547247950926318,9.60173602911737,7.48192851512843,2.67314612048054,-0.61645671165752,-0.631263794332149,-1.42542561449087,0.890417713587616,0.545468186525267,0.918938486582086,0.372402496052322,0.0471939203046641,unstable,4
8.10040728571794,3.37866359084707,5.57585556805986,6.34761917790945,3.77803555475593,-0.928075336121255,-0.861251695001125,-1.98870852363355,0.191192632244072,0.955331268520865,0.348043863749723,0.278179177230025,0.0107824651687148,unstable,4
5.31151069721142,5.37451652817071,8.00400173973117,4.7774889326029,3.04025858073661,-0.643635132258467,-0.938457059576083,-1.45816638890206,0.526721599274324,0.487108019192849,0.876673433043181,0.97010851690641,0.0843351767032705,unstable,4
5.7305795333387,6.90658845350354,8.93832171184764,9.66712160685604,3.48249379908529,-0.876829575000831,-0.838302661936043,-1.76736156214842,0.712964105355152,0.150275006671591,0.170614751270128,0.918236959525865,0.0484789301302115,unstable,4
8.46384775315149,6.5482947224555,2.68365766890796,8.20130314256359,4.10141536759809,-1.29214560729911,-1.17032076744203,-1.63894899285695,0.934716592633583,0.133768370818865,0.411369630740342,0.989133011109341,0.0621372426553752,unstable,4
1.28737823511794,3.65864170880659,3.20581559624813,4.85963269888241,3.41211683365402,-0.76998610261078,-0.72450158037059,-1.91762915067265,0.559984884548826,0.0881441881127993,0.394409670739941,0.755956327428394,-0.0242090723608926,stable,4
8.11595060623208,2.27294497634459,6.12787210107859,3.22718236806516,3.66859454633662,-0.83227410858915,-0.949265589101159,-1.88705484864631,0.688150792166746,0.907851303551154,0.405143616696674,0.476722200249562,0.017906730834227,unstable,4
3.83626333174546,6.12270266228174,2.82580169260759,6.61030936121526,3.02652027421557,-0.912206721363287,-0.532726017090457,-1.58158753576183,0.376287246694282,0.397493373806238,0.261722272770746,0.796869087197909,0.0291536187436593,unstable,4
6.29104323133271,8.15385286864514,4.14579370416335,8.63490763776214,3.71791392897744,-1.03174574201729,-1.22189236888245,-1.4642758180777,0.243399202604832,0.850295167446484,0.95638664606149,0.36094218632158,0.0581368476140152,unstable,4
9.01018833036913,7.00505320758993,6.70249584787833,5.10525141392092,4.09993942034729,-1.11932697500146,-1.44082381795532,-1.53978862739051,0.471123370358512,0.215909108442774,0.287422883301816,0.682007845182855,0.0302290277421102,unstable,4
9.80132963046903,6.7793351698947,1.48387688668496,8.67118437457286,3.98775905107325,-1.0715588868318,-1.54269512514004,-1.37350503910141,0.710615431091915,0.503231308858187,0.653949400793008,0.122313348872403,0.0078300605884176,unstable,4
5.06093703373525,7.87471167322836,9.58683606013275,5.53981356966194,3.78483657722744,-0.720166812503501,-1.33837204364489,-1.72629772107905,0.241393494309423,0.856543773386013,0.492725380913538,0.744973950906721,0.0638947012168656,unstable,4
0.787858135869028,1.5473429205594,5.06336274555359,9.73727912051721,3.04014762042091,-0.504648866244673,-0.992095931513724,-1.54340282266251,0.157237866940396,0.481927398846489,0.238573040262283,0.76760669985499,-0.0200361504826236,stable,4
0.636760451827035,9.46801300117613,1.40187124091714,8.83598630107166,2.9558507560218,-0.729819881256647,-0.729511647380435,-1.49651922738472,0.134148466610583,0.998173865307694,0.307154555181257,0.534078464795621,0.0272360043664729,unstable,4
6.58944197765724,5.28647313610961,0.831891810815281,4.79325767927802,3.24655520414917,-1.18274111929886,-0.723060397409182,-1.34075368744113,0.365168072070726,0.437903285349146,0.256210288742925,0.777402559264322,0.0162769514778198,unstable,4
5.3590937718302,1.64887133299551,3.73022246387763,4.06913567695726,2.99986544335788,-0.771796995897405,-0.775592405221367,-1.45247604223911,0.759613978727409,0.950679165972678,0.707409958515504,0.582518643171183,0.0580014103775248,unstable,4
9.56036383259409,7.25610064969676,0.837910163837171,9.73045126189747,3.67760283381234,-0.571834109266382,-1.52657252380956,-1.5791962007364,0.880610848521388,0.656815202888496,0.891976784410413,0.237035814539526,0.019409518561237,unstable,4
5.09956198494139,6.6836005323267,4.31474225825145,8.61538699801893,3.9108428516898,-1.17179620116486,-0.798906313650939,-1.940140336874,0.200519530777326,0.0566194808948773,0.125429623990676,0.209084422374866,-0.0434853376223245,stable,4
9.06000388903451,7.31090884056533,7.48300433960293,7.73993849480789,3.36021509446175,-0.68266207309172,-0.916214997236407,-1.76133802413362,0.207390615607155,0.266326748517784,0.108506919057278,0.607776867371845,0.0143081154547422,unstable,4
9.6970677400879,8.38799254834898,2.20499482316232,4.74434388577193,3.51385156594869,-1.19545472130371,-0.965076767074887,-1.35332007757009,0.451566302135433,0.470652896692374,0.370267277081534,0.771991870681288,0.0246877364252257,unstable,4
2.77311002095955,1.99571770959966,9.74080564241303,9.45450740179131,3.66500304019736,-1.06679137367108,-0.661474929266621,-1.93673673725966,0.901378368329655,0.898712115755454,0.476100185884994,0.776243856706172,0.0019250023697941,unstable,4
9.63022302930929,5.83344426192027,9.58924874723933,1.46855308875926,2.8088140313944,-0.560403704308358,-0.66357119271725,-1.58483913436879,0.748468653599718,0.100066430640114,0.959389104310505,0.829101209517042,0.0313827822796131,unstable,4
9.88809777073929,5.76699606294701,8.61637855925257,2.90315889937982,3.32258409436191,-0.668682375668932,-1.19700014385656,-1.45690157483642,0.778245347006623,0.597608602439937,0.238003829673215,0.0770746941099688,0.0332699214525245,unstable,4
9.53403951662435,9.7875031872493,4.23575593441003,1.24435691827071,3.0426521572474,-1.06220748225779,-0.786990144572873,-1.19345453041674,0.606097481495387,0.303252703546562,0.465678691614018,0.487693036860153,-0.0031969564637988,stable,4
7.54360002938124,5.62774509134541,4.17903343821951,1.87573009084661,3.62471129202774,-1.16249585884227,-0.9335363619779,-1.52867907120757,0.449313557722333,0.0711506931410532,0.180635826916475,0.275524588898256,-0.0435122214590598,stable,4
9.9019655630993,1.73984748452072,6.54057405998808,4.19529928513123,3.13931403078471,-0.898713221977209,-0.645610083054961,-1.59499072575254,0.281612459388437,0.535747284555196,0.727238815937747,0.0805004356710543,-0.0124379271685051,stable,4
3.83961252660666,7.49711269761969,1.34294822983108,5.64535265164892,4.37426240616519,-1.42954207329801,-0.974780861690757,-1.96993947117642,0.70654235403972,0.736215000236719,0.769666621562071,0.918499241653515,0.0538502647056631,unstable,4
5.80541355571321,2.9674510129663,0.940878541503439,5.79005398783865,3.34818226530676,-0.764949706529058,-0.720583759118745,-1.86264879965896,0.614166820039265,0.262534829792894,0.785685788980381,0.816913062298143,0.0146957681719365,unstable,4
9.23357223305927,7.67266530928585,1.7087022417979,9.45302302816069,3.03378329564205,-0.597303510934848,-0.806827310605405,-1.6296524741018,0.378128045541956,0.223201092369435,0.297345402550629,0.769570316751511,0.0244798905843824,unstable,4
9.02683133361802,2.0905590664721,7.33673961883046,8.97909974292711,4.0821583257319,-1.26698794902281,-0.919146130311559,-1.89602424639753,0.125460261511889,0.714979938285191,0.894612523188008,0.616303806847901,0.0357911077501068,unstable,4
3.41878321888786,8.90041756735368,4.8405050825819,9.74698246980868,3.07540481730448,-0.526926152556285,-1.15013885758962,-1.39833980715857,0.834935040862745,0.692527192073731,0.586932031623264,0.473559606002623,0.046701466995854,unstable,4
0.845089185387373,4.99341482080243,5.48087037197613,8.77426565404127,3.96748312184477,-0.976250330567069,-1.03483113825077,-1.95640165302693,0.119576944693646,0.850767267882182,0.252390714900228,0.818171797839807,0.0372864822143631,unstable,4
2.59442190246991,9.9367703327906,6.77366809340423,6.37906670373458,3.93921835502533,-1.06349437837267,-1.19374862803189,-1.68197534862077,0.0770457578950212,0.351977350152577,0.487755136084661,0.31007113539962,0.0054825068556124,unstable,4
6.26797420983346,5.52245916968377,5.22833309867583,3.83609503434711,3.13655140550332,-0.794309505791077,-1.05176220493208,-1.29047969478016,0.775473857707509,0.721202260985308,0.986434012871587,0.768962470452405,0.104282549586727,unstable,4
7.65956952330311,3.16833581815693,3.05163229240493,4.22740772032072,3.89451827691232,-0.583550021583575,-1.44661557164792,-1.86435268368082,0.875105653690668,0.22058327342368,0.94551199796666,0.838630575139506,0.0581321163718018,unstable,4
9.53945726508858,3.57466777084575,2.33984205791053,5.40151051697449,3.59375588760021,-0.958432668661547,-1.27589279396414,-1.35943042497452,0.76675064973146,0.104929492553398,0.320286380557996,0.20219692376358,-0.0036870534630349,stable,4
5.62004177059493,9.03145292893582,3.35417910619528,6.41242605709448,3.01188035330619,-1.09013633386028,-0.541846359808568,-1.37989765963734,0.43820383977171,0.330453691209651,0.0597477213384444,0.790520509366193,0.0295652203934038,unstable,4
7.55557482985104,7.55295101127641,5.65463765031656,5.84997037034372,3.49982138585525,-1.10281340493374,-0.823807149571017,-1.57320083135049,0.0666241590506991,0.629636214789102,0.182544246621896,0.993691920922336,0.0474468078703314,unstable,4
3.6811332969674,9.79207337991854,1.96476690313718,6.96402833709817,3.1737951046108,-0.89218100887019,-1.10534760200115,-1.17626649373946,0.359675126973136,0.691412673412567,0.0845955358110263,0.187665213950529,-0.0006905399920282,stable,4
1.63912833508512,9.29693764406177,7.27219924254214,4.5380551930115,3.48815869485297,-0.885448789194005,-0.91906171043216,-1.6836481952268,0.495932491067009,0.962031116186306,0.407073832555949,0.445274715184121,0.0309011372192478,unstable,4
7.64972393654749,7.01198034107708,0.739884805423243,6.51649145287031,3.96769259842581,-1.30199057856371,-1.02457584270971,-1.64112617715239,0.977407966667926,0.162452220104306,0.4551615144392,0.233043730983617,0.0109876177299163,unstable,4
7.88623088077109,6.66373596441132,6.93621280264946,7.21776498570787,3.74251225351546,-0.540299468744057,-1.27332944210379,-1.92888334266761,0.875286562018477,0.418290292973485,0.15371629452977,0.610753638634014,0.0612322835892471,unstable,4
6.11287007411147,9.8140127607831,5.41257479260163,6.22525138679104,3.66274920440304,-0.776592350882792,-1.23863061274289,-1.64752624077736,0.535414133475337,0.782021128310832,0.0595146412924433,0.152783684516253,0.0282735274248707,unstable,4
9.63452622568457,8.63276374821255,2.09065691306767,7.12552794387901,3.51549556512387,-0.563449166474037,-1.61570240085151,-1.33634399779832,0.300705315316602,0.473726406959661,0.0704623966125515,0.947642470841365,0.0436180768975955,unstable,4
6.01780478740491,8.85483071005767,7.33491638739877,1.34042791918158,3.12036405353788,-0.80531897734378,-0.583414285275585,-1.73163079091852,0.376687930428439,0.539953403615796,0.570033285365358,0.107081088594974,0.0275296185300308,unstable,4
5.00214700748106,7.13445238606498,2.99354874964787,0.604253163590794,3.36665255342612,-0.912086323394324,-1.0462186839406,-1.4083475460912,0.834366847676151,0.743847865314655,0.592099148608828,0.628148197677824,0.0254196087783902,unstable,4
9.81583188075115,6.80222420141695,3.50681596363881,7.51113166645031,3.69762155523294,-1.43740327238799,-0.654288586121309,-1.60592969672364,0.496542395724161,0.990831385632424,0.338336204430703,0.57571843978389,0.0633979935639031,unstable,4
7.43286268904348,8.22584391232316,3.08553911248163,6.37628466483405,3.67882929476285,-1.12092501698872,-0.853232229724445,-1.70467204804969,0.726312735702801,0.851426231830998,0.474854984920057,0.873788638250345,0.0817054815312155,unstable,4
7.82217827433711,6.75380604205714,1.7062216021501,3.15872396629283,3.5963309409648,-0.858794114832417,-1.22581537306212,-1.51172145307026,0.630018941628619,0.118138615217751,0.166025575909406,0.128497590736513,-0.0229002049045985,stable,4
6.97710064632631,3.31736110494272,2.99678628375215,6.19063027047163,3.33980880978179,-1.2100189990973,-0.563045752746461,-1.56674405793803,0.192619262987406,0.195457694956419,0.543855456441032,0.561227976611285,-0.0087356278451913,stable,4
9.19807086033182,0.966367267821997,8.61402749127144,8.09639431319692,4.02825807647678,-0.792974990555877,-1.29272613589916,-1.94255695002174,0.183639357367962,0.0611079258720845,0.404739947073081,0.898649675838555,0.0333453140405673,unstable,4
4.5781661867285,3.12637489085387,5.47106881117726,9.063821802044,3.07625015885902,-0.639508251357893,-0.630538325621933,-1.80620358187919,0.38942165532514,0.746724795865925,0.0694344303189835,0.855085658810254,0.0208218850011569,unstable,4
9.24338350895107,9.19931404264663,3.84772902722277,8.30857592274317,3.64809378663601,-0.862823627874546,-1.4911529404189,-1.29411721834256,0.916280066934603,0.455359516072891,0.532878262956504,0.760015079359467,0.0708245207681019,unstable,4
6.36591008405698,4.78267820887881,0.920335368397378,2.40325866945115,3.75382260495681,-0.756848461728776,-1.45863363889238,-1.53834050433565,0.938355278958894,0.292778541621567,0.263803041820151,0.174280931030662,-0.0003744426574136,stable,4
9.26028081835148,3.82843239439521,7.56400388802001,5.71926549655678,4.14426951462332,-1.54356004055172,-0.905786386111251,-1.69492308796035,0.928479003233964,0.424595499660969,0.528888925788164,0.175898918645815,0.0472662882442038,unstable,4
3.66189199532998,3.95153459870165,7.88921221200886,1.77101257406828,3.44565478847229,-0.988713984436751,-0.632900316249905,-1.82404048778563,0.356398475182682,0.222500311534827,0.411255108205158,0.189903809879265,-0.0405266846219268,stable,4
1.66293638849544,1.90944091031933,6.21125074429803,4.59964568239086,3.7854384831479,-1.15671169978277,-0.83627707855422,-1.79244970481091,0.91106488099194,0.450189833296863,0.249208202398819,0.61517957887618,-0.021507921690396,stable,4
9.42009514556025,5.45660858100441,9.17373326278548,8.95168706000651,4.07922688178921,-1.56363152347922,-0.738780379766575,-1.77681497854342,0.30283317811082,0.589927910146862,0.392484023840369,0.318015195326856,0.0320426587681765,unstable,4
2.20212422515502,4.35036991250685,6.82264214322462,8.42695104449326,3.11331547333806,-0.573446669682721,-0.919459830907977,-1.62040897274736,0.692300572188974,0.258250556499338,0.195817990682109,0.718525728821625,0.0011887092600659,unstable,4
1.24199270176301,1.30678102501059,9.09465251278749,5.54280790741468,3.34344572094603,-0.622613709569164,-1.07487646587623,-1.64595554550064,0.0851589277031098,0.27770634668623,0.0609002643788198,0.766129731794571,-0.0414754349381474,stable,4
9.92267828919321,8.84401568149537,2.43707071451357,5.67223985622359,3.19474074902513,-0.846892383671552,-0.863908512969175,-1.4839398523844,0.349383989811798,0.222834965223633,0.407799746520576,0.722767302705095,0.0087670178618344,unstable,4
8.82825099511489,8.25919952844285,9.20580190657737,3.58876040228129,3.10946525855908,-0.525294618903496,-0.79303481923081,-1.79113582042477,0.358354498165302,0.455040336623429,0.501782707378624,0.559515345556452,0.0344829935548468,unstable,4
6.0708582159507,5.3479537623552,1.13729762035043,8.93572087818553,3.21799094427642,-0.725918680494709,-0.878174084231723,-1.61389817954999,0.0561038310542412,0.276167759633764,0.878282737751585,0.771850752582359,-0.0217940688142903,stable,4
9.55936279885269,7.03333689211577,3.84918070777182,2.12721335761906,2.91939505618955,-0.631240736804879,-0.690736444903829,-1.59741787448084,0.201150627017817,0.321725926200659,0.708899239134545,0.846920212812729,-0.0167594674647175,stable,4
9.14591945204626,2.09954569497721,6.02450079419641,0.933475069643662,3.86043912788179,-1.35866213367257,-0.69416297502321,-1.80761401918601,0.635251863505741,0.234850252770808,0.499277008277529,0.789588032158446,-0.0201729876995381,stable,4
1.92499666746421,1.36337337931865,8.53254078340874,7.33982938990648,3.54197540416446,-0.752498683503596,-1.11102297550524,-1.67845374515562,0.835413003295385,0.922351985485263,0.421725531607296,0.637353659928663,-0.0271879068073168,stable,4
3.02559266920511,5.8533571929804,7.015012571132,5.85976706017482,3.48784133468753,-1.28277210092793,-0.828136795396009,-1.37693243836359,0.971595040743256,0.860527208064431,0.847100491813765,0.640415794653792,0.092626098492388,unstable,4
3.97548433993466,4.64312046413879,2.81058709369624,3.15163602471913,3.46346771198774,-0.922920405240555,-0.80444935227168,-1.73609795447551,0.788413004559977,0.751609569820617,0.403295856484886,0.336977075221598,0.0472990570675924,unstable,4
0.534864296288788,9.69738581215604,0.511277098036849,8.99635083342815,3.85020156030797,-0.925156838805438,-1.12856617764776,-1.79647854385477,0.535203167351009,0.992807502993093,0.738912075133557,0.526348356499269,-0.0077290637924658,stable,4
6.82513964612435,8.68647813139946,8.94467402535389,8.95481395176604,4.17864410057557,-1.38751658821648,-0.860261106295383,-1.93086640606371,0.602000611479684,0.389331382901213,0.996450632813094,0.196115371162997,0.065070444013768,unstable,4
5.82778716374661,7.71005984658495,2.08868284443982,2.35259856169687,2.85312358052161,-0.635905972246791,-0.58699148531023,-1.63022612296459,0.338944461834391,0.480957801290617,0.22840173796906,0.922897841559665,-0.0142415844229436,stable,4
5.06815532482561,9.72698041493691,3.26972891904438,4.43960275000448,3.35921448353435,-0.591332859739475,-1.32899620581786,-1.43888541797702,0.976179635885152,0.983982277403078,0.119156582574656,0.115774335275621,0.0442476874132367,unstable,4
6.25862049206322,3.03266704390998,5.53004247887618,7.44467761067316,3.71066486789544,-0.559547661159455,-1.5033333277794,-1.64778387895658,0.962730899111351,0.888796682581976,0.126749769331069,0.331902690583498,0.0456712852686178,unstable,4
2.31704510249349,1.11790373844269,5.27502424141954,8.20905847196152,3.39561031550174,-1.06959448642837,-0.565802080396446,-1.76021374867692,0.214069649909344,0.399911549957714,0.57522598810146,0.778766109190883,0.0057640431625875,unstable,4
6.49527606079933,0.683585510395537,2.88626104753612,2.22513318774926,3.47115229044508,-0.513450511297572,-0.982700784492178,-1.97500099465533,0.964349275337968,0.465348604166036,0.420258040535941,0.773188719580844,-0.0044177671408338,stable,4
9.55409760381195,6.62505917729184,9.89628852026077,4.12112838494893,4.0304791422085,-0.757897136380081,-1.81383137617848,-1.45875062964994,0.512356025844523,0.942063770639214,0.767771011274918,0.617934356258872,0.0730643824497379,unstable,4
3.81067282570782,2.06927098782876,8.53814952728077,5.37588102875652,4.05491418274931,-1.36245227736006,-1.04687591055725,-1.645585994832,0.952910460047873,0.391410044252692,0.0551230601143441,0.816739925086219,0.0344654487478444,unstable,4
9.49985724583652,6.5682200640465,9.79996713437636,4.70875875059635,4.07148497085473,-1.53364086461717,-0.608138635819172,-1.92970547041839,0.981014679728409,0.522422651159373,0.236502626513954,0.798109490333527,0.0644431894074369,unstable,4
8.61091055492061,2.11923648046633,9.03875279120443,9.44533326633659,3.1358911080779,-0.977123989009438,-1.05205226881354,-1.10671485025492,0.732062915698224,0.404440880006328,0.326271695416981,0.166501117550357,0.0168841396328381,unstable,4
5.81304664885112,5.60799413283295,8.3157196726931,7.90215830695009,3.88222450428335,-0.944323946810071,-1.21928617235819,-1.71861438511509,0.0983178927002405,0.297343557802893,0.77606921928359,0.099405219672079,0.0147211759460638,unstable,4
3.03838759970333,4.39874910922551,1.70695110427495,8.04961151101742,4.02051065314649,-1.33420662074296,-0.688976649320836,-1.99732738308269,0.532279677578653,0.607065140880896,0.203880845034957,0.567894593694643,0.0033138175294784,unstable,4
5.65008788660022,7.85674279284241,3.6354665911376,6.3882422792607,3.80305313350767,-0.848482028501516,-1.08657299439543,-1.86799811061072,0.573802831094038,0.663376035918401,0.457483879774476,0.992281770495471,0.0776790616710673,unstable,4
6.87053799767097,4.96981408102197,4.75710284213964,3.15807439741078,3.03637771311589,-0.722914342278882,-0.648303748800408,-1.6651596220366,0.306552578293086,0.812096654091983,0.0566467160918133,0.609244692584411,0.0174547396082049,unstable,4
5.66235874344935,8.51362926037449,2.3621189999406,7.64447013023527,3.61696119745021,-0.903661061218125,-1.3387093638244,-1.37459077240769,0.188787410406764,0.813022326840425,0.845254944590079,0.648387120596598,0.0404699328822503,unstable,4
8.86252207379967,9.56998985000323,9.19064856953035,8.23479190651404,4.09821277122454,-0.552926513030077,-1.90835485772507,-1.63693140046939,0.700654896319152,0.282863073567849,0.182641639211641,0.104984254873279,0.0249199818772167,unstable,4
9.54150084796977,7.41787455130642,5.58731467823102,3.37646490984749,2.92155444824703,-0.831258953541343,-0.650940326910454,-1.43935516779523,0.457515727632067,0.697707012276531,0.685508142678073,0.349120253317741,0.050155844298568,unstable,4
7.2323371803929,0.930725154962798,9.83297143535054,1.13397843460173,3.02163479477508,-0.618832888371765,-0.952959275006316,-1.449842631397,0.477160483387646,0.60116898251472,0.460484753558118,0.206120308663052,-0.0317157102528357,stable,4
5.43833227181977,8.83091344410817,6.93973444959036,5.95342144966953,3.65385413044413,-1.40540136500784,-0.797459835018928,-1.45099293041736,0.919494973064155,0.915764136554044,0.50151686247063,0.605373427084407,0.0882099128008837,unstable,4
5.47691693116671,8.39651242015466,1.92952876999332,6.43830863523927,2.92758804783435,-0.606653557308309,-0.744290512084356,-1.57664397844168,0.277948273032417,0.875125660818946,0.0881325448227266,0.77178734780018,0.0503775460323846,unstable,4
6.81184222672422,4.43141591619693,5.88527727142035,9.39727226212332,3.02523556229914,-0.93698292010111,-0.504576998656115,-1.58367564354192,0.920899470721304,0.665872350245633,0.918678524039321,0.707542974530825,0.0929523358333235,unstable,4
7.9026782263841,7.18800927152803,5.90320266190004,1.2895996080226,3.61805583230989,-0.725231028394052,-1.36902530513271,-1.52379949878313,0.648301238519313,0.184341692457603,0.331342185796421,0.163439620775811,0.0040994050071486,unstable,4
9.22616128986041,5.70502658899518,9.87156102271103,7.29046098623356,3.0764059232182,-0.539061474333866,-1.38165512805445,-1.15568932082988,0.827131734172824,0.813213379641362,0.677507585946788,0.180134241045966,0.069646801713524,unstable,4
5.6067498207921,3.33924618446148,2.14129813300595,3.30551822121352,3.23997504927549,-0.609200507935614,-1.2037777131032,-1.42699682823668,0.84216626940722,0.308458713752541,0.232466000370466,0.680296535005583,0.0245787176682395,unstable,4
1.51487732565537,8.38275791563771,7.71106896451167,8.8217291128719,3.08906352423441,-0.587029264602088,-0.744573696423892,-1.75746056320843,0.730418206782251,0.11475877443601,0.46537413578797,0.833965577572136,0.0158410604024569,unstable,4
7.45929890660815,7.22267908634983,5.53174447278437,3.14419059967572,4.10560409519283,-0.668127311176446,-1.77401731300546,-1.66345947101092,0.880997918787983,0.924501580309903,0.126852729440376,0.548060070247684,0.0639474358943263,unstable,4
8.43410302844852,5.88976334872671,9.27781245731353,5.95962546594905,3.17186592074122,-0.761050167285348,-0.988348756996496,-1.42246699645938,0.751587789018328,0.101778660803749,0.562628548834806,0.703758611628261,0.058735580852001,unstable,4
7.40201126902837,2.40552680099012,4.61134646480556,3.34268599740633,3.5615696408377,-0.872227554930269,-1.31668810665106,-1.37265397925637,0.884215110748055,0.242992799867052,0.750142020702096,0.555374852139869,0.0474303360067564,unstable,4
3.21125695899416,9.11940404122873,7.65916857807058,6.08516960145731,3.82944135641235,-1.2302450568803,-1.06636602116624,-1.53283027836581,0.71422956228908,0.63225307572978,0.242763854242379,0.0604837645070942,0.0062478717001364,unstable,4
5.8346748306683,1.69784889123332,2.04838049968606,9.15281996735439,3.14306341330439,-0.50109849590857,-1.14320300698157,-1.49876191041425,0.848838651030094,0.946422145476894,0.197775735540786,0.744444992109284,0.0152326061678576,unstable,4
4.37863809156892,7.54724434068482,4.38475631182765,8.76908497184599,3.3727542306215,-0.502986880029645,-1.23468344815149,-1.63508390244036,0.780293820953324,0.192711786184816,0.74151455127076,0.297078571923909,0.0333753225188075,unstable,4
3.63860028384475,6.60879808379451,7.71412679468689,9.84123245105179,4.09869346350658,-0.865602536412643,-1.26116797472818,-1.97192295236576,0.103882524031996,0.645759122894398,0.907818736182061,0.331311074823299,0.0527928398964896,unstable,4
5.11409503502581,4.10484188466673,7.61934042697942,4.21605193138599,3.20952715157269,-0.658252404230006,-0.738585958904109,-1.81268878843857,0.447951264646429,0.941546114559654,0.727601730200248,0.66500587797834,0.0750124105028766,unstable,4
3.23672735112489,5.44274480141214,2.55691785786041,5.60408666238607,3.54415684713721,-0.527283826103516,-1.40261117171674,-1.61426184931695,0.951284830217842,0.432786356263198,0.6352669626266,0.248566463990589,0.0301871666627274,unstable,4
6.5857379572517,2.00347269339402,8.47001359536599,7.96325614780198,3.82043025984858,-0.95353696997083,-1.26295977964244,-1.60393351023531,0.569022635665869,0.928518356801011,0.762322781692611,0.942196909029424,0.0632261565474971,unstable,4
8.37521259159492,8.50930551003088,8.37346536287442,5.71334709678864,2.89084828199179,-0.541988483770541,-1.17682147088483,-1.17203832733642,0.670863496589365,0.322194597306836,0.438786445380115,0.828139331035548,0.0647867828267908,unstable,4
7.57530342867894,8.57030833927159,7.46271507112069,5.02956768131683,3.01062952650696,-0.607346527545585,-0.509465084502625,-1.89381791445875,0.831436132815062,0.706863473877851,0.723254573756939,0.14208217084672,0.0739013545597919,unstable,4
7.99750844457059,4.85823507058417,8.75331489407846,0.873447302588029,3.46088247011992,-0.742160931781062,-1.30681461189853,-1.41190692644033,0.989911970377141,0.313851086625834,0.406265578468718,0.462190596651345,0.0270800970831613,unstable,4
4.60783728284477,2.80450971295564,4.24530867799966,0.55556226604199,3.34399529218743,-0.882326936503907,-0.613982957688859,-1.84768539799466,0.258069456328151,0.476940416686076,0.939218464228895,0.761865349030824,-0.0071758196167247,stable,4
9.63834944412945,2.08027366995367,3.36308304394669,4.03113696709274,2.93973874606683,-0.637977828989609,-0.584640826389077,-1.71712009068814,0.703569512770263,0.778086591068613,0.833185074693742,0.789359164937948,0.0125180179907798,unstable,4
8.10362051906408,2.18971943676407,8.04535405848181,2.13384858680904,3.5993130429547,-1.00018681319879,-0.60923254921796,-1.98989368053795,0.322994805080374,0.729492274991189,0.642954361318856,0.909535752771987,-0.0091141069154963,stable,4
9.57062517309018,7.72284445193365,8.01025516330167,9.28979021742393,4.22134482538736,-1.57899469252096,-0.7727795950145,-1.8695705378519,0.810361186167271,0.331694765058494,0.464504916158483,0.976468653489455,0.0789204298340553,unstable,4
9.21649350799859,5.73867903572709,3.44949338781132,6.2095799812519,3.45686843554258,-0.996971838187927,-1.11117245648571,-1.34872414086894,0.280399073658949,0.448737898539549,0.930243976341826,0.838961361194097,0.0570089519904352,unstable,4
5.67478109337033,8.64061350403646,3.88334848881619,6.55340315919144,3.63008394245294,-0.979027167335874,-0.838868491228123,-1.81218828388894,0.398193782380987,0.387924759395492,0.454391395198022,0.937371860804132,0.054423485450105,unstable,4
5.76014733357809,7.82224241763443,6.08285778292528,9.51168053362318,3.96733454037993,-1.1324758937828,-1.27730935919096,-1.55754928740617,0.885471509019791,0.0583337794239505,0.20113911121887,0.232331205822846,0.0129424866164416,unstable,4
5.73324907378141,3.64705114344129,4.14200431957205,9.08661577467654,3.1163413140859,-0.794259025945713,-1.0105091745884,-1.31157311355179,0.71564728023714,0.804570078663341,0.126623989111139,0.463175399546649,0.0339010595789032,unstable,4
4.42115729566822,2.82611266291225,8.88468997319145,7.6735549429773,2.87512021559793,-0.855431799581984,-0.526196000571037,-1.49349241544491,0.964007359476085,0.120746529975522,0.764405411788204,0.476914690610756,0.0510657223109258,unstable,4
2.37628306927138,7.48482379086271,9.58806824888156,6.19532590526256,3.4733477393687,-1.006766765323,-1.2101116144646,-1.2564693595811,0.450176372266024,0.623789189111264,0.0882794475662219,0.580600669300411,0.0173385913247443,unstable,4
2.30436853890546,2.61672916841414,7.44738257939479,7.745521471883,4.14484893182638,-0.8828069251657,-1.36549049996247,-1.89655150669821,0.987264377760642,0.958257813108148,0.272538545821845,0.524581158319236,0.001663492700997,unstable,4
7.88716711150847,6.0761900822182,1.36417953640599,0.621767722634459,3.03145097013158,-0.667907876335853,-0.981785700781434,-1.38175739301429,0.144054369925401,0.559520408532789,0.773858147222691,0.179347839371862,-0.0417290662856053,stable,4
3.10382693723369,9.17125121819001,6.31033972427077,7.07651909601428,3.42265712608915,-0.766197310450266,-0.811144427991658,-1.84531538764723,0.440873244103911,0.193071972681505,0.570878222034484,0.373550001511369,0.0127191610313842,unstable,4
5.13354108986766,7.40314999828515,8.37623228428595,9.83337849467701,3.83253046893608,-0.751860755190928,-1.14692162625396,-1.93374808749119,0.393140624510823,0.630082191474726,0.170401091436764,0.842241098549697,0.0530326187263276,unstable,4
6.94986161166682,5.79928782283354,5.23426813876183,7.63204787546608,3.12383879602473,-0.697415537314164,-1.01424643857054,-1.41217682014003,0.774820998843841,0.844581369425651,0.929434420142298,0.814472554633766,0.106802964650686,unstable,4
7.90728914474578,6.69416595645732,6.75254797960606,5.1954233261677,2.9808418206228,-0.792665031384409,-0.760323017565906,-1.42785377167249,0.937834696530711,0.827174413007192,0.762718556685487,0.962502052980727,0.109403206284885,unstable,4
4.66505293529197,0.586285965659912,8.50629371134647,9.27033941877062,3.63399136412951,-0.780670662099938,-0.961296201625629,-1.89202450040394,0.725289966932783,0.211566936079151,0.201888008025052,0.740321226562896,0.0180915610366329,unstable,4
9.95437614493659,8.20077332262532,7.21268407079717,7.47346640232881,3.42356423479349,-1.3522328772029,-0.590344089583878,-1.48098726800671,0.817618389780953,0.0718831317950878,0.779941236191251,0.700864592079142,0.0702724136527052,unstable,4
4.4957895442605,2.3745741150017,6.45648530265131,9.96448122948218,3.0517797973458,-0.645728006001795,-0.779893035477214,-1.62615875586679,0.344171427188918,0.560728453736295,0.0719084830289404,0.218916411990414,-0.0299742404013713,stable,4
6.54759097291661,6.59389219833494,6.43886726560852,4.35727310322137,3.37325430997789,-1.11560819691597,-0.682391723625129,-1.57525438943679,0.572288873956609,0.520138712075281,0.362431825458311,0.443505503245619,0.0462279554904722,unstable,4
8.13880202240436,2.14852590878848,4.662209774665,9.89077468258695,3.24414090414623,-0.688255027081142,-1.05622461755238,-1.49966125951271,0.910210598369985,0.886418952770717,0.294391773535898,0.13779799907452,0.0117761593704528,unstable,4
9.43077977873968,7.74088779474833,9.91628583897931,4.70828085465048,4.30397544354382,-1.39915845572978,-1.07829364313043,-1.82652334468361,0.308270432652564,0.880717694545658,0.811203776039543,0.498518034184745,0.0683030529913976,unstable,4
4.3459001606249,7.62027688659002,4.17599050680535,2.25866674617979,3.09928617272474,-0.718017041966529,-0.67225380737012,-1.70901532338809,0.198666047446647,0.0985570578546275,0.287543895780473,0.795988309680128,-0.0188074377095613,stable,4
9.68575091063264,1.83382941950263,7.90029441959143,8.58203659013174,3.36812195145982,-0.844362511969917,-1.13136585431701,-1.39239358517289,0.745201506295784,0.997420203610283,0.162399290145373,0.438180752639048,0.0105414526929961,unstable,4
6.49773484017507,8.22679070751854,5.6276800429314,5.10102664034838,3.17763143428881,-0.763088457193691,-0.54304335054066,-1.87149962655446,0.238879661682157,0.571893109591249,0.78489807916441,0.103403280262711,0.0356990408974215,unstable,4
4.99476205340382,2.82163862050677,0.760454872044316,9.20618170509944,3.88896443129158,-0.88044757688283,-1.3551018285687,-1.65341502584005,0.728578310692322,0.275256876540339,0.254376715685484,0.264639378375314,-0.0314738944272133,stable,4
6.87317040189893,2.88093884430138,4.49472700403089,5.61164125374146,4.14078371597349,-1.19440185768286,-1.12120880248006,-1.82517305581057,0.429480583977693,0.882519706923914,0.0589127695221419,0.370015268636864,0.0010299227190934,unstable,4
6.52780933668009,1.29664735876125,7.04354246667407,9.55443073478804,3.87890891668172,-0.881333307048737,-1.29392293982235,-1.70365266981063,0.399637211966469,0.114640592914588,0.786457316099389,0.0585784720866685,0.0101287010966668,unstable,4
5.77662721771169,3.61584835881018,6.53433591946376,6.96350617131111,3.52091431223742,-0.745897274922533,-0.91222169751036,-1.86279533980453,0.893138846594427,0.795722916307917,0.879941603765378,0.93519590460861,0.106961596893516,unstable,4
6.93311472673629,5.63921762700707,7.92418807304898,1.69103924583264,2.99887009152467,-0.623217887078028,-0.801527342657954,-1.57412486178869,0.916189045743973,0.535657894519732,0.865360306937419,0.0996109159773716,0.0691194120849132,unstable,4
6.78613496722665,3.15932718740864,3.29863639617275,0.576478148965863,3.24697194024842,-0.894898260888341,-0.745570405430347,-1.60650327392973,0.710863584249368,0.579256941539812,0.87163562824888,0.0756958487147232,0.0224726567066174,unstable,4
9.05344895073442,1.79412838906058,6.11394816040897,7.8100363915636,3.21831040334545,-1.26847405028512,-0.619317370606458,-1.33051898245387,0.146496521776698,0.995150095763789,0.131098957525718,0.0794739046064997,-0.0411875732489862,stable,4
2.79766589043977,5.03795381591922,7.98012853605369,4.85102056840976,3.52512138759495,-0.942420565662952,-1.15823234363548,-1.42446847829652,0.628989827331998,0.157877239547492,0.390405152508382,0.890979674654827,0.0262866724307393,unstable,4
8.36298096505961,9.78167729364303,2.696154429497,7.9203628142498,2.67615140454116,-0.58339426550261,-0.578095963609044,-1.51466117542951,0.481367936193924,0.843389333175726,0.467351166455932,0.455052824172168,0.048209248607947,unstable,4
3.53046386251602,6.67253500943052,5.32656850304748,1.78786323943667,3.09147786386737,-0.504408052982716,-0.764502927570604,-1.82256688331405,0.869226541645273,0.477459081797361,0.64925039046095,0.186670029287765,0.0367804423502895,unstable,4
6.2075882812529,5.2784780735935,2.89650477705513,9.52894977476004,3.18353715698688,-1.11506959983504,-0.650122458801337,-1.4183450983505,0.465548065385024,0.211191301741176,0.790335224883346,0.168570598596912,-0.0097838450116629,stable,4
5.13243022356237,1.52142765072741,9.26888948027516,3.55500151512313,4.25820661871505,-1.17734537287409,-1.19404515242123,-1.88681609341973,0.350624716173166,0.5406153564852,0.0967428050413472,0.663950058352391,-0.0477411839913785,stable,4
3.34818107650783,5.05278955643079,7.64459086530226,7.34609384005013,3.73731693170412,-1.03941864627115,-0.803532709777984,-1.89436557565499,0.749403291329775,0.923438022110738,0.892274892980539,0.362383863367825,0.0768981141660518,unstable,4
8.05680446938851,1.87008108279344,8.87888012717904,1.65908670640177,3.92566142218039,-1.01706311805446,-0.952640888620715,-1.95595741550521,0.322858011664515,0.266878019171311,0.231186280243235,0.0564935369380261,-0.0349802388192139,stable,4
8.75193033697443,6.82316409080309,8.92910035797126,6.41104194687717,3.51047263150936,-0.707617978335626,-1.40669517351136,-1.39615947966237,0.410499881049839,0.425308194139858,0.597661386873357,0.900678112435092,0.0692320469907328,unstable,4
1.2149001219977,3.2541058591785,9.93371176908902,1.63920041035138,3.46476172455662,-0.78166218243211,-0.726976413471461,-1.95612312865305,0.430764000134455,0.134000276609652,0.904270584270421,0.647766950039845,-0.0298262316480374,stable,4
9.32872223112012,2.35519315556969,2.50057483987142,2.7966471601523,3.89591471424928,-0.953333875775256,-1.00270858853429,-1.93987224993973,0.99325027983301,0.726018662923655,0.522094683874055,0.269636704895995,-0.0078924289121892,stable,4
0.500793021360319,6.73436040638812,5.28435663398347,5.79777098291717,3.3875910120042,-0.752655987055786,-0.972783318566356,-1.66215170638206,0.80270698701451,0.204237119957617,0.642260224604694,0.513210242617064,-0.0143540212127035,stable,4
3.04106375869714,9.98207696112154,4.13743078540156,1.52694856990888,3.49656152024511,-0.637025336224958,-1.00737864828091,-1.85215753573924,0.936174959517395,0.235721171992921,0.182743363132053,0.225596790870377,-0.0521741813639121,stable,4
7.06973887853911,0.694880037844833,7.80086328277605,5.90913745203371,3.60664993530619,-1.30289883139189,-0.662113876996061,-1.64163722691824,0.526855511433305,0.273312013743521,0.071468409005102,0.948378418518937,0.0210863700318819,unstable,4
9.74349666664205,7.00963740531779,9.77942172633504,1.2253213445938,3.23014066666077,-1.26972542824736,-0.70663906691625,-1.25377617149716,0.486342863352806,0.862641309488188,0.967917692214317,0.397202177977285,0.0579020649092609,unstable,4
9.06714647816452,9.47292633469069,8.14008925842298,6.14394139241555,3.30720235955907,-1.45517622628136,-0.526020735927031,-1.32600539735068,0.26546751003242,0.70703648251124,0.0819332706907741,0.707150145158999,0.0426918903103136,unstable,4
6.26715359153606,5.10970545857437,8.32230285185315,0.768977191419224,3.87072561944893,-1.22869596707243,-0.78952847664064,-1.85250117573586,0.481672609226135,0.335242588927261,0.271768913021043,0.330120562578496,-0.0184782046322367,stable,4
9.01371505619844,8.20662358309962,8.98145727715139,5.67715526050353,3.93125699731536,-1.13141786501354,-1.33864216673007,-1.46119696557175,0.866211266165171,0.677453837341671,0.508787567614015,0.386493211693193,0.072881045228934,unstable,4
7.40661754774605,2.1646555026853,6.83177881009809,6.97284280249898,3.71977637561899,-1.4013129949239,-0.531739029104647,-1.78672435159044,0.223021916833608,0.697983189686711,0.119352042913605,0.515111968308345,-0.0161570299300208,stable,4
9.10636314614129,0.774707898717816,3.95004339030846,8.75896221143638,4.05117310001756,-1.78826713303769,-0.513863680528244,-1.74904228645163,0.415725379030581,0.436215883474577,0.388387968911718,0.697891131354471,0.0066698595784102,unstable,4
8.62886840918972,3.13734680223142,3.13361918466964,4.39168289964746,3.57843061256638,-1.14298676823773,-0.783538979288947,-1.6519048650397,0.72609890816978,0.747555429554273,0.134283690668638,0.700310614583961,0.0273019872424897,unstable,4
7.54052949248435,7.55946925536174,2.21116841283577,7.34204970421509,3.44718912092519,-0.994757995993563,-0.561270108951349,-1.89116101598028,0.218851973136088,0.74656079434037,0.71938108341208,0.344840733279386,0.0218567380398282,unstable,4
5.97514980363032,4.07816747483013,8.41507974729211,9.35906520019738,3.50223386204462,-1.2407146911909,-0.871432618943939,-1.39008655190978,0.100896756652704,0.87465865400151,0.190622080160031,0.16683778221881,-0.0158196030195989,stable,4
8.74937205699055,5.26224515401811,9.35870415500612,8.98955821923471,2.95384094707525,-0.534253131459316,-1.35914083906729,-1.06044697654864,0.553873954705013,0.958446691009902,0.61321517572912,0.563422792193102,0.0747658825959357,unstable,4
5.89078900371976,8.23509617051503,9.18598194933901,4.03171355503865,2.97917296806233,-0.747502289645932,-0.909608326287998,-1.3220623521284,0.679854042777217,0.844423799988637,0.603616329814416,0.0751877582228975,0.0613176622224088,unstable,4
8.68082498995793,1.7003643716917,2.7022127609018,5.44774245287867,4.16154578489565,-1.00755712991671,-1.34468510657629,-1.80930354840265,0.365451323658214,0.187302850353428,0.929318023307186,0.306688591420935,-0.0307070396518191,stable,4
7.70291061221031,4.34197828932891,1.4039831297533,8.16506584768649,3.16231917646906,-1.03661068152956,-0.515857104408694,-1.60985139053081,0.0750241785641899,0.698198161671793,0.816271230626011,0.797701015086331,0.0053842892427799,unstable,4
9.36967498231106,2.14513494077123,0.579067428994121,9.91290015322148,4.02493544247785,-1.0904987906915,-1.03322847156792,-1.90120818021843,0.43649004834754,0.9398605386511,0.86418700069822,0.0584028188924852,-0.0166312605906838,stable,4
4.92508222485305,7.01434093738127,6.83714434828131,3.49305033173335,4.1352809124751,-0.573128941540269,-1.61071113238661,-1.95144083854822,0.436046796932383,0.816723905508329,0.194882727366094,0.317649699299016,0.031536332695854,unstable,4
7.70394911360816,2.4501018920644,7.44226347527712,7.8796611253849,3.74014494401805,-1.0374529026691,-1.16733162739554,-1.53536041395341,0.269807922825248,0.861672710395469,0.0574529857032711,0.596393518335249,-0.0025641623472586,stable,4
6.67676542957864,0.964617418133281,6.38673704507883,8.86450480727163,3.41769512473874,-0.971770338165993,-0.730975489013491,-1.71494929755926,0.988299083786679,0.222391017717008,0.172253024469571,0.713892682370311,0.0443895310581759,unstable,4
9.22382013502095,7.20523272631642,2.48751726056428,1.34636869957093,3.19181138291984,-1.25251545539811,-0.776785884685197,-1.16251004283653,0.829979721284027,0.427162158323367,0.921428897569366,0.452159095011086,0.0037764556643325,unstable,4
3.55790880815142,8.25721932909959,6.41334138126951,9.36351546589083,3.52178155498918,-0.887748527973099,-1.17763217436813,-1.45640085264795,0.299333029472335,0.748006472383663,0.0561190652899724,0.185426481398123,0.0071258394569388,unstable,4
9.74686711749551,3.19175241646991,4.68869303107276,5.81419725372918,3.75502735459622,-1.15729212747022,-0.789877106722316,-1.80785812040368,0.720416242845183,0.857682238007015,0.918100778030103,0.0533063203602936,0.0334111091621444,unstable,4
8.47543320525647,1.44633059581781,9.89690542650307,7.55971122485292,3.70827075435166,-0.656147134370881,-1.06568165582736,-1.98644196415342,0.699947882934461,0.200545018752123,0.48906813352973,0.362305101458969,0.0339015303143083,unstable,4
4.10983887600851,3.74455776648987,3.68822329313778,3.54196225139474,4.17419846244136,-0.975429455981846,-1.24882293127147,-1.94994607518804,0.746400229112323,0.431950865047165,0.202931146384485,0.48852434441513,0.0219743621150217,unstable,4
7.81807671605913,8.95153974941748,9.7423301584332,4.9513493203151,2.99772417223142,-1.00054269679521,-0.717277321178094,-1.27990415425812,0.118415619376317,0.140507367350849,0.817313412150654,0.912492821946542,0.0415880121139169,unstable,4
6.44059568459279,5.22378846512751,1.56316157326314,6.99695082837128,3.73942848676272,-1.53293994386143,-0.658625112662732,-1.54786343023856,0.957363903335554,0.315263435622168,0.206727937711474,0.839091992170361,0.0599125726924435,unstable,4
6.15597586370301,4.54654042778525,4.02724405858279,1.84769626028053,3.51399951274384,-1.02684302810713,-1.13678491671595,-1.35037156792076,0.459312783367288,0.958515690404256,0.581583111837049,0.641174788449461,0.0528152454087043,unstable,4
6.45556148434725,2.51340935182825,9.73343647052594,8.4601533119268,3.77705538398166,-1.2363093824854,-1.09637828010633,-1.44436772138993,0.346529062426598,0.742085653752806,0.34983019745931,0.753271274338065,0.0290497094267419,unstable,4
9.7528854651487,7.65419869908079,8.76084934732561,9.70680380648407,4.13258612490581,-1.58628479398695,-0.638366293656512,-1.90793503726235,0.310414300848154,0.79564683154537,0.607439411685498,0.405976130086057,0.0629408188635441,unstable,4
5.9966139749474,4.90756877166536,0.56892300406039,6.23494954165795,2.82304585525305,-0.716716477710102,-0.559305407614121,-1.54702396992883,0.685726057659553,0.36117795788824,0.505084706141435,0.192987526718322,-0.0138269738987032,stable,4
5.28444442819417,3.10383321340616,5.69043823618478,4.56002676708285,3.84623579246501,-0.79239184937455,-1.07732398654401,-1.97651995654645,0.956165767943988,0.314090467334982,0.380303049218929,0.14795092728239,0.0298105036280496,unstable,4
2.81180792487212,9.77524510453386,4.03399955184454,9.12160846023905,3.46458331660603,-1.07513764216068,-0.604366370513663,-1.78507930393169,0.15914088097692,0.0790849996167026,0.373442751444908,0.349747105362916,-0.0332776923527485,stable,4
4.57114864054174,5.92136164435742,4.54385984515033,4.91122370944307,3.25198945680595,-0.715012631345657,-1.09729366201005,-1.43968316345024,0.383630725095347,0.612675826875317,0.594895056719139,0.96660453596312,0.0777984710529592,unstable,4
8.7630470984486,5.64517748802209,9.87643209118455,2.42395045355529,3.18328488780287,-0.66217538329002,-0.701399692819815,-1.81970981169303,0.183670847898945,0.48969189007965,0.756950694561979,0.590063611927856,0.0199871863385933,unstable,4
0.607786623051914,9.7465804034223,4.05849440420994,7.22192103972967,3.35321423112721,-0.610404489321006,-0.792482484024752,-1.95032725778145,0.374561879817568,0.643401698906609,0.879163982036917,0.844510613610566,0.0388862798901997,unstable,4
8.2722370671105,2.7707709176929,7.47923589325976,8.86058908107211,3.0023722336221,-0.570323444138199,-0.574809364471049,-1.85723942501285,0.32573622025397,0.201388675766924,0.353834452122388,0.242291287363349,-0.0037998430726718,stable,4
7.36841906121646,9.91759134815593,5.08678936180014,3.99956594351212,2.87741433989012,-0.512549155536119,-0.628192852740595,-1.73667233161341,0.871146101286147,0.996774005750425,0.380475714593559,0.370977975042983,0.0674425901868811,unstable,4
2.13331830931322,8.96580510618333,7.15896117290932,9.5730958660355,4.03425259038418,-0.699858749061567,-1.39783665292698,-1.93655718839563,0.407957582743886,0.404959418125601,0.232979769738626,0.607408697647473,0.0165792421619237,unstable,4
9.5008514291492,9.73996928828185,5.78639276122362,7.28879885149287,2.85367294941265,-0.897874351599126,-0.661042383243027,-1.2947562145705,0.960247743150264,0.422585712196564,0.760574922642749,0.987392530871879,0.0913017915328574,unstable,4
1.35992113144046,8.57960632855535,9.44797729747106,4.64989475036224,3.22154499810969,-0.744237001480232,-0.788902127554698,-1.68840586907476,0.492286628409948,0.774208570330606,0.81030646973462,0.121603678286977,0.0322259401926329,unstable,4
9.17753710333272,9.83595123331822,1.99859864246779,9.93842693066484,2.7412240325448,-0.62493533946923,-0.550905025081942,-1.56538366799363,0.220418160776454,0.216757946201144,0.466612133207441,0.378881208979397,-0.0137239013277116,stable,4
7.87890482916534,4.73932797232741,5.58239763103689,7.07518188649352,4.13618334908557,-0.730388850069209,-1.57793940228277,-1.82785509673359,0.463203259026339,0.948910320886691,0.572817767603279,0.889597520945476,0.087206567931811,unstable,4
7.83036685907257,0.828398477371735,1.73569067160792,5.4414320725778,3.09405475475614,-0.660424778373085,-0.69431455133803,-1.73931542504503,0.538887968088203,0.61091966532142,0.807562192606457,0.753373583988656,-0.0153393130955713,stable,4
4.87093735981091,3.19630890005413,5.58356943280238,6.01698401869979,3.19493350144273,-0.783191267795162,-0.517766211851058,-1.89397602179651,0.274717958935451,0.699681237207992,0.422528406640165,0.75265965804578,0.0456937865938857,unstable,4
7.14968283074884,5.60824730102577,3.36727206904717,7.77445207565789,3.37178770962053,-1.00483562571288,-1.09060104078492,-1.27635104312273,0.419037482336598,0.246223189554732,0.945343586428451,0.648659354271454,0.0432908278936362,unstable,4
4.12501855591096,7.51869775515444,5.2061196682188,4.81298136751719,4.33503226933011,-1.42819222793962,-0.969515465104382,-1.93732457628611,0.60758466934252,0.41398992041479,0.712263606760239,0.0960767674578237,0.0315132996439292,unstable,4
6.11583323265533,8.19720169571472,8.6432345096525,2.81803276675502,3.61890307712982,-0.635544495000283,-1.25969864117508,-1.72365994095446,0.431200977703632,0.688573141023632,0.273482484695446,0.168741842928691,0.026180016495932,unstable,4
6.04654364074761,4.5040691599647,7.27790371057303,6.95131858198886,3.86300522697635,-1.23086288977576,-0.999108442230022,-1.63303389497057,0.517604505040725,0.923970507164755,0.82551745374303,0.324162949272742,0.0757549628158722,unstable,4
8.93332654154674,3.28269436825007,1.82211381645728,3.64777986369316,3.701512987472,-0.961035294824222,-1.01168143504161,-1.72879625760617,0.643569335027504,0.451328586960188,0.775508951998476,0.114824215481124,-0.0236182244279171,stable,4
6.50610309772093,7.37720689680546,9.17732853642855,7.43525740657257,3.43682259282052,-0.611462371861434,-1.57486290682325,-1.25049731413584,0.69405711853108,0.394172675003405,0.209841928083583,0.32266294056733,0.0376036051766797,unstable,4
6.70804962882482,7.74302665319918,6.47801587592174,5.41534020215573,3.82309930324325,-1.0535418778031,-1.14441865098646,-1.62513877445369,0.226482123524536,0.370992765505186,0.478397687068132,0.862854074538515,0.0499611705187757,unstable,4
4.84644839404844,9.98719280040343,0.789514805116796,8.28936163768596,3.32759836520855,-0.977313546429959,-1.10085830193759,-1.249426516841,0.965808206784425,0.105653647820485,0.0746885560142342,0.36380603329424,0.0038646083809953,unstable,4
5.88028163219588,4.56346591179306,8.89664224933546,1.38715262184234,3.62455640119556,-1.16755401988137,-1.10274673863929,-1.3542556426749,0.189439019129127,0.550889998733468,0.153486319246625,0.891459231949215,-0.0254481156599048,stable,4
9.60898965591413,9.90916607728137,7.1517529438552,4.13529180277935,3.26560310687428,-0.588222219281737,-1.55556643982015,-1.12181444777239,0.388368866867542,0.842290434059182,0.450354705381886,0.0883706553012237,0.0450757865672874,unstable,4
9.23243019768021,7.47268867517763,3.35061543775341,5.79477401600824,4.26800924925374,-0.552013160847686,-1.74665403420539,-1.96934205420066,0.850807772763371,0.5837592334352,0.0521692304269201,0.894117606367816,0.0664575934599212,unstable,4
1.81558345905355,7.31381688205112,1.96813141344899,3.62970943899306,3.65090454003978,-0.888572682243853,-1.14346322797597,-1.61886862981996,0.199295648563498,0.389528463516716,0.0650464085885719,0.112663116264591,-0.0474908209218452,stable,4
6.31789348815592,7.42277004627458,2.66608358458068,0.880229121944821,3.11298013783774,-1.1977471256336,-0.587298034021817,-1.32793497818232,0.735559326513052,0.319328096985162,0.286638929318475,0.267666039956545,-0.0069035796442055,stable,4
8.01633562532515,0.673131552762724,9.47190502286174,3.21680788245427,3.5761066208369,-1.12929228828271,-0.687617923770566,-1.75919640878362,0.129103774977857,0.137709675821819,0.892883343735008,0.625321024055575,0.0070445521195832,unstable,4
5.32233526047764,8.00376415903696,5.23242665593228,8.13166678357212,3.58834263690226,-1.13315131618081,-1.10855936522642,-1.34663195549503,0.545769499283375,0.470322575510762,0.45209201438912,0.117816176759029,0.0256511918701677,unstable,4
8.30843529078506,7.94726551220003,7.15565406515202,1.17204410765577,3.35262970794328,-0.952610627310385,-0.782555217547715,-1.61746386308518,0.708863383689444,0.0676045046450628,0.569208239036638,0.204973864943613,0.0196426862282805,unstable,4
8.09437120385239,8.42178945529187,3.34860881767315,1.78226732008654,3.33841598832841,-0.858331459649454,-1.10320538776267,-1.37687914091629,0.637983166108184,0.131427765649786,0.964641866428809,0.738020657338253,-0.0033281393113075,stable,4
5.6227030699536,7.23352090402655,7.48349429927084,0.635045605125208,3.67027273260149,-1.15983401884957,-0.973056533210143,-1.53738218054178,0.914666463948464,0.0948151514968148,0.702682744924892,0.801396700307187,0.0155698288431421,unstable,4
5.42350668210342,9.80005659456177,4.13488845262707,1.08779720761765,4.15262608510694,-1.0791877229947,-1.0895853153222,-1.98385304679004,0.579383233376549,0.98182342275375,0.535800073916687,0.252239872751341,0.0326394476772579,unstable,4
3.09523665659741,8.57318462300494,8.99817435169611,6.18692146867084,3.51285618826963,-0.788815810444893,-0.87105568959167,-1.85298468823307,0.767213935658593,0.618795958920892,0.394552086932139,0.656972354117705,0.0480757300700492,unstable,4
2.14447286141601,1.14317119211749,5.26192067079993,9.59187923902797,3.10233035386358,-0.930563372733828,-0.622383762086555,-1.5493832190432,0.903393641307692,0.238920423826522,0.656147030408549,0.457509435182136,-0.0248589859510032,stable,4
1.57029322592668,4.73552597177032,6.70661432528016,7.08324380816839,3.31864580635767,-0.82969774980332,-0.773220906682953,-1.7157271498714,0.67700674191043,0.270699720547997,0.594130748801495,0.347426518147907,-0.0016781005518648,stable,4
4.23267446667948,5.39035206368458,5.83440704009663,2.12004264671842,3.52035481203584,-0.505614064690948,-1.27785493823728,-1.73688580910761,0.405887331840002,0.0955253760890127,0.925483233241116,0.67281810151406,0.023580207680307,unstable,4
9.4734407681563,8.39105288298657,6.80937042058365,2.49838369110251,3.99492762442068,-0.508458333496517,-1.58640143887593,-1.90006785204823,0.61360061975044,0.481743707696288,0.143599138772445,0.760204062861548,0.0172484274838496,unstable,4
5.6939684173846,2.36210581394216,1.53806411169011,9.36648917450589,3.71958351247479,-1.17881684913435,-0.93040097888509,-1.61036568445535,0.645380687446337,0.0668226881200681,0.253140144212029,0.284984759469799,-0.0197768092303668,stable,4
3.12390266500895,3.03713666845026,3.5362991079966,4.37712457154428,3.95631288637722,-0.915971853284328,-1.19821085381437,-1.84213017927852,0.364955078142886,0.0526575042308425,0.115781988227505,0.295636458598112,-0.0388108776680891,stable,4
1.10601929621241,8.95985451163221,2.35488148856135,6.95558970056808,3.55883480709399,-1.08636919242451,-1.00605689692526,-1.46640871774422,0.581250887067394,0.831024824144617,0.173080888124128,0.623884982779911,0.0138036794661945,unstable,4
8.57750997793885,4.51228613014061,6.24032831122894,6.68210765338638,3.69334068738178,-1.25924283330684,-0.731903315517923,-1.70219453855702,0.689638174680425,0.716256875038163,0.113365625485913,0.19322902168653,0.0281054032194553,unstable,4
8.59383042367758,3.65171852435396,6.77879968711527,8.03070229319662,3.50595968025644,-1.08152937547613,-0.61070232167287,-1.81372798310744,0.580441585932156,0.4406306982429,0.508094215247126,0.910584307573265,0.0660135404203843,unstable,4
8.2988317375823,9.81072827825542,9.72957103868084,2.18236418838162,3.510531152102,-1.19575394623489,-0.720728308413422,-1.59404889745369,0.24438139874171,0.165942532704454,0.967860133143014,0.33034100017198,0.0270382518680117,unstable,4
7.80825275270925,1.15027802696879,2.6582418309318,7.72194278279387,3.22610526889159,-0.508926768822095,-0.734397287614329,-1.98278121245517,0.616463582666851,0.44214897560248,0.612990371971201,0.227550916709675,-0.0208538163224409,stable,4
2.25554811125651,4.63502089490197,7.94784065583103,5.16450958351151,3.40207582645597,-0.82441373484059,-0.978230810952966,-1.59943128066241,0.246884009585036,0.380693636539576,0.782108918256369,0.829011105211815,0.0475304469476493,unstable,4
8.98645162583804,5.36263954441603,6.0731756155098,1.18343940450329,3.80433809793197,-0.966502806461824,-0.890005803883553,-1.94782948758659,0.661623007467282,0.293627742107651,0.0645361674315296,0.91847342274758,-0.0165562762897654,stable,4
0.968504107115301,9.45556236474862,7.56818488865823,3.30363420680586,3.77150579192274,-0.792577946150431,-1.08639637396196,-1.89253147181035,0.418158014003038,0.875405483346741,0.86180812653479,0.803869632136654,0.0414378427926324,unstable,4
8.52087319617998,9.6730803860789,5.22756818374756,3.78004147085715,2.70213275737372,-0.697205482234701,-0.616256290731241,-1.38867098440778,0.852644288458354,0.68396313271564,0.0818675149971154,0.971010657663376,0.0551592178457322,unstable,4
3.86701007741988,9.15351095589623,5.35631086590728,8.84448430102139,3.22213894607899,-1.11435563683171,-0.825820146011526,-1.28196316323575,0.847976828795524,0.439544530993863,0.864907505893609,0.661071017866861,0.0668473807596942,unstable,4
1.85077226774641,1.24720541795979,8.31410464824135,2.31311007599323,3.20146858890094,-0.842167409795604,-0.910257653549209,-1.44904352555613,0.934031132233718,0.747070295104265,0.344059958552407,0.507482932667653,-0.0369731479409553,stable,4
8.35039864293723,6.81171661036191,9.06428842360019,7.16590484074109,4.1046017904436,-1.1689348137143,-1.01252025511276,-1.92314672161654,0.354850217521228,0.851383138798851,0.481087822184578,0.254512731010846,0.0543765221146194,unstable,4
7.35080395577765,8.6239706585684,6.0848502896295,3.40705336047965,4.09394161194311,-1.2256581296234,-0.985801065184909,-1.8824824171348,0.150671912936311,0.530179947737831,0.724091791583073,0.283810385701279,0.0285452069006308,unstable,4
7.00961266291267,6.44623400291794,5.65095160402665,5.89000659467747,3.63608466295655,-0.835756637948321,-1.27601491036341,-1.52431311464482,0.200117742770686,0.646145233470565,0.238670882973883,0.910619337324612,0.055176725337217,unstable,4
5.86817627652013,0.710185831024416,8.52404880157589,0.949336354298482,2.88435155043115,-0.550045912818971,-0.672930427764391,-1.66137520984779,0.685323887044411,0.392292598661393,0.526841808587625,0.946183664517009,-0.032411130915503,stable,4
7.13383361630221,7.10297278226728,7.87888480687282,9.45794241012711,3.79000656232863,-0.927663686479093,-0.958109541762958,-1.90423333408658,0.762784226595926,0.814143609123389,0.377220079344194,0.438475452888726,0.073305403488918,unstable,4
4.84480140502689,7.94052201653208,4.5574447022381,0.971482455928891,3.51757017388033,-1.14902274174086,-1.06045536213154,-1.30809207000793,0.163623155908149,0.930245727926743,0.258741906056191,0.603409117401692,-0.002292393351216,stable,4
7.68955850703062,9.21568834444032,4.18966205382824,6.37244551210209,3.74396962274668,-1.47858255575481,-0.560163850506721,-1.70522321648515,0.671737021191297,0.459642838041745,0.106367881181742,0.80736039383486,0.0555648639991419,unstable,4
1.28180729228546,4.59403950919152,3.981602658431,5.89411342684374,3.91327370618626,-0.945866737653117,-1.13355258037732,-1.83385438815582,0.931622845405235,0.993102086121964,0.793075662169153,0.0843825979839556,0.0371490371214035,unstable,4
6.94744399664865,6.34364958954838,7.21491918956818,1.99756962799788,3.417710297128,-0.827732223313616,-1.25183339235154,-1.33814468146284,0.412620419415291,0.323865232327935,0.300602042716694,0.134308923013033,-0.0047542221905282,stable,4
5.59525346033034,9.81926743680184,6.53482005036041,8.53910662205003,3.67781648184189,-0.966446247637656,-0.737829447182,-1.97354078702223,0.236099724134916,0.450893910068033,0.481501780122302,0.986149037233489,0.0609445416248819,unstable,4
7.05683017689852,6.53507744437254,7.55624013333905,0.853579521356907,4.04305249293286,-0.630452076059021,-1.46907854192615,-1.94352187494769,0.698210096973386,0.354462662766095,0.33495652108582,0.389910675369499,0.0138324604439461,unstable,4
8.91950812253336,2.59068863407908,1.90355152202605,2.01721306801233,3.08581634957259,-1.00990681054711,-0.506488977309456,-1.56942056171602,0.655935073555918,0.658094113511621,0.899892250484893,0.9827425976294,-0.0185361485737622,stable,4
3.45410033664154,4.40810287872768,3.71996232867198,4.15076985888898,3.32611885194021,-1.09238764293897,-0.681599015418254,-1.55213219358299,0.602702074135722,0.953062174440406,0.885376710202812,0.538177609575731,0.0928697914931033,unstable,4
4.08664591900548,1.04125801664358,4.50631391122269,4.90015451907793,3.75392186965915,-1.23422101348327,-0.595350674655521,-1.92435018152036,0.673295385419306,0.706484518694811,0.358039928638284,0.938288071559867,0.0401604682177026,unstable,4
5.53041876166301,7.69470373742087,1.1165630356531,1.67634494165793,3.32543529192625,-1.14600062866678,-0.565425637400232,-1.61400902585924,0.852795087065988,0.745686791526406,0.764294746384026,0.484328768637178,0.0121783977953104,unstable,4
7.39711913383212,3.0941188199393,8.28452176568402,5.47442900573737,3.60660221806602,-0.566236154057307,-1.47567035095753,-1.56469571305118,0.604889454898221,0.555326465399866,0.217490161260812,0.62338396779047,0.0347657940033948,unstable,4
6.86259626163486,1.0533957211738,6.91519264819062,0.564735069290176,3.81977665187556,-1.18951086578736,-0.850215120197355,-1.78005066589084,0.706625396488869,0.782826532531814,0.335691331250698,0.911474100565778,-0.0166375196739009,stable,4
1.84434041456091,1.69320815693928,7.93036884554686,8.53559005436251,3.64466337228637,-0.964075237301865,-0.97217089198227,-1.70841724300223,0.718933598605079,0.463540244649262,0.150211540089285,0.612342430577555,-0.0390161134170042,stable,4
4.96086522991306,7.71996105481178,7.39125372080681,6.38578402407662,3.66326234098143,-0.754992094465601,-1.1407589051634,-1.76751134135243,0.674215305907923,0.14163476543628,0.33040727939286,0.206050259312674,0.0089925309223196,unstable,4
7.77607096197973,4.92652637862727,8.20903441234817,7.76500363192804,3.18319309123788,-0.710811197777686,-0.607112133688084,-1.86526975977211,0.360882834585587,0.811935830044297,0.391735440693862,0.118950150353857,0.0306171699298987,unstable,4
4.40103110817424,5.09568483227288,7.24828244557172,3.59086428369914,3.67163845833061,-1.42832253413128,-0.566406441781355,-1.67690948241797,0.525939635154193,0.663933358894934,0.0801325653128512,0.790353170003537,0.0396024329421892,unstable,4
7.15552014421489,2.26255238591433,4.62507302274804,6.64645113373251,3.04037560200262,-0.70204107256314,-0.66079763253358,-1.6775368969059,0.735365196602897,0.407369486121584,0.643247892513277,0.510383762812482,0.0480532419062592,unstable,4
2.13548407095256,2.2299521805641,9.13983568592704,2.7932337534685,3.38935790721034,-0.716533182851132,-0.881444644174993,-1.79138008018421,0.691436661513289,0.362007359288429,0.508055686688746,0.625866795654206,-0.0234349496252417,stable,4
1.36472684568657,4.23450861866131,5.98712875866225,2.47264300175284,3.87698221817227,-0.79872395749311,-1.12956777286752,-1.94869048781164,0.266867055125881,0.705655568554229,0.696236765078938,0.393279200048768,0.0159066112046141,unstable,4
7.42597010890357,3.99708014262742,1.55888332254454,1.99553546345478,3.60233335593271,-1.01574455152589,-0.625470206645923,-1.9611185977609,0.264044384290543,0.883783982299274,0.667117013471062,0.51980949245539,-0.015556363481535,stable,4
6.58216714647185,8.97946416800169,8.35451818111073,1.23103298433215,3.35525759939505,-0.646910995292489,-0.909078808179661,-1.7992677959229,0.652188612515407,0.355355027363115,0.792863356664596,0.904233219329983,0.0282977573537727,unstable,4
4.32939828399703,2.92238113815705,4.88952743377226,3.8124388889884,2.9762817457668,-0.580791381672444,-0.724707901491038,-1.67078246260332,0.0813468811882287,0.931304261683323,0.359206725484696,0.416172797141876,0.0016749565287645,unstable,4
4.6629561902506,7.0025297416125,3.72932010150286,3.9854329146228,3.61702600858333,-1.08503928565226,-0.581134976302425,-1.95085174662865,0.887368930611683,0.138095449775608,0.296310734788604,0.479730147405183,0.0240376694883435,unstable,4
8.29501746062785,9.55916735663046,4.31702676584701,0.821470865638996,3.71237979693694,-0.777214422014425,-1.03658895974151,-1.898576415181,0.891431139581676,0.976574965684444,0.175664216147445,0.8889121531438,0.0295521734221898,unstable,4
8.77676885902288,5.26755334135022,2.18694046157935,7.98375392523861,3.09485292932937,-0.637342779900564,-0.93943637612029,-1.51807377330852,0.203816927591604,0.487519452116278,0.889026195924867,0.555435401441135,0.0090622075718824,unstable,4
2.47473117444164,7.7803282678236,4.86500956246881,9.39475785431445,3.72874236668197,-0.706515000797634,-1.43032847600861,-1.59189888987573,0.547564510073901,0.876484136408697,0.110338609494165,0.188162015623405,0.0107453825401932,unstable,4
7.57281029189102,2.58146888690337,8.64235527369158,7.06765835522716,4.2810085650927,-1.15656584554559,-1.13056696799538,-1.99387575155173,0.496990101339252,0.81754752792688,0.768051744082414,0.868655340652963,0.0665387170734124,unstable,4
7.39287974463253,5.36739382010751,2.36489108021236,4.66479076781776,4.2190164158183,-1.21090159891224,-1.10376595826249,-1.90434885864357,0.136144305999062,0.579434436544561,0.926290248490425,0.818130891731258,0.0427817834206249,unstable,4
6.35580449222234,3.32197859866412,1.77464075787632,7.74256898464276,2.93537748073508,-0.687346212668379,-0.677616919735866,-1.57041434833083,0.26343202067561,0.308773640356931,0.331724888553531,0.474758816932945,-0.0240134914482204,stable,4
7.37406526024201,3.63508501015733,0.946378322940122,3.77923992933981,3.3292861728983,-0.782989196439949,-0.954978001719038,-1.59131897473931,0.483645763205595,0.256386545168565,0.0562333768642053,0.490931719275576,-0.025145007807322,stable,4
2.71214872139478,3.66167017214077,6.03803271029631,5.36159515704763,3.56190265840196,-1.30064842601225,-0.613782568312553,-1.64747166407716,0.72093063247227,0.739719214508687,0.0674253305740608,0.588616199583849,0.026663348967277,unstable,4
8.49924721114249,1.63953623879349,2.92135504969638,5.61643003889029,3.85866675970657,-1.35695191825334,-1.01021269210111,-1.49150214935212,0.355101572578306,0.0816846620285418,0.34870307521506,0.0597088712995627,-0.0528218864924366,stable,4
7.22407744608043,8.34655983672766,7.52377772621227,9.13442219723509,4.10530831620876,-0.51063566038995,-1.65822902901123,-1.93644362680758,0.285936350629793,0.998859900291996,0.132257769563188,0.857772754742699,0.069464138431451,unstable,4
5.13552981497486,6.59635634683835,6.14934169058553,1.83454197122571,3.76045199657689,-0.921890164023626,-1.23554985429103,-1.60301197826223,0.936990678405797,0.371074808593197,0.759493432883125,0.979910032116589,0.062267367302423,unstable,4
4.14394796950001,6.76315148457404,4.21179178734408,9.65610094525255,3.11684487646827,-0.557042104079423,-0.600510770828172,-1.95929200156067,0.665838121668255,0.59354583970982,0.82979117850855,0.734366709619369,0.0640938284469465,unstable,4
5.27560691646613,6.39496657334859,8.55216179320606,8.02207434109227,3.6024327345754,-0.775304220381519,-1.22806058117641,-1.59906793301747,0.578299863134939,0.542218142359359,0.783376609553341,0.969382754987134,0.0870978501490061,unstable,4
3.06151010108653,3.52237701034499,3.03670011533104,7.09905631072813,2.99258173056302,-0.801244571251899,-0.641921988811286,-1.54941517049983,0.972984652099481,0.805467235649047,0.253720868030423,0.872976278109908,0.0584232861948186,unstable,4
1.30271028138822,9.42395923168174,5.31805338707909,2.35117883389086,3.97877300295176,-0.849080074930435,-1.1537774362054,-1.97591549181592,0.600223946301389,0.815937542248226,0.803916387150426,0.763320544848817,0.0073640883555339,unstable,4
5.354803336398,5.12452266275648,3.69740532668655,8.48247997732974,3.47112151008602,-0.828704959204409,-1.26037848876457,-1.38203806211704,0.654293957629347,0.680173432809839,0.364300670254002,0.693658986740639,0.0593099868585326,unstable,4
1.8717337295907,2.31116393819673,9.80763603171691,3.77042368853452,3.07107776087694,-0.515295483994787,-0.906744814677583,-1.64903746220457,0.06033004696419,0.193574862486289,0.331140908872181,0.963330887081077,-0.0373861551458982,stable,4
4.9256117126104,7.54386292499253,3.60246149325179,5.94359999761434,3.58839791740674,-1.10344820626416,-0.753639444102021,-1.73131026704056,0.584539798677798,0.69812503046373,0.116270024892878,0.762803826327017,0.0571690262469726,unstable,4
8.57183509860566,8.97730910225004,8.81102731664945,0.706095715169504,3.69358598624848,-1.59101453335818,-0.51285654228027,-1.58971491061003,0.115683434303285,0.633735958188832,0.990784495556754,0.527757274762748,0.0319679141403229,unstable,4
4.21009358421469,2.47121770804953,8.14117659012055,2.68171150047323,3.85524427072751,-1.02014202629074,-1.03539357895264,-1.79970866548413,0.35536971860351,0.895356206541019,0.774607102896143,0.848244376429331,0.0197819344054092,unstable,4
4.00487115627448,6.02805281209109,7.57282014260782,8.48377715359897,3.34533048055605,-0.762848420797463,-0.893249293173431,-1.68923276658516,0.232931384560904,0.474835730243649,0.0959624001004268,0.188803054113662,-0.0235520023305901,stable,4
6.07455688030437,0.83913903317356,3.96740367913396,4.49927159880941,3.64199364252446,-1.11499250690039,-1.04835855631194,-1.47864257931213,0.670174147067205,0.10923695233812,0.254634415895776,0.690921989321514,0.0165548674343182,unstable,4
7.19340500411917,5.62518490158421,6.06887645499086,5.2109378154385,3.73119348739285,-1.43133126389891,-0.963177249044576,-1.33668497444936,0.577775497235972,0.149665768211314,0.126382204853054,0.262115906447362,-0.0042288747711495,stable,4
4.16295444871015,2.73321678596305,8.53935147578263,5.88011341734487,3.42592063801637,-1.02800803791367,-1.03609888006332,-1.36181372003938,0.560441940315006,0.286299747736136,0.674879050769359,0.157837082454661,0.0093872974065042,unstable,4
7.7088935975069,8.56232232436911,1.21693290056209,7.3970289406052,3.88417457450222,-1.57779085541795,-0.756624714226089,-1.54975900485818,0.331876361007622,0.892565786648997,0.845116663739135,0.176652057953713,0.0095324514293784,unstable,4
3.21365623841685,1.11113100788031,6.87179101673183,2.66255648465533,3.11375998462317,-0.841452232149662,-0.764938776040403,-1.50736897643311,0.952520210293286,0.477757718022938,0.687488047157709,0.998498622960483,0.0325108700899743,unstable,4
7.70982604989276,9.5873243027921,4.24298388546259,3.37870746711254,4.08537155151434,-1.00544383676597,-1.23372431296232,-1.84620340178605,0.989276406263799,0.657709025886566,0.342945969660975,0.22572973982377,0.0523758806338342,unstable,4
9.93124039860805,7.30640499991621,1.09616619561026,6.40628345554706,3.7315631204191,-0.818657626185811,-1.1299962720323,-1.78290922220099,0.30154333536941,0.786153804739828,0.432596076597281,0.541950170210694,0.0259264628904906,unstable,4
8.93213670924691,0.791007316540345,5.47445426850668,7.07997735643162,3.81363862236813,-0.753497793571732,-1.62891930762326,-1.43122152117314,0.694489606965603,0.669634007411676,0.146943801028986,0.281891480819193,-0.015296316328946,stable,4
8.55278796487001,5.91399285490299,1.77068015408977,3.67694228223392,3.88038478818642,-1.13747442829,-0.981957936252677,-1.76095242364374,0.919693098168705,0.879840602388993,0.984277893484392,0.602498023157336,0.0504870547688378,unstable,4
5.06759005199958,1.71071691278513,9.0583715913013,9.14284435763444,3.51032394541871,-1.36442764438022,-0.584769740009774,-1.56112656102872,0.93379570875703,0.0651563739600906,0.610484659820391,0.941629943978008,0.0649761168584282,unstable,4
9.21783766551238,1.91012661957077,0.717046229714178,6.79049456870945,4.22346331688629,-0.947887219705398,-1.41580653592509,-1.8597695612558,0.876753373254038,0.156574359288865,0.215856106737015,0.629038016784785,0.0231455532820179,unstable,4
5.74529279551381,4.24035844519354,8.53767352943232,3.20650243105354,4.09239029631084,-0.785817268747929,-1.51489520792022,-1.79167781964269,0.482277924772195,0.449003732637081,0.078315435978109,0.735937923605541,0.0074630170707197,unstable,4
3.80359377556171,0.899329724919691,8.38364859474411,8.58667953762899,3.87335495917231,-1.26256461557444,-0.984310269312654,-1.62648007428522,0.678807443781355,0.166600693993241,0.568935671998824,0.389467641505799,0.0120969843359455,unstable,4
7.93532362164458,6.51322384381261,3.81745112191534,5.86852578161431,3.578535705359,-1.41507675949021,-0.880993954581814,-1.28246499128698,0.800637695708575,0.0561473186604457,0.899075281810106,0.410797682547214,0.044362434773998,unstable,4
9.45286883576526,4.02170845268476,3.95141490854883,0.625250087895896,3.42121650115301,-0.663018503055593,-0.85713212582143,-1.90106587227599,0.763393728691173,0.331967495463445,0.486549178091021,0.270778134426712,-0.0049499752005047,stable,4
9.76652138064863,3.20361799826829,6.19828591511284,2.02450051988412,3.429425359326,-0.637452509752358,-1.4830411212223,-1.30893172835134,0.851907715214555,0.551379518440513,0.90313181423543,0.325484172121072,0.0413236074782097,unstable,4
9.37757740750194,5.22293588565534,9.00823468981186,3.87769707792974,4.20070638323621,-1.2139872536191,-1.11292596479664,-1.87379316482047,0.162716631694052,0.247618347429321,0.375621508267815,0.827896631408865,0.0036830660539936,unstable,4
4.69841244436855,9.73407165155662,8.46764452616958,0.947625103256805,3.68402389587031,-0.871915298988216,-1.3413837334673,-1.47072486341479,0.151583776187147,0.827060333029593,0.977938204328339,0.335088813175523,0.0444382200263891,unstable,4
6.2454668307066,6.98269473082782,2.5266748417686,4.55765212644327,3.74452779353682,-1.17355877903874,-1.17177152662957,-1.39919748786851,0.988111147240634,0.667954156936115,0.768874261131937,0.256415428436613,0.0611466537964162,unstable,4
9.84379246296588,3.58486751169938,8.00515280597522,8.52364991730675,4.21594392566228,-0.809622903826076,-1.62781420425678,-1.77850681757942,0.860601157321068,0.736485015356697,0.661049294382367,0.35594469378509,0.0605491493775552,unstable,4
4.5425698033339,1.48701318121927,6.11591708269037,5.30227912228374,3.31767471324784,-0.568967540047143,-1.09235899954099,-1.65634817365971,0.279099129421478,0.411924522736861,0.963122614780164,0.486511957783665,0.0346891869900168,unstable,4
8.40405301986147,4.11802459580882,9.21431781234462,3.14363575857013,3.54925494624975,-0.682075429624389,-1.35105091202519,-1.51612860460017,0.860027068538308,0.350345873513223,0.571203179385385,0.809137891011995,0.0473578826364706,unstable,4
7.04375772650019,6.10915732543982,8.78651961659347,6.41410348102509,3.91945545996015,-1.16578308155063,-1.13802517002464,-1.61564720838488,0.276603727658543,0.686790804658221,0.144474667754604,0.291400994008908,0.0201309760740079,unstable,4
4.5009477544118,4.70467622018512,9.38240680872654,7.70182719249234,3.84565256139112,-0.547904561633663,-1.37168528968501,-1.92606271007245,0.256675382081493,0.4298022041659,0.50468999656203,0.0621419512923469,-0.0044387705957407,stable,4
7.20757084309711,5.80670546219256,2.04146661437293,3.65246420395647,4.21761050887092,-0.998719200696133,-1.32907394409832,-1.88981736407647,0.2709987918361,0.578485869796121,0.396148244977271,0.445915823292633,-0.0016531910088707,stable,4
5.37443923426654,9.62895211150874,1.25783909244352,4.31559530013029,3.23738166997629,-0.642171114547819,-0.842630216462258,-1.75258033896621,0.887201605744213,0.79575917390234,0.256809078414136,0.502758928623218,0.0393180161867193,unstable,4
7.30381958967839,5.17023013664926,6.02074673256771,0.573042383636208,3.08815449079128,-1.00189458297523,-0.557309815893171,-1.52895009192288,0.723286975140525,0.135294436200124,0.638818446665675,0.575847708548808,0.0087009075020733,unstable,4
8.45386237815235,7.62902392141168,5.49338221608417,6.2508085574878,3.32571110413996,-0.94621304818911,-1.13851786058953,-1.24098019536132,0.742741988405662,0.191887830426333,0.910093977957759,0.274449404335471,0.056753783327028,unstable,4
4.63694522460514,1.16379053179296,1.19075985465073,8.35368115457394,3.43453036518573,-1.28865685611252,-0.703688311213907,-1.4421851978593,0.826175959100748,0.736651296240403,0.670406257694836,0.184865214685625,-0.0096031844384597,stable,4
2.98587002214385,4.40016470090419,7.60336376725417,1.65180739048395,3.03304222244066,-0.649165346373804,-0.761824738730071,-1.62205213733679,0.189709734909057,0.546646894566755,0.924554848713769,0.262940021800867,0.0188026890957549,unstable,4
7.76521540308805,6.83195402093243,7.50563235234375,4.14356654435499,3.3497142590194,-0.875242978980753,-0.770308254376985,-1.70416302566166,0.583992270180535,0.420426483729033,0.666106257748819,0.571762572562671,0.0599348580292594,unstable,4
7.75027599750312,7.90617712626331,7.46087101423892,4.51220394878454,4.11448109124989,-0.59919102645166,-1.52507117056809,-1.99021889423014,0.34989825822734,0.0841711712323525,0.523509960316021,0.391209067710432,0.0131568951508124,unstable,4
4.64842380029048,8.8557331027057,6.01256910010333,4.76991780090757,3.49185136578105,-0.937352427165175,-1.09403222809084,-1.46046671052503,0.616723604625589,0.13505814319095,0.838903997313492,0.681784670190861,0.0605062321014453,unstable,4
8.08725938840624,6.68540821457349,3.91226146975517,2.39766441361898,3.59484185490757,-1.34136673502093,-0.885865946295601,-1.36760917359104,0.305848251534337,0.530533441262447,0.180162511197372,0.53324064898968,-0.008232111331926,stable,4
3.51660435668889,8.87259510694172,9.32739554095713,5.86394462294057,3.57669619710442,-1.30114633928775,-0.809299098238116,-1.46625075957855,0.936656834226472,0.71188478840235,0.859102130830989,0.232959829160667,0.0585350562676053,unstable,4
4.76305950992288,8.17798119125278,5.358818586926,6.15401950949001,3.98156727028865,-0.61036306609303,-1.51336324028316,-1.85784096391246,0.0885633352221944,0.46872071677609,0.0956816387578764,0.760851905970409,0.0193603210763282,unstable,4
3.57804874961014,4.13996109681836,8.23993769310842,7.1457026143193,3.06977573359808,-0.535243145400111,-1.11180544432793,-1.42272714387004,0.628373077651096,0.456212220280234,0.649043131548679,0.577573337690337,0.0484248850220655,unstable,4
6.86063236799657,4.82736683400152,5.92135185071958,3.49451069314592,3.97355913617701,-0.832936058773927,-1.42791493083056,-1.71270814657252,0.516195605379737,0.88010616828526,0.442899163668448,0.46932009159938,0.0585492944540654,unstable,4
8.60492293662078,3.4339917052213,5.2269398392713,3.99433871199623,3.14773526191002,-1.16234586101057,-0.548715409919619,-1.43667399097983,0.13847369258755,0.654785805494081,0.0758775965676853,0.0627793278623803,-0.051212681432661,stable,4
2.86075450916742,4.89654837972259,4.91335102594084,7.22278118415854,3.85078600161213,-0.809763168495812,-1.08558061134389,-1.95544222177243,0.306727385204701,0.979621395937381,0.378574480706159,0.385000655833128,0.0403284357973701,unstable,4
8.83901534589764,2.39652590250775,5.55851422981896,9.46546433668549,3.57311600607952,-0.959709501767775,-1.29241056201538,-1.32099594229636,0.236745294386927,0.651659602247928,0.918584268857136,0.556118007534136,0.0332240966946612,unstable,4
5.04371978072082,6.64782527176481,5.54724402854221,9.29165445423528,3.5510339016229,-0.893936169865204,-1.26902752357499,-1.38807020818271,0.520989283028684,0.123415023874849,0.334439406911377,0.530009010369868,0.0183635437787758,unstable,4
6.04990427897016,5.89248284460306,7.25530988369011,9.81294197086719,3.57553778992061,-1.21834936009478,-1.10374627284751,-1.25344215697832,0.0507275378894969,0.757176574386677,0.853387100254889,0.501380765269973,0.0593698390491813,unstable,4
3.43550311733494,2.97614996141669,7.07559795478216,8.44932278793298,3.55566995646581,-1.05266006879061,-1.00200551680415,-1.50100437087105,0.621455586605935,0.173042562838829,0.818877401149443,0.653748096072706,0.0458717759102478,unstable,4
5.99813612017486,9.72784551930666,1.34651355966264,4.0411345138752,3.64160099736096,-0.908457895752194,-1.26871157281395,-1.46443152879482,0.599442230202488,0.1148303853135,0.343880805541705,0.819172621155356,0.000968255184931,unstable,4
6.3273549169757,6.61768582017188,9.51834565102349,6.23657822345395,4.20562717717916,-1.00099273428131,-1.47385311495936,-1.73078132793849,0.653386542099817,0.146703185865884,0.106461253762483,0.079826362518298,-0.0134812123445781,stable,4
7.9288365768532,5.71342405772025,9.03629473435266,7.48559170145245,2.92549332609752,-0.612938782857871,-0.63711925178665,-1.675435291453,0.285165027339184,0.284317480310719,0.867404002955562,0.229822636425701,0.0407902289117439,unstable,4
6.72247569654401,1.97109267500956,8.65261529870413,4.55384995069623,4.20592738656965,-0.860720558264723,-1.42287144343101,-1.92233538487392,0.803903286797343,0.0952368214254244,0.0878929659264314,0.338703884467598,0.0018896916203715,unstable,4
9.29944123977505,1.91432181562738,7.65461373092481,0.939798041385529,3.22285473898344,-1.05731564263762,-0.622951679425302,-1.54258741692052,0.971874838850844,0.485517163022716,0.768293587853176,0.600645855198423,0.0214277613445586,unstable,4
6.10243245765461,4.71625535188114,9.50639806964756,2.19110415877741,3.68467944717222,-1.43332526459916,-0.910034125384793,-1.34132005718827,0.42981345921405,0.996375680628291,0.378487866024105,0.203681869839471,0.0284807186266144,unstable,4
9.20132231769412,3.61994077421987,5.45538572129235,6.84526208132864,3.71351720859836,-1.57599041337509,-0.514571514405764,-1.62295528081751,0.292245305303422,0.816531152127114,0.537259487408096,0.0965705158370233,0.010141946243047,unstable,4
8.95433605512851,0.773565579199884,4.16479333264594,6.58971917664357,3.74511804662215,-0.870429450481746,-1.0535985297228,-1.8210900664176,0.669561758530518,0.151877225794726,0.758347687800555,0.611976516082456,0.0367960915119107,unstable,4
5.07859092435938,9.8093526300058,7.12184203152707,6.09142659631004,3.67770112372117,-1.08858795545845,-0.965712746597582,-1.62340042166514,0.52373392966863,0.089201403837417,0.168762063401719,0.51652890657432,0.003933093207906,unstable,4
9.23550624129856,5.6513119651521,5.41987578415634,7.92914276566661,3.48823531241191,-1.29333400538802,-0.601219950625114,-1.59368135639878,0.728706691287868,0.0798581445762201,0.523646267530144,0.259023807239053,0.0307847090487998,unstable,4
8.85029705646845,8.37303915754521,6.40106827407775,1.49553219630136,3.53453619005189,-1.25591549190544,-0.915313184039923,-1.36330751410653,0.677692890334245,0.110191897415374,0.313143343160716,0.501709868176509,-0.0030585708562506,stable,4
4.65896966061203,4.33169306620107,1.787665916034,3.69644559541873,3.17273227374373,-0.764703593082528,-0.840082509540929,-1.56794617112027,0.486486888700147,0.130315664930179,0.11481651977219,0.805023743330524,-0.0105992039076589,stable,4
6.67923675190917,8.53240372638248,6.01494525313563,8.64342895415812,3.47931565073492,-0.683523116386414,-1.23470295830356,-1.56108957604495,0.665602525633558,0.613527804309365,0.9770269184228,0.79406183931422,0.0934347057307112,unstable,4
6.22968764370015,4.08565715214678,9.91867078478818,7.46068570839037,3.66995632422989,-0.620436517913791,-1.3561580302352,-1.6933617760809,0.0697611736029491,0.142776055338496,0.490207999323015,0.422383265785815,0.0037395504590037,unstable,4
0.777143756810273,9.24919880991386,6.13869776068722,2.84990054770439,3.69515798728703,-1.23787595892518,-0.664191471990349,-1.7930905563715,0.948152684121678,0.782668040233199,0.0796003397560201,0.422121679679825,-0.0208199700598012,stable,4
4.39743526301633,3.3300241348551,7.97635247574428,7.3166910616881,4.05026733811222,-0.798865314010438,-1.33946702377273,-1.91193500032905,0.874733335798639,0.559906111636631,0.832280852488026,0.404178744225843,0.0632835178387762,unstable,4
7.5329466219971,6.99016428104768,5.3289872480434,7.0535496550607,4.35341410509649,-1.12353537546514,-1.31631876601177,-1.91355996361958,0.917442420484398,0.978889319701418,0.531786151670776,0.390663700025879,0.0894434025150661,unstable,4
6.36149416576714,8.48534678866881,9.74803805635296,7.8818526612947,3.64897609163417,-0.541305478751508,-1.16613157637332,-1.94153903650934,0.195105297759241,0.580589411343779,0.725135583346399,0.603310664792946,0.0617401980831131,unstable,4
3.67999272092287,4.93800347975717,8.12313779365362,5.23968813347182,3.42329163920435,-0.746053976521117,-0.76323748863024,-1.91400017405299,0.450573713801099,0.373733244534112,0.0691678113824537,0.898060388088535,0.0276522222753515,unstable,4
6.37336349322816,6.24944781228456,6.98692665473652,7.36926479023136,3.19535015110325,-0.60769866176839,-0.685185541992891,-1.90246594734197,0.564352266131789,0.360743103221308,0.719581574113717,0.915618868663774,0.0818110728369047,unstable,4
5.02794645809509,2.76861826627238,2.41317035405582,2.08526674419289,3.74871267154499,-0.812493002338475,-1.25576939117336,-1.68045027803315,0.701074927832086,0.161840043614852,0.976131192130912,0.678820163073443,0.0204250795941824,unstable,4
6.66380490174287,2.62969637118012,6.78279858874516,3.92356989050109,3.97698591480299,-1.28742625954601,-1.09644994702542,-1.59310970823156,0.252964987069332,0.327429933640349,0.107777451988335,0.549650154239285,-0.0383174659865562,stable,4
7.85007894483845,7.44308497032857,3.64178381344056,5.02832612590479,3.16816553124447,-0.815093178363598,-0.723534995518485,-1.62953735736239,0.736237103778231,0.781951632467073,0.995996291594333,0.400109229298432,0.0753963784835739,unstable,4
1.11463638265891,0.70962909124454,4.73268486177257,7.57363666228891,3.17852179871395,-0.682357634035835,-0.73774470516406,-1.75841945951405,0.911498972703484,0.929017750634007,0.51309305702534,0.686613152494738,-0.0222534996098176,stable,4
2.73689897854674,2.16121773861342,6.79733577476139,5.79885251694885,3.03508893158479,-0.509963191827596,-0.593393408426095,-1.9317323313311,0.139573927861974,0.728173161350313,0.784939357569049,0.787487071545495,0.0413288550555629,unstable,4
9.56897234677186,8.79504368549882,0.732851070165867,9.42174052090239,4.08269221162914,-1.8619028469698,-0.566626792214566,-1.65416257244477,0.914797782826846,0.556697456511612,0.217123422065694,0.173896034907468,0.0376330346396941,unstable,4
4.83917348214429,1.03277047161768,8.35507859804965,4.26706029914634,3.52887560798161,-0.897165662554512,-1.04149441892556,-1.59021552650154,0.998080981971278,0.812086116183015,0.32195873009013,0.950130177827744,0.0427856967849259,unstable,4
3.60069131909128,7.87299867213976,7.95202008005622,8.21619160595973,3.42399640805311,-0.801078399149841,-0.707690500604117,-1.91522750829915,0.735044789000407,0.504579430148494,0.812754062646243,0.0912167359373346,0.0449508774647999,unstable,4
9.39295189957939,9.92243789374191,3.94890478780476,5.99341234913095,3.70267719995988,-1.07982982449784,-0.629315041697887,-1.99353233376415,0.750597578067209,0.968933122338816,0.872110464567832,0.416433617483133,0.0708691317237655,unstable,4
8.45630447788302,9.25127277979788,9.42132585598744,5.27236466428508,2.81752943949007,-0.568252768018504,-0.621102204071823,-1.62817446739974,0.16519292206058,0.146552127387188,0.058581542567336,0.889646936078286,-0.001550188791776,stable,4
1.40091039101414,6.06321791363147,0.691658294869179,5.03062021703619,3.66054928377375,-1.02607923455185,-0.887687237837212,-1.74678281138469,0.552409244414652,0.696185465767873,0.128127433369404,0.0507309209749219,-0.0364401937943333,stable,4
4.93924869452099,8.72846513829291,5.08886737251593,4.11627723822863,3.52308432000351,-0.960271189107722,-1.26915163100455,-1.29366149989124,0.423528431524932,0.804716203393778,0.11515598764329,0.185328206763644,0.0187564875413496,unstable,4
6.47705882384596,6.54057739303173,2.07100870191539,9.47736251673171,3.29245661333705,-1.06444592688757,-0.555242407748161,-1.67276827870132,0.506279375400089,0.463732151795132,0.759986700638713,0.863304902384321,0.0401776803636389,unstable,4
9.67418031022388,0.570705324335885,2.59501957099604,5.15245096938364,3.85869309604332,-0.717263295286824,-1.59343939372397,-1.54799040703253,0.402551802734118,0.443051449637798,0.510235958812806,0.417178319129721,-0.0332614783029072,stable,4
8.43065156879343,4.07912068790588,4.0225552305123,8.28785906975347,3.93987660446951,-1.43720270556061,-0.508192005544552,-1.99448189336435,0.923286734238452,0.607253054168441,0.85659416779318,0.7987919501497,0.0800311341348072,unstable,4
8.62381313271968,1.34315663663592,2.4991607447857,6.84373578821875,3.65333018008227,-1.27508114897968,-0.615895002328837,-1.76235402877375,0.695086891935332,0.102270623066629,0.395089390191326,0.818939617911722,0.0312789708757406,unstable,4
6.79637583180232,1.12450475237387,2.92033456506804,6.97616447465814,4.01319563051068,-1.0558796742644,-1.1376807445998,-1.81963521164648,0.811516120916572,0.355576477443962,0.767961953858227,0.905094190137745,0.0510000752930326,unstable,4
1.22028851997451,2.57597026334612,8.23842009609335,9.40197634188179,3.17248812589156,-0.604641265850049,-1.01864991129136,-1.54919694875015,0.660717138265875,0.342151397369587,0.60702451780819,0.920201181647088,0.0181308938032991,unstable,4
9.52622186396579,4.17639352514345,9.17184632854463,3.83738755202352,3.46697335528143,-0.582094403842976,-1.08898599677533,-1.79589295466312,0.496396394561949,0.175206296279193,0.204513318483063,0.297115012830268,-0.0070216026469678,stable,4
2.50461198631877,7.0224976094034,9.04476552010741,8.7030548725343,3.17689015733456,-1.02186910608975,-0.606521572578896,-1.54849947866591,0.479042642920627,0.191196523389097,0.712215401445163,0.16736376442016,0.0071647369722731,unstable,4
5.61754156205934,1.07208303993155,0.855423248247092,6.40198671432495,3.83608316611079,-0.928243224322505,-1.03367256389727,-1.87416737789101,0.807722010479473,0.85355758388075,0.400534053747716,0.983049267659342,0.0219987887716345,unstable,4
6.55199202594736,4.93517067731101,8.91870581903214,3.59572901695397,3.72098478551356,-0.667050083710812,-1.32425725611869,-1.72967744568406,0.717319155889077,0.458794283778805,0.964274784886717,0.194385440331249,0.0604477317505548,unstable,4
8.9922965328245,5.51736653564685,6.78795702910079,3.85120435382266,3.45340342689789,-1.02075007888853,-1.2114354200489,-1.22121792796046,0.833727078312236,0.621896236824511,0.267330255502331,0.225979007363552,0.0431939748072072,unstable,4
3.95321767586032,2.29416310859807,6.90073513746777,7.59005654540004,3.2824672067616,-0.856583858955326,-0.994795971920644,-1.43108737588563,0.965798209055697,0.835168623408868,0.415431543694164,0.320802011750665,0.0331348589652687,unstable,4
9.59534723807343,8.58842146250843,2.0927271169934,6.89010970573983,3.47689116170229,-0.888333082617633,-0.937273608666391,-1.65128447041827,0.152122977674988,0.996207845093756,0.608133225678443,0.746928825711992,0.0486360736629817,unstable,4
5.0166187411829,3.72832256867836,7.36743856504508,5.75502049922436,3.74873486062645,-0.957110804187716,-1.1251252769181,-1.66649877952063,0.747800161051407,0.426310040463165,0.737532290452843,0.8311282837355,0.0807307510470801,unstable,4
4.09988821748204,2.02175657618894,1.32269437955946,8.89048586896873,3.75634621297543,-1.03311086055393,-0.795675161860045,-1.92756019056145,0.20940368229317,0.865294918772804,0.623800108354264,0.690978357247957,-0.0168712662518374,stable,4
1.13757940399116,7.93679496924869,4.76931571894245,1.77729149235938,3.36661906750265,-0.841858820867422,-0.864089905030164,-1.66067034160506,0.576816738750252,0.490364192148519,0.791665846284736,0.417551427857982,-0.0155994725952697,stable,4
6.38302587660055,8.54982872501088,9.54400497983507,8.396103372166,3.25537089858428,-0.690807042635034,-1.11045705860341,-1.45410679734584,0.437731565054586,0.95322417399017,0.253929962686795,0.195620005445144,0.0500261420430073,unstable,4
5.40842883756526,7.52526979317356,4.78083127458084,5.82629594650918,4.08025782751873,-1.54410653679128,-0.625791817159602,-1.91035947356785,0.562490587372269,0.289657428407184,0.239031196138608,0.371784483014706,0.0170147308605933,unstable,4
7.81070779834156,3.86036056480522,6.15299944242424,6.24904581090322,4.28795312500386,-1.06118147289627,-1.26776952973586,-1.95900212237173,0.351220259060151,0.279916845133734,0.629310116866484,0.66662690157786,0.04651147841706,unstable,4
4.15603024293074,9.97686180918275,6.12681849193644,1.0194766285721,3.66040155141761,-0.942935183731793,-0.859836388402455,-1.85762997928336,0.801418359445998,0.343243737077421,0.169093273701648,0.159638600328825,-0.0225183047988086,stable,4
9.06154896327227,1.86622782485728,4.62407474196724,9.1180739175715,3.91772621234755,-1.07083364257554,-1.03239173837681,-1.8145008313952,0.290909647258037,0.80688245340065,0.348336109704219,0.338987223137548,-0.0250246476425227,stable,4
1.03329252594379,8.55080718452865,5.89210217142957,1.12018174260769,3.68454394451516,-0.802539051244559,-0.995953437224822,-1.88605145604578,0.738154976642752,0.8843294137653,0.0986120132890588,0.199628295695952,-0.0295987261739942,stable,4
6.45382712023674,2.58393270070984,7.22692867456984,7.57268331712653,3.44576773201116,-0.582205005946592,-1.1204468508839,-1.74311587518067,0.159646587788586,0.949101909343135,0.989455996796229,0.712439454494006,0.0599708310334487,unstable,4
5.8501212647281,9.224519477776,1.32050475234271,7.4458791416432,3.28497777738146,-0.505372460131231,-1.03459059232451,-1.74501472492572,0.324488832375456,0.835400365487796,0.78546934021359,0.725845736637955,0.0339358348499632,unstable,4
5.1768075687922,7.88865115865445,2.49808319821662,8.48453115819073,3.37963703867568,-0.618479704537115,-1.12332961782386,-1.6378277163147,0.866109120611907,0.685191196795617,0.542847426959015,0.568447815201627,0.0587131706831449,unstable,4
8.24086827063145,1.89872834317609,6.39756469166685,2.014660310052,3.81350540112988,-0.982481369462249,-1.20423234511084,-1.62679168655679,0.26729510929213,0.60207638526923,0.152320464843974,0.929744684122709,-0.0243713591829788,stable,4
4.59357257906479,1.99197423389913,4.52271632337786,4.82798883330072,3.58442591552679,-0.751331778570823,-1.14646678781785,-1.68662734913812,0.199383695033018,0.180178728755973,0.418162419215734,0.490005096717288,-0.0241584745995641,stable,4
6.22525654735198,9.08055816701556,5.42373419758379,6.99585487179758,3.38350330446182,-0.646015363066748,-1.16553256447164,-1.57195537692343,0.300884726072429,0.720430343152612,0.966808240050246,0.715889785803247,0.0795921332789231,unstable,4
8.54172999897437,5.69851127988432,4.84990705728986,0.705086714863195,2.75239860193629,-0.586068226493266,-0.532215135297773,-1.63411524014525,0.430014169642053,0.838440544256043,0.973464270544519,0.0932067025843903,0.0549379089197369,unstable,4
8.83291465937166,8.12402223163717,6.7834430746897,8.72881963269878,3.27480900291632,-0.725756463065266,-1.12102642038884,-1.42802611946221,0.166189672156146,0.198094341670261,0.709748795382723,0.632231488254051,0.0437360010254285,unstable,4
7.17655020080417,1.10921076545198,6.23624814645671,8.64652662613507,3.61365989831117,-0.839948808499286,-0.926430858409044,-1.84728023140284,0.899462169959629,0.167607240846258,0.461128271143323,0.548266289878031,0.048935345642047,unstable,4
4.2884541793249,3.04072333093933,5.79576913460845,7.07692675286963,3.61979369444722,-1.19236398068838,-0.5951757043469,-1.83225400941194,0.757828915752186,0.216826123003323,0.865648636645156,0.413008421588021,0.0549459636896976,unstable,4
1.68210385568788,6.10188350194513,2.10117457450189,6.00081302535124,3.9788386380378,-0.949530349502282,-1.28016263524486,-1.74914565329066,0.62048862243395,0.0602700180219882,0.1184447591714,0.875377386808284,-0.022847680300682,stable,4
5.12999691033425,2.86834399556941,5.24976080108846,2.7112564232082,3.54382343751749,-1.03471144479743,-0.989075526713976,-1.52003646600608,0.219917150537093,0.328092516994142,0.248891626110252,0.0890219347258424,-0.0480822428893449,stable,4
4.03922940149455,4.34576265475794,1.45965775696855,9.40794142882643,3.74778724049924,-0.672832404950983,-1.39975571425445,-1.67519912129381,0.542518316862462,0.577208628918207,0.407926111127426,0.770873034708756,0.0122192996494019,unstable,4
5.98611632513044,1.53523572767185,8.51519990299789,6.7585063820158,4.20430696971025,-1.06632296905753,-1.28106846648729,-1.85691553416543,0.941288088071557,0.144348930960223,0.129123410913757,0.982842159584508,0.0569353029637699,unstable,4
9.00672161797388,8.87396722709848,9.90846692016283,9.12299827610425,3.27321219069587,-0.809052955464425,-0.62006363979202,-1.84409559543943,0.816040453703383,0.761604490943535,0.817794743778397,0.0606389871578279,0.0750014487299849,unstable,4
8.34854395282112,7.91553187836184,2.71845860710021,1.74667479419929,3.21760320562699,-0.898538330990344,-0.845999643515749,-1.4730652311209,0.671668746638771,0.471246690691136,0.169503705572218,0.613436544560792,0.004710242206852,unstable,4
6.92922124784908,3.04326724575324,4.57483466248537,2.38692470606855,3.33079499051369,-0.800470106639212,-0.641836199752614,-1.88848868412186,0.142454624888786,0.954573612071923,0.677069956590367,0.864004944523186,0.0452093046972454,unstable,4
9.94509848913962,8.69954862242832,8.8980730829344,8.11566054493479,3.10778984859281,-1.10046939992086,-0.821268200319237,-1.18605224835271,0.351069634460553,0.152989785109699,0.80574382717364,0.373955059353724,0.0457748631721584,unstable,4
7.5688076883393,3.8792477064663,1.82586409956614,9.24032800487397,2.61737566398546,-0.584688313423668,-0.534414066884806,-1.49827328367699,0.9617395132263,0.70982012341802,0.942736740076464,0.821379102844163,0.0502838777021817,unstable,4
5.67815027001415,7.30289357966317,7.02344901149486,8.93742691327652,3.59904596881078,-1.45486588465371,-0.513202977020387,-1.63097710713668,0.872432219155564,0.743382411790168,0.789936762018369,0.50728818675279,0.0902878219586904,unstable,4
6.33626956912059,9.80721724158986,2.13081809238726,7.05062133536327,2.70709091423492,-0.703350091655599,-0.526705884959258,-1.47703493762006,0.749940003564911,0.726870097726267,0.552372730587132,0.883482162118967,0.0649884848266647,unstable,4
3.72299855789482,1.05048673853829,6.69735497825242,9.41294245604115,3.51814913862665,-0.738235860032274,-0.914977224213269,-1.86493605438111,0.62613019886699,0.748580715623222,0.969978346565672,0.159156897591562,0.0091150023444174,unstable,4
5.9824390641626,6.5372379399612,3.67582676847068,6.98455940331094,3.42583352885608,-0.96615911446095,-0.825322792290931,-1.6343516221042,0.921640329381533,0.834647031658208,0.0695762421290984,0.92871587211859,0.0883238058041698,unstable,4
8.7388051870573,7.86306272067307,1.36973186861711,5.77032282157098,3.61993809762831,-1.3958769740678,-0.758731348475628,-1.46532977508488,0.735159535648734,0.343156394054372,0.451455392322905,0.646486788705145,0.0316561662246163,unstable,4
9.44806005780975,5.78806110701627,5.33792584637254,3.73173370140648,2.91419064913268,-0.947232089807268,-0.587538592672395,-1.37941996665302,0.620074133710794,0.492355350166358,0.923207129535158,0.290570017900992,0.0542059502127987,unstable,4
9.50307914804312,3.20234229541955,4.64905312222841,3.42841512941592,3.96642206431827,-0.748704890306503,-1.35992275974697,-1.8577944142648,0.83469994855024,0.877576644141733,0.617107171446439,0.564569808642683,0.0391784197582391,unstable,4
7.80352747012154,1.68088588509283,7.0800326157833,3.00861593237893,3.82341848664527,-0.818776533064351,-1.12359628935045,-1.88104566423047,0.216418455228412,0.382882576560626,0.745551385554529,0.704535795332363,0.0059336613190388,unstable,4
7.78254855565411,8.38696007388084,7.94328248323769,8.90667675064595,3.94544426431587,-1.04773019476698,-1.33761967952575,-1.56009439002314,0.591921487206629,0.884632936713733,0.278629941678364,0.345403303570708,0.0636850754978565,unstable,4
7.29781388364781,8.27707080868877,9.97926730013561,6.04640659641451,3.02389133901883,-0.509399372123554,-1.35022964245619,-1.16426232443909,0.530080056453393,0.927638892841908,0.447170133711463,0.852891117319348,0.082616994016482,unstable,4
8.28842371396956,4.72087911937864,2.60084474862997,8.39491011425024,3.37527458334854,-1.10006786796813,-0.874781872441713,-1.4004248429387,0.379506532693477,0.0998145613472385,0.66330460366125,0.4607045576371,-0.0036195595793475,stable,4
7.09706262492382,7.29219382563179,3.7472495492803,6.72504850354571,4.28616749880176,-0.778706562927051,-1.60917014236563,-1.89829079350908,0.807169163602898,0.737710740323577,0.168508144078612,0.448060640188759,0.0625540473221496,unstable,4
4.96873459253502,9.95827536135876,6.67259018953567,2.87365390665039,2.81209359021226,-0.757379886991414,-0.684645837071736,-1.37006786614911,0.583209240940716,0.687347228236429,0.0858773935182358,0.655869316228578,0.0127941465315572,unstable,4
7.50611225004068,4.44046492289809,8.94104001138508,5.20048618317279,3.19739785485047,-1.13496634750491,-0.756719061185478,-1.30571244616008,0.266540498998871,0.265706400795631,0.240151475111236,0.304452250831645,-0.0145995080364811,stable,4
9.29226478393737,3.1404697897627,1.65354852483351,8.3098804099854,3.01049208442995,-0.502627226734755,-0.744692804605362,-1.76317205308983,0.69764280674845,0.947684694763342,0.965891820619948,0.418660405144314,-0.0021936019277646,stable,4
8.509238078348,3.92088501112834,3.82557444331575,0.800700402583834,3.7377598824089,-1.01370244302911,-1.0025576805369,-1.72149975884289,0.970914947209922,0.90031651259948,0.390291243514922,0.271761504581291,0.028862083366835,unstable,4
8.86380485061683,8.10663889277156,9.76565438133628,7.66341522606995,4.04398238770732,-1.61266837410396,-0.561521681379632,-1.86979233222373,0.617933382694976,0.969318538849916,0.64689504661683,0.0548401447848696,0.0695135213165864,unstable,4
5.98774135872923,6.19546281246881,7.40514409589671,6.21656068446095,3.10498902799909,-0.530456565334264,-1.20614520780288,-1.36838725486195,0.350366787048689,0.216432451819382,0.526698322993651,0.417172592838094,0.0285408771258745,unstable,4
4.8202172513655,2.99270494005147,4.59166751882947,4.2389192154634,2.72422215341317,-0.51373248129132,-0.54108639335609,-1.66940327876576,0.810672214849092,0.289466355705399,0.374991233659184,0.0718857425382349,0.0037706123820349,unstable,4
5.86984107391234,8.4638498983114,5.89947324077308,8.10044028148133,4.18700071347918,-0.739420409119502,-1.65391006381465,-1.79367024054503,0.531482104411736,0.455714956704485,0.283718118123764,0.34664192993675,0.0342232435118159,unstable,4
9.99946946943287,5.67762013287587,8.00244778690321,7.36051383872585,3.28047338226463,-0.870699993676122,-0.70723775735494,-1.70253563123357,0.584173739868813,0.29667361111631,0.710548419444145,0.23333514209748,0.0468609915182559,unstable,4
9.70087447094998,9.2985740603838,5.68960150213144,3.08275914707285,4.03614930926518,-1.21592978785515,-1.06033862567436,-1.75988089573567,0.855544335835001,0.984831802633088,0.683897682450125,0.341716896411361,0.0722467508066172,unstable,4
8.01258172182012,4.63974984376887,8.2887574133634,2.21487088946296,3.46030245890936,-1.16906408090923,-0.670180055639928,-1.6210583223602,0.327982850453979,0.161278894527407,0.966437214974842,0.519542763657569,0.0265618872462458,unstable,4
5.95843364921461,4.91225328897064,0.904925759674574,8.9049427968596,4.08430399880631,-1.5067979579543,-0.738078884938965,-1.83942715591305,0.874464207853456,0.6425242398203,0.926899619428271,0.285704328247394,0.0155567433582874,unstable,4
9.58825069847994,3.77211960316196,4.65736823903472,5.18624043003204,3.56120478760073,-0.767288495145063,-1.18295664567453,-1.61095964678114,0.985801400115371,0.54739042798852,0.474411687684824,0.0859418916780956,0.032833834184421,unstable,4
6.62545979205744,8.85101456486588,9.41310780496121,9.33066072236679,3.8868693043002,-1.03635059110991,-1.10474186966367,-1.74577684352662,0.378542419961038,0.510910231287852,0.843751145679182,0.336191724652728,0.0603249182499402,unstable,4
5.79348590133799,6.42497610467419,8.18386028015378,4.72081091326335,3.20721334175679,-0.696973321150942,-0.924401899352309,-1.58583812125354,0.652395822390185,0.554684988762579,0.732546242839009,0.253702695555518,0.061241548688891,unstable,4
5.85723342023747,2.42741074948756,9.67960858818496,8.5782006417503,2.80737258066544,-0.716853731981385,-0.745725625032908,-1.34479322365115,0.83054565684001,0.516508841765076,0.192253998140519,0.810249583235923,0.0449117445441205,unstable,4
9.73902649105466,8.48615286673346,7.81620113334191,9.38077830705611,3.87069310454487,-1.42706097791799,-0.596568759875221,-1.84706336675166,0.179230288134078,0.401928134201162,0.843092215226737,0.622290720135462,0.0606215440576209,unstable,4
5.98884719261064,4.71003082725377,8.83607328746589,9.33766172942639,3.61753443825252,-0.712423908052815,-1.07162996152166,-1.83348056867805,0.628267470357294,0.908172955263786,0.435056444349431,0.753993277571682,0.0718656106435124,unstable,4
3.7789183180634,6.48348965372392,0.656644743526063,6.88657905366687,3.59179131959573,-0.735700629687635,-1.1495879980473,-1.7065026918608,0.471631912733765,0.429199232443536,0.76665752447642,0.840900397160697,0.0111329445667489,unstable,4
9.47016549623254,9.20876711460048,8.80529605723341,4.16029236390695,3.73978529367103,-1.27830678979291,-0.968522250854119,-1.492956253024,0.472585832224284,0.808650089807629,0.840474147052722,0.905683649025032,0.07754726970604,unstable,4
0.60942700334338,7.09778479827216,8.85773658080082,5.8838145713846,3.68007303888879,-0.677974732898606,-1.15031619535987,-1.85178211063031,0.764901067083303,0.073081292863657,0.522916058165207,0.94716073303835,-0.0002326195833466,stable,4
9.14242362028653,8.66205913919903,5.94201043107997,3.17377781967898,4.04014330459304,-1.18935694703804,-1.01461853226478,-1.83616782529022,0.954231217918049,0.285995752707388,0.106250127672266,0.908328535804098,0.0336368614135702,unstable,4
2.93867386618723,5.53011964894785,7.10717461741306,2.29435770753881,4.09387405151561,-0.651004269997729,-1.47468818525905,-1.96818159625883,0.86657101512341,0.284513322279738,0.80792336183971,0.756258324368816,0.0346557017071205,unstable,4
8.71331512053533,8.41087286419541,6.32266770346783,0.750179507545871,3.78870389666995,-1.42609225559795,-0.86067117266662,-1.50194046840538,0.515496652841681,0.634160486888278,0.423102983991849,0.86858707292025,0.0093625968306493,unstable,4
7.68555570554605,2.48029553924199,4.78827694094665,8.25540429335266,3.8203129669122,-0.572640488482255,-1.33265358224863,-1.91501889618132,0.509560897246401,0.951462828716936,0.986001065220267,0.485220304631342,0.0544369209343315,unstable,4
6.52230434313279,6.47456077353724,7.71186762725228,4.91032816387895,3.65538383805979,-0.687754602801963,-1.15052265059056,-1.81710658466727,0.912993603330863,0.564412306328601,0.673707122775683,0.189696887210762,0.0713811465608894,unstable,4
6.7334253140474,0.69336339195068,8.36042446438862,9.41896679831253,4.05445366889094,-1.3975071949619,-0.724112146254023,-1.93283432767502,0.531129729801239,0.693668231740237,0.148385341026258,0.319554490623827,-0.0281343238465734,stable,4
6.02413457641881,6.9477823226589,2.46880015717266,3.68968921328377,3.84182361180629,-1.38777475020284,-0.994135049327719,-1.45991381227573,0.814382722949273,0.526592958273966,0.477875894200321,0.196864886072065,0.0318844379633795,unstable,4
2.26746680453466,7.79948134536243,5.64894512855143,7.59676959235229,3.95963551755573,-0.983828931485512,-1.37892453480986,-1.59688205126036,0.678375647793612,0.427802493811301,0.834952108321596,0.559725497461276,0.0477070867987781,unstable,4
4.74869820974623,9.75556416705241,4.48123294929168,8.25681145989826,3.92659157660724,-0.641593033003015,-1.36729513855323,-1.91770340505099,0.555601542574287,0.772128541478154,0.660360539428793,0.770309057463157,0.0687195433015682,unstable,4
8.66901109247453,0.688613619775686,6.39205815933787,1.81398464474953,3.3891398115418,-1.17850217698092,-0.927483199244272,-1.28315443531661,0.533088026735641,0.814611811594869,0.872956876375631,0.0688239372075768,-0.0053520109247574,stable,4
3.54521917885069,8.0068153913394,2.35386275279192,7.4106511990095,4.30474896200063,-0.641167498967494,-1.66634790760736,-1.99723355542578,0.79378001989816,0.830533898516027,0.800628792096676,0.423857409880388,0.0424091397406651,unstable,4
3.35335602599671,4.68525458635066,3.72885484220308,3.43031517351462,3.55509809984698,-0.572079987004469,-1.14613758461118,-1.83688052823133,0.17522638337846,0.962331267130114,0.310861272302013,0.744187863419142,0.0453738814906908,unstable,4
9.57657123098958,2.54890331667578,1.3646166878548,8.76230611410257,3.63548968903885,-1.29950922893357,-0.585813847141177,-1.7501666129641,0.881868053345482,0.974962098608679,0.248655280692441,0.122394841580016,-0.0076837290642698,stable,4
4.81707181510335,8.3315921348477,1.63476506235433,9.09674110617201,3.41310069716141,-0.727842687181441,-1.27405710223699,-1.41120090774298,0.0735969322233135,0.287969687353113,0.636517673769877,0.43737526218915,-0.0293681370408012,stable,4
6.13800161630992,3.00165088330281,9.83707026326659,8.93985179929151,3.73302333178175,-1.06647785996798,-0.88684100416943,-1.77970446764434,0.248764065957476,0.891685775593535,0.664338380245465,0.524468344990705,0.0330983729533988,unstable,4
1.67880548791175,4.25216533276909,5.52138024880391,5.13995982972132,4.09700956322174,-0.593873761461547,-1.53108374337574,-1.97205205838445,0.594645670963022,0.845711522866365,0.768714532457169,0.252917202709893,0.0432733334132567,unstable,4
5.38416210055661,7.27821959272365,5.97863758978079,3.58197654376195,4.0941856748373,-0.931390721123456,-1.26471610007291,-1.89807885364093,0.332679959921385,0.701359909294647,0.0655733035595703,0.886488276581438,0.0326503190869217,unstable,4
1.2761844069278,6.33163176550177,2.46433107687792,1.78636534123543,3.31153222894762,-0.590958794712031,-1.02238882289509,-1.6981846113405,0.283032245717351,0.613955380936793,0.257409983464885,0.461915035424262,-0.0336072090961767,stable,4
2.32581624882212,4.98648911581539,2.3276328530133,1.58391987889524,3.75543935459795,-0.537429768381105,-1.31066400253348,-1.90734558368337,0.934633956937519,0.700339799632081,0.228850769427762,0.190630469782318,-0.0100679357684231,stable,4
1.95396672130916,8.0850517823017,8.74483426897515,7.53570163719181,3.33495048896733,-0.897422234003386,-0.920181759041175,-1.51734649592277,0.342451786211596,0.646734860449035,0.682067349267383,0.310508953053027,0.0391528024095349,unstable,4
6.9652515128198,9.66032044909382,4.41402643791676,3.55210460012781,3.55323953729806,-1.13470207003807,-0.678262344043667,-1.74027512321632,0.395718580418879,0.418822451299509,0.22586092210602,0.732308567266525,0.0110588795697437,unstable,4
8.97567074447266,7.17698179591482,8.78837300977563,4.05151614280238,3.12251261327904,-0.601802675482445,-1.18847453715744,-1.33223540063916,0.335601536186472,0.721443021908783,0.531852211362923,0.851599721158757,0.0593378188657803,unstable,4
0.893141166192607,6.71704692020714,7.78202044000648,8.06281440103423,3.73536636278895,-0.803466276389314,-1.30999220590566,-1.62190788049398,0.776548955420898,0.699795955035975,0.291980545916007,0.135147876578228,-0.0179333790065225,stable,4
9.04497045912241,1.26166865464586,9.73875915589633,5.02041930592117,3.01681105609172,-0.657542410834972,-0.675902325628931,-1.68336631962782,0.522809069193116,0.661636385408365,0.182217876034593,0.550029839449423,-0.0132746592844247,stable,4
5.28263221140006,9.97439644929757,1.23676503502966,2.00408231532236,3.29420492497984,-0.584341023967159,-1.20735374017983,-1.50251016083285,0.753809311503477,0.331838620493403,0.840254106013336,0.0737227895289986,-0.0416000572704178,stable,4
8.10602456636714,5.05427863341473,3.51658966631186,4.06999617293791,3.73526341687176,-1.24658033735553,-0.880206458359642,-1.60847662115659,0.873763068901356,0.28815283162549,0.840065324842071,0.816128768148089,0.0630624836078622,unstable,4
5.20434507836163,8.80795018593837,1.38215868158117,6.30418151510428,3.8144765791004,-0.738627298217325,-1.45527117155595,-1.62057810932712,0.797424858816963,0.318347420371073,0.058988629608996,0.648246273284236,0.0353954304938961,unstable,4
9.92058895625626,9.45835768225704,3.1311765171567,9.73942526835453,3.5604384932462,-0.901105374335428,-1.16340246735242,-1.49593065155835,0.570399810790159,0.152102639864277,0.315979420985107,0.549743931043083,0.0267137630372136,unstable,4
6.30593040565905,3.29433826009626,4.45892377982094,7.80504266907704,3.47161042149116,-1.05308894890238,-0.988482223879406,-1.43003924870937,0.870508605843047,0.139831890809407,0.514358245796226,0.0512795141779829,0.0182147315066567,unstable,4
2.1411320948834,1.89038913084968,0.975231821417913,2.95044023610401,3.07661281820757,-0.637113669232733,-0.702436027396866,-1.73706312157797,0.473652576327386,0.456426970435265,0.662589428177333,0.316831665291316,-0.0417685084957946,stable,4
8.75737274256829,8.13779700607029,3.1843450624121,8.98395293552725,4.28528809735113,-1.46141978201123,-0.905590000415326,-1.91827831492457,0.171077922158773,0.91110487940775,0.298608415137776,0.360648769985643,0.0354848375931838,unstable,4
1.66704750055135,5.50502439912503,7.1260322713517,2.11379832656205,3.20206362361565,-0.661495979803649,-0.636854584124824,-1.90371305968718,0.165815473022854,0.434394781565189,0.583371390287024,0.121802498791978,-0.0129117137384452,stable,4
5.52548293248302,4.57979967553279,8.41175096805915,8.39838945948159,2.96029573886813,-0.653116406345705,-0.657514903295133,-1.64966442922729,0.340850930041168,0.903932661437161,0.556577502684918,0.711852662247672,0.0660970491106837,unstable,4
4.48313150587237,8.09541420777425,5.6147854254606,9.96832363153417,3.43462807708023,-0.881601787772251,-0.704699886327016,-1.84832640298096,0.899992056221258,0.731067566712609,0.206632606102236,0.517663886329706,0.0545436590388495,unstable,4
0.982818550336431,1.28426405745851,7.42588853988899,7.88403657823363,3.27165985630442,-0.994520784785238,-0.803193534204771,-1.47394553731441,0.747361639284865,0.724247406743197,0.267412046458422,0.169268755195173,-0.038652451266118,stable,4
6.91160373654604,7.45819399226849,3.0840156795553,7.80705077863239,4.04999555782632,-0.651911083788925,-1.58792923057545,-1.81015524346195,0.378893870928251,0.790556341026719,0.104360623966272,0.2920995757986,0.0320214410394749,unstable,4
7.04252569252714,6.40694920034782,1.25700477197546,4.66054672540842,3.27059369310366,-0.761346797709598,-0.810779753897095,-1.69846714149697,0.953289622948656,0.535183357636203,0.357692816199386,0.486756208659133,0.0463156765334057,unstable,4
4.81237728519052,7.95451809533632,9.64548248750869,2.1706911555621,2.86083356343565,-0.567450422942918,-0.502044970826642,-1.79133816966609,0.484997989928893,0.537851007204757,0.0553032187695697,0.0514191442656296,-0.0114673842296989,stable,4
6.13648703212744,2.08450061052986,4.63857012184283,2.36103433700004,3.90881450912843,-0.715174020026578,-1.37162534898035,-1.8220151401215,0.453603507997584,0.567132646457782,0.227519915486012,0.38833757071985,-0.0263537157335239,stable,4
9.10180706254197,7.86631566581504,4.17145606567761,1.47648622829404,3.8032649265684,-0.881986248843535,-1.32231699368622,-1.59896168403864,0.68513764492742,0.690435068279917,0.481317021679517,0.582005978519742,0.0285821023857012,unstable,4
9.51993879815413,0.551959675498284,6.57827841761661,7.92511399256069,3.01125791423359,-0.730116138379148,-0.893929724995512,-1.38721205085893,0.318154716690079,0.730767789565548,0.502207624350982,0.475496691181569,-0.0079965884121013,stable,4
6.21131373449957,9.81810151432919,9.00993479673385,8.86195737195564,3.60137703391408,-1.40241586122244,-0.936871875358687,-1.26208929733295,0.807484940440604,0.717560341609934,0.397150376452095,0.209570101363757,0.0586367830894498,unstable,4
9.46355423335612,3.80870245038716,6.30143868176694,0.541170118163864,3.61164280527496,-0.625269012314,-1.11624932689558,-1.87012446606538,0.21952584948946,0.606516106477267,0.599008823929834,0.394229656497538,-0.0170502473322752,stable,4
3.92033694166922,9.07149521241725,1.76585701312972,0.887705167845672,3.22106394651868,-0.626683144435508,-0.625936093648651,-1.96844470843452,0.375732750709506,0.803543288214562,0.922326740604598,0.423984119719203,-0.0339681357113926,stable,4
6.20048586408697,9.06096324570685,7.3251394000725,6.06559339829286,3.51538042980783,-0.969366733829304,-0.989537771552312,-1.55647592442621,0.376811229074023,0.487387473983793,0.98016154457916,0.980220469827112,0.0875180139064218,unstable,4
2.43539410901077,6.80275988660742,4.69994609041588,4.41699452550425,3.6732565641456,-0.57799074001445,-1.21472950827894,-1.88053631585221,0.721309458847357,0.0795906282725232,0.821052727213837,0.891721666859351,0.0545889061350321,unstable,4
9.93878608692454,3.47569060832583,6.49276286532533,1.185440875071,3.14994945132591,-0.58418880903814,-1.15277197026222,-1.41298867202555,0.384196377344618,0.249535964931832,0.0670580753845594,0.922035657165151,-0.0328160468604105,stable,4
7.34583378250836,8.33973517558454,5.12204223605628,2.76880236017093,2.92613611000629,-0.683297984184208,-0.516021045779507,-1.72681708004257,0.441205316441997,0.336839360471449,0.942642504769403,0.769106518367737,0.0477897344380088,unstable,4
8.54635143884135,3.9753958316952,3.37039329666494,6.92360868226318,3.61358397045349,-1.44074680500851,-0.588876914728887,-1.58396025071609,0.884684817378197,0.602225004449808,0.25735882788737,0.671192946148387,0.0561615445195602,unstable,4
3.68795853487927,8.96474279088093,6.1908873094175,7.4342096013011,3.563795561046,-0.951066636800987,-0.745458904932381,-1.86727001931263,0.135814781415857,0.467947179759868,0.536002467940919,0.84197596439615,0.0518420100889455,unstable,4
7.30487096183021,5.43511741609796,6.63245728733689,1.57543122995209,3.6520972114328,-0.636760438485199,-1.46642415281142,-1.54891262013618,0.773203201764107,0.987571284348379,0.639004786367542,0.887954927131736,0.067506894008556,unstable,4
2.31842456648421,4.28469976841669,4.110966824865,8.3204609202727,3.2675962454617,-0.892441802083713,-0.635130461563088,-1.7400239818149,0.255451919933636,0.329021859811305,0.294699131502486,0.756374190051234,0.0057817382225905,unstable,4
5.64418930898672,8.19904840857297,4.8586905481671,6.05785767583611,3.3131566628089,-0.557942513318336,-1.35650923598743,-1.39870491350313,0.887282775730918,0.851229588228157,0.895911717630643,0.202477339263351,0.0840745304139964,unstable,4
9.89629155712445,5.19290977932815,6.79616108428556,8.49607841533141,3.14314267756334,-0.805978037619928,-0.832358795759059,-1.50480584418435,0.418297116899864,0.589148023894629,0.207307843770807,0.154181361858865,0.0121610904252951,unstable,4
2.80270707260426,1.92421785750762,8.10317968604969,1.02814382845978,3.394637503553,-0.567111331067549,-1.0243359167664,-1.80319025571905,0.311127582180906,0.536233887965049,0.425855144689946,0.571458117077184,-0.0490513336527249,stable,4
2.20653585176186,8.54156108674174,9.46699699227584,3.84335391288562,3.24129763911293,-1.00887372867602,-0.661775719146512,-1.5706481912904,0.688398003942168,0.485898773679225,0.124638660951199,0.730437046115586,-0.0113805367354929,stable,4
7.85217586798416,9.7799987634103,6.8596876540016,5.00356050748335,3.41000906053676,-0.82485595155604,-0.619559724266711,-1.96559338471401,0.563545541710904,0.46991197316156,0.504786627321045,0.0690538647356385,0.0369311589086402,unstable,4
8.23766232016995,8.33365359477502,9.99559534805894,1.1754403640669,3.39386399199263,-1.07230968624461,-0.992382101942273,-1.32917220380575,0.397251285727767,0.767246140621912,0.61840325195877,0.456400245427272,0.0378683659587503,unstable,4
6.50315861747832,8.35888150107557,2.81363685211698,3.53216190408225,3.87463746860049,-0.74508833808545,-1.57956800070039,-1.54998112981465,0.435664850694523,0.0603628236652201,0.166816190046108,0.130441176579172,-0.0510601759798537,stable,4
6.68626752179317,3.35657989062717,2.75201493420658,2.74372286271666,3.50435253396806,-0.822974555732741,-1.21349457228803,-1.46788340594729,0.495061147952244,0.967067337505453,0.498941067258496,0.103271467516111,0.0106956121216617,unstable,4
3.24468113076545,8.7619406725134,5.31866081604634,9.63906867411097,3.56896100914252,-0.82792834723827,-1.00661563496235,-1.7344170269419,0.643409093776188,0.420531886818239,0.989405096087562,0.565559636872228,0.0530495692075834,unstable,4
7.45159157284685,4.04938974383001,8.3020563038244,8.71755106245484,3.57967256018315,-0.605852781713742,-1.18064441369149,-1.79317536477792,0.284044595679492,0.69086023624131,0.245456109533034,0.420688902125014,0.0203168882753503,unstable,4
7.57569197081211,4.53585308118277,5.72398277393385,0.864527153158269,3.40500994883717,-1.12010134712582,-0.947879612265841,-1.33702898944551,0.536202671008037,0.307005432718631,0.379335373744566,0.79061608906408,-0.0209717804575001,stable,4
9.08541398365668,5.76597297971002,9.18680230452224,5.1746762966459,3.66019520790477,-0.995731885130436,-0.904644661686302,-1.75981866108803,0.83121408974565,0.846040362281239,0.100135007508985,0.136268988394438,0.0453404218051705,unstable,4
8.53473957355055,7.14944132796889,0.95323643431461,8.10438005147919,3.83983788191553,-1.27250329721192,-0.723397388170427,-1.84393719653318,0.401406560157663,0.911323636861882,0.711596441494594,0.583899246959524,0.0358884781568631,unstable,4
7.99641775655387,2.19070227616688,0.530837110202131,8.40367039032249,3.94182512408774,-1.46679153330255,-0.530838934377511,-1.94419465640768,0.926087452180156,0.914982470278698,0.980001704412848,0.296412957816407,-0.0096038116172234,stable,4
2.53314820719347,9.92073596466425,2.38176482497309,6.70753841697552,3.7606428517789,-1.11221519705093,-1.01595332155029,-1.63247433317768,0.336231766141291,0.94027147127128,0.975062792533903,0.318639467980251,0.0080809085936155,unstable,4
9.12600559520352,8.09306965824663,7.28939535967265,8.07834666390654,4.18339635482558,-1.51517863624553,-1.0433179251754,-1.62489979340465,0.323479698608437,0.910176033937866,0.384515424208638,0.36395168841009,0.0584023579611123,unstable,4
9.41040449162044,4.2141503182987,9.00592751363318,5.01079870487178,3.37774811639699,-1.17465138987899,-0.630289870553987,-1.57280685596401,0.700997697649887,0.572884841901802,0.105182756949082,0.239693856101825,0.0170570033145398,unstable,4
1.30398614141482,1.20836628994506,2.31016339778114,9.64480421414347,3.45931980091311,-0.883050582165865,-0.641558483827091,-1.93471073492015,0.378616707893329,0.786773154945272,0.527488205068735,0.273131259371805,-0.0296057219950634,stable,4
7.30078663371,1.78021295344762,8.598131984228,2.37640290025509,2.93691381042246,-0.644549712829129,-0.942930833430484,-1.34943326416285,0.922833030083372,0.906474933550231,0.246197950016869,0.118391910679535,0.0019400822992265,unstable,4
6.39688295914879,2.37279944904309,4.74957527167632,1.41359865860834,3.5881518031022,-1.03494495857584,-0.918941487192386,-1.63426535733397,0.249636195841136,0.348040846296491,0.0984548906220659,0.103818990683048,-0.0348650658785119,stable,4
6.62705019415446,3.53723481239856,5.91582605694637,1.70224752340609,2.70284734752163,-0.612257753060514,-0.634342797490128,-1.45624679697099,0.199005889658066,0.643758187412307,0.431488610889555,0.214037097213914,-0.0173592999755735,stable,4
9.61397914446728,9.54013245530961,6.28831602960771,2.94924039406435,3.43216148232497,-1.17742733298555,-0.512518829855043,-1.74221531948438,0.0736730598945357,0.669165012486786,0.393752193522918,0.839008622526334,0.0141509061304134,unstable,4
9.10051651455372,2.64494391609129,8.68528502115264,6.46119034818227,3.34175883254247,-0.599311145473016,-1.08267202956947,-1.65977565749998,0.614362023789112,0.164281559529471,0.947187663803532,0.142927257590865,0.0455769903401887,unstable,4
4.34828229713653,3.93206989527796,4.24333350979518,7.21392423206531,3.92502613775628,-1.09675036378688,-1.08058621181431,-1.74768956215509,0.124902737394848,0.866463720000793,0.135315906521558,0.0784013417236903,-0.0375264891044475,stable,4
7.97332456531187,8.00405391408377,0.630755654894328,8.18651119284824,3.99856132083014,-0.749486965261435,-1.55933534252229,-1.68973901304642,0.197076487806396,0.642462817126799,0.27273601905178,0.993738773878735,0.043766223491731,unstable,4
8.62468187882947,1.7316703349438,8.48600585212377,4.09371284140503,4.00975546529572,-1.44461901098881,-0.867430520775588,-1.69770593353132,0.149004496031958,0.278384128628961,0.164028206329168,0.0525318358963495,-0.0476417504137365,stable,4
1.69422398793031,7.95253651396655,7.56590843714215,4.08628481072865,2.95871143515541,-0.547331167812622,-0.518237511193147,-1.89314275614964,0.866902410077517,0.932081432382369,0.614575609797824,0.144816845763628,0.0294914097140502,unstable,4
9.67393786603565,6.79094697138063,1.89753671296976,5.68462569994852,4.33943029560701,-1.90410702295916,-0.512017858664086,-1.92330541398376,0.491347631476299,0.782116285621258,0.101377296394651,0.258796416469322,0.0276791898748455,unstable,4
4.96308129029366,6.27692982251523,9.17830920594361,8.45295852814102,3.65420617105616,-1.05060260733478,-0.765540803270461,-1.83806276045092,0.57172195175534,0.607470667256489,0.361886626630941,0.175620264309378,0.0326477782448098,unstable,4
1.69555801410822,1.53230416280943,3.62477410214929,1.94747252027144,3.19976001318952,-0.553850908501528,-0.657367698956525,-1.98854140573147,0.950136002599532,0.122222647173651,0.422246959813846,0.579146915036511,-0.0397437401229067,stable,4
8.45063220127149,8.61516917706642,1.32397006185951,4.26929126561998,4.21864329639436,-1.08045572173365,-1.35364813033778,-1.78453944432293,0.449871931838118,0.794575353877345,0.316672700018206,0.906069664281852,0.0399192466637442,unstable,4
8.78616050947359,3.67539736720588,8.03794428935631,1.95149727753068,3.45004795023801,-0.58754963796183,-0.998456808165542,-1.86404150411064,0.370260850270278,0.880291604717816,0.556243417292055,0.820222099696223,0.0137875963974997,unstable,4
4.66040700731878,8.29243261305443,8.25217984838346,7.24145598748649,3.18946798578158,-0.665196309644438,-0.559672970641556,-1.96459870549559,0.397146317280385,0.62887488958568,0.59373082486357,0.194468920623913,0.0436169370032327,unstable,4
8.19219124565496,4.19464340773377,4.5985718552943,3.12390051149849,3.57492026124489,-1.33538117043034,-0.732999607977364,-1.50653948283719,0.274052810035896,0.61978450396328,0.882923701404725,0.374902417252243,0.0379454003038368,unstable,4
6.63058602616232,2.34869146634956,7.31440105558028,4.39088377638316,4.02272849271653,-0.936270519383252,-1.16773107323615,-1.91872690009713,0.556575882819665,0.916319626594714,0.21027794605574,0.775044894240675,0.0348387262041386,unstable,4
7.3130581577146,9.07532425423704,8.90463529744143,3.57255216564853,3.4344037997835,-0.556200739776553,-1.23985982784712,-1.63834323215983,0.863624692172688,0.452824681508967,0.799955283492674,0.51218535336868,0.0694728236734744,unstable,4
0.9087306770058,5.01100719477383,5.82202989383457,2.36491687989811,3.15981697184615,-0.586204607889568,-0.77311220115372,-1.80050016280286,0.0726377349014487,0.253500649373283,0.415302935994291,0.268896738256505,-0.0370051923631508,stable,4
8.67307087038172,8.33840629202605,6.6363148175905,1.21335988519324,3.81619064211902,-0.695426947995112,-1.50865061063292,-1.61211308349099,0.973205001300909,0.080210913687296,0.182440763773309,0.512970374683534,0.0062106490315602,unstable,4
7.34208290453483,7.83479599715081,5.76980432147608,8.15277622697353,3.58191421720492,-0.550866133017279,-1.27479619983051,-1.75625188435713,0.195338959710706,0.321556675463639,0.38663718814489,0.927743600482753,0.0489381295901534,unstable,4
2.43190339189931,5.65344364631068,1.34360165402143,7.33112586845681,2.74286853978153,-0.57834776429279,-0.546300057246,-1.61822071824274,0.301243849129516,0.660461944625804,0.628800049668219,0.198044554967149,-0.0323510342127526,stable,4
1.57312347911636,9.77944787383381,0.78592676675492,9.0763159640757,2.97257666052873,-0.559321107103268,-1.00449098436969,-1.40876456905577,0.609706156621845,0.937014232787606,0.700095401696533,0.45347967123864,-0.0072610458861345,stable,4
5.41719676717139,7.01129882102687,9.18876686280617,6.51157908749607,3.96721055060809,-1.05632956720672,-1.36982175423763,-1.54105922916374,0.12334546137272,0.498620946865599,0.813569890930466,0.33104701509365,0.0442661568582508,unstable,4
9.45966739122144,6.91233647928138,1.0639246677079,1.59239043324481,3.95892559928501,-0.861490444744273,-1.21406153818389,-1.88337361635685,0.4328329308746,0.362206593647659,0.313852146152976,0.575601304011962,-0.0390540896614599,stable,4
8.25874535748549,9.41078197648162,7.21329405218635,4.69465791594788,3.95828777535697,-1.51637817803008,-0.681122870132769,-1.76078672719412,0.482863631275655,0.0666241117278638,0.369685443367123,0.99335607517204,0.0385441093266003,unstable,4
6.37143845419362,4.52019613576413,1.47501760472209,7.31931420780891,3.1747463150338,-0.777622655114939,-1.13192888222694,-1.26519477769192,0.833912366689339,0.461845266126173,0.476288574154922,0.409481860108656,0.0306975437066732,unstable,4
6.72991646545532,5.38195343154615,3.44753063877138,6.27854350626501,2.94522934660128,-0.706618051229534,-0.739409408677893,-1.49920188669385,0.877941244045024,0.685498456566095,0.940195913368278,0.149150060105816,0.0698097570549155,unstable,4
6.89222249480417,8.54482104339297,7.77567358913826,1.59140570037739,3.64748614668343,-1.00795940419101,-1.44193031130757,-1.19759643118485,0.668149026973858,0.878941159872389,0.366427508268538,0.233979080993066,0.0509821415468525,unstable,4
7.56931001853072,7.87950486398652,4.62167613203047,8.60549194947709,3.9386387133543,-1.00361151101262,-1.16574737203442,-1.76927983030726,0.395266384808,0.887591734353148,0.309098377035219,0.261724532392679,0.0472143557645672,unstable,4
8.22215742633296,3.47489719397108,2.2216113933073,8.30159830947457,3.76836049370229,-0.902605554971134,-0.885458096894098,-1.98029684183706,0.377294531227297,0.169186685002339,0.80737243599831,0.674846100920055,0.0064064884559861,unstable,4
8.65217991816457,8.32364367238944,5.21194661443972,9.66052704974248,3.69514738164966,-0.981744508516206,-0.810096392338793,-1.90330648079466,0.853549918056235,0.69229191009466,0.762417132296044,0.887598680402039,0.0914966679469034,unstable,4
4.72542713066961,4.08234200045615,0.872275976146432,2.12743954288891,3.95859005226809,-0.746907502060733,-1.37498927263631,-1.83669327757105,0.776897508211948,0.754299725591525,0.729378077715301,0.703565571945501,0.029962365001975,unstable,4
4.23167778705105,4.02786309245355,7.25364355741643,9.72873544598986,3.95642856928474,-0.792931612265157,-1.39264782984753,-1.77084912717205,0.324667329129721,0.905813474299608,0.938761713606609,0.595246770427276,0.0652175433499935,unstable,4
7.53758379751515,4.77715297991377,9.63901609668435,1.94241634315805,3.67098874366985,-0.918988552289165,-1.1485130940499,-1.60348709733078,0.448174361455637,0.242313679077909,0.945680935458492,0.989176429747808,0.0221354735814721,unstable,4
8.98116725896408,2.55051119398754,0.893398364344647,1.14199742347316,3.19114088433405,-1.15406677255135,-0.544642884566821,-1.49243122721588,0.88255605220929,0.861313020521863,0.473478021345391,0.977640463341824,-0.0082478391954783,stable,4
6.8850824345702,4.32449512409755,5.99184518092067,3.66128040825317,3.35246555321563,-0.692041634568968,-0.79217253074901,-1.86825138789765,0.931459115663036,0.732338324241405,0.65127079996307,0.993992127416418,0.0974132037287049,unstable,4
8.48093791510197,8.8649884944324,5.2784087459793,3.22367586045458,3.79223119360953,-1.50837180898718,-0.616035028260632,-1.66782435636172,0.897337795218363,0.341999446736046,0.225582558280114,0.171200884669193,0.0319793435822788,unstable,4
0.916183707047557,3.48829431449415,8.70371458556262,3.02719199001052,3.9189880027925,-0.917984707046929,-1.12921052426207,-1.8717927714835,0.311756280214511,0.131993217791503,0.911354460817381,0.641051739664008,-0.0051754928409215,stable,4
8.2284142594354,3.8039184966044,7.00775938398553,7.08822882594614,3.68296535577105,-0.852022002570226,-1.10748151739822,-1.7234618358026,0.572829558546196,0.725525451784981,0.659982068727567,0.155338810650154,0.0463789585768207,unstable,4
0.826621546078962,8.24543018800533,4.63692157719738,5.63276911754868,3.06359576318198,-0.514456536076416,-0.702787125065085,-1.84635210204048,0.910454756136383,0.983227184944386,0.390197731610256,0.870889582786425,0.0348518735397364,unstable,4
2.29524795364186,3.16695511419686,6.76585461574855,5.80612673858261,3.29901657942297,-0.543321735043591,-1.21561506804253,-1.54007977633685,0.779405605712454,0.104469131126764,0.188337981867157,0.922987647287351,0.0119836306868647,unstable,4
8.04735178744614,6.45978333988243,3.08642380780743,2.16727296997673,4.20594325863683,-1.30901269503935,-0.969858819055872,-1.92707174454161,0.626860344157334,0.881760706831522,0.332150063684437,0.205402761665394,0.0364245841707304,unstable,4
8.22959431696703,2.27037643526577,2.32239026193572,5.95555020463596,2.99504531869244,-0.884129386319034,-0.527691731808428,-1.58322420056498,0.360404502210089,0.318111105355419,0.63348499579487,0.27328643594659,-0.0207398815796294,stable,4
3.50473495245556,2.62421448574481,9.7797853811829,6.89269414147262,3.70595335487724,-1.0867292339153,-0.744854513416416,-1.87436960754552,0.941053269728155,0.830468398672699,0.741105745817462,0.0629463685310609,0.0013915761690749,unstable,4
6.78812125378605,4.23259553301925,3.86501077121284,6.70947276809819,4.19998236405929,-0.860427061361226,-1.51532209571189,-1.82423320698617,0.757627316496862,0.932687429582706,0.951239460644897,0.703286498747313,0.0988392089771726,unstable,4
2.32765227135647,2.8272472282911,8.97477618294815,5.53973259993868,4.00954928768333,-1.21056030501015,-0.978530989159248,-1.82045799351393,0.774490526668389,0.789490835376516,0.910529316771912,0.609165118617822,0.0330252797179881,unstable,4
6.2389544033563,6.57231105712681,4.22261196103784,7.29648455226233,3.97125770373676,-0.779921259850089,-1.56072147434228,-1.63061496954439,0.0909631212475291,0.774753589694155,0.738545874914414,0.165008284326069,0.0317471689580553,unstable,4
3.81785447838213,6.2794309887216,2.79661670468149,9.11027081265308,3.19603523284025,-0.747415705540765,-1.0557276085188,-1.39289191878068,0.18891640123104,0.478211107131157,0.138102794318382,0.319843581359908,-0.0176951766364179,stable,4
6.86970061933954,5.81036746510506,6.52430006661127,7.71814966312847,3.28090448760864,-0.804016318128235,-1.07352233776248,-1.40336583171792,0.898902722675084,0.630682254058175,0.953400770614087,0.689736684893518,0.102374509671081,unstable,4
5.33969485094033,1.0388112677726,6.16656791002194,7.871404996253,3.37652821128451,-1.12621354574985,-0.654602713742515,-1.59571195179214,0.727897587628278,0.935848538600413,0.307941067630937,0.229942711819125,-0.0133280603870331,stable,4
3.88597997660723,8.20783215859139,2.97399617674128,5.34458754265656,4.03018369145247,-0.5834047362276,-1.50114318346044,-1.94563577176443,0.732961988180927,0.703054260335658,0.32317231947487,0.758142499700692,0.0545905980164999,unstable,4
5.43141324227764,7.13231799367224,3.24497916589504,9.19779127973995,3.53565055668934,-1.14119438696628,-0.57692740803503,-1.81752876168803,0.382136641811992,0.373259034598216,0.646593924843266,0.49182505778513,0.0229828854725349,unstable,4
3.48359743500352,8.91409966263602,0.997417547861766,9.36045543723142,2.70694159575468,-0.626810832646338,-0.550604476200696,-1.52952628690765,0.979721350555341,0.786707820075776,0.529819323776746,0.791142953201404,0.033187834059573,unstable,4
6.91973839775745,2.61804655515319,7.37882388066737,6.40959022910066,3.85727812875551,-0.57922392907124,-1.62934214884777,-1.6487120508365,0.923434828599179,0.726630751994947,0.904606782775301,0.785991433197135,0.0902693320851431,unstable,4
6.48477479992569,5.98503803820977,2.79122355794898,8.94259599759504,3.16502546152932,-1.09006375868707,-0.57261230654954,-1.50234939629271,0.918666839552246,0.781824125943389,0.246851274787376,0.0845626353026205,0.0481553532949151,unstable,4
8.06693304918499,4.33574683062175,2.6070586138528,7.54815766168411,3.72920267288651,-1.54797797660716,-0.680791277273302,-1.50043341900605,0.940422332967733,0.741102968745191,0.457607744692476,0.805374843513572,0.0713787052415826,unstable,4
1.71169595892451,5.14268778957952,2.08620182610521,6.21067602257663,4.08375650525561,-1.04043855484733,-1.14253255231122,-1.90078539809706,0.134496473427211,0.985626070544061,0.359101711144777,0.52955263825756,0.0260035160693881,unstable,4
8.81458015040569,3.83626990644183,1.16554520815301,2.72147128009254,3.54683377931072,-0.885179834142677,-1.21036581895258,-1.45128812621546,0.996308948944402,0.841755193890337,0.581383911808559,0.77988000574201,0.0087023634122502,unstable,4
3.57427709589081,5.67235089432675,5.26637547347577,6.50992036794513,3.67025009505555,-0.605950418577739,-1.35060924240808,-1.71369043406973,0.958163892253769,0.506902268039908,0.660259591751506,0.316290947843444,0.0629397891824414,unstable,4
9.39904210325774,6.71962043474348,5.49718543944212,2.99977409782977,3.08964206549378,-0.843210972603562,-0.629107717320207,-1.61732337557001,0.770306922333357,0.801677515308689,0.723500937357189,0.271279503939499,0.0655669708660269,unstable,4
9.61802842201309,7.35451060229515,6.73161749076954,7.3632228822497,2.86602556405409,-0.613211939794035,-0.695527923753811,-1.55728570050624,0.890476514111164,0.104120809988729,0.388876906648667,0.511860406167882,0.0516446118711969,unstable,4
8.9789471605294,2.00255063393821,8.68135662133262,3.64487953192792,3.79386982920607,-1.21383905416164,-0.816951125703636,-1.76307964934079,0.94635651143227,0.474131825105741,0.566927407379337,0.26391511712239,0.0350124533547141,unstable,4
2.55249253021076,6.48595934615989,4.16367395804313,5.16009630407235,3.06153712923919,-0.949148591607867,-0.652683088396187,-1.45970544923514,0.0577565268808941,0.763300173453592,0.613790480956307,0.767342139276329,0.055917001419045,unstable,4
1.40056355018793,8.05897569011558,2.65049371608899,6.86538683374081,3.44466900882499,-0.520203028328088,-0.986318868811941,-1.93814711168496,0.344979733956959,0.15741371715659,0.0718157813946682,0.719410416798907,-0.0172726623157531,stable,4
7.42246572605661,6.39407401266561,1.08281360977381,2.68900125515503,2.93321541537176,-0.650554628016509,-0.848453052042925,-1.43420773531233,0.30699786707197,0.0631552547066973,0.181037677715054,0.255283012398485,-0.0464271245384671,stable,4
6.93671106638856,5.44478642104289,8.00134753215859,8.92461332415758,3.25558750427936,-0.767886245307478,-0.883103209988854,-1.60459804898303,0.512072459646955,0.97815321896452,0.336086891288435,0.957687821968276,0.0819248460864422,unstable,4
1.51110118833543,7.72857016492344,3.50164699919638,8.84097945638443,3.7596411914065,-0.830314592699765,-0.975384508135507,-1.95394209057123,0.376110193025601,0.589373889978507,0.495666238627654,0.994276755478986,0.0396895594064991,unstable,4
5.81365066065562,7.46478980210428,2.72679804574111,4.28376976195042,3.09561178494555,-0.604780701565696,-1.09429133457731,-1.39653974880254,0.770454761189694,0.979106534740506,0.281354573499884,0.582975423222481,0.0688618439098172,unstable,4
1.43928940749468,2.13040096925107,3.76378696317405,6.0873029707438,3.62687334396554,-0.759194441584428,-1.20672228077943,-1.66095662160168,0.504168091169434,0.437572204543984,0.0859370927778457,0.339364371625873,-0.0356325612487465,stable,4
5.09888989990272,6.79514095378187,9.27195921268801,8.47682436144386,3.21429153456831,-1.10833201053552,-0.513177964976279,-1.59278155905651,0.188811708218448,0.0825513798083167,0.162792725795668,0.65493072516401,0.0036124721891716,unstable,4
4.0957233456048,2.10868599252506,8.06848531794409,9.29388919575145,3.54399198500361,-0.534695436019031,-1.46505368401217,-1.54424286497241,0.51833583696544,0.182890342239342,0.0514875303348049,0.314870685341973,-0.0367735715111691,stable,4
2.63255886932112,9.89480014217072,8.25697812874002,8.8823699875711,3.93842804975816,-1.2041051478864,-0.758164288040111,-1.97615861383165,0.655233270517441,0.64216781847224,0.86710590236063,0.414358675848814,0.0528755255523025,unstable,4
7.89046944435909,1.6021705751963,1.48556462177909,8.91678336464834,3.90361768269613,-0.746574693316908,-1.39274264802117,-1.76430034135805,0.243091719759915,0.433174517247298,0.711331908175832,0.775981312686477,-0.0207106707242814,stable,4
5.93484679010951,4.74393384649816,4.37647020233076,6.14130114346957,3.51706998105484,-0.645302267411794,-0.904344617693324,-1.96742309594972,0.395407829287588,0.21018104427678,0.323660621115044,0.618130206371301,0.021062383203239,unstable,4
2.85816743777946,1.22595340633887,9.90578845561383,4.24414233994165,4.16551834786817,-0.986642532483314,-1.29061625971465,-1.88825955567021,0.105642043678828,0.0858741531844588,0.150775075824651,0.827169711481223,-0.0280268484294163,stable,4
6.60469131898055,1.00242468574132,8.19665221462558,9.0223582389621,3.02369369671983,-0.933833709336433,-0.525364634058415,-1.56449535332498,0.528293634997819,0.355190209711074,0.826025341173674,0.210316231599925,0.0268313284040483,unstable,4
6.54832344122328,7.15513612145148,2.07569974040366,1.87546337922326,3.53314082507881,-1.34501027472545,-0.674390068334737,-1.51374048201862,0.900092904321242,0.791772623894308,0.224125894986943,0.322415739249287,0.0410236970513641,unstable,4
8.92292737803191,9.95992532928735,1.82014538892527,7.68031518074726,3.48919630059355,-1.03222888760144,-0.693137718537822,-1.76382969445429,0.55232382308696,0.520320746366527,0.127244000436548,0.175731265136249,0.020837737614556,unstable,4
7.48332512336442,8.11449953042932,2.23111429082361,8.14056185688676,3.63769110127908,-0.70025174778275,-1.28934954878992,-1.64808980470641,0.945718385152294,0.563220268698013,0.948373831312968,0.178133162341668,0.0424718010969955,unstable,4
9.86275512132329,7.27481437186378,1.03153811835394,7.84551164297509,2.89462429461424,-0.900484716084111,-0.606359302038886,-1.38778027649124,0.376980600478043,0.68472820124117,0.650180735697765,0.207973248671477,-0.0004450315393686,stable,4
9.59778803816434,3.78399044767836,8.92300592659151,4.62465111264086,3.57698982158352,-0.570685272837907,-1.43262766756939,-1.57367688117622,0.4780599983545,0.911566151381547,0.590175123700136,0.691429210054401,0.0520224812016149,unstable,4
7.30778324057366,9.21738764310611,9.31309060996356,6.2421870170588,3.72931861595319,-0.751706701384147,-1.36053402982613,-1.61707788474291,0.793059619668373,0.924653026234549,0.372517789226583,0.991825355762963,0.0925530291335522,unstable,4
4.89973048176166,7.48657523700021,5.2246780097116,6.91456362334794,3.45878243787988,-0.60513845420467,-1.22284061318372,-1.63080337049149,0.29469989915655,0.229120455598478,0.383444861868181,0.940167012474135,0.0445213870813958,unstable,4
8.53780792683845,9.65775123802124,9.76652134632738,7.02335896196521,4.2122245038455,-1.73804449818963,-0.624775284234795,-1.84940472142107,0.465656608069505,0.244793593090164,0.853003116562062,0.284683945760136,0.0518527637789497,unstable,4
6.0684772579946,7.11449472454109,1.64393659814423,3.24810371697233,3.21998491094625,-0.558313052649365,-0.927080605843849,-1.73459125245304,0.470227246361347,0.813813210238175,0.143296257999174,0.449677710130169,0.0261559811773315,unstable,4
4.78411016494237,5.94375016785874,8.02619707290763,3.53266851324649,3.5048133340819,-0.98001196199531,-0.844887839945161,-1.67991353214143,0.49810021200264,0.571307377744074,0.337762102740895,0.706812689873911,0.0410909868307553,unstable,4
6.37878167283464,8.04597910519519,5.68868436421034,4.49314610915969,3.70826585942544,-1.0575765897761,-0.903820176150859,-1.74686909349848,0.664413594045871,0.272373091501564,0.817473477127851,0.861888443793255,0.0773802581124529,unstable,4
7.73861374226285,8.0144532705861,5.78248756078883,3.40934624636552,3.7763935284723,-1.22428317360656,-1.21494481352407,-1.33716554134167,0.736670176092287,0.482851798828259,0.0660315045885788,0.168022113871671,0.0237986846494897,unstable,4
5.84875678798758,2.77233786803322,0.664925214837969,1.97172138353279,3.96432752469369,-1.14864674454294,-0.972469804686052,-1.8432109754647,0.0928251564740494,0.956259135148108,0.61236836035263,0.153057351142362,-0.0275150898884447,stable,4
9.6273089142994,9.10761160437778,1.27560948444477,4.18590296744207,3.91597261470461,-0.59426478769579,-1.67998059814723,-1.64172722886159,0.785573052413564,0.471652040387193,0.360805242470782,0.520103367962802,0.02415946655664,unstable,4
9.37839241214268,9.1069047862171,3.50258483934843,9.297540327268,4.00176769362852,-0.661187413636839,-1.52208476656765,-1.81849551342403,0.768451416882355,0.784901670835127,0.0785211623257492,0.250344326483638,0.0523321815091131,unstable,4
4.23974595583149,6.47786149987764,6.69416495601211,5.6755072264842,3.81460839289944,-0.677406686190039,-1.38663709350914,-1.75056461320026,0.655428198298636,0.99032391008017,0.546812805755932,0.347276495825424,0.0755494671884249,unstable,4
9.11545420387461,9.99790713117815,2.21660813372489,5.34725975194653,4.16836478302915,-1.15772301253267,-1.08695611531163,-1.92368565518485,0.110708918030119,0.712716547007469,0.409158924992965,0.915785537845032,0.0275262243205427,unstable,4
4.18128277729534,7.76194618132395,4.31246272629544,0.866567010400852,3.60891892434818,-1.26941985005228,-0.855819874187733,-1.48367920010817,0.903347698936876,0.811203124575433,0.88403187658982,0.842023941324621,0.0475623304917372,unstable,4
4.52420190468266,7.98882439084965,9.65888088305361,7.86500187708937,3.4999701744523,-1.05612900258469,-1.20318664880224,-1.24065452306537,0.345149231417139,0.848095584957609,0.303004113980094,0.283536282978607,0.0412742468100754,unstable,4
8.67783899172525,8.85304209631559,8.70693957920888,3.63932163237315,3.15866675185796,-0.539156447747862,-0.835645465808024,-1.78386483830207,0.534976511129128,0.695570801992372,0.137155676070192,0.910134457357608,0.043859685927806,unstable,4
7.98270281862608,3.58248313264138,3.68652247517862,3.41463553318648,2.94047142671202,-0.546440663834696,-1.05366157040138,-1.34036919247594,0.892352967020764,0.0888335130439722,0.163716214870135,0.345949863755944,0.0068766301679992,unstable,4
8.79142847717071,0.697979545121407,4.27761042716824,7.97562493782165,3.82352187178948,-1.52869424034953,-0.536067534488137,-1.75876009695181,0.565812524062773,0.262447027079371,0.312512387344167,0.900835138968984,0.0331608796972245,unstable,4
6.08732125062993,4.22862161449313,8.93384205546388,8.90429165139421,3.41856478921316,-0.994216906060802,-0.773726258376718,-1.65062162477564,0.688291551907242,0.0707746851062647,0.972427694180448,0.813403943660877,0.0746204578281366,unstable,4
2.99339140376149,3.91216300610015,8.24554241057729,7.92218409539494,3.54367819865478,-0.602239520134416,-1.29703110151575,-1.64440757700461,0.0520185265127558,0.976825061075881,0.148715560564019,0.178976126435393,-0.022517481808734,stable,4
6.60223880675343,4.95900142583852,5.3982527689003,2.48352783919725,2.83094942357027,-0.502264446410094,-0.566908724036673,-1.7617762531235,0.174344168170583,0.436361073917801,0.763000546751822,0.195687598301588,0.0127944121104346,unstable,4
2.01854868786973,7.06578028835582,4.16107803256342,7.22352741469203,2.98621659598642,-0.577092862000561,-0.712430713957653,-1.69669302002821,0.675459058923393,0.821007275837925,0.700873748286021,0.398985762371202,0.043642338131105,unstable,4
9.31745748499261,1.4671504596778,6.70074756816205,5.8610182016427,3.68520868166888,-0.99251058858044,-1.13576230555446,-1.55693578753398,0.177235764685222,0.621440356046787,0.92772393574927,0.130974619456317,0.0004057603161387,unstable,4
6.32267499332987,6.49808519674492,7.43407030725067,4.25155954203545,3.96557413543821,-1.57759047473738,-0.626436702817108,-1.76154695788372,0.371495228808679,0.965289333822904,0.0741585517453391,0.658595302943448,0.0518754241424417,unstable,4
5.69097612819871,6.09678773966733,1.94633796824889,3.08755577405473,2.77704168734533,-0.564544259983848,-0.528669287287118,-1.68382814007436,0.982185618765682,0.282532405924925,0.785128513130047,0.40157524522691,0.0316825352797006,unstable,4
3.66095964660307,2.10214738978139,9.06542313265618,3.86084705535284,3.81183332770818,-0.941780993374402,-0.922558353562944,-1.94749398077083,0.593515195782086,0.466738684141299,0.335571824408247,0.580994192985078,-0.0152273931828308,stable,4
1.88882490104275,1.4357412013493,5.548242222163,8.0759267337265,3.63339204066326,-0.626204202133138,-1.19405396374725,-1.81313387478287,0.606828277079042,0.605212831709523,0.214688357427485,0.301742231718388,-0.0704836096772806,stable,4
3.34433171550621,8.81463769583929,4.3492892326354,8.50142831559574,3.85588071429014,-0.740433334985492,-1.23717122470402,-1.87827615460063,0.530247186901981,0.515505978698153,0.521706682566175,0.503778554652695,0.031499292853359,unstable,4
8.47794768729574,7.82085672665087,4.56735006989078,7.11928893402264,3.579979342751,-1.32782364502595,-1.01496988291839,-1.23718581480666,0.837675063324012,0.43447734950561,0.381679028690392,0.181810598558332,0.044449675011106,unstable,4
8.07045579082199,8.7035406778584,2.81556988732347,4.19412747897977,2.9584138565635,-0.591929617704684,-0.974533996653813,-1.391950242205,0.540046329762656,0.0650363837664563,0.704530527333405,0.193893315720184,-0.0187155769203622,stable,4
3.18908288292808,3.35076127764586,3.25389613549929,2.07710919031521,3.27951397019728,-0.811433960462234,-0.931880472700461,-1.53619953703459,0.938249130155217,0.127496297039846,0.86424743451028,0.864245322831569,0.0582342357927199,unstable,4
7.88237140516012,9.50775460213695,8.85869825918976,4.81756422319228,3.27727607315099,-0.934313524095388,-1.02890681607058,-1.31405573298502,0.355594716149899,0.610183356975294,0.817506984722863,0.571581978854365,0.0640584286002327,unstable,4
1.36763112898688,3.45238796382668,8.20999183945539,6.26925503306967,3.42551870247577,-0.700120257660642,-0.82340557821457,-1.90199286660056,0.714481268047533,0.41812590383133,0.269592657983615,0.885194397062898,0.0070352998849003,unstable,4
9.38096826142453,3.22963353900128,0.607570307232253,8.28441195959934,3.8490623489454,-1.27046986285364,-0.78833538990739,-1.79025709618437,0.420162252777512,0.412221602601154,0.218898740740697,0.711187126023421,0.0094739797464793,unstable,4
2.32807589907474,8.45979415695642,9.59259434715859,4.19834881020585,3.90430914132129,-0.616786466147867,-1.36475868697431,-1.92276398819911,0.974009658102538,0.38863890934629,0.370730251010322,0.130086041458005,-0.0126906260523469,stable,4
6.93073230534393,2.52230360849964,4.49826612273111,7.40031907367682,3.76999222402851,-1.59200894802079,-0.60354028346499,-1.57444299254273,0.682631006359527,0.801096701378648,0.960070807714064,0.697409377159618,0.0744469705565905,unstable,4
8.63958446412914,8.17212602034769,4.56090823071474,9.71947622825312,3.60227791445585,-0.631853017951909,-1.1958984662959,-1.77452643020804,0.689010670744467,0.333493839982952,0.98058656095167,0.395138051074309,0.0579375495593625,unstable,4
3.20426840487247,7.65638505930518,9.82060883987992,4.41928692144341,4.12445622807817,-0.728890655394562,-1.61923220680564,-1.77633336587797,0.940066629653742,0.657487834112111,0.0740724378920579,0.31946301695194,0.0158069257703745,unstable,4
7.33866320997545,1.73941216336469,8.91568017852402,0.887011798729037,3.36131444430954,-0.878839797346061,-1.15117506254487,-1.33129958441861,0.739384672049051,0.966077244056383,0.31802409133987,0.823487745086718,-0.041267931587136,stable,4
8.69243985256756,1.71956126078513,3.44286915610746,9.10211053345436,3.99775839068355,-1.45105945639281,-0.602970682293538,-1.9437282519972,0.420481202596954,0.599100495452484,0.777108112305705,0.459544685605048,-0.0034798080053825,stable,4
9.57360361917013,2.32788140735941,2.85065221543496,8.51941078280488,3.84950084715653,-0.698547470636922,-1.16119639689866,-1.98975697962095,0.578087159170541,0.596833798967479,0.115053042802314,0.935378989422456,0.0324326173072566,unstable,4
9.58012727369574,2.32560688400411,6.23008566094956,6.90759319784932,4.41267352171655,-1.87379581365285,-0.569133340320434,-1.96974436774327,0.764215027962344,0.992242984274713,0.939377969523851,0.706662190371797,0.0689203123666622,unstable,4
3.37602318131757,2.86071544725129,4.82110785318555,2.54604138033654,2.99927650201925,-0.549592104346026,-0.753974719057721,-1.6957096786155,0.386794050703198,0.809937788179064,0.522811446026809,0.241989666504181,0.0095073828816771,unstable,4
1.59673593221395,5.74404397684325,5.88829533500919,2.43439187667256,3.76236357737094,-1.01935060271331,-0.869846135225194,-1.87316683943244,0.769446523140435,0.733218156812914,0.0969157004530286,0.159049987363392,-0.0333360642580934,stable,4
7.21444951346822,2.26590639308793,3.88905936892566,9.01266305188659,3.67526629530766,-0.722557122071774,-1.24924597242725,-1.70346320080864,0.837424500385221,0.599087796794376,0.975244532544494,0.772472138511899,0.0610516014664269,unstable,4
9.35801991781113,6.90382356146073,9.65416913840984,8.84123296344251,4.21029613553791,-1.32912073535151,-1.15419940578707,-1.72697599439933,0.166990833302952,0.786268775957854,0.323465054071858,0.0695142207317485,0.0220164857990508,unstable,4
9.97666111896794,6.49983473887836,7.00102742673185,8.57122747661751,3.3919745876739,-1.06932284940125,-0.78863964344993,-1.53401209482272,0.687375164842064,0.792952833075073,0.312459977232642,0.959298532897581,0.0820761209771412,unstable,4
9.14790880197798,4.0371328856478,0.731065250802494,5.63341647084996,4.15944018523917,-1.14079746645211,-1.2766037219178,-1.74203899686926,0.108638895999456,0.889319050361982,0.173514424392587,0.0922761063063389,-0.0395034377879123,stable,4
5.68688636654144,8.47097129021003,4.9212992317996,7.20860273651384,2.98290944987945,-0.995078209931857,-0.516807496902824,-1.47102374304477,0.617687245713257,0.421788783082019,0.903783885666481,0.759161017226205,0.0799720097250983,unstable,4
5.99910068828054,2.75875798200816,9.59869443759297,4.95042338807242,3.55416000081463,-0.976827761354425,-0.848818256480969,-1.72851398297924,0.794534009085316,0.871789281118765,0.997144630596363,0.139557949113934,0.0492833855964445,unstable,4
9.35541954576937,3.139747203729,2.99761741895234,4.84628792735888,4.03593634420459,-1.18166444844678,-1.03763700665794,-1.81663488909987,0.823626806874707,0.38318516945357,0.149698734038634,0.464116882008045,0.0143187453751164,unstable,4
8.67502124880415,3.54519426952013,4.62797292272913,2.76433631997609,3.92556367702143,-0.719121088519983,-1.53847221908309,-1.66797036941836,0.566112410065114,0.216643160081288,0.678265311896026,0.600753106999295,0.0133439224170022,unstable,4
7.24261330887168,1.33821983992654,2.09726308785375,5.20969414718471,4.26703469151033,-1.19327136541266,-1.3410130370343,-1.73275028906337,0.459694041776067,0.738038467125325,0.115182140046334,0.0759314737463614,-0.0489247106473836,stable,4
9.58437919264271,2.81815097450394,5.14452721219175,8.07071932197307,2.98219225057934,-0.542503105108394,-0.798232991882542,-1.6414561535884,0.696896089477862,0.47905809694897,0.147852336784529,0.818300062090234,0.0416935049692299,unstable,4
5.64209768788668,5.88234819288501,2.85559220350375,5.04566382376708,3.57628890395458,-1.36640671226854,-0.871131569758453,-1.33875062192759,0.766404632362449,0.735280712822194,0.464670165749572,0.916452712691063,0.0862663536708798,unstable,4
7.53191897567253,9.12448894602051,9.69100817511673,2.6334172474835,3.93486861279629,-0.649834870598174,-1.53979842727808,-1.74523531492004,0.167515578808817,0.482355339082385,0.683474497539428,0.115067186723944,0.0276857101141025,unstable,4
7.71403300404557,6.95662772346378,6.1744464586788,2.04892026781099,3.36062658043314,-0.632329633142811,-1.36510784746411,-1.36318909982622,0.713298621764174,0.99755334231613,0.0748468545605883,0.305506044453211,0.0467674899306583,unstable,4
4.30854028182989,2.32011485443402,4.40546154269295,2.18712232019714,3.37451317237557,-0.552549107836746,-1.01360424856785,-1.80835981597097,0.623870297230778,0.463980500082412,0.724656187936495,0.932244278741021,0.0512023963424049,unstable,4
6.27880398856021,7.08227317490643,9.4567350575948,6.31171331115775,4.13634316622712,-0.619021393286623,-1.63167278277633,-1.88564899016417,0.707966417949196,0.402271332810058,0.770109052079915,0.583604527929674,0.0722551670949614,unstable,4
9.1881321912804,8.53174673236533,1.74952112516651,7.46035359166811,4.1324849121282,-1.65172648969443,-0.596625435064442,-1.88413298736933,0.0681151954870671,0.162669983490776,0.563228555804234,0.6385844293958,-0.0202744147534752,stable,4
6.43781656711446,5.02733642067561,0.793485184068803,4.61247282837005,4.28395024955177,-1.21257910844429,-1.22015973182569,-1.85121140928179,0.831061148048261,0.258976211311436,0.126360133222783,0.0574753455600305,-0.0080517975621083,stable,4
5.17022805433383,7.33933973605529,8.72909743787378,8.19618730969796,3.61555643474391,-0.506084740611282,-1.69399712070073,-1.4154745734319,0.91225661893099,0.973069100116051,0.149579818601056,0.804410136723273,0.0854199051009518,unstable,4
6.33423611625124,7.66470013376572,3.90478399831947,0.580629774043767,3.64347171001743,-1.06012676963931,-1.0624713956069,-1.52087354477122,0.519440203574565,0.533386375033932,0.469529156387059,0.511502363948888,0.0003489900753616,unstable,4
6.69987414764774,8.27558609665186,3.81875193111951,8.66712287704729,3.45978929256687,-0.586598999099713,-1.0929260183326,-1.78026427513456,0.264334530816157,0.714583619670483,0.359860828415618,0.654719125756632,0.0487837770200203,unstable,4
5.65464763991513,7.25839613778781,5.76841492378018,9.93240745431746,4.05816110871755,-1.1200753058849,-0.954416352322709,-1.98366945050994,0.979870152299594,0.0642419632295775,0.45364244927056,0.975647082166913,0.0645723525353938,unstable,4
9.82829646358235,9.37444282466898,0.566844882036268,6.64414467160227,3.51136610337625,-0.720212182914896,-1.47671616905421,-1.31443775140714,0.245228715533611,0.613570408812158,0.772958196849561,0.272706419061735,-0.0172818718164036,stable,4
6.67298823733351,3.75350149942674,7.53799348620329,4.41504144883102,4.21055016473372,-1.36546959733027,-0.968095712541812,-1.87698485486164,0.383070793124322,0.962618890163833,0.140347418296897,0.305065001740772,0.0172064856579366,unstable,4
8.23511550178622,6.00080221314683,6.40422913743372,2.90417542754102,3.34549158251414,-0.864425195884693,-0.775418146528082,-1.70564824010136,0.231864695833138,0.755657409782672,0.484785687200968,0.251633261271018,0.0296078270407325,unstable,4
3.30059165686306,5.7452644092322,3.59568463019333,3.1783411809161,3.10455724699306,-0.581318772050657,-0.732578004160011,-1.79066047078239,0.295934706354473,0.505182993181151,0.53651060655874,0.515748613193822,0.0133537985160702,unstable,4
6.23626444810352,6.75424353623936,3.89057110026937,4.25640921214878,3.99193302160038,-1.32192737404426,-0.939806023696798,-1.73019962385932,0.760644335427143,0.0663426960494171,0.194635489763924,0.697302315391625,0.0250124212974847,unstable,4
0.52429928576455,8.5520222797847,1.51004743862494,2.24825518937291,3.29548210597222,-0.651333882602327,-0.977558426383988,-1.6665897969859,0.254511363494456,0.994563713568557,0.911008191852148,0.185942450668616,-0.0293509147122162,stable,4
1.34905677598478,1.75433851157486,1.00135805130944,7.13768290610173,3.42593884060151,-0.811818162045965,-0.719339949147822,-1.89478072940772,0.259525649759733,0.4105137750389,0.695340013205779,0.312229790075057,-0.0421641084217754,stable,4
1.76508945810746,1.57695996298912,9.18196019753859,6.83056717503382,2.98609035358191,-0.630908848736249,-0.894197587050195,-1.46098391779547,0.628783552508111,0.971780032454532,0.580262363282142,0.489897546985301,-0.0149768004990759,stable,4
1.23534106827987,4.91468945108156,2.72493069103389,6.9342572025407,3.12990275534674,-0.573798929279589,-0.99769552624363,-1.55840829982352,0.45894014386158,0.29530883757623,0.887094319326162,0.286026237055429,-0.0209997940726765,stable,4
9.97603139855296,8.68361506737199,1.05923186141122,3.89112250235011,2.70210135897353,-0.506657048702508,-0.928663972473517,-1.26678033779751,0.589331858076903,0.40821152686415,0.147770512083163,0.36212661658183,0.008211322851695,unstable,4
8.58261523534807,6.3782883270534,3.7151499617453,4.91488939904809,4.18678462737085,-1.38128921975733,-0.910624431117333,-1.89487097649619,0.824905567197487,0.63113884985505,0.0667083951773681,0.932873059026628,0.0660643714972134,unstable,4
6.03592008223928,5.51333312519752,2.54294560240062,9.28274704495395,2.89145627362471,-0.57458446698403,-0.6704830067317,-1.64638879990898,0.812620464391285,0.585495166624506,0.309630059645022,0.337926393234298,0.0389859703732173,unstable,4
6.95520494603833,3.96324697118314,4.00820324339967,7.34977186040133,3.51111222284135,-1.12046957383305,-0.681939819300734,-1.70870282970757,0.0559734887940227,0.214948308635989,0.943137271565913,0.96777923113457,0.0462391928114976,unstable,4
5.21179227200419,9.90643401060959,0.795499560242577,4.13167417410333,4.30365817544694,-0.540962771184032,-1.87088329311704,-1.89181211114587,0.402355803229192,0.997870307168516,0.267738250034386,0.229908131089018,0.0163642123130747,unstable,4
8.80641475807672,5.47953052224814,8.82392927958304,3.09266869135635,2.94146975610203,-0.667323202924395,-0.540435719236475,-1.73371083394116,0.384700910711153,0.283033917399538,0.545224895577586,0.72764169627164,0.0214850923030592,unstable,4
3.36830772784842,7.37547638606851,5.74556365947258,2.59312087520866,3.94830367471999,-1.16417992834724,-0.903357658772252,-1.8807660876005,0.364444907336279,0.625497027200638,0.625736454202611,0.342690756405123,0.0273580989651871,unstable,4
3.24593437962609,8.36046282211316,4.3982055412163,9.63293505930396,3.31552595635308,-0.730478067957819,-0.79769395939426,-1.787353929001,0.540723816971582,0.48530323550067,0.232031767725692,0.413867479804259,0.0105346538824482,unstable,4
8.96705181628906,1.82498003605,2.84266668107556,4.11032898331684,3.372819433065,-1.30835236347161,-0.767821195659367,-1.29664587393402,0.107564182622985,0.475688839233414,0.116875859209708,0.162497761630795,-0.0435308160919704,stable,4
8.88447946333116,4.14360371318208,6.15952116767826,6.52404949965571,3.76687432593042,-0.886588106480148,-1.47593754484849,-1.40434867460178,0.296147035670723,0.706706122923699,0.485880416591902,0.306304100763991,0.0294854136901322,unstable,4
8.42126559788964,0.895356875178916,4.63461211180452,4.9256693971527,3.40807112078371,-0.508068065146764,-1.04202637034907,-1.85797668528788,0.109402121600424,0.630048546706743,0.345079632007352,0.917051715545645,-0.0118152215299748,stable,4
9.52265298728168,8.47265155998496,8.47617902352354,3.6624923993138,3.32285928741353,-0.519636255457334,-1.0320311446436,-1.7711918873126,0.313467811011752,0.290070709512,0.26441289234797,0.322237374265449,0.000761201531965,unstable,4
8.15058470236694,0.93973385643299,6.9039692611162,9.47055342927172,3.57862177366989,-0.654987301665277,-1.3072969202267,-1.61633755177791,0.250506503752969,0.361493197757637,0.976048130575934,0.879646712106009,0.0505067163077248,unstable,4
6.46834171862971,4.13665069275516,8.72774566926235,4.33563387873664,3.64599222445954,-0.866375822722318,-0.8337651419356,-1.94585125980162,0.515858513484338,0.815476740733848,0.969022423629559,0.506471127896084,0.0706625888861891,unstable,4
9.599181189326,7.45605667660263,2.75103784116262,2.34566849032042,3.6005475683352,-0.56725275140811,-1.23047988281311,-1.80281493411398,0.0766029477226571,0.581619999882593,0.715064884408537,0.398585445066646,-0.0221032099278924,stable,4
7.30223326487395,8.4392431867371,2.15008527283907,0.937348008376919,3.57378184974898,-1.50721164916796,-0.589213791049912,-1.47735640953111,0.894423924889817,0.513570853425492,0.400416738317232,0.806059059325992,0.0029843260506264,unstable,4
7.84466662411503,4.61734673163088,5.88700372195843,5.55309904497325,3.50821699932159,-0.732213733295095,-1.30426771760568,-1.47173554842081,0.430881840624117,0.255718782830917,0.112649640971611,0.17695500817875,-0.021047532427255,stable,4
8.01157244541827,5.63977838768737,2.08231208537215,6.48055073414836,3.08185183842683,-0.629622612274741,-0.539106279389665,-1.91312294676242,0.260617537764941,0.502627717978839,0.64171129606297,0.0974905722241639,-0.0253848875417882,stable,4
6.48269414224954,7.32015859650163,9.31521840247423,3.61643983150858,3.69509908525716,-1.06714026784623,-1.03907016217593,-1.588888655235,0.702439560812347,0.423081150257988,0.288622617277964,0.52969691871803,0.0382558840997149,unstable,4
9.57556317140366,9.95262244577078,0.507573346831067,7.17215398046729,3.80535920382279,-1.37625169068377,-0.851707292711537,-1.57740022042748,0.226619601904347,0.5628465019945,0.265027343108933,0.571685332763678,0.0158177837252525,unstable,4
3.95331911101299,0.524893345770822,5.28943800303567,8.02533921066819,3.91403061817187,-0.919714493416226,-1.05244131794943,-1.94187480680621,0.0845221066470083,0.356950323838149,0.970569938732092,0.116593213666605,-0.0256099487879031,stable,4
3.72989753883487,4.88216151642725,7.92427269345761,1.02209653664468,3.23531995956298,-0.603978519933659,-0.707757152383623,-1.9235842872457,0.994761542448864,0.45446009718696,0.244568800180797,0.638207830115327,0.0005412730412036,unstable,4
8.02373585767,3.49603776439866,7.33276675524192,8.4545946282469,3.25216691078322,-0.764377668708283,-1.12729035624664,-1.3604988858283,0.760823704758076,0.568011378297758,0.531292791657962,0.501060626649722,0.0591380635808591,unstable,4
7.56427912294436,9.5686773240734,2.14202014364582,1.46761376458377,3.1165182453581,-0.705457495914749,-0.637527979069331,-1.77353277037402,0.498845394923092,0.152662652417901,0.295068016460496,0.863644653431696,-0.0427915626587912,stable,4
3.07826047088513,6.53265750715226,9.13042300180125,8.12254987352419,3.11162881354526,-0.869773232779105,-0.683560646896227,-1.55829493386993,0.310157818987147,0.375512487299815,0.111156081751087,0.817227456691891,0.0245024401599216,unstable,4
6.18044738320839,7.66845568709888,2.2512542744673,3.24547213585076,3.19914431725759,-0.814366464337928,-0.622726022651466,-1.7620518302682,0.723500331507273,0.507127623820687,0.51229433773497,0.589163778091903,0.0321754052343583,unstable,4
5.48842802293942,5.78666649673994,4.47001493792487,4.42729161778293,3.52515507179601,-0.823801861615886,-0.83674317392275,-1.86461003625737,0.777255289581362,0.642989481490807,0.950510012713943,0.805258802126398,0.1042601477411,unstable,4
5.50037741403975,6.67580704148767,8.86806325672126,9.8065387902101,4.07312390906591,-0.788522317913501,-1.34917778632075,-1.93542380483166,0.784209188632948,0.579661828150762,0.172421385183455,0.985947963393058,0.069007739330999,unstable,4
9.40772623389233,7.70349906539067,2.34889762802874,5.71147328208907,3.2610337716014,-0.765928775658552,-0.788768908869091,-1.70633608707376,0.316492896687363,0.515915957677205,0.118294033384752,0.483032784727908,0.0156123654029112,unstable,4
8.74986281972888,6.46799774975101,5.56664752955742,8.73901181237097,3.54416733758164,-0.931206801301159,-1.39093152313288,-1.2220290131476,0.877825428840395,0.522247783617147,0.491703332716266,0.652671872241623,0.07524608289052,unstable,4
8.16247796976407,0.703731817279628,8.04209951708217,8.2588921153132,3.63977638993113,-1.55896864492566,-0.553062582802936,-1.52774516220253,0.228572943147469,0.794863709493494,0.626476123527417,0.188125698440127,-0.0219146899685421,stable,4
8.60554955320685,3.61176049525918,8.94879438612063,5.01923180492294,3.20080957592851,-0.553079225076223,-0.843145953907271,-1.80458439694502,0.403287156990191,0.684221598515018,0.669299421980503,0.0660371891913225,0.0252450154416057,unstable,4
8.8090976876794,3.54635138089112,4.95978946185461,5.75178983226075,4.18693056026566,-1.57398364272843,-0.878620109011116,-1.73432680852611,0.624375773000884,0.695174928624753,0.657974385583421,0.535974513219519,0.0567185597445512,unstable,4
9.25917151392775,1.10189299610131,6.85574849556399,8.00998555303062,3.51610190512739,-0.935939926267043,-0.752054947289778,-1.82810703157057,0.313584064739036,0.584524410202033,0.280867142606016,0.35108289102462,-0.021491434367986,stable,4
8.46134941645176,4.35976189908604,5.01967102983322,8.57354490600042,3.85807985361758,-0.957914107394742,-1.0470446153147,-1.85312113090814,0.0886719186080375,0.164414546210648,0.712640485351619,0.555165864950705,0.0167223056148041,unstable,4
6.76020803707445,1.29957509686757,1.71213834491695,4.45006428632674,3.07813852509004,-0.54903933881222,-0.718298340888449,-1.81080084538937,0.847208975156038,0.971280328046078,0.97772511731023,0.148585502286179,-0.0127972406720805,stable,4
4.30055934329317,8.61746692494199,4.81034107835527,6.36575490885242,3.4722843778919,-0.952547520539688,-1.09507538437747,-1.42466147297474,0.703267542464328,0.957240042973984,0.561720438864033,0.500388444387382,0.0722087423552341,unstable,4
6.65074426889394,1.77051071388758,6.57204541047108,5.55021263981749,3.11821835227604,-1.08341902288402,-0.708120425373397,-1.32667890401862,0.574729230306222,0.820476529043,0.1308012763594,0.574860858488712,0.0103823299629339,unstable,4
7.81503799151898,9.77243428121817,2.83418805322853,7.73092334157049,3.88118798416075,-0.982873582216562,-1.29758353854597,-1.60073086339822,0.171774907463411,0.481538519273489,0.697527424107993,0.617184001580614,0.023714638567472,unstable,4
2.16809014098941,6.03093535468244,7.12628829005859,1.51606511425761,3.38677478499979,-0.519439520938345,-1.06013221999605,-1.80720304406539,0.47679876753359,0.637431757880383,0.574909266604807,0.0679967161029426,0.009202449023218,unstable,4
5.63985903816639,4.76069998120696,7.29923550833957,3.0467044806952,3.88370950796393,-1.60448139728211,-0.775889680558431,-1.50333843012339,0.998610104624679,0.968034355017038,0.771494829222827,0.334671446702598,0.0914272712627426,unstable,4
2.74567712474366,8.27323605421537,4.68528340482386,6.69037591972178,3.14457749118309,-0.609615209967992,-0.835792269756633,-1.69917001145846,0.212244744587026,0.21538148210854,0.790798446534405,0.520366034566609,0.0220029594355915,unstable,4
5.47068930259541,3.75256559835005,7.56172497500555,9.2805957288364,3.41209630260528,-0.957959927587828,-1.06941670222478,-1.38471967279267,0.549088731119543,0.954744754359941,0.63595375555503,0.940877395102326,0.0758904109886894,unstable,4
9.50824309584218,7.93924610893942,6.76348295103461,1.25937215337199,3.37308303349293,-0.529711614716472,-0.924693313483277,-1.91867810529318,0.220231084231458,0.0960587827641796,0.421777652108331,0.0969271917398647,-0.031494113549291,stable,4
3.49833594633619,8.81116255852486,8.95449485265314,8.28550977255286,3.88190833720024,-0.633470571754629,-1.50449933626829,-1.74393842917732,0.837824401910872,0.162101761650172,0.434347043534252,0.0848062161045207,-0.0061779508566557,stable,4
1.54884838452712,2.56741196458082,9.63004459459963,3.4356781995863,3.80895935029326,-0.745103481671517,-1.30351277394441,-1.76034309467733,0.979980865775289,0.0669927461093117,0.134556324687426,0.885951464357831,-0.0500131578687201,stable,4
8.51133538256119,2.78106800776831,7.14279374107021,7.25479143455343,3.97444748344679,-1.15732203422985,-0.896271323990868,-1.92085412522607,0.919944336095996,0.360166456948117,0.9272489085141,0.272465258991516,0.0653022079534881,unstable,4
7.25873297390315,8.90345127676185,2.86220934662833,5.15458924963819,2.69181976716273,-0.744812298552995,-0.51617613654352,-1.43083133206621,0.565465222383031,0.688418720752525,0.417243935027084,0.666100141812245,0.0508067749502878,unstable,4
8.07997743694827,9.42546466900081,8.62228954734806,8.91185812362013,3.50828109018184,-0.822103263033857,-0.915830350555526,-1.77034747659246,0.687741011048432,0.160345402167543,0.844856955547259,0.947364413487372,0.0820610405640036,unstable,4
9.86490214520841,1.593828109073,8.19245820228329,7.94328569270829,3.91150480151338,-1.25447170639914,-1.12275722427319,-1.53427587084105,0.551061867682704,0.279592462195649,0.445130698972709,0.631904509386561,0.0366017935535003,unstable,4
9.3388409278761,5.97812140772522,1.8888917187416,6.13054128571406,4.23889384062766,-1.44002775513034,-0.879789220198512,-1.91907686529881,0.248699685868541,0.616854599814897,0.878097783735378,0.310770427274442,-0.0021983671737275,stable,4
7.14577973802708,0.599218573590869,4.89702398967589,2.09216535863099,3.80950909704028,-0.865957898323913,-1.42333677845164,-1.52021442026473,0.595614114451567,0.450750082734139,0.42826660445272,0.550349980860284,-0.0280330867596707,stable,4
8.30322627306266,5.88433518926017,6.56793299841775,0.742158439220523,3.10140711221115,-1.24025840621237,-0.535746004358062,-1.32540270164072,0.953402217786449,0.77493492184815,0.472418010962862,0.137174545064544,0.0596130863488546,unstable,4
4.32510430794626,1.86413992022934,0.671594007125264,6.23608909580923,3.52292337921727,-0.943056021386897,-0.684169416327123,-1.89569794150325,0.314196911712607,0.901536672049799,0.520010310087408,0.667409708478384,-0.0291356077902111,stable,4
5.31848894546773,7.22717999021693,6.60166814521387,6.33696371342919,3.49180148261612,-0.651696059387212,-0.980495414335013,-1.8596100088939,0.497304928545878,0.184426364620517,0.353169783550029,0.698101908734525,0.0397462435008887,unstable,4
9.02875965851944,8.56343678351683,9.7151635548961,2.26009859048424,3.86431732397417,-0.996622296736401,-0.990551111817465,-1.8771439154203,0.235509359578902,0.855004417142506,0.417092838032729,0.857901953991395,0.0294728475661778,unstable,4
9.27437263875246,2.86928228688929,5.97409902994545,7.15251175571515,3.97658893409375,-1.25196114105645,-0.946803303663409,-1.77782448937389,0.393990338465642,0.150965932568845,0.291533179065775,0.739211883944591,0.0263929358433811,unstable,4
5.69720110273734,5.34399972610469,8.29517844411759,6.34709386607534,3.25439485419423,-0.831385997290025,-1.20772193769917,-1.21528691920503,0.942900913665582,0.363616965185533,0.928535105159864,0.860673841369065,0.0962874104633111,unstable,4
5.63660209424335,3.7748197773873,1.79675976142829,3.85964698962375,3.22645826409089,-0.965247738082183,-0.786600892410835,-1.47460963359787,0.189147707445233,0.481392015141571,0.194558851387835,0.476029910941563,-0.0374987873783042,stable,4
8.41313754689581,6.94072686416917,2.28901657764947,4.4360074575506,4.16522667483716,-1.44737374251684,-1.04575045760989,-1.67210247471043,0.883849977109201,0.505788717181261,0.457245016547937,0.43455678255788,0.0412358420038817,unstable,4
3.56102468707695,9.65146485269364,4.80963333060112,1.03381905745823,3.51456830975959,-0.727408008661354,-1.13885584364346,-1.64830445745478,0.72776184912485,0.722099916983603,0.782281849954743,0.558195290074246,0.0112634723805908,unstable,4
7.8479773015452,7.65101329726779,0.809174927768554,7.18595908010344,4.12620285467904,-0.888820174099528,-1.56566486837458,-1.67171781220493,0.359196836466767,0.535067887221492,0.94966561850596,0.249003085157883,-0.018589388621774,stable,4
1.66835226994484,8.29845116264863,2.09911119953385,9.97775105714494,3.59177262667035,-0.901484767736483,-0.902788927490113,-1.78749893144375,0.761181115946543,0.394266475653048,0.789629776512767,0.53688953584268,-0.0310011771546617,stable,4
9.17311199919223,6.25356533841905,5.50966256287135,8.1784932384659,3.60789547536284,-1.54226519927738,-0.704506623258093,-1.36112365282737,0.399460650653824,0.200379105241235,0.545971887120062,0.417681335314311,0.0293027047579937,unstable,4
2.38456286986646,4.24395874948655,3.72506070521021,0.98882200835438,2.95930478272395,-0.615368742428767,-0.520083355818538,-1.82385268447665,0.842069005888598,0.885778214930389,0.207468762650582,0.354159827245064,0.007707585659229,unstable,4
9.94387284938921,3.2291244622741,9.5768578529999,3.56237721291847,3.02630295417215,-0.596718335858977,-1.18923828802778,-1.24034633028539,0.521892629756595,0.668728689747752,0.71655918151242,0.646074344706314,0.0318923300110715,unstable,4
1.87383020404235,4.32307795164533,2.06629354317543,1.62714530405566,3.91801732046645,-1.0938324251394,-0.882433457470359,-1.94175143785669,0.95974508032603,0.64224550760926,0.355231884585892,0.484602200802917,-0.0076033179662521,stable,4
8.49447171675456,7.86754777976167,0.919700840093556,2.93127090509027,3.63242793991382,-0.543035749095387,-1.4022530125284,-1.68713917829003,0.980497684503985,0.0964020258803503,0.871222441843639,0.787093267150611,-0.0160874688127237,stable,4
2.56095285697444,5.0620330008736,2.67675001813421,3.86413477458282,3.68490465378512,-0.930420124849165,-1.07716902313833,-1.67731550579763,0.950266302778013,0.66577776039992,0.170663572464188,0.999930047985306,0.0649825869959584,unstable,4
5.19981440841135,6.06796428904376,6.29568319232926,4.76273509602714,4.22502616843215,-0.815388680733962,-1.43393882049812,-1.97569866720007,0.909127731018011,0.411332455981288,0.24611735407574,0.622680528607421,0.0607311984928616,unstable,4
3.98237035586543,7.97481119807495,9.78505594634977,8.45036060128384,3.46796139620558,-1.23461502081744,-0.631784373078554,-1.60156200230959,0.784700665302052,0.7501195718255,0.985781581911017,0.43292568748808,0.0752888959902754,unstable,4
7.87642864790879,6.45440832469934,1.28014342533033,6.81241266994836,4.09796107255428,-1.48315551170025,-0.664920012973389,-1.94988554788064,0.470867312173879,0.105088505518043,0.121920336125514,0.190266180432653,-0.025833347405108,stable,4
7.3685610174873,9.03072675167084,6.59587389024949,1.05354345885866,3.47413821991902,-0.726870189900103,-0.997982926202554,-1.74928510381636,0.274286388232623,0.0913299674734485,0.4615909187337,0.464840703089639,-0.0307348443350172,stable,4
4.13972817238742,3.57577440915877,0.568016939814447,5.33680894162906,3.68513587067571,-1.32150440902431,-0.551292790017859,-1.81233867163354,0.847477730999999,0.108763600660723,0.468050223953596,0.215138961361451,-0.0420761065425631,stable,4
1.49015885224425,5.603259073988,9.06736571473132,9.89193728796989,3.23292976216067,-1.08162815056081,-0.640350099544751,-1.51095151205511,0.524734417307295,0.627286662581955,0.915608002604325,0.91411505460107,0.0578615986138417,unstable,4
0.864977429154317,2.51298082587777,7.03469446037759,6.5644743203352,3.26969257691824,-0.923150476432964,-0.743145787916973,-1.6033963125683,0.816809080745748,0.323980276970617,0.755757763583297,0.579343651332232,0.0012268822092814,unstable,4
5.93729698902831,0.842845041265408,7.58171688121591,2.32668705545557,2.86711181399521,-0.528235037457338,-0.691843519485253,-1.64703325705262,0.504870780250881,0.330558576723038,0.625632589262774,0.973474675811928,0.0018687781906185,unstable,4
5.64245331348154,3.30903657487526,3.32669962915304,6.81634264669722,3.83328219099651,-1.09194207257031,-0.944383979407244,-1.79695613901896,0.789446912359037,0.75877128007557,0.144120686100568,0.787711935723543,0.0602375501305398,unstable,4
5.70094777197046,4.925441125066,8.87613553595186,1.06059191512576,3.21584586364932,-0.57284416002119,-0.928720317009091,-1.71428138661904,0.569902417121702,0.549283383257433,0.242353927582559,0.873272402511294,-0.0121594504854495,stable,4
5.76318257406459,5.50873666902356,6.32753011922061,0.92011453053134,3.36386171034929,-0.686025863606809,-1.24735744638568,-1.4304784003568,0.638260438587921,0.79170856086917,0.571814589628201,0.0765110936799727,0.0527945070565659,unstable,4
3.38767227627198,0.533612684132461,9.7705957232731,9.38259592987358,3.42719124550559,-0.642442438424867,-1.32847156509812,-1.4562772419826,0.925994823762864,0.126449222532164,0.438457626035543,0.610126655513499,0.0127170656616861,unstable,4
5.90154217674527,6.15607775791201,6.34391441903133,1.72936309321352,4.11640272794237,-0.830952510142187,-1.36023905465477,-1.92521116314541,0.290110942899104,0.890003761013374,0.217975559259483,0.076881288361972,0.017780226072901,unstable,4
7.87704585126225,7.70077848404999,3.09910786453206,6.43722800869939,3.97014017976976,-0.510092071652284,-1.66903633828207,-1.79101176983541,0.627258655935461,0.943899893712155,0.140861821700615,0.467329734994814,0.0617579983082434,unstable,4
3.52138779165511,8.98803436626828,8.83720315723258,2.13862626193161,3.72025696263289,-0.928766096733057,-0.839321328177093,-1.95216953772274,0.996941802247714,0.903052478847884,0.173810417213193,0.800622792107898,0.019938004457704,unstable,4
5.13688359419177,0.735245014579291,3.90254339634537,3.97917797114248,3.46254702127503,-0.948814020877704,-0.935408691082324,-1.578324309315,0.502329766218101,0.959396198072006,0.454747637825214,0.810395834112148,0.0124998423611518,unstable,4
8.33341583834893,7.60892541070163,2.70058308492909,7.10371133520063,3.621998930145,-1.28103989412514,-0.773843637967866,-1.56711539805199,0.618181423166862,0.399038245644697,0.998547043232225,0.977129113950027,0.0652356306595793,unstable,4
9.48740847431347,3.59203559942766,8.96023088796434,9.28659746040498,3.73750019595836,-0.79198973010818,-1.3709971659612,-1.57451329988898,0.114101640770158,0.159980426168509,0.277249737332386,0.475172686367995,-0.0009118691124334,stable,4
5.91574860883778,7.71427436567169,6.42668343858101,1.12969574700805,3.53729150434333,-0.784936782082717,-1.22084006362498,-1.53151465863563,0.543096779816393,0.956520734645396,0.252163480653889,0.209466107082835,0.0393110787614166,unstable,4
2.83098577507208,2.22312996505678,9.98933107815788,3.18201621088983,3.77702253031935,-0.915839147606888,-0.948298435797426,-1.91288494691504,0.17186424215172,0.994793446420163,0.3226522696324,0.75229619791505,-0.0222646037072546,stable,4
6.16362003422299,8.83353951226786,4.11514136022977,8.9995476545431,3.35323417260518,-0.680781166433531,-1.15486531018479,-1.51758769598686,0.312385610676026,0.969208589040356,0.982878562253794,0.859479884876375,0.0807155357180333,unstable,4
5.48618658988882,7.60062480516733,8.57598833252623,7.35346419275418,3.67865078075467,-1.01563274587912,-0.929897226684901,-1.73312080819065,0.923848226099191,0.800597789060589,0.542514109687279,0.323714621692427,0.0778237977627051,unstable,4
8.7660649472991,4.93967485565264,5.10605416600007,9.10291982586418,3.74933716610725,-1.03242149128633,-1.34372118699634,-1.37319448782458,0.97409281613733,0.993700891961391,0.594559508973438,0.274228062406301,0.0761653368159615,unstable,4
8.7483183051332,3.5977478215607,4.21491982054227,1.07878584303167,2.97300941574268,-0.597613344712381,-0.50904135450531,-1.86635471652499,0.104312869885565,0.894241311765688,0.746360658174818,0.893150953446822,0.0095539428764012,unstable,4
3.60234242039354,3.35124117377965,5.21673877051857,4.27533101947384,4.11341838621375,-0.698106514373527,-1.6380122173536,-1.77729965448662,0.847892631232778,0.704707826220541,0.122977296056714,0.663252211186991,0.0522955619909012,unstable,4
3.47430467925896,8.25379608893361,4.0774856899785,3.01360774711847,2.80461463368056,-0.645598508532613,-0.541361138712463,-1.61765498643548,0.768968905163563,0.899263768866033,0.938841036632847,0.816213847014696,0.0735549155582688,unstable,4
5.05946213078204,7.29887083883864,9.74705672349086,6.86991653393321,3.70313423835165,-0.511847717542667,-1.22449661035846,-1.96678991045052,0.884378498525761,0.18063893429111,0.0641688051797298,0.616827889997199,0.0351368359164887,unstable,4
1.4758655224559,7.24861611458391,0.659018857812532,7.12208742421857,3.81300740557333,-0.812815418614424,-1.26664036796615,-1.73355161899276,0.258217354672282,0.0570037713542196,0.105434787062102,0.727355974603368,-0.0202593813337423,stable,4
6.80247513431861,1.0912612857446,2.48725033625057,4.35910190892103,4.01040005088541,-0.808302791962831,-1.40824607291907,-1.79385118600351,0.307291629311313,0.247579266504995,0.693016570486123,0.0832107434877718,-0.022716987729128,stable,4
8.18107858206674,9.42028440677663,7.99441538567747,8.13790769306582,3.98284475732474,-0.527990809605806,-1.46373943679478,-1.99111451092415,0.626745782098731,0.575546546557092,0.823152879965033,0.258416712309847,0.0701286443147825,unstable,4
3.93714503522895,9.80660040606505,4.22488345723546,7.61322781234907,2.67783041288696,-0.579776010159054,-0.601725641522522,-1.49632876120538,0.171644840452139,0.465185450937772,0.899305387206397,0.451042770272789,0.0294764322896517,unstable,4
9.39984999325958,1.92742577241487,9.75533931347837,5.80018726825102,2.64435627707059,-0.679505603409291,-0.562693499124458,-1.40215717453684,0.472309563696178,0.351547670558722,0.220001639113221,0.553811379379347,0.0059290546771408,unstable,4
8.40838507428201,5.78064109246377,9.36561695555652,7.77988575704291,3.34105263829851,-0.912837574243336,-1.02278222426376,-1.40543283979141,0.964626657270902,0.124874353220544,0.309216182682486,0.124732814896167,0.0358628676772019,unstable,4
7.00299819020822,9.89787281039922,1.44833612638487,5.65390261615913,4.3009411220324,-1.31366884597823,-1.10585331675506,-1.88141895929911,0.884596381703344,0.127347261209055,0.680201118982928,0.874159283999716,0.0387988878390561,unstable,4
6.74308402049476,6.91296988464546,4.08152012335825,8.4917236360245,3.44524310745152,-0.564867503913923,-1.2016812359124,-1.6786943676252,0.408801224956822,0.780513105842713,0.301320913884733,0.215073406981713,0.0354624661807182,unstable,4
9.16791459808772,3.80467132438339,7.20348270565007,8.54442383033608,3.69686509357039,-1.44257435918439,-0.77637878880027,-1.47791194558573,0.938286746976946,0.411703876523646,0.574243936379815,0.251688294880273,0.0543553950858863,unstable,4
7.49449965312531,0.929956331997621,9.52605812217441,2.48835082974627,3.38812933693423,-1.08431206183194,-0.858190613961173,-1.44562666114112,0.463882887945818,0.489328452362964,0.805680573824582,0.951165346431459,-0.0005150626937943,stable,4
5.48391662269876,6.54616902352764,9.53170752523572,5.8299952143362,3.13483387514065,-0.891976745263825,-0.975143029718264,-1.26771410015856,0.291673871554629,0.874392279663309,0.751087971269365,0.517845315583752,0.068619320064101,unstable,4
5.20140802170071,6.76113603147184,1.53659122221187,0.713446617179934,3.81474951545969,-1.1080238095748,-0.81858828218315,-1.88813742370174,0.32502087524364,0.133422761602203,0.267212544907258,0.42147103880154,-0.0506275775855568,stable,4
0.871811240096029,3.53357900904592,2.82819628242342,4.24121457039617,3.66447596477524,-0.736209753333032,-0.979164161200845,-1.94910205024136,0.525450947927759,0.81798085709938,0.696817100456273,0.493626368077826,0.0231411885296942,unstable,4
9.91237037010478,7.92758939362242,7.41398439112316,4.89410965726918,3.62379137678273,-0.523963663363527,-1.38423569075249,-1.71559202266671,0.742366704207375,0.359351375933479,0.773753432616778,0.569125493727367,0.0668459091494734,unstable,4
2.36107704313308,6.43913071469027,5.5610283174358,6.41732045435815,3.01838901014007,-0.550596625212335,-0.895256958073122,-1.57253542685461,0.959686225334553,0.104266536287194,0.155924894971912,0.676581820752047,-0.0014654493981193,stable,4
7.6625351216175,6.9710784723709,2.03935325050777,2.00658932588785,3.68278700131274,-1.44100946533951,-0.61055158393418,-1.63122595203905,0.697163372842483,0.353416869974132,0.725355630747626,0.239530897017858,-0.0018725823276609,stable,4
8.06951086649343,3.74796823846131,5.94117046833161,8.25655795218723,3.42321600440887,-0.669400053440244,-1.25003189820371,-1.50378405276492,0.468671725068936,0.937481795459627,0.564388998238965,0.200896048404864,0.042376978884762,unstable,4
9.33165060532407,6.60097125277698,1.05722325564398,2.48995433999754,3.74021869024374,-1.08485608876055,-0.79439104573041,-1.86097155575278,0.200954925290546,0.745177005232805,0.20622351668242,0.386329385330834,-0.0165518419149733,stable,4
5.77920905309796,2.11640926083887,8.90248854309847,5.15912569093129,4.13697446191051,-1.40220064386072,-0.778240239562339,-1.95653357848745,0.413208081115899,0.574141727381131,0.378084761560877,0.691231593952556,0.0185171210417346,unstable,4
3.29038807321667,2.65369564759012,6.91040888447235,6.89867749020614,3.58694499026566,-0.683747780338628,-1.30505662253981,-1.59814058738722,0.516807760022939,0.053838876179033,0.425583050580773,0.898145007924961,0.0335143850026579,unstable,4
1.50812417057598,5.2383402082811,1.72276333669532,7.90044371402406,3.82381537669084,-0.658820461044984,-1.31462976996164,-1.85036514568422,0.169407831526789,0.519135829575456,0.360571855807546,0.765772004579551,0.0046077476968277,unstable,4
9.32480529119754,3.60688032404262,1.60687353906189,2.85967710015827,3.71865745781996,-1.03535562923329,-1.20825538264093,-1.47504644594574,0.704506228507303,0.362275751935202,0.141030649422639,0.411957833943303,-0.0154502638490728,stable,4
7.25201033930404,7.9585890596999,4.87320045566456,6.84849302851408,3.44214145454537,-1.35764797503956,-0.756172275633528,-1.32832120387228,0.257581658756994,0.702958816615414,0.339035673121955,0.13087135476111,0.0222033214641873,unstable,4
4.39588372859866,5.77900767705069,9.92227638087807,3.84738799632317,3.45629710094979,-0.613529338175338,-1.31103856448834,-1.53172919828611,0.360692810833283,0.683695938181605,0.377137276693283,0.0669781064673152,0.0087838496375408,unstable,4
8.9829884602166,7.64243201928869,1.62386377713187,1.31354925234559,3.8459373334279,-1.50806080801088,-0.649369060277776,-1.68850746513924,0.79018618263765,0.358904172589866,0.147419289526775,0.390997072026415,0.0018011104094096,unstable,4
8.65920896986948,7.28911291116443,9.66773699453975,9.35228182106519,3.96152792104811,-0.738473765649949,-1.55238051681869,-1.67067363857947,0.375039680798236,0.715260536785022,0.577489140680498,0.919444072630934,0.0784920142186131,unstable,4
9.81975444804787,5.23939854389703,1.19387608461842,8.2963895638276,3.0874753889696,-0.829852024963067,-1.08541621385254,-1.17220715015399,0.35912692485399,0.492546891352918,0.791577817103358,0.783185667866379,0.0131624208202078,unstable,4
1.41802667867825,7.53438903341714,8.09099584944491,9.87653415908252,3.40992713840402,-0.779735634777753,-0.708604806359834,-1.92158669726643,0.796609640627386,0.754429502907834,0.634125181861442,0.760235362097127,0.0461326369969676,unstable,4
3.41703301721493,7.99764775641413,5.01437464136689,5.04044674911008,3.82816862805547,-1.18827598822261,-1.09766334038957,-1.54222929944329,0.562073208275882,0.411199930083435,0.656219088355439,0.721706774149448,0.0547074568681909,unstable,4
5.331343511016,6.41629634597156,5.2000430889994,3.05461186813219,3.76577076112497,-0.975029125719832,-1.10250778749029,-1.68823384791485,0.348967118512194,0.670731463664621,0.136851488505657,0.884614435461563,0.0304223424885212,unstable,4
8.18012830476726,8.8321214743586,6.95209069952294,4.7586313716338,4.11061098273029,-0.730597286159662,-1.38971897360758,-1.99029472296305,0.80764744774163,0.144018568978134,0.255496544033892,0.168755851672852,0.0228817892671347,unstable,4
8.4721772822362,2.04581258839103,2.55046881431746,9.85593794859881,3.63581696521595,-0.990384573579382,-0.782448796087725,-1.86298359554884,0.758596064844985,0.294628153578386,0.216889989069422,0.486578370448755,0.0171375829096197,unstable,4
7.74312514515778,7.80583357429636,7.60964231124064,4.25604203630426,3.99124450367165,-1.29197496060829,-1.21889177844485,-1.48037776461851,0.708515149291581,0.414246843278997,0.73502129986014,0.421228742878208,0.0644206802239396,unstable,4
6.89316342592231,5.2633220841473,6.52229389094374,5.9468917394866,3.62093533967641,-0.763280831834383,-0.993764473388099,-1.86389003445393,0.423056873669929,0.971905624145782,0.358435222472714,0.132386051339976,0.0458636777969436,unstable,4
7.12067332425232,3.76284455492361,3.13671891295594,8.50873367425916,3.16091250631682,-1.07493009341377,-0.500360539741779,-1.58562187316127,0.90636667454417,0.984956895223007,0.751651893787093,0.367754988173798,0.0657620731216021,unstable,4
8.86332942987754,1.24108960604371,2.58773215388258,7.63706522760156,3.47810503546914,-0.950676609431719,-0.833422912105033,-1.69400551393239,0.230383907316616,0.790052882962002,0.694247608563104,0.192229135350309,-0.0330109706786483,stable,4
3.18509681298905,0.730817501951486,8.92760655644319,7.75263923318598,3.36696609578401,-0.558492678419314,-1.1494141403174,-1.6590592770473,0.829868446142313,0.517278262307033,0.181530367736162,0.525549475534898,-0.0289203770160723,stable,4
1.66601947221904,5.64046654691567,4.60774553365619,5.12459548300271,3.33726199554383,-0.769422754329455,-0.906075143919978,-1.6617640972944,0.587064670276778,0.916512500198869,0.990560988547782,0.217038239258475,0.0597366788701003,unstable,4
4.20780792905551,6.38114558625464,9.71235843987438,4.75885069586957,3.16512547643411,-0.691747278099973,-0.937457873257704,-1.53592032507643,0.896910566699331,0.589224905238795,0.826118485189641,0.70799939776801,0.0740920028904072,unstable,4
8.48711482734577,4.88113352721245,4.90823882939876,4.48095304182809,3.14511245273062,-0.502042103728943,-1.30406258723446,-1.33900776176722,0.590034133681691,0.468515250610791,0.939410679527163,0.490313762897608,0.0639730556010983,unstable,4
3.28227634768197,4.10151868157942,1.45291593271878,5.31096699710453,3.53524929679449,-1.07346837497689,-0.852374357666273,-1.60940656415133,0.534297130389495,0.876081533816087,0.63696357098159,0.267099612555274,0.0189038642049323,unstable,4
8.21486930968106,9.15020987070614,2.00435961688205,7.51870080029303,3.66097695130262,-1.297685192086,-0.597462269034039,-1.76582949018258,0.635549943818804,0.759647046196699,0.0550310795188625,0.855989774681119,0.0680301772833005,unstable,4
4.10542138802138,8.14803410891746,6.58674644466846,1.48371421606953,3.28840902493999,-0.957733924450877,-0.88478172836348,-1.44589337212563,0.969620215198353,0.769985873996265,0.867666023961194,0.111151860452094,0.0679843037115992,unstable,4
1.21105182136673,9.73026463122634,6.43262481837007,4.21519831787574,3.07769099936259,-0.521836277847504,-0.577083132302691,-1.97877158921239,0.484574566371602,0.493717164534391,0.168288283896671,0.649921779420136,-0.0214350980733301,stable,4
5.79812631211066,5.21300531353018,1.61651868309318,8.3515903534967,3.45138125621741,-0.996126980519039,-1.13085805857958,-1.32439621711879,0.528096859187725,0.405777088182146,0.530324255894208,0.854589831919717,0.0346968700394895,unstable,4
7.52446897931155,4.58302292057649,9.595287568563,9.43062707694719,3.82201312674004,-1.30799173407434,-0.875384851837671,-1.63863654082803,0.285044218484391,0.115456306379411,0.585899308771589,0.7653760246541,0.0457354733012167,unstable,4
9.11451240634323,8.69532965394853,3.87897627545363,1.20263375472683,3.71447651988954,-0.874667945801141,-1.32041859219425,-1.51938998189415,0.267220372198365,0.278933118482272,0.412400113057332,0.341005756319421,-0.0356013930667764,stable,4
8.04482454009264,9.1120618690438,2.90095185857294,1.52071397755209,3.93394000319398,-1.5853750575991,-0.546763928526081,-1.8018010170688,0.889155512609233,0.350624333689371,0.310505761068027,0.363735873860165,0.0145566053577498,unstable,4
2.87351900588397,9.21710680741112,1.52686409919508,3.51699383037107,2.98342168008724,-1.03436087839564,-0.511059517454961,-1.43800128423664,0.599922929518533,0.566814877777335,0.501585143027733,0.448895278030016,-0.0339583946424078,stable,4
6.10548308719658,0.764323592370318,8.91767167458688,2.5883196462984,3.58013972667977,-1.01673948614065,-0.722874233638355,-1.84052600690076,0.730818251850478,0.54673043789533,0.847644981866395,0.686295012989904,0.0169027390959111,unstable,4
5.6990689098484,3.9272742953311,7.46848048024725,9.16126041628483,3.47265757156469,-1.01280357819197,-0.913019580293784,-1.54683441307894,0.5608221426266,0.766528933387208,0.999581011295983,0.271866814807765,0.0680622990668221,unstable,4
7.65593200573394,1.51133262075712,9.88264692203831,4.84546346474716,4.18580751145328,-1.06522752041043,-1.1823624555692,-1.93821753547365,0.196869622602095,0.962263453600151,0.915765095040805,0.200735502218037,-0.0036321964804257,stable,4
6.95603149843592,9.62078095470774,2.98589023664551,7.81082357654817,3.10215714443454,-0.710662385087996,-0.777075971252134,-1.61441878809441,0.347131678686049,0.180990671178252,0.492971123726706,0.67678570213377,0.0202295224597529,unstable,4
9.24823477477507,2.67611323964879,7.00365449580678,7.01084777538871,3.87341439881305,-0.691628378451976,-1.5894648959822,-1.59232112437887,0.343626988813231,0.5770235329371,0.894524864664946,0.555784847085988,0.0513370345784299,unstable,4
6.47573073702812,3.33272975759179,3.64845979306763,7.60299678879615,3.17325885788246,-0.957244551791111,-0.563505189935921,-1.65250911615543,0.604993569536167,0.415435392512529,0.866687240220151,0.438813582891844,0.045058831202378,unstable,4
9.25066143287737,2.72155620546343,2.32052545508575,5.07791724000223,3.29232502525738,-0.784537443191244,-1.32651951933948,-1.18126806272666,0.661025998482773,0.441078570917239,0.394682901300985,0.500473486447965,-0.000234582152006,stable,4
4.71998132671275,8.49001471838838,3.22074089257158,7.33622710374354,3.06539566117415,-0.613950092925981,-1.05042019901518,-1.40102536923299,0.266713395120127,0.861008261866131,0.921501415951186,0.247722409810124,0.0370539494123796,unstable,4
4.39011906579625,2.0775190467598,1.62599871329769,2.51904241941011,3.12037530077262,-0.924809454007575,-0.503383719723381,-1.69218212704166,0.174027630132847,0.453740858310249,0.677849222200397,0.136193887407137,-0.0387343210945388,stable,4
7.20867205584827,9.00305551157757,9.4231978112342,4.00276631901355,3.31252924201487,-1.13661431930939,-0.828290378672013,-1.34762454403347,0.606949437242793,0.159914994699114,0.861230443836997,0.945890472638032,0.0594634743152861,unstable,4
3.4400823783408,6.65231279054667,6.69797075880316,4.81329315721183,4.21516774680287,-1.0132031471553,-1.39691376627354,-1.80505083337403,0.855757378564016,0.331544281750099,0.219301748297922,0.120261358120333,-0.0046678570040833,stable,4
6.0605506944904,9.58229540851066,7.22088315381772,0.967163243552856,3.81610547769234,-1.22820120680045,-0.7950860607674,-1.79281821012449,0.859965833654049,0.682905007343303,0.720279920501504,0.690455574079135,0.0463500319924066,unstable,4
1.72925891592767,2.04405675610398,4.1129306392174,6.14256254264775,3.65095715388895,-0.8561016390278,-1.12951925399819,-1.66533626086296,0.555237117435964,0.988643285612393,0.83030052019704,0.200514961908089,0.0121371534763561,unstable,4
9.16504822722708,4.99573719596437,3.42935289258686,1.34902751221721,3.88962501785602,-1.46118142708576,-0.643679885643464,-1.7847637051268,0.467990888945494,0.591407868484976,0.653550927048867,0.699640813895597,-0.0106818318255257,stable,4
6.42307336588031,3.01261399672155,1.48015171195961,6.29974162490787,4.11334469473665,-1.45243666762343,-0.786837735123246,-1.87407029198997,0.233710079032955,0.998986447940842,0.42159545235825,0.741615658591886,0.0213478623369063,unstable,4
7.26931711496526,9.87035628854332,5.02860697705934,1.82170737896949,3.77254900575718,-0.670370393919107,-1.17323215332562,-1.92894645851245,0.684108208281313,0.282799629065857,0.210207253292558,0.607320208520369,-0.0016980200783913,stable,4
5.5523034649986,1.36478278559379,7.09627770351495,5.15654443274133,3.67530123310836,-0.750511778964894,-1.0395362635143,-1.88525319062917,0.78691629227334,0.41695491111825,0.940460661560473,0.868460810009253,0.0766786859543469,unstable,4
9.45489206269525,1.41862177821628,9.11929647929759,4.84780582541565,4.13771789217963,-1.29454800841172,-0.88168067837496,-1.96148920539295,0.307875520138121,0.173274681627033,0.789561655642281,0.0690971960820432,0.0119044402190974,unstable,4
6.09271393331122,8.025926212917,6.53978601150687,3.34411642742871,3.05249120430787,-0.832846053089411,-0.710166692770552,-1.50947845844791,0.890229753503599,0.603274640886611,0.830887180064323,0.171569537492415,0.0740235541125594,unstable,4
4.23741399678711,6.56709859253508,3.91802619330342,9.56649927895201,3.11117927333704,-0.991234159979934,-0.569507662373071,-1.55043745098404,0.303164221442012,0.153768908292786,0.500922018015825,0.813728607603825,0.0207918166540893,unstable,4
8.19726141655208,8.22205773966628,6.21846912489566,7.64001887230451,3.31565024718469,-0.644657465410396,-0.807263562861795,-1.8637292189125,0.130432801420221,0.942955809247899,0.959476416559336,0.635685767056198,0.0831774893164977,unstable,4
8.15467830491186,4.55706486224551,7.83805784915539,6.72909099204475,4.07445333042839,-0.916227935485146,-1.48835883769608,-1.66986655724716,0.321354724300398,0.836979585490919,0.125246363351437,0.316093979347574,0.020001227814625,unstable,4
8.79819172144504,7.56949359379167,2.01106775896642,6.91053652034389,3.08576380525962,-0.949584951364715,-0.660910268971161,-1.47526858492374,0.494211461492779,0.123441766764101,0.866931850784748,0.45853153748253,-0.0022463021339166,stable,4
9.04981214118054,8.61779967179378,1.89440881740428,2.87119562471216,3.82559125499386,-1.31142685063401,-0.779111783032014,-1.73505262132784,0.301109780221974,0.527252917996077,0.107556955759763,0.113396417544747,-0.0104746949626051,stable,4
9.8802341362398,4.7493148803635,8.83300934044403,1.37522668108287,3.34492713257274,-0.518477437725291,-1.52706679178989,-1.29938290305756,0.659260983958599,0.174650667358524,0.0784572382939467,0.525633695268556,-0.0226182226788404,stable,4
8.20043702759473,5.31882031120674,5.18849358215954,6.96162315448271,3.90678479796069,-1.13985125481834,-0.865336610364693,-1.90159693277766,0.669370538129395,0.638603387284728,0.0738659345563059,0.855371179111322,0.0639223142250235,unstable,4
2.51369417632115,6.18650514846395,9.2497868136698,7.61381632611712,3.33378292708624,-0.94024696923272,-0.984865938188415,-1.4086700196651,0.169567056223052,0.827701231533088,0.619904921008812,0.312022009437548,0.0425278043475107,unstable,4
7.380749341481,2.23467571490249,9.30712955121017,2.38099074197579,3.45088103851963,-0.720548035897291,-1.36472807467727,-1.36560492794507,0.943966209531007,0.164056456201734,0.0816593518076185,0.4928045447916,0.0011071385322769,unstable,4
7.8169846906543,8.59565602580709,3.22151528672954,8.16364669188127,2.92063234501585,-0.68128534909453,-0.8291955080393,-1.41015148788202,0.760327675278109,0.881066297540023,0.525245943862833,0.274502059657002,0.0610212370722489,unstable,4
4.75443784767243,5.99607112210452,5.71621846385079,1.02096770861278,3.42115345592617,-0.848432613769104,-0.822644172969053,-1.75007666918801,0.911285336912557,0.478164697165232,0.496945960829395,0.841405999263738,0.0344806123011936,unstable,4
7.40011022544244,5.24870297523336,9.93250965150865,9.23640470117986,3.09726152215454,-0.67784439787044,-0.895893008605135,-1.52352411567897,0.77059891796557,0.674714798153795,0.0902448068926868,0.5709819033736,0.0550473151607746,unstable,4
9.75121359587366,3.98356785646705,9.63554547805046,5.72578104329597,4.33230221638681,-1.10815643263126,-1.31441130056371,-1.90973448319184,0.300552508437427,0.507284057918367,0.279710855135198,0.361727976259306,0.0046346648166257,unstable,4
5.62346470197295,2.25087584925733,9.51704256087539,6.11332302361787,3.87901236032381,-1.07143561433821,-1.28347944716078,-1.52409729882482,0.947630438269913,0.139581112532731,0.740338346156308,0.392032831699747,0.0508922868640108,unstable,4
2.23538258065754,8.94007306875811,7.2140501865103,3.95402148468969,3.52941863543858,-0.952249612226861,-0.655344541194593,-1.92182448201713,0.250624607329804,0.0564117115508858,0.394213903734012,0.768454913250911,-0.0182568887771445,stable,4
9.85399345948489,8.0054669336224,3.08371981289542,5.10877274991195,3.69832279655632,-0.737181799645768,-1.4166274862479,-1.54451351066265,0.345207414342555,0.923657590601264,0.623621868905377,0.123820016177743,0.0315153852359381,unstable,4
9.64047395491544,9.58602391035001,7.12295334626032,2.97340180749759,3.78601969978879,-1.40833416604848,-0.738345082519262,-1.63934045122105,0.573600125977828,0.2034560669708,0.602436569189177,0.235982711781026,0.0275004479048348,unstable,4
6.77187064635289,8.49953081119285,9.68962620034028,6.66120066250588,3.00401487916997,-0.733920014427858,-0.522171064331173,-1.74792380041094,0.439501166346575,0.968762117585081,0.898420657175424,0.410329317623259,0.0818438278178463,unstable,4
6.78784083267489,1.77507003384877,9.67423883143878,5.38539515067399,3.08214119063776,-1.01050641411246,-0.500918483579042,-1.57071629294626,0.391655969188572,0.692386116967174,0.0560099171779363,0.75938209788662,-0.0012962373114278,stable,4
0.984111802500917,7.2850962509697,5.94042564887472,3.38359303927572,2.81486671922199,-0.615139523029281,-0.510777606545563,-1.68894958964715,0.360618585033588,0.979966488924625,0.403186226208744,0.734261849916739,0.0355301470639581,unstable,4
8.93244887420657,1.37022182698465,7.9709850599953,4.92235388600943,4.07916435938096,-1.0245167830474,-1.55285777518246,-1.5017898011511,0.201006345722071,0.185911040564759,0.154401426806891,0.0506328644317342,-0.0389458500404563,stable,4
4.30541069255148,5.46674960482244,2.19330935778879,9.62065955568169,3.51103040221747,-1.17987538078825,-0.959407861444377,-1.37174715998484,0.600567153662141,0.619490526929402,0.933706598947311,0.629644478340982,0.02674086513974,unstable,4
7.69554028153005,6.78724973260649,0.915779289244185,6.46757065047075,3.77679049170872,-0.726108428860293,-1.51027652030392,-1.54040554254451,0.529216515128599,0.780081157004756,0.10911546575164,0.251294550490101,0.0316914778699875,unstable,4
6.30302830366471,9.63900505264676,6.38215489328257,2.10975617852901,3.81578035246578,-1.04670593265708,-1.24231561129687,-1.52675880851183,0.401924035415323,0.199574664942096,0.81484446856759,0.980816921559541,0.0231416174203566,unstable,4
9.17941438311057,4.58199391270311,0.661757613615307,3.86807977588498,3.37027733080056,-1.01240777733864,-0.58197179630351,-1.77589775715841,0.380533237254347,0.43651650718045,0.696585336530564,0.217750216602872,-0.032778309914305,stable,4
3.91529118724068,4.7548951819736,8.43295612213375,1.44259409790449,3.52080302412182,-1.12883000392618,-0.574031688595284,-1.81794133160036,0.543887596589461,0.350794573596661,0.346949403749056,0.693613628005981,-0.0278329969815163,stable,4
8.69091205922438,2.7066396456111,9.80256402156531,3.62372867018301,3.30009709768669,-0.924591813350411,-0.959827589071088,-1.41567769526519,0.550107722800325,0.974773500746651,0.249461027412663,0.710381345046691,0.007081834356169,unstable,4
8.28701528471481,4.32022358834461,6.59690560331923,2.39104880687176,3.13118359186922,-0.522387064173655,-1.14483646743147,-1.46396006026409,0.418393785380913,0.390800007666233,0.0554281479325204,0.790151185568433,-0.0166668988018179,stable,4
4.97856628444502,5.63838918941092,1.72461631876368,5.62113800884853,4.04873117672681,-0.511852573995152,-1.59459553458068,-1.94228306815098,0.324280678156947,0.835294032057546,0.354390736190452,0.954270741559748,0.0608656949574202,unstable,4
4.67806463018468,8.08013174187675,9.20240736360881,9.841524529093,3.24634534366007,-0.892642598229588,-0.550158885307168,-1.80354386012331,0.518464312388408,0.526948005713358,0.575044895351434,0.904027305683959,0.0687890210518783,unstable,4
9.15230844687837,9.85715439498124,8.05256493031959,6.94805624301544,3.81228632511011,-0.762619732743409,-1.14354766512091,-1.90611892724579,0.14504648645104,0.951723581169371,0.5197981576493,0.441578398971624,0.0592989396618466,unstable,4
4.33781709857398,9.30339408892572,8.74684287580211,8.86827071040762,3.08199876946559,-0.581714212841913,-1.06164089119156,-1.43864366543212,0.298858093567963,0.215581970491275,0.821252517699538,0.226555072242469,0.0308677726154287,unstable,4
6.6400302086961,0.891279540934553,0.942784990413988,8.15321573674331,3.38953216714432,-1.09922437829408,-1.01517215986259,-1.27513562898765,0.551224784482834,0.617423311166625,0.744775394464934,0.454109923820463,-0.0307672425271629,stable,4
7.32395840914251,3.26211166306079,7.21069332292395,0.833401935057971,3.83756925047734,-0.809484659858886,-1.44396148937349,-1.58412310124496,0.619330317516534,0.558887213116699,0.313659509348687,0.464540812026005,-0.0079381726646486,stable,4
6.75929860108495,9.35961551316638,2.16086039598013,1.1155827296077,3.40044257004034,-0.784078154742497,-1.11576977054389,-1.50059464475395,0.560616571536309,0.225030431434349,0.414876044213982,0.652345107942546,-0.0209967081622859,stable,4
4.87270723651343,6.65040832273232,4.26102259282415,4.09962323466814,3.62295665343184,-1.3941524829681,-0.648617024683068,-1.58018714578067,0.750701747212302,0.679675137135016,0.211973415971453,0.402578189177007,0.0469389600815863,unstable,4
3.77772894458433,8.83959328904756,1.00365616537863,4.27181688673295,3.66964919649873,-0.941492123460444,-0.889956566038809,-1.83820050699948,0.404275785425696,0.7508093030344,0.152662683886078,0.258872409777007,-0.0023159283307805,stable,4
3.86278021212487,2.43401165715528,7.38021686170496,7.744093494607,3.10853805200168,-0.610628388248186,-0.746791498324624,-1.75111816542887,0.481700052227986,0.781570138473288,0.92793918214143,0.53798898121095,0.050563782806747,unstable,4
2.20972569764124,6.14242088596296,4.19053278994196,5.29604973479894,3.91590520911191,-0.742757604453841,-1.39612693774686,-1.77702066691121,0.926820131925501,0.959436862539967,0.452524103178426,0.671598974755756,0.0694865636543317,unstable,4
3.54256755262471,2.75920710046209,8.29980605499289,4.39850495811449,3.45228711066189,-0.538009529263189,-1.25651937313103,-1.65775820826767,0.70287438775663,0.849037520447948,0.974323600198505,0.474187202018657,0.0509363804077408,unstable,4
9.16626390524588,4.77501882441678,9.85774642910229,5.58825161100251,3.33121972092628,-1.38424139865424,-0.519671664059162,-1.42730665821288,0.42958477947289,0.657984224253797,0.11295483830609,0.163608316215111,0.0042109743490522,unstable,4
9.38188981763154,9.17887028389248,6.91803809631092,4.39613753409239,2.94987018958437,-0.704325172075978,-0.617636880273232,-1.62790813723516,0.136936414819416,0.512257301486086,0.171182943837725,0.955609755217588,0.0232323939482659,unstable,4
9.67809645313108,9.98158221004603,1.59893968981265,0.716317034826532,3.3717183700017,-0.543547595646104,-0.979334251455497,-1.8488365229001,0.585608044403496,0.71986425452642,0.632125001698184,0.447121380884391,-0.0036649498097976,stable,4
6.01288637699618,6.19777500425304,4.14083160011218,2.13658524312967,3.42495696136039,-0.971368515148142,-0.690280675842543,-1.76330777036971,0.547974541887909,0.716794036206749,0.262782440143973,0.408570417580987,0.0276246718473688,unstable,4
9.09233686622421,8.25424798397379,1.02811612462089,8.10138943665793,3.0700220994666,-0.569476415909966,-1.11451157561166,-1.38603410794497,0.581190793586235,0.500776670152553,0.11532813822968,0.521267584689324,0.038518586541927,unstable,4
2.55437716749846,7.28129250867554,6.94226687198207,3.16923712540322,3.57616201841181,-0.737672438086069,-1.20053371140956,-1.63795586891618,0.725601534235152,0.83895953870356,0.689938515754124,0.849522842228413,0.0618791053744919,unstable,4
6.33365082571043,5.56199507974719,7.02122935815792,4.79415562548786,4.21516648225437,-0.544649058331712,-1.73153605760498,-1.93898136631768,0.32559953861802,0.0635759279055672,0.125459229814716,0.68566447639591,-0.0092361144960913,stable,4
1.16027772462226,8.68266364596874,4.58346094518591,0.62986905833066,3.35607118481188,-0.592030679421092,-0.780722045262658,-1.98331846012813,0.644308872624926,0.335891749627344,0.993295935406374,0.0683003452745709,-0.0155512541661863,stable,4
8.7211408593865,7.50029771400779,5.98175758943757,1.83598050387725,3.24461760490756,-1.20087202626542,-0.709991910046479,-1.33375366859566,0.43827239365817,0.057403289843722,0.630572456540769,0.549255038388766,-0.004421163424757,stable,4
3.14271930425123,9.58557876820766,7.2508427243914,7.00276968758318,4.12683709072435,-0.660887323539448,-1.56548920560135,-1.90046056158355,0.106894374393863,0.186345935313613,0.141543482699966,0.554590428496464,-0.0128325200667196,stable,4
3.96179307486708,7.20631036061177,6.54953333066972,9.34867100034007,2.83422305884474,-0.534487290723308,-0.635934913978702,-1.66380085414273,0.424217697853532,0.596484688910745,0.345500580575982,0.272370430895225,0.0258492910827617,unstable,4
9.12526653776811,4.85429740926351,1.42284893760226,0.560215791474958,3.47687294906677,-0.512167657445814,-1.33437995461903,-1.63032533700193,0.89532265348074,0.315229444905545,0.759108251570724,0.70828430997219,-0.0098931369625876,stable,4
2.84281100793098,3.34235588315842,9.72585864585093,2.97703762992694,3.39373400542892,-0.95157676274766,-1.0755259268875,-1.36663131579376,0.197870534437526,0.846456191353034,0.215221165000485,0.775880226382498,-0.0222408487729361,stable,4
7.83461746113101,5.59369605470606,3.57139411427092,6.73528496287324,3.73436055933153,-0.948295866349421,-1.36565807389453,-1.42040661908758,0.237854336966206,0.448654201116019,0.079525515514873,0.81606217563013,0.0294085362828543,unstable,4
6.75840210740807,7.85284695230954,7.62529754163456,7.91507628211338,3.77199172427166,-0.696364867651893,-1.70184861830695,-1.37377823831282,0.855282833827633,0.826946373389289,0.388609256762849,0.841446275483738,0.092816078063483,unstable,4
3.99672556752712,5.61238410288931,5.15905230187934,3.98739823436816,3.93343596225204,-1.144096263404,-1.31153836128089,-1.47780133756715,0.816442715996921,0.522894737409506,0.541736207152517,0.468372061687553,0.062130567322827,unstable,4
4.31112349942426,8.82079289821298,9.24566892755358,8.75644422794804,2.96086759421081,-0.962841019653401,-0.59452581851891,-1.4035007560385,0.188076164963114,0.563791965046037,0.406536800195781,0.665441847061863,0.0477517298120836,unstable,4
9.92000571129358,2.47784735528389,3.59333671211523,5.94465248572937,4.22462581257394,-1.75452992562456,-0.642989353093575,-1.82710653385581,0.0656357916938816,0.393621362811514,0.67814338761268,0.317436826438948,-0.0360447818627787,stable,4
8.98002880576436,6.64467794000841,7.99928552596141,2.80856088062831,3.41047697930492,-0.78590514288597,-0.79842630963563,-1.82614552678332,0.517063666246538,0.254792674243752,0.8492682568649,0.844973988917565,0.0452376551405834,unstable,4
4.2274519777386,8.04215816480949,4.54891253667303,3.28200936738441,3.67887356550275,-1.02256715305167,-1.12006018921809,-1.53624622323299,0.054452687401342,0.102568798109016,0.344727247556793,0.165868797128398,-0.0384582386855944,stable,4
9.40704226972101,4.96439976386996,9.35763555689624,1.96490128119347,3.37007258537284,-0.572943493747665,-1.26015844802934,-1.53697064359584,0.549378134880619,0.977588737112791,0.288820665085657,0.465351449760195,0.0263668220193815,unstable,4
1.27394410389455,9.30980923183258,9.08425191288407,7.9398012622081,3.03431145716468,-0.734532677549391,-0.85968459626215,-1.44009418335314,0.78227340310004,0.1252480706245,0.260612434060212,0.682751031948573,-0.0131219604862995,stable,4
7.56163705753566,8.93370138845371,3.34344473296776,4.65071142934815,4.23118921705721,-1.15243508158455,-1.40398798834028,-1.67476614713238,0.214004695362558,0.870197707950214,0.521203021760846,0.119668212887949,0.0216233742876369,unstable,4
4.7141078331847,6.48541948449209,2.96614431331937,6.51908962601582,3.80994548545517,-0.983262149807334,-1.32684543834414,-1.4998378973037,0.613123810918507,0.706445589610948,0.132332620620108,0.586079049963974,0.0498342690085419,unstable,4
9.21054259426229,3.85240515842646,5.01732264292644,4.17454602027865,3.62016663507068,-1.16600240781949,-0.931194690860948,-1.52296953639024,0.999805993805007,0.716450147942147,0.620824107966253,0.297410161711583,0.0545208920132883,unstable,4
1.60299496222548,3.83153227148803,7.80184071255809,4.58843288783715,2.95525175311372,-0.730002437062259,-0.653652620455052,-1.57159669559641,0.754546164264266,0.40868554797736,0.395038219631523,0.0527641224154865,-0.0570369147753554,stable,4
4.54703621404549,4.19061472366642,4.41571001755273,1.30959124702855,3.7621102450243,-0.834992475967109,-0.999660733085265,-1.92745703597193,0.58856286102092,0.784629005339602,0.476940506473461,0.122640824741231,0.0313899042229766,unstable,4
2.80478579685356,9.61410248320262,8.99241370298304,5.64199994678526,3.47150117721612,-0.891892430473759,-0.963853645195277,-1.61575510154708,0.880916573317313,0.707681191655571,0.63123618609886,0.71810814886491,0.054640440608782,unstable,4
6.19459840518406,5.40328057539271,7.47579867531905,9.01120993307326,4.19362190059352,-1.30543169918159,-0.955931751356949,-1.93225845005498,0.760936974001315,0.10135729222365,0.576133519317739,0.783396211820962,0.0639729936381965,unstable,4
9.13121993689497,3.21913136438016,9.49544503295644,2.80584542903206,2.79374029673946,-0.665584084382607,-0.624118278023228,-1.50403793433362,0.349920244933888,0.593654920914605,0.335045416330488,0.915854517366983,-0.0116386477485607,stable,4
6.66147059602358,3.29288609150517,4.12042728133148,7.04362080787794,3.99835195658994,-1.25711257905414,-0.893431060789223,-1.84780831674658,0.662858917809955,0.141908312951898,0.0916360426927358,0.439057080920067,0.0095156972251903,unstable,4
1.57658267519572,5.3059373726889,9.04838859302915,9.83596334360101,3.25476989094964,-0.70463156916491,-0.936697101387312,-1.61344122039742,0.860495289525373,0.489989699961707,0.156526655589818,0.442077677983119,-0.0261922421808011,stable,4
2.6266489167886,7.61187449189895,7.4079023489063,5.90458345309466,3.22214303434234,-0.965138708686759,-0.599150689104479,-1.6578536365511,0.719305085780259,0.942643016372873,0.967068520061894,0.594259999603843,0.0832435404983316,unstable,4
8.33902577760677,2.26009418508039,5.03229799027727,7.01585883944931,3.39753446733296,-0.667529485433048,-0.815079118992842,-1.91492586290707,0.433584102019002,0.136248616951193,0.931940146190089,0.193475436940055,0.0213040433043485,unstable,4
4.56049938877369,0.564388922590565,1.0481150280152,5.0788788785581,3.48789005099178,-1.09358714575458,-0.779287007397309,-1.61501589783989,0.649353625776868,0.474422646570309,0.0923142560259881,0.149460145272658,-0.0224374954460772,stable,4
8.38667371098294,1.67913610289046,5.22587113983204,5.50959586739165,3.00717942340288,-0.70823395741398,-0.96613220383199,-1.33281326215691,0.872894150005053,0.379062425696386,0.906198489970408,0.240221440180423,0.0450331209760112,unstable,4
6.84469992482495,4.65965577335001,1.1749581336282,6.55895895909707,3.19937074274292,-0.834139370586525,-0.77866456572772,-1.58656680642868,0.0637758863596467,0.812295446247176,0.880959838994374,0.813308215390618,0.0209577183231876,unstable,4
7.33159959441372,5.30769461643477,7.28180125342308,1.37111164309386,3.66120095112773,-0.896533731112431,-1.01325310763312,-1.75141411238218,0.35588402508028,0.788300747328632,0.185518026616127,0.173732069323683,0.0067825863173345,unstable,4
1.1566096643902,5.68621897981166,4.95029705132504,9.01298398939309,3.1122221818528,-0.769767899090238,-0.841296544517484,-1.50115773824508,0.762020262396075,0.911660412334977,0.942056624714707,0.922143737378921,0.060828448115079,unstable,4
5.58237927993317,2.90103311057686,4.89966893879361,1.06325486112854,3.18153511661784,-0.864010846622556,-0.594980416841258,-1.72254385315403,0.869544543094436,0.383752925265306,0.202486344474023,0.0988881044710532,-0.0025866809380454,stable,4
5.12341926311853,6.62309482462464,4.63979271965195,3.14064945463794,3.18934624916437,-0.861934215798869,-0.829409862541116,-1.49800217082438,0.282312296821823,0.892385884618418,0.340728541391831,0.428164462542507,0.036199930259479,unstable,4
6.91903787554421,1.21576179446599,9.04718711472778,6.29462678461245,3.57479592657859,-1.22977805874874,-0.506217497475259,-1.83880037035459,0.819079222401396,0.834035608307261,0.653712329506101,0.199978982982741,0.021849771265416,unstable,4
4.43401756162043,4.93275360013186,8.51159251296123,8.21087490167143,3.29713489693425,-0.723167504991963,-0.806003604549938,-1.76796378739235,0.938521653824394,0.757276660150713,0.144380382754047,0.465230038404467,0.0538369854380609,unstable,4
1.70458855620777,6.18821299186087,2.34820487276254,6.88261951801891,4.20588522766039,-0.932692235578096,-1.3338905684103,-1.93930242367199,0.764772383479798,0.484395001992284,0.5023692980027,0.924417426802963,0.0254629284828724,unstable,4
8.38763863127654,6.33806548367246,1.31655319699815,5.87166167943268,3.42383485395075,-0.509563688372541,-1.47444544164703,-1.43982572393118,0.384099524788907,0.392831739532556,0.641542385798656,0.110094169565776,-0.0320224922266209,stable,4
9.27008256006357,1.36039957440227,1.49138867264737,8.27933788756023,3.29969206912801,-1.12814182565431,-0.860770655783231,-1.31077958769047,0.221481293135728,0.702541550195216,0.13074172009959,0.298497236550373,-0.0417891130487811,stable,4
3.48848590894731,4.61570117916625,4.14234994932108,7.65196617088484,3.12378779147314,-0.720937922561262,-0.96289061835598,-1.4399592505559,0.964153672677716,0.513281034979225,0.981401450765375,0.438417311431933,0.0756368961812618,unstable,4
0.7345971437008,1.45568166650183,1.82812290125593,2.80337492908597,3.57577239491829,-0.870205064240948,-0.895120034499734,-1.81044729617761,0.98612206202261,0.507337164769731,0.557405423671273,0.663555152647918,-0.0452341468863429,stable,4
2.85233376618195,6.65409630857978,7.07909332916263,8.99991569205479,4.01559746579875,-1.17969039667157,-0.90772028020178,-1.9281867889254,0.196191078607201,0.907679288813188,0.781654804762105,0.515175004163897,0.0670321690587203,unstable,4
3.14394602751951,1.57189942808483,7.3032691911165,2.99186321044492,3.9101865164839,-1.33608633137111,-0.671571810318704,-1.90252837479409,0.488607000006802,0.712213543983167,0.121506337812527,0.131244910546384,-0.0516216051121489,stable,4
7.75240217235143,3.72788226582618,8.65010843904447,7.19794120627278,3.62912185873274,-1.48920264655035,-0.623485712550348,-1.51643349963204,0.831356877164554,0.820856335330266,0.248426401996785,0.205295114921588,0.041993955465822,unstable,4
9.36456642400008,9.17232886329708,5.74425390511996,9.38538898748445,4.09661213024338,-1.30527883214089,-0.942132406989939,-1.84920089111255,0.87802622698021,0.887301726869885,0.650285324514691,0.722310252126132,0.0910263531147377,unstable,4
2.45756030236097,8.52002251939668,1.02627400911219,7.91319191646051,2.70158969106126,-0.562653336296254,-0.518059178656805,-1.6208771761082,0.853926569571511,0.243329693636418,0.0587850183971645,0.173616163293894,-0.0188592438026573,stable,4
3.26462962387349,6.06600046922446,4.8806487396405,9.60772494212753,3.46205401299598,-0.819806407124305,-0.659965888104937,-1.98228171776674,0.625396271399531,0.856245238148262,0.597450090809747,0.356396520132337,0.0513740001733775,unstable,4
8.10382865451323,4.45016786110672,6.71604176222046,1.75711637142631,3.28265958765632,-1.07438618087854,-0.557936326569319,-1.65033708020846,0.121117197206691,0.733102242436443,0.137393671184898,0.971989285926035,-0.020775419814921,stable,4
7.85133689657465,2.30442035962865,5.0767146715336,7.27689737064795,3.10040988064043,-1.32088060826715,-0.504209067734657,-1.27532020463862,0.602717725884747,0.979453411680464,0.872309390329764,0.144489141733698,0.0371664154916657,unstable,4
4.64933324399948,8.92876247214902,8.41138871884,7.44997512974653,4.10015040195531,-1.34802768212244,-0.795259938695549,-1.95686278113732,0.64093565401906,0.647312483834947,0.561118930363802,0.0612992308927083,0.0428818704006717,unstable,4
4.65008966685025,8.26542288918616,7.87091790999953,7.38354683122399,3.25118865851113,-0.847475878061564,-0.512233411602804,-1.89147936884676,0.412239787750151,0.631508677314773,0.54332314307511,0.973956976880934,0.076758881779179,unstable,4
5.74302628053657,1.51548087907397,4.17550491917646,9.4818460934339,3.35546600155181,-0.940607722577453,-1.03612027671012,-1.37873800226424,0.582363724186512,0.997335951831277,0.152309667626981,0.50192577709219,-0.0189489878798378,stable,4
5.85557013348903,9.55405041621852,2.63793139825942,3.43957042371833,3.52984314094341,-0.660607737022359,-1.04932762967926,-1.81990777424179,0.118325381755524,0.591532125423294,0.348481156534153,0.707756883174579,-0.0106197684131398,stable,4
8.6184491743087,4.93232605442716,3.44082721154946,0.702453003642929,2.71724805449905,-0.500610409109795,-0.694561303077801,-1.52207634231145,0.785308593481032,0.0559104988712876,0.249796447775576,0.701983071141477,-0.034561168149031,stable,4
6.01588589316005,7.10621973130268,6.8751864047138,2.82062077574349,3.23066038508441,-1.00031212558204,-1.11555224917448,-1.11479601032789,0.973639232167079,0.706962057816349,0.28197441410791,0.129362826113808,0.0566160740824596,unstable,4
7.2037977323518,3.30126365726283,2.95701566090931,3.12134298769559,3.48546736569595,-0.948971256780112,-1.17815326614481,-1.35834284277103,0.0960879815465282,0.864775422740844,0.651138929898631,0.176222396743461,-0.0114559418645157,stable,4
7.59996871724164,8.68515993388597,3.32895898161168,8.98114549910878,3.29088170073666,-0.63652374085557,-1.22877792972662,-1.42558003015447,0.861669345531847,0.980259621665862,0.985523738976151,0.119117351260424,0.0688271897029904,unstable,4
1.83621587946643,2.40813066837989,5.36476367276097,9.13650863081919,3.4059039466205,-1.08911917286316,-0.563243451939174,-1.75354132181817,0.548662844316077,0.38768087999997,0.716626347883587,0.952745553362415,0.0243131547172132,unstable,4
7.12798524436885,6.02494685937641,7.96783892548402,3.56946632539831,3.97989746903828,-0.866875227404758,-1.48905016098693,-1.62397208064659,0.116504359139313,0.812617645646741,0.0577267162012309,0.313199092784959,-0.0023029545696249,stable,4
9.69498883735491,8.39384221857615,4.53667265700041,5.01236452916953,3.98881642708196,-0.837072079907276,-1.52576375335521,-1.62598059381947,0.538363988868104,0.273121847090885,0.212663082315938,0.413254675888157,0.0149729004503733,unstable,4
8.63239705127188,4.23909384851197,1.24024752473763,9.24692706551773,4.09240220239215,-0.868173173239641,-1.43981663004981,-1.7844123991027,0.73922221946937,0.969040736004078,0.704890555937366,0.795726152303026,0.0412298298869545,unstable,4
2.50178728903439,3.08719378932976,7.49389611578494,2.1779438953485,3.81747117387196,-0.958985531192832,-1.0442810823718,-1.81420456030733,0.503049136367741,0.107807807323138,0.534357574047235,0.357839854077594,-0.03606094355299,stable,4
3.87113574684606,7.3711626197599,2.57949518211259,1.54067402254968,3.49245316219301,-0.635868119548354,-1.25627884869605,-1.60030619394861,0.81976117901108,0.830057479542666,0.566186565112185,0.379589010974538,0.0266346817395799,unstable,4
0.998987723447674,9.92491641128324,8.92656334318221,2.8859407872149,3.66023220839555,-1.1035214421534,-1.10564123981624,-1.45106952642591,0.717660341688471,0.954919355180813,0.491106863554688,0.692022900883615,0.0082602153717194,unstable,4
