tau1,tau2,tau3,tau4,p1,p2,p3,p4,g1,g2,g3,g4,stab,stabf,cluster_id
0.716414776295121,7.66959964406565,4.48664083058949,2.34056298396795,3.96379106326633,-1.02747330413905,-1.9389441526466,-0.997373606480681,0.446208906537321,0.976744082924302,0.929380522872661,0.36271777426931,0.028870543444887,unstable,0
3.13411155161342,7.60877161603408,4.94375930178099,9.85757326996638,3.52581081652096,-1.12553095451115,-1.84597485447561,-0.554305007534195,0.797109525792467,0.455449947148291,0.656946658473716,0.820923486481631,0.0498603734837059,unstable,0
4.1428304011016,2.43908920766944,1.29045594015738,9.45644318889404,3.93479591772548,-1.46929869766647,-1.766941258873,-0.698555961186008,0.800756745514446,0.840807129209329,0.917833435936101,0.793981811714133,-0.0069658281486113,stable,0
3.69909557555313,7.88069031229273,8.29124421474418,2.37123788615132,3.37418024730943,-0.590451860592165,-1.57917098011974,-1.20455740659753,0.275612627578159,0.0821056082573009,0.662142574093627,0.0616653437584313,-0.0140024979430028,stable,0
3.86652730863851,2.68584764647898,8.28928974899072,4.76698601133006,3.96142920728205,-0.763482680318458,-1.96518518817888,-1.23276133878471,0.78165341809014,0.832337007060605,0.862932944952751,0.238282381648618,0.040704927797328,unstable,0
4.9852500460704,5.31630680036639,2.62322983923801,6.90792560964871,3.54005878442901,-0.542270283731166,-1.849743002933,-1.14804549776484,0.955231715889807,0.161374435277629,0.318092070723203,0.953996746130716,0.0602670017637434,unstable,0
2.37929870716529,1.5419260918559,7.17214590731378,1.82813390068697,3.69993175799375,-0.863773026641912,-1.57640921963144,-1.2597495117204,0.879388012801753,0.971654500432187,0.71559874958763,0.961135880513964,-0.0175949106723175,stable,0
1.55702846046584,8.97572500860893,9.89806791513863,7.3034892620031,4.10377349270998,-0.671335205725476,-1.84732480395215,-1.58511348303235,0.890360085469101,0.0616308958481171,0.684872433584912,0.488866907409377,-0.002633545319278,stable,0
1.04768726368983,7.95768026070142,9.28693887580779,6.70660721806127,4.27535034659752,-1.08278990540222,-1.8391804216192,-1.3533800195761,0.417331501177105,0.811116288209158,0.834101695623937,0.758616637604252,0.0623285733721631,unstable,0
4.91395487589021,8.07751548527343,5.16108893737821,6.17408108977104,3.64199400149903,-1.06198091469134,-1.73021331229496,-0.84979977451273,0.353255606409636,0.31332980796637,0.534617030677572,0.364861544982146,0.0225644574280597,unstable,0
1.53067601022386,1.7013970719039,1.28130901707505,9.89695426696708,2.93153602347239,-0.54981155609847,-1.59523761077183,-0.786486856602086,0.742527862820048,0.123009340749433,0.770045182277755,0.849518873375937,-0.0451637101273005,stable,0
4.89307700596787,2.64106904529945,5.86670213271737,6.66635334482034,3.15749330343538,-1.06540972720023,-1.52831945200345,-0.563764124231704,0.442707998150514,0.463236291703755,0.0744111161704513,0.0825826096576022,-0.0389054960204442,stable,0
6.56403736090198,7.91450545041171,8.44108380221822,4.62848671606771,4.18106668719674,-0.671049709097657,-1.92795629312037,-1.58206068497871,0.66010163375826,0.38195801145895,0.795972538633309,0.932077894749767,0.0789804348213609,unstable,0
2.3831038731425,7.63521996236433,3.94188492119182,3.45833956149673,4.16924322891418,-0.660972676224331,-1.91474001863759,-1.59353053405226,0.515184987793101,0.342665553153532,0.399609940860277,0.506888348598594,-0.016214054402582,stable,0
4.0456439643699,2.39266354979711,1.20519140449029,5.7783213612224,3.7773220740756,-1.11595213656198,-1.68441935683722,-0.976950580676401,0.331046124656072,0.292930724700887,0.336296342877189,0.939050105537453,0.0017466725788194,unstable,0
7.96148447231264,3.881030380225,7.35965987398233,7.01682519234143,3.67534133481797,-0.501580528471712,-1.87643154742718,-1.29732925891908,0.311359870318816,0.366317321358562,0.948552305799573,0.887182387672545,0.0740402383520608,unstable,0
2.9668180065389,8.99869329425638,4.64532548594474,3.66491820342065,3.7621023008104,-0.839486680052825,-1.52523454479391,-1.39738107596366,0.316938851522799,0.753391748834417,0.683333518033415,0.665816545411791,0.0364556647483052,unstable,0
4.00657065715556,1.20298397213975,9.73135125298052,4.05951128654755,3.93219184704755,-1.08617672897769,-1.67134263674907,-1.17467248132079,0.730522275893883,0.208684627487671,0.357541659322701,0.732649633658592,-0.0023023419467908,stable,0
0.860551367101737,2.25738238846345,3.22360274188595,1.24156775523165,3.63101343017266,-0.874903705370217,-1.88191645299442,-0.874193271808024,0.125027263712662,0.284773036945421,0.584270410772082,0.663446557136399,-0.0469438594421973,stable,0
1.95656587792605,4.90168393193394,4.36096986218081,5.03922251159887,3.40279385287446,-1.30707488161389,-1.52142551107345,-0.574293460187118,0.429168943076904,0.483974506851401,0.569699274130259,0.419302729347597,0.0174988749148931,unstable,0
4.46975208715547,2.99060888706107,4.93998410247099,4.20636046774583,3.98819994052882,-0.922080279628292,-1.49509917752715,-1.57102048337338,0.360947438860437,0.33207442007112,0.117267913579479,0.165047474203175,-0.0372970763494504,stable,0
7.29872601138913,2.02199974271446,2.35023458194557,2.51655359051173,3.45234932697995,-0.584133322949673,-1.45618292918628,-1.412033074844,0.495319955225098,0.0859144529357948,0.150433385860819,0.633045938528141,-0.0233872413246797,stable,0
2.48046835735051,2.92899185041524,1.47761849412828,1.08998683394965,3.59565378141249,-0.81021457079167,-1.810607094249,-0.974832116371824,0.902510401352316,0.0749753031053406,0.159084166353621,0.621431501458136,-0.0161086239188354,stable,0
1.46551997004988,6.81838089336611,5.82489497025185,4.3194577312184,3.24768211760052,-0.717692514948267,-1.29729769050927,-1.23269191214298,0.173954759753727,0.850418426762742,0.736383816160869,0.344681382850782,0.0466415172612313,unstable,0
3.3671085109728,0.638995245066949,9.24604524643891,8.9018555819947,3.44585123293331,-1.0827150175204,-1.18928188775808,-1.17385432765483,0.230214114270587,0.84025996200245,0.757247743871739,0.81635407531451,0.0136500613379415,unstable,0
2.53922914269504,8.61425620817608,5.48878601216378,1.45437655121856,3.66851748238639,-0.740726874785544,-1.78936712777786,-1.13842347982299,0.94659364216855,0.859004885671727,0.690291030707741,0.93236821407369,0.0156747320658968,unstable,0
0.540849648325017,2.55571347688615,3.68271225867807,1.66890868032967,3.35120758076026,-0.97045171174258,-1.43358519381725,-0.947170675200433,0.598608523687939,0.12485208534479,0.367415334542155,0.136952561160454,-0.0482192411446551,stable,0
4.35068330937285,1.1236663514281,5.7581268830981,2.14752103226406,4.04666998910618,-1.15117793488031,-1.90609439565795,-0.989397658567922,0.896502819800983,0.974915833175395,0.963734810633132,0.728360863992124,0.0516049735854361,unstable,0
2.17819077055582,9.84626992844509,6.55335236943733,7.85313093025332,3.42529487827274,-0.878949794192903,-1.69193552436779,-0.854409559712047,0.829341492335895,0.306915073208592,0.848081684377976,0.256258075698239,0.0192661070814554,unstable,0
2.461683450362,5.73994457452717,3.96815523918392,4.56521461885112,3.70940823824635,-1.18659239162211,-1.62021325392515,-0.90260259269909,0.185973092643317,0.379463308829829,0.74167566810665,0.789974476838177,0.0413991796159323,unstable,0
7.27938903581317,5.3419258302029,1.0463103008713,9.84393829636577,3.81331873573976,-1.0256133383628,-1.94752535384879,-0.840180043528171,0.130569987206496,0.0722734430089057,0.584029905740211,0.32166318636307,-0.0567583954412215,stable,0
3.252947686384,1.60704989608295,0.747633473928506,3.3565349365284,3.37456735498536,-0.596313882045378,-1.7575069539139,-1.02074651902608,0.999294984164265,0.722768239733991,0.824834817536038,0.520869703240386,0.0176544775395207,unstable,0
1.60249861151628,2.62289371668184,3.5528675299391,4.16822662436821,3.93622568305299,-1.06154746297307,-1.39020125955506,-1.48447696052486,0.649870834925381,0.828194729961181,0.679570887547315,0.330565127884203,0.0240773196787892,unstable,0
2.59870735899294,0.704952906674333,3.57006641560525,9.14683058098316,3.75600289076068,-1.3358624526074,-1.7885029853843,-0.631637452768977,0.869413484224363,0.572153925786029,0.780673920185505,0.786430446998059,-0.0203098341077404,stable,0
2.05258798221431,5.72941643213051,3.52664361500189,6.42334178155364,4.35089858844714,-1.12549696082197,-1.93694704985819,-1.28845457776698,0.529179752163904,0.375609136550174,0.333306359782559,0.921935916857255,0.0302279366075099,unstable,0
9.01929309211074,8.62742612879857,5.08374186026879,2.04289813867026,3.16114470384879,-0.520002397220454,-1.79962023632961,-0.841522070298728,0.147038670613165,0.724111797955127,0.068942801705501,0.397242953902018,-0.0075572985519385,stable,0
3.68621964506834,3.52845586904227,2.44456388807427,6.46930855660282,3.68564758181231,-1.00161511792288,-1.45299344719667,-1.23103901669276,0.61016707717996,0.257228575376889,0.0730762750194978,0.40556108753704,-0.0240615072960775,stable,0
1.9204091220376,6.34597863004843,2.38295008495159,0.824511730032065,3.88249263019598,-0.79460838671393,-1.73894462844161,-1.34893961504044,0.237020445284188,0.501001103480024,0.245644544317992,0.328660633392238,-0.0377242050973642,stable,0
1.30325686746932,6.56595212070806,5.34951723796676,4.32114627504518,3.71229182851742,-1.07068316157873,-1.27629992455905,-1.36530874237964,0.676822905384238,0.745973990334694,0.815653411095911,0.435672967244762,0.0440437833229252,unstable,0
1.60994929349959,3.53146634987488,1.34925106357199,7.70930467704035,3.6473283722544,-1.15892023422426,-1.58082377703332,-0.90758436099682,0.233925619628885,0.167469716417838,0.887396347251418,0.97355343008987,-0.020283057364945,stable,0
1.91321397896572,2.07528943100424,9.78376483424457,4.61366588928351,4.05315330719462,-1.57423296986236,-1.87833005308333,-0.60059028424893,0.193011361467019,0.386570936197733,0.613716522317912,0.834385405837226,-0.0028843433647545,stable,0
1.88413779432188,0.756465264880424,3.7671557244913,3.60721847588525,3.89097462652995,-0.674534588969906,-1.81316693870173,-1.40327309885831,0.640857188306269,0.655956406211571,0.711444208498687,0.890664563563102,0.0267099746800083,unstable,0
7.15973412032925,0.690352802756417,7.60542683142364,6.68807597465731,3.99357293048561,-0.988489481726999,-1.88823723667418,-1.11684621208443,0.725685381702669,0.374974008896985,0.509747284881541,0.826091084711199,0.0509850773325719,unstable,0
4.23491027067245,8.62463133494188,9.32541811353348,2.77672920510863,3.74874937782423,-1.3331378074634,-1.64249007364841,-0.773121496712416,0.82652909638236,0.659754278521754,0.774936359275297,0.5371112194127,0.0526339132844401,unstable,0
9.58210559928233,5.18795668756628,4.72107997079586,5.08651397383681,3.15839225856804,-0.578574287633284,-1.54220689013944,-1.03761108079532,0.1193436053724,0.929896875515665,0.424455402228046,0.344730937336094,0.0330699672826904,unstable,0
6.57811125866335,8.6220584776086,6.71165489562805,6.10967412454533,3.52650117141619,-0.93445433372797,-1.83676089358859,-0.755285944099631,0.556147333456052,0.725278509360786,0.551843593187561,0.553713707680861,0.072230901127764,unstable,0
3.21716233519542,5.37729353413641,4.18858519588943,8.68651917067126,3.54688980857465,-0.518982485286833,-1.99138105835698,-1.03652626493084,0.958345601202176,0.86601618074703,0.751189071745882,0.423262966290967,0.0726933904775186,unstable,0
3.80712130124248,5.99249041520925,5.3793389879822,2.90546812576127,3.97150491714478,-1.02163437657517,-1.57555701844754,-1.37431352212207,0.116751165819154,0.235800727159542,0.364408819434604,0.70936766346952,-0.0233034710115959,stable,0
1.56685358738945,3.40715811297044,1.15355645187632,0.56647802793564,3.82948894657614,-1.11095029498889,-1.91900939570407,-0.799529255883175,0.476142308781985,0.890219037828393,0.833443698082002,0.863238177654883,-0.0334704766490503,stable,0
3.59390425568239,1.39191583919345,3.1124064344739,1.86625354055377,3.39149960488407,-0.67619569686933,-1.5533003420486,-1.16200356596614,0.271066298254405,0.595835366567827,0.783956447596492,0.365432757597568,-0.0329334984253983,stable,0
1.17053635755415,6.93154641878343,5.30396497087054,4.84953219216,4.3557766726021,-1.10213968854673,-1.73699727700783,-1.51663970704754,0.17876720721125,0.377238299396302,0.938574339252638,0.990253350996056,0.063578549785839,unstable,0
1.16202265331951,4.83530590487185,8.0481481383385,2.05136455852111,3.06010956351774,-0.73910510974176,-1.72996524048559,-0.591039213290391,0.695367014715136,0.326067698400532,0.910753149921242,0.967166886492774,-0.0132429009830866,stable,0
5.71198503301407,8.1695131203681,6.37939220554365,5.91051233334702,3.39830828866615,-0.764554288988223,-1.71675418497369,-0.916999814704235,0.370681503417426,0.591678813454427,0.209654199698479,0.649705025576913,0.0444152079551544,unstable,0
2.68322812701643,3.44481655199445,1.71084981104666,0.612181233477115,3.55733548572112,-0.817507117213693,-1.83006659859557,-0.909761769911856,0.135459718503733,0.268277738567322,0.752640151894649,0.884328421361179,-0.053397910682529,stable,0
5.40539932049898,5.07819325902627,4.27354894529888,5.08268147601988,3.61358027296969,-1.12471871380633,-1.82265090562711,-0.666210653536254,0.977546284198638,0.714628585958257,0.465931066734031,0.728887628138831,0.0942683351283434,unstable,0
4.00941282003361,3.75614995607579,5.86828976906972,5.73011122790939,3.83074827548012,-1.38623352960576,-1.4424814308853,-1.00203331498906,0.0725375485837145,0.617749759046162,0.424954543858276,0.696137693038248,0.0307862575852623,unstable,0
0.936214037934411,6.5819594783557,2.73272489832724,9.46062652172304,3.79700690590834,-1.36998767930045,-1.77557910162465,-0.651440124983236,0.594142252826965,0.758393714168953,0.950939877601279,0.938491009691661,0.0227969836588453,unstable,0
2.1795240583025,4.51283267208763,0.636050844736199,2.70762840602701,3.80551976956081,-1.13234337318243,-1.66233095561817,-1.01084544076021,0.768772460713824,0.0695104116288177,0.239077796217924,0.889208163401341,-0.0265871174849521,stable,0
0.709523729535902,3.5179577856367,5.13933096138984,8.20951814307501,4.09085962240471,-0.918795609237009,-1.89917326858762,-1.27289074458008,0.266681282665592,0.277847076446289,0.909478764364433,0.332021090645226,0.0004280282922292,unstable,0
4.56993382711712,0.533081752607424,3.92659834784172,9.08922578329042,3.32603097269903,-0.996400208560494,-1.53082459138744,-0.7988061727511,0.691333243177892,0.859477149214709,0.56277882600665,0.84929002498925,6.68738664075071e-05,unstable,0
4.25203891899239,2.72316135707859,9.81058919299977,2.23193782886883,3.57643844569914,-1.03781156613013,-1.43525053347423,-1.10337634609478,0.838570823938632,0.531909897009187,0.570139197563485,0.236536124207679,-0.00368502672479,stable,0
1.96838571571333,1.55868271705555,9.3707705749382,1.99036564416134,3.94919513527646,-0.92439701458757,-1.61879390950531,-1.40600421118358,0.217208736972049,0.975741230716084,0.676881562908251,0.977209619177941,-0.0236356937879783,stable,0
6.20370316654501,1.10121412843037,6.0439797073868,6.6919022499806,3.83406367421615,-1.00972654376846,-1.44156711603267,-1.38277001441502,0.422795016222895,0.735854204586566,0.951013993750011,0.344398349615125,0.0292390066134541,unstable,0
7.04635116020737,5.94276281663667,9.15431498622571,8.86519372161855,3.22263419335401,-0.64134755406474,-1.8728227954904,-0.70846384379887,0.786403581503992,0.72555679234968,0.728454305752192,0.697984307136602,0.0884389563850277,unstable,0
0.686512510303326,7.28232701324145,4.55422488771564,5.65302262174472,3.11058512805028,-0.592971562467085,-1.42750773858549,-1.0901058269977,0.857160276538932,0.778221646148429,0.258567906939266,0.123980365660849,-0.0292517526049526,stable,0
2.35116858815663,0.96302564009754,8.59765881038079,4.59489059552681,4.34634050939558,-1.23048746978322,-1.94512473317801,-1.17072830643435,0.966900063105597,0.56984223222127,0.975654610979483,0.248196504002911,-0.0114763294098747,stable,0
2.58193786755845,4.61081630951739,6.88802061476629,2.30037389622104,4.03024980330693,-0.576071704887692,-1.77590692090134,-1.6782711775179,0.966651840685516,0.500090913172727,0.701042990100582,0.957159550854356,0.0472408521488294,unstable,0
4.6163607899059,6.26729493205358,1.11409036501833,2.54798823817992,4.35083152968917,-0.584964680174587,-1.89691330502777,-1.86895354448681,0.3649107026549,0.50066095659841,0.648465924888096,0.942285070056103,-0.0075461941333415,stable,0
5.14790061353012,5.79254082106757,1.12303215259254,4.30711603832872,3.1565530161899,-0.643731074658921,-1.56827454598802,-0.944547395542962,0.14941590190606,0.602622242601026,0.231028107414335,0.716735212173298,0.0061754225913094,unstable,0
1.75508522282417,2.27477590013836,2.14010106467797,4.18073292529839,3.79655948787995,-0.917121522998449,-1.33197715482819,-1.54746081005331,0.476475682075726,0.780177031810966,0.213543429347839,0.779754926271282,0.0010338243588565,unstable,0
7.64211464005053,3.1199533038104,7.27293303996621,4.45659428729882,3.93731544948443,-1.18624619614534,-1.7412892365145,-1.00978001682459,0.466376110953425,0.326408422832552,0.990441063645834,0.276956230915481,0.0465021869691416,unstable,0
2.04274766220546,1.56001026240266,2.53524572996207,4.37621841440488,3.69563746045107,-0.977891475770157,-1.26055201061268,-1.45719397406823,0.0660014133339119,0.551004182972536,0.997566722449971,0.913581960657269,0.0246617449652959,unstable,0
0.681477875366621,6.07740275794185,1.03940852349858,4.36307844782877,3.32480114896836,-0.586862722038664,-1.93726649891509,-0.800671928014606,0.316109771039543,0.964881338408171,0.733691764804651,0.108371407722123,-0.0344985742936625,stable,0
5.76538609620238,8.12713724280133,2.21362670286974,1.06703724703137,2.99827089288351,-0.64991369444821,-1.38995066331567,-0.958406535119633,0.622738179964395,0.897454492395752,0.665825293425379,0.35317447236395,0.020896588140014,unstable,0
4.65769180067488,9.93995266542308,1.04928350827892,1.52569837211691,3.03194767126324,-0.611066059208114,-1.6042798211736,-0.81660179088153,0.802461817477291,0.891771759836478,0.996358258673632,0.596533593783986,-0.0140358337528662,stable,0
2.22612060443733,8.962366914506,4.75472926697022,1.64819434046765,3.39961493789176,-0.681601890691067,-1.22829861468964,-1.48971443251105,0.439023446603181,0.282728107410171,0.197988133286709,0.852040733055063,-0.0344132331404465,stable,0
8.21791854231935,9.2916710326642,1.7035377957352,7.16718005793374,3.21355287052528,-0.61716429771618,-1.82027943268615,-0.77610914012295,0.371711179751951,0.293064843908161,0.386436913983898,0.739834186053299,0.0219729777629405,unstable,0
1.81984207275679,6.10336325693985,0.848301796457753,4.30526540618897,3.53048120876095,-1.08632777981651,-1.21779667194742,-1.22635675699702,0.677662389605381,0.926766988979125,0.934391567951987,0.0793109534652566,-0.0333070805749585,stable,0
0.945899828876334,8.98963322003576,6.39394894216486,1.24827777843142,4.13591812845933,-0.517692630041449,-1.95867457280562,-1.65955092561226,0.639012130968401,0.549926593069603,0.473617882050402,0.115896485589421,-0.0217193245163757,stable,0
8.06023599905573,5.58884520992504,9.95535032937934,4.57860862607883,3.42919161303083,-0.808620195847168,-1.65975466722192,-0.960816749961744,0.255746154618367,0.723432758336195,0.858289396695,0.888023447295306,0.0665443032945611,unstable,0
2.58646425630853,1.34459977873274,5.00819461747227,7.99340884871957,3.62307157663369,-1.18853159024788,-1.70282920313104,-0.731710783254774,0.557568836570001,0.955044725273198,0.0941469784356048,0.154283973129718,-0.0365657779839718,stable,0
7.54799229917618,4.40253203717703,4.92841824951026,6.08108546232352,3.84097506579969,-0.964887227951328,-1.4695586196486,-1.40652921819976,0.0865984742334927,0.350577800284771,0.689589021870315,0.115343811285122,-0.0123177380901739,stable,0
0.715575828885066,0.783102645921218,1.65634552715177,7.11114259233117,3.08831503927634,-0.59629554845019,-1.51658252272434,-0.975436968101806,0.354666310750196,0.479520677587637,0.971629676845756,0.403719413368604,-0.0427211643582672,stable,0
5.84614273483524,5.6936478880481,0.600565584069723,5.19168496538441,3.65652537729743,-1.17442836385407,-1.22474478328069,-1.25735223016267,0.538442448697995,0.0742358350496867,0.844877926437902,0.940911135898014,0.002391499280302,unstable,0
5.77105243061621,6.05447508727726,2.41515820859696,5.74910645480165,3.09325563068505,-0.564192069982865,-1.38294664786722,-1.14611691283496,0.510642601918541,0.0833119016566908,0.895136363336537,0.0569587598312588,-0.01518378727113,stable,0
2.87916885561059,6.41714912642036,6.44196457477362,5.04215838898231,4.09011447976727,-1.32325736835533,-1.75292095350806,-1.01393615790388,0.953759537441266,0.234922514215684,0.66641424429611,0.896822549035049,0.0671588551731183,unstable,0
1.24134314192339,9.8992226265142,2.74448786059726,8.03615099381601,3.44080323276431,-0.680900890124799,-1.32340596343324,-1.43649637920627,0.522105705435399,0.457257933527882,0.849233389845192,0.232051765454892,-0.0285041606149813,stable,0
8.0881662515742,9.27920576754798,7.67302639188683,6.97105812677466,3.73625117507432,-0.77664995857561,-1.95559097822038,-1.00401023827833,0.858060195694116,0.325520449510969,0.244042925913496,0.243723026236498,0.043678063395904,unstable,0
0.667187604653323,4.08677295865756,4.00351473391714,0.809587923725834,3.63471787506106,-1.1103636517727,-1.20132180544338,-1.32303241784498,0.880760676054012,0.698682883376438,0.673910069299061,0.805647561021075,-0.0238913333167891,stable,0
1.22747071833496,8.77427391469635,7.29781337027076,6.65004321348775,3.81510908190172,-0.72176856109522,-1.44679756913311,-1.64654295167339,0.470746771354792,0.506205624550948,0.527656719922897,0.816484694555298,0.040158502253981,unstable,0
4.92954244114897,9.94174594281636,6.38029829650946,1.56143743076508,3.20085732976603,-0.87435621608604,-1.3454724077206,-0.981028705959395,0.055272764397033,0.884223935359897,0.979121044057568,0.6512898416625,0.0343033134475394,unstable,0
6.0002664760614,2.76694258846723,6.2195429078953,7.98638463137321,3.15182411202084,-0.718267935620819,-1.735909714323,-0.697646462077019,0.562570468914107,0.795338642917252,0.907268564085248,0.754412775622243,0.0763274979569417,unstable,0
1.05794201717948,1.77933416301023,5.80023737184774,1.60574954623923,3.45397338585656,-0.873392053355148,-1.97354032939005,-0.607041003111366,0.124710186132771,0.470673924444987,0.42832686391682,0.96101727972836,-0.0496253468552361,stable,0
7.82480307643068,2.5478688711928,8.15389558742776,5.59246023358501,3.38959033603598,-0.903021007660741,-1.56979854527185,-0.916770783103386,0.0514118659421196,0.354552130009743,0.564145606662447,0.573493887808309,0.0077741797248475,unstable,0
1.51851591578359,7.27334262763729,0.833136325262743,5.87850284861815,4.29168212232523,-0.781002804001025,-1.8181118276629,-1.6925674906613,0.624582796346995,0.83254501178633,0.068166917207248,0.0903988322704716,-0.0252280650298154,stable,0
4.79186724589374,5.93611881912124,1.6830722971938,3.14962378892868,3.3952849081727,-0.803888174516975,-1.73082739087973,-0.860569342775992,0.890170380363446,0.33327661011873,0.247986963008677,0.210673900289877,0.0040380634833635,unstable,0
5.33640901377465,0.507845851789636,8.10433683018056,8.40843519837212,2.99929272076768,-0.65226691996794,-1.74473850129524,-0.602287299504504,0.385145021181134,0.0522752223159885,0.175425695518155,0.554378483540224,-0.0012064235743453,stable,0
5.15215700399237,5.831118626441,1.10612372210487,0.764953895688499,3.14415103945462,-0.895924092969881,-1.74330629906307,-0.504920647421665,0.95229296656176,0.992308636365117,0.482339783081504,0.460483476074233,0.0351593228195699,unstable,0
4.2952166576607,7.10197679417378,6.28649346671812,7.30443452355525,3.12917346297292,-0.798129807196162,-1.70538873286729,-0.625654922909464,0.0657075876694976,0.252409554509231,0.478818076375533,0.299293060844108,-0.002667146588867,stable,0
0.817316763706214,6.18505512409846,6.32049088955161,2.19816600548495,3.09014047694202,-0.754448505154229,-1.38228034914671,-0.953411622641084,0.344335568923332,0.385016774177044,0.851948605116888,0.2591201659628,0.001346316498021,unstable,0
3.2970661489689,0.531132562841789,1.69535895222659,3.89266865486664,3.98534323815429,-0.657731254935311,-1.66061576820314,-1.66699621501584,0.59643691460747,0.504114822255373,0.667765198008476,0.0663167564721918,-0.0368646552934496,stable,0
7.1012100268066,3.25057090100322,2.74386393932593,0.717401111281512,3.96625462822857,-0.709160754543136,-1.93137108564664,-1.32572278803879,0.600039913963422,0.39932249876759,0.948180834701081,0.697698669083763,-0.0231850395657702,stable,0
6.53965664848834,8.12498374093367,1.21525294844171,5.96889132359534,3.66301338421397,-1.29943408457463,-1.79687983017587,-0.566699469463469,0.304646815733368,0.644362519519769,0.992705376350724,0.138702875586294,-0.0194702504809228,stable,0
4.90662245882613,6.29407799664262,3.19778967390893,6.91540287778175,4.2143536212248,-1.16873983575056,-1.94104730798185,-1.10456647749239,0.902160967437983,0.492242894572861,0.520723172521538,0.845167329154722,0.0775906234221883,unstable,0
2.70088403665964,2.81507093843075,3.79805631817832,3.46344387096706,3.14366809538088,-0.739843004942883,-1.33416392689603,-1.06966116354197,0.468996952783889,0.594339757879246,0.290011069029503,0.557437118435961,0.0029206945021718,unstable,0
2.23183142947536,6.07229130519594,2.92914714665139,7.47289158060803,3.43464149184837,-0.796340828785871,-1.41899583465259,-1.21930482840991,0.556910488277366,0.153086520399459,0.642420378958903,0.707212404305558,0.0014660128723638,unstable,0
3.33599630596432,7.08829135822783,1.73309324951579,3.65886326062861,4.25548193420288,-0.947974816959281,-1.97258706459837,-1.33492005264523,0.61977753344917,0.43664305830995,0.290835709928757,0.974643276871446,0.0249337273447933,unstable,0
6.17670658061698,6.38029243446428,1.79253217391154,2.63118650503904,3.14813267452185,-0.826019153069088,-1.36933853687344,-0.952774984579324,0.138104256626384,0.661511781163792,0.510533179047182,0.330241890431795,-0.0235254987040588,stable,0
5.47484256024891,9.97179750705872,4.51183117532553,2.5829817351216,3.66918272919702,-1.24723001443844,-1.90253020607223,-0.51942250868635,0.403104312921449,0.510059841692975,0.158286281378249,0.109199435669715,-0.0098942930472465,stable,0
2.15259430907723,4.59451284581578,6.395556447765,8.6725344121395,2.94100707739951,-0.734270106199384,-1.3861766855719,-0.820560285628226,0.797810484005414,0.512094490002519,0.362869232548076,0.167188274388381,-0.0133122196446674,stable,0
2.35532375354255,1.01292438057305,2.09839183728212,8.95679141415748,3.70486479236756,-0.555051494981861,-1.62636492082068,-1.52344837656502,0.853117453056632,0.508205518756321,0.685202691852666,0.93758628569219,-0.0062580491332003,stable,0
9.12084815054152,8.85646378446305,1.40717526277166,1.42436068650574,3.77637714524208,-0.953817982910527,-1.96828299332443,-0.85427616900712,0.464992150733323,0.411144919983818,0.210089692580735,0.765463991111179,-0.0229570621330595,stable,0
0.816375125406892,5.10839880034929,9.86182492670427,1.65249796711901,4.36956312377549,-0.504819356284465,-1.97716269754064,-1.88758106995038,0.219815886102599,0.728437216468169,0.538767118058063,0.286402276662464,-0.0144625436853737,stable,0
3.57631668783254,9.07452943164862,5.29146492212664,3.63079627269175,3.7200336726938,-1.33983518713195,-1.47783352637134,-0.902364959190507,0.170296252885895,0.415657226488158,0.737713950309079,0.269030830897019,0.0087660960400135,unstable,0
0.521153721056774,4.36363614768817,1.1348580507675,0.831704167207738,3.24848019349206,-0.731272191156552,-1.83390678698808,-0.683301215347426,0.38631979411363,0.336057622286219,0.883859666180733,0.871166422675314,-0.0484394092010431,stable,0
3.55168454317729,2.0138488882869,3.55651693671034,3.29411556172943,3.49973995612062,-1.17597383024786,-1.31980160438853,-1.00396452148423,0.543752440918412,0.829253695896911,0.277822592501579,0.166890303585494,-0.0251263353344194,stable,0
4.42918725044749,9.56683667480674,2.79994442807751,3.08660488347349,3.57665479929929,-0.877831233518978,-1.39988665233213,-1.29893691344818,0.614719502146364,0.150219509625273,0.980351796307543,0.305348295810726,-0.0025235069570551,stable,0
8.37720735337235,1.94554526759044,2.36354053235271,6.82363484456715,4.12792495857872,-0.727911871117551,-1.959074036397,-1.44093905106417,0.52070326434869,0.254594539471335,0.954829672741084,0.347878462285633,-0.005520378939796,stable,0
1.62164808484954,9.78849315496758,4.5276041705739,9.41995899548014,3.39070778664469,-1.24904335392172,-1.63787782211592,-0.503786610607046,0.105323791799619,0.18817769398785,0.552697088980458,0.943361704690465,0.0282981560270111,unstable,0
6.32420631981808,0.796598100648378,7.1009921947973,7.72634591122458,3.19319972414688,-0.618560510890605,-1.45332731000079,-1.12131190325549,0.309886957108867,0.704148585997782,0.326644528179951,0.105434631313005,-0.0430433296017175,stable,0
1.65317224302167,8.98034293034254,3.31956846268927,3.71346332479937,3.20466687199648,-1.00573683907089,-1.63983868262676,-0.559091350298829,0.0604906373312196,0.185636891987904,0.394929361272135,0.344489707572481,-0.0489806907283032,stable,0
3.56816515780983,7.59922148353214,1.91173533747238,7.34173222804302,3.34684235055302,-0.833822204737482,-1.95658632667792,-0.556433819137618,0.9437802484786,0.474334643529745,0.371856385973722,0.755731684191085,0.0420782572256808,unstable,0
0.775555094196182,7.97010410812356,0.803777025425027,2.29777297993948,3.70848414337848,-0.50078054154655,-1.64711369333754,-1.56058990849439,0.357513758183081,0.813041233329495,0.276628037607826,0.0680654157457943,-0.0403087758730418,stable,0
0.886212410788739,8.31125725339388,5.13077847553854,9.05962859936887,3.62345765370216,-0.721371040098183,-1.6715076136993,-1.23057899990468,0.649098627638663,0.314711089932671,0.579413493577915,0.591114139063903,0.0016559406883605,unstable,0
8.04598623472653,9.23286909176367,8.85701140451942,6.74247150640797,3.26561420024471,-0.593113197507442,-1.97252148665214,-0.699979516085133,0.161228761093375,0.781081756003026,0.179044054139261,0.679729551251455,0.0478420021775357,unstable,0
4.95516687424795,9.46548436001096,8.54624832986574,6.21475719466752,3.44618071431052,-0.928554988888826,-1.61660338979133,-0.901022335630364,0.558494534602505,0.948241264223377,0.394101866256638,0.333133471073416,0.0580425186567487,unstable,0
5.9694957470465,0.731793474924972,8.40870955324406,3.64033260077416,3.53388234856526,-0.868005491673993,-1.61465903100502,-1.05121782588625,0.302236066529577,0.64708583170909,0.842439802291731,0.642299797555064,0.0037439767131423,unstable,0
1.38485287175231,5.97969089151011,6.25110951467663,1.50951074633877,3.13344847641253,-0.944487887870404,-1.57270779894043,-0.616252789601695,0.573246023080794,0.200741371279472,0.915315376547953,0.938389820555449,-0.0119483177382041,stable,0
0.538411097305559,3.50008276208402,3.25749740335003,7.12952189956398,3.36053115184876,-0.545654192567989,-1.27304072763044,-1.54183623165033,0.591547941900808,0.516992939681701,0.5053565616258,0.884868749412034,0.001356143576229,unstable,0
1.8253598505448,7.27641176210983,9.2577964504557,5.70299409402245,3.82334043124861,-0.900295130414376,-1.88218683332534,-1.04085846750889,0.857789563878745,0.860106706768054,0.523287919683427,0.576186577062644,0.0426671510812762,unstable,0
2.58087310868946,6.81290836900413,9.48961144454462,3.90807547840137,3.29102403671869,-1.15923616363634,-1.48116406516227,-0.650623807920085,0.834218530572038,0.590992741750189,0.739569497098823,0.129950544828497,0.0241161655768993,unstable,0
2.27830566867318,3.26583199675431,3.19171164105725,3.87654967672734,3.24882548061346,-1.16139573300596,-1.38185091565206,-0.705578831955441,0.827058196503912,0.876228690784658,0.609239104987271,0.432750902586175,0.0604285273826295,unstable,0
6.61058088538857,6.66067561710114,6.1583392186893,7.32727293042934,3.05131741766072,-0.920328429563821,-1.57741684435658,-0.553572143740323,0.626592828862105,0.908902470375092,0.407344463187339,0.254177039316091,0.0668223506649779,unstable,0
2.60023268854246,1.43780936403109,8.82967705110157,7.96573817351896,3.04181064895214,-0.539484231987596,-1.67189942353312,-0.830426993431419,0.65137655469543,0.691598730955672,0.353136204766319,0.752347540092345,-0.004207803048846,stable,0
6.80612644092935,7.14511877007348,8.36226005270021,8.97350514129607,3.6091565688417,-0.53995109388819,-1.87449766285241,-1.1947078121011,0.924346590202161,0.095706648584787,0.33615177423135,0.832807168271796,0.0648253133095755,unstable,0
4.83592615266052,2.88705022971947,4.07475263646862,2.50598706113119,3.70501280664661,-1.25281960485436,-1.51751879284709,-0.934674408945162,0.622247068836066,0.698034865948792,0.895729715871869,0.48900564214281,0.0646380799362959,unstable,0
4.70213209270894,0.748746749930573,2.89292697589932,3.37105344406157,2.85353152748159,-0.714566052175872,-1.6002828475761,-0.538682627729618,0.541208537900916,0.532128645439533,0.741483109471543,0.779664821905847,0.0222909017608458,unstable,0
7.09419282928887,7.05339749661926,0.615295524593734,3.40584455851279,3.10486486284114,-0.73874595151504,-1.49920919846796,-0.866909712858137,0.242059023108378,0.135393731265044,0.655184376852936,0.295761660923356,-0.0487142008080108,stable,0
9.09762895119648,7.89514481134777,8.50127390760662,7.83781803002295,3.36629927461372,-0.659356415572448,-1.85665970139262,-0.850283157648647,0.633080939458988,0.144479952279773,0.776211159109977,0.501516149154082,0.06167013289303,unstable,0
5.57689888833236,1.38033305905404,0.75292395971677,9.06637672184566,3.32017497580298,-1.07801909918532,-1.23750049152627,-1.00465538509139,0.160205056427459,0.441515790473121,0.149391195127254,0.435525181306902,-0.0316010202710422,stable,0
9.55455692609517,4.41381227436492,1.93199402438301,7.10646237579114,2.82308062743401,-0.596985688079509,-1.65457896234207,-0.571515977012436,0.300468421484013,0.694914497485999,0.818693451235497,0.376034543085855,-0.0029268677299137,stable,0
4.66633443297935,3.11662742754252,2.89204008122272,9.83924824798765,3.29223899891724,-0.893088416597597,-1.39890684760276,-1.00024373471688,0.480705282072754,0.504354218840414,0.516255113930294,0.231537419609558,-0.026698069630842,stable,0
7.94662362683315,8.75433806435403,3.07801654718351,1.70449925674036,3.18182511321382,-0.980963101823209,-1.40338955786175,-0.797472453528864,0.621769632855321,0.293325574163229,0.948922289738205,0.29827056879567,0.0046378586411549,unstable,0
0.984691742328706,4.27759038905407,7.7102717748076,6.86263949574764,4.14407323775806,-0.649477444581082,-1.93233956591556,-1.56225622726142,0.51962217575832,0.964450817118237,0.257127916006404,0.205889641772828,-0.0119540951857833,stable,0
1.23439558988763,3.52685139597559,0.574866227157891,4.89232302852751,3.59684503410808,-0.638556630857394,-1.572234103145,-1.38605430010569,0.394389299681941,0.410696025245026,0.267099139322144,0.403303727331801,-0.0317737038500775,stable,0
5.73592453037371,3.21728717477563,8.54341609338256,9.35186741437083,3.2715682360951,-0.583143470355834,-1.88935574714375,-0.799069018595514,0.702758554330419,0.81905279656539,0.170514317370467,0.256440407021181,0.0183960083992765,unstable,0
7.42990237184716,5.77228288954364,2.52758793871637,5.52437622063678,3.08847188090959,-0.819107354591927,-1.76135103669079,-0.508013489626872,0.604987930445229,0.88810858568127,0.908594856673259,0.745665142938249,0.0792632063982141,unstable,0
3.25593430920917,4.55515210289543,1.49077719339251,4.13891020374866,3.95555137128815,-1.46213323253847,-1.52860949686441,-0.964808641885267,0.503353232600394,0.762980030898033,0.591360198769291,0.782607031777158,0.049212541903933,unstable,0
0.765359373018681,6.13199084977838,8.5567821066363,5.79701111982478,3.34783658081009,-0.965364926113002,-1.16642799047274,-1.21604366422435,0.938924622212346,0.822822427595031,0.637311730857943,0.492588459748382,0.0232371736181942,unstable,0
4.64242574299022,2.08889080671781,5.16238634364165,9.46629148463919,3.05282332934855,-0.712745986558497,-1.55487387436042,-0.785203468429635,0.468817938522462,0.195174179523323,0.486699860055838,0.143395990334972,-0.0246066321258407,stable,0
8.81630040537174,0.657628478309035,6.01765574129754,7.20148249167717,3.69378272638715,-0.566423791337479,-1.72047440444021,-1.40688453060946,0.120743113723188,0.426882803785127,0.286133832045805,0.663353192848149,-0.0158407160262967,stable,0
9.16166023951657,1.62686045816626,4.87996718165679,6.27977791134863,3.21194435563853,-0.621943100485683,-1.86220805796129,-0.727793197191553,0.401253455398821,0.432863393950928,0.356547407360008,0.659516353149192,0.0098361893843353,unstable,0
4.66970284293415,5.56891455807871,6.23089447833187,8.00337000584742,3.68115864156064,-0.899664230665797,-1.52944461601704,-1.2520497948778,0.821237956774831,0.751686640436881,0.517340825598042,0.578718270800199,0.0789723640224787,unstable,0
9.80267273956966,7.77452468671938,5.77966575519487,3.57376020499537,3.1834021232293,-0.665997749561234,-1.79040654601462,-0.726997827653447,0.134230741309141,0.253999058256276,0.624077918867689,0.558411252835452,0.008031096180323,unstable,0
6.19672391491428,3.24949046974856,6.87797997739182,2.31638896744854,3.38808517357627,-0.934557347234059,-1.2724446345471,-1.18108319179511,0.253327352158818,0.122661542733534,0.825242528898917,0.698953315129598,0.010401524111643,unstable,0
0.933850570874254,7.05755243219921,9.84455139714606,5.50361207621908,3.60184034777221,-0.863681509706576,-1.52489757786413,-1.2132612602015,0.737595420396315,0.345446370303757,0.791015837636376,0.757857650518089,0.0193980320338716,unstable,0
3.85130366150569,4.59182992852359,5.25701625448106,6.68027274523131,3.76622444124925,-0.625697214618942,-1.50060902523545,-1.63991820139486,0.369965339891214,0.495679945768429,0.930501092629629,0.88293622051976,0.0800146768074561,unstable,0
6.45494706006466,0.94561474489742,6.64379670742712,8.19722726439941,3.95034262083649,-1.24862364287871,-1.61118945871996,-1.09052951923782,0.100543754602243,0.109893833317818,0.993645260472505,0.568385190841189,0.0367998698886475,unstable,0
1.76689189498078,3.1150423770727,6.83571826125538,7.086344308149,3.54544365590575,-0.543374264376808,-1.52908478308944,-1.4729846084395,0.9131138331259,0.877512983966112,0.52134679934442,0.300565287067454,0.007345820163482,unstable,0
2.26663459929808,2.61331761868261,4.34105630107963,6.79961630150481,3.3202204858469,-0.545428426803811,-1.91303608558978,-0.861755973453307,0.0798414375160285,0.76051335856687,0.920034656561357,0.514706815791741,0.0315360492639601,unstable,0
5.48741382978254,9.29432563101602,9.18532162371108,0.895511643311684,3.97453723719414,-1.03009835720335,-1.92321986744568,-1.02121901254511,0.812989299367501,0.355036853115113,0.8359701312472,0.101476349146855,0.0466301878917004,unstable,0
5.78621204867753,5.95864523242272,6.57500437742577,3.99587221390368,3.508440763702,-0.926948527374689,-1.69042148838209,-0.891070747945225,0.241824854389366,0.973762828695471,0.0903957726301055,0.51845445954452,0.036359743634637,unstable,0
2.26592542858969,9.24183127329336,2.59320644948006,7.71053143515211,3.31541260974622,-0.701873979287164,-1.61631648284303,-0.997222147616022,0.393654143916574,0.977168557602179,0.856982557718053,0.147354297377797,0.0076097782692772,unstable,0
6.88598220878639,3.59261967026226,2.52371372741756,8.6251531596728,2.78990455325752,-0.508393719608639,-1.56730829019183,-0.71420254345705,0.206807209725707,0.661342526221613,0.326450705696295,0.570242884907089,0.0016958941580621,unstable,0
5.83611208611265,8.37578437289419,7.11567224918776,5.53468897744007,3.02816163830033,-0.950347705284436,-1.49084012124756,-0.586973811768333,0.304185199863057,0.88210972875061,0.646324274272915,0.392230051400467,0.0645993443165458,unstable,0
5.49654354971605,7.27356694872774,3.12287398827514,2.9708116434594,3.91139669897215,-0.854794869253319,-1.98658866335922,-1.07001316635961,0.319176503740206,0.512581860289112,0.930038359682264,0.637006882276229,0.0322977691969715,unstable,0
5.08469659787656,2.29316187046532,5.46834500962482,4.62350623131064,3.54331378228083,-0.682534296977497,-1.42196349828353,-1.4388159870198,0.370464053984237,0.18125636925012,0.0922074666427413,0.58453481393669,-0.0244808514957486,stable,0
4.20336113532552,5.42458178391327,8.94002949683095,8.35282591888664,4.0067758009141,-1.0686937128407,-1.78053436933166,-1.15754771874174,0.614827942496442,0.553678959992966,0.693131256212023,0.976845366377587,0.0766828320834586,unstable,0
1.31747713422587,3.67594785867891,9.40676232675037,4.02243830534945,4.18185437465615,-1.02382273991328,-1.72867023703679,-1.42936139770608,0.370096657166816,0.118600694520436,0.736335220307729,0.919218278321242,0.0015361261464766,unstable,0
1.63644636946904,7.11127492938484,8.43229663338632,7.86896678608176,3.95238762440008,-0.796461435503932,-1.89250526680967,-1.26342092208648,0.368937147277124,0.458115110561628,0.41319817463551,0.780566435690061,0.0371536475253607,unstable,0
1.28642579586079,1.50896495091805,5.39551468051554,6.44232235944362,3.40543115243717,-0.953003077275353,-1.63106592790253,-0.821362147259282,0.856292724467781,0.791178770532791,0.807170791344651,0.142672664354923,-0.0160698326019202,stable,0
3.72373412679418,7.94472052046212,4.75304873842283,6.62290540267456,3.42740009372102,-1.00221761657279,-1.64085486213082,-0.784327615017409,0.148439508181824,0.375343551063254,0.386749084960676,0.725802210364067,0.0278830779062112,unstable,0
1.37415346407985,1.30350367821904,0.680984847373527,6.44586568582475,3.16299674359252,-0.541443110783887,-1.64318166983153,-0.978371962977107,0.459907419763542,0.163271273623717,0.291070524459988,0.834557489247024,-0.0282955994094541,stable,0
1.93681080722953,5.84440068051659,9.55491520080765,9.6736744751408,3.51323319292164,-0.707851607390144,-1.93304576346966,-0.872335822061833,0.391874817252182,0.509969806745575,0.325347288485073,0.2981838149067,-0.0022876631954235,stable,0
5.82727627480952,0.579383174621954,1.32358554228767,3.96463010272976,3.12919634839611,-0.521200921210088,-1.78310421151666,-0.824891215669364,0.0583459440873493,0.313507524986505,0.646053497843462,0.59358072041848,-0.0495599379215182,stable,0
6.71451395058539,7.04933603455473,2.84790090065047,4.78525635676079,3.10880989623789,-0.715538344300771,-1.7355674383671,-0.657704113570019,0.673590726701439,0.784073488631177,0.614850561490379,0.881937479378309,0.0793157788386887,unstable,0
4.09859350904251,8.54838876436619,2.62771619964211,6.33467791203238,3.5021553585873,-0.707426291680953,-1.6346019382272,-1.16012712867915,0.636242463841401,0.400560760267794,0.757776753958042,0.136763780062646,-0.0025839234420791,stable,0
4.8826100294377,1.14882359459318,1.62995712621936,6.50754057732451,3.15908612749729,-0.671703696340905,-1.65997453913053,-0.827407892025856,0.674058387613011,0.90886091483828,0.612679495366273,0.981610063186772,0.0206917872601203,unstable,0
3.95125974094056,9.18463993428928,2.66951971187614,9.84628030678153,3.54956634713066,-0.815568551353097,-1.9051019145305,-0.828895881247066,0.583352891908078,0.788912642035567,0.772078056433639,0.592803227351124,0.0369414543521671,unstable,0
1.94632483261609,5.05815326186868,5.43078318966714,1.70971643644471,4.13405301602933,-0.662717799478501,-1.87532583115178,-1.59600938539905,0.19537703012875,0.472051134003954,0.780102377880546,0.423742735881249,0.0046702919051944,unstable,0
1.12617257738583,4.96360657798055,1.98215554068307,5.97434620488238,3.88383493005729,-1.24517034794758,-1.88409293190943,-0.754571650200279,0.858989600880636,0.209113553073348,0.199843054894409,0.513511569029087,-0.0203091655659214,stable,0
8.0371890687356,7.88812660757131,0.511558975434559,9.6047369365623,3.56671174056251,-0.50311853707704,-1.72124312023636,-1.34235008324911,0.0914148949140776,0.493520021519936,0.779194664494861,0.534481106057352,-0.0172162574311955,stable,0
3.69246926542898,4.43068620403112,0.804622299948509,4.05969616186586,3.83878496881026,-1.27013922416415,-1.70836252889801,-0.8602832157481,0.16131735544567,0.709432122004633,0.0980961996223626,0.746742899991117,0.0070304254019714,unstable,0
5.02031777910264,7.20754963719335,9.84961997388238,4.12646536313479,3.35802359823257,-0.688708159995533,-1.46401759651285,-1.20529784172419,0.42575302186101,0.785031226514173,0.349489867639437,0.153660327210274,0.0317746982610838,unstable,0
2.67610836839015,8.16596634839567,8.4970724789801,3.36992470493531,3.51006244494341,-1.1851995125325,-1.59234633695418,-0.732516595456726,0.659332677903306,0.810472484112012,0.566642863257483,0.0612087952682888,0.0309224627210788,unstable,0
7.24871319739004,0.825979383997212,2.44289470703792,2.60872021334791,3.30168425992892,-0.986239816205692,-1.4391516636662,-0.876292780057027,0.210555827558992,0.441005518255399,0.838539024076402,0.0810880286192067,-0.0175281529374536,stable,0
4.99399743046884,4.50091738315034,5.71040057151091,7.95516765906245,4.00210764619176,-0.889615036058077,-1.7976389676225,-1.31485364251118,0.484347483463162,0.475541922867523,0.107441807639153,0.864119301897434,0.041717025960669,unstable,0
0.66897918428923,0.574612549591984,7.94672038551937,8.76870118383789,3.45517052380819,-0.717562592542055,-1.38239583796606,-1.35521209330008,0.406037573426256,0.475884803382433,0.0816034527847287,0.54297982772499,-0.0287323570195698,stable,0
4.75383931623338,9.69197342257468,2.78057064364691,7.58594551867755,4.01742106699837,-0.577369116116862,-1.82089633113754,-1.61915561974397,0.518004739072645,0.739809695959996,0.122016362799769,0.669469196135146,0.0449605940093213,unstable,0
0.678285921639507,9.34639247256714,6.18178315401209,2.51069469013283,3.33910713144302,-1.20854025277125,-1.29622641196817,-0.834340466703603,0.795540985807958,0.78538004304424,0.504192449324937,0.721275365844616,-0.008305761082554,stable,0
0.717478833804175,6.56388024076762,8.13944347842304,8.00777468817168,3.55224202179521,-0.646690234520414,-1.66182005964833,-1.24373172762647,0.439423121915078,0.331048860473367,0.12044725738427,0.245414391314882,-0.0403319014844009,stable,0
5.01171543603031,1.71467413891375,0.657487436830567,9.38518873102989,3.68941610096111,-0.829250262566085,-1.97690010063205,-0.883265737762977,0.606217152836666,0.235040099189144,0.963501541612975,0.29076455031072,-0.0408860884348787,stable,0
9.39863046836266,3.73933665577857,3.66857145158517,4.09460680627855,3.10341530801259,-0.653784146474931,-1.78117998026197,-0.668451181275689,0.735296271649429,0.92826948084492,0.529517821916701,0.351575551741046,0.0328255796478532,unstable,0
2.12464854044296,4.6148494967555,1.10526048101184,7.57662233495024,2.82823944808018,-0.598375883265317,-1.31848547508777,-0.911378089727089,0.187105375063049,0.890429921670526,0.687609426432389,0.638819834181056,0.0043938252052644,unstable,0
9.36739669604435,3.41710388301361,3.09230820954017,6.71395888368331,3.26036426578477,-0.76094212599732,-1.54462964854899,-0.95479249123846,0.478941515834684,0.651177603135791,0.21645282243465,0.173552504668919,-0.0142326854370539,stable,0
6.9909063326387,7.76875388214564,0.980862664530962,2.2264222210201,4.0061894846675,-0.893810444733396,-1.79785384249721,-1.31452519743689,0.800175428364091,0.860723996820105,0.207099812987413,0.750978683004277,0.0368577310687714,unstable,0
2.96542846468808,6.32599482893328,8.23509561128968,3.02655223308078,3.16334906996358,-0.550274740836106,-1.76808790991409,-0.844986419213388,0.720228365160857,0.233150575643217,0.67746350806143,0.961354210683686,0.0267473403951932,unstable,0
0.959253183851251,2.17247562833965,5.95684886440751,9.12639074934791,3.67431792358978,-0.559991716176935,-1.70295356638683,-1.41137264102601,0.429634935648812,0.969880127777329,0.50657412150707,0.556951574721885,-0.012995994896025,stable,0
4.61856215030721,9.16332223702667,6.5973070811486,0.896273651218926,3.47455737249859,-1.01431968290873,-1.29642405553075,-1.16381363405911,0.681177836261954,0.300451475044847,0.999126849308927,0.375829996423024,0.036214872274372,unstable,0
1.93582210078399,1.8538265617587,0.824150949019787,6.64016798291278,3.32640532208725,-0.891792253594811,-1.6326412617846,-0.801971806707839,0.0641507868785237,0.966215447538162,0.520357967741231,0.102859935027545,-0.0352273239262576,stable,0
5.78484062597803,2.78508046840774,0.852553181996115,3.95584477135275,3.55021647513129,-0.674941275020456,-1.9763228988116,-0.898952301299234,0.191722097371719,0.308322664312165,0.274445218421207,0.543178319404684,-0.0451121464709335,stable,0
8.57645840769227,5.76843399073989,3.53116850542512,4.03905467244681,3.88305636377635,-1.03863606314375,-1.97323117407726,-0.871189126555342,0.169047296385894,0.287241110335839,0.4147443529371,0.689057345441199,-0.0037607980521293,stable,0
3.94934933599198,0.628722358809796,4.4859055058139,1.61404942994697,3.46893455300949,-0.855231421739247,-1.13248386938481,-1.48121926188543,0.200208794637149,0.963203649799773,0.844578304242684,0.393470689178073,-0.0239033924488062,stable,0
3.21189438617439,3.18229782943612,5.33663407821403,8.93197282102546,3.33088252841535,-1.11269781060981,-1.48383450687981,-0.734350210925727,0.33303839321956,0.9307428311161,0.509829705211055,0.476623437415456,0.0205811188739181,unstable,0
0.911815607934969,9.13157342782026,2.1007211382078,1.50036521145544,4.21482524000521,-1.02782807827569,-1.87951739005962,-1.3074797716699,0.886112868597518,0.0619724105984543,0.245340556506977,0.128073025669772,-0.0404977991247519,stable,0
6.33096509307789,4.78742061569417,3.18194056568019,0.861986636406765,3.74567266421911,-0.970716304373206,-1.96551606805931,-0.80944029178659,0.108353656953593,0.326885536091704,0.939962455977856,0.507771610478346,-0.0367221941291216,stable,0
6.96823967601501,8.37776804390185,8.1432076787466,8.24257884983465,3.96778548233703,-0.557729135817965,-1.98703861250936,-1.4230177340097,0.794235661977221,0.361280367936037,0.880557253942591,0.702631902636184,0.0863104444107565,unstable,0
3.38941856600069,3.75798341568394,7.72994345876714,4.25920868360708,3.08919412987682,-0.68940399235473,-1.50827839718258,-0.891511740339512,0.311722296602924,0.388561675312481,0.525767091786946,0.269674572834031,-0.0053719199974969,stable,0
2.39664277808574,5.21268080929595,1.40018598634255,7.48407856030264,3.236493750283,-0.713319972910767,-1.52754355009749,-0.995630227274739,0.627475310847164,0.890979268218507,0.622992744565726,0.0626904241030151,-0.0085811801250582,stable,0
2.65050298998904,3.57231647824264,9.06622644584278,3.06189969144419,3.09403726999119,-0.549154348848038,-1.93753790831085,-0.607345012832305,0.826609418691479,0.238108832988804,0.756552939423394,0.891274482102967,0.0041379891868261,unstable,0
5.19807027559676,0.631789445110096,4.72454348373994,4.01366739339877,3.55755749325149,-0.886865160311177,-1.506206950699,-1.16448538224131,0.933361341864135,0.52866049945012,0.874604226523479,0.548399937033678,0.0572053557462339,unstable,0
2.33617155666375,6.96257724071443,8.82666600721416,2.74819537561359,3.62323067023968,-1.38733251566117,-1.43244228388532,-0.803455870693189,0.844830531626154,0.371488143002687,0.0698655197420425,0.55781387124729,-0.0139911973863204,stable,0
5.0514926116603,9.10172319311573,4.92439955392646,7.13131050642907,3.42527784117388,-0.694245850532199,-1.76276665000806,-0.968265340633621,0.396695190754319,0.595442713736366,0.724324384346298,0.708427291369124,0.0649155405787198,unstable,0
3.61473101423834,4.84024625602877,7.9298992810065,8.25976216453298,2.91979588977098,-0.834305805984768,-1.56412631483916,-0.521363768947055,0.0523806366785395,0.658529730090791,0.69413263391742,0.169394123513268,0.0234390433446013,unstable,0
5.18246944210964,7.05466168055995,5.854881489527,7.71536465038015,3.69364249339609,-0.87827993394006,-1.50926291450954,-1.30609964494649,0.554056904896508,0.9812661596862,0.57437690247939,0.330358886366286,0.0739647195526036,unstable,0
3.58587227651379,3.99878154545483,4.67444279351742,5.69813129860585,4.14290365555618,-1.07936436540566,-1.97622914785247,-1.08731014229805,0.0684474949086003,0.158638861217758,0.648316904551823,0.333036056633195,-0.0189805059572835,stable,0
7.03420249916056,6.79277225912764,7.55337649155745,3.78954253357705,2.9569920137918,-0.608940063407447,-1.54120696816115,-0.806844982223201,0.985914850669183,0.0869645931855438,0.827420889342731,0.310626685710298,0.0617219586645218,unstable,0
3.63196278668955,4.85371943527828,9.49232704675981,0.898212747184688,3.88055521750865,-0.700753840342886,-1.72382199035517,-1.45597938681059,0.66703824018174,0.131593631304177,0.506280480083143,0.311335019996903,-0.0291869163760352,stable,0
1.10084545073811,5.46922649134091,1.41101474396657,1.15957711504551,4.09377262280791,-0.760778118444502,-1.83845667330858,-1.49453783105483,0.454782070097767,0.225385326579929,0.956276305028268,0.854320287591495,-0.0285977795230692,stable,0
0.620791458329698,3.8861153839885,3.48139666200285,7.14938968697026,3.00159857504406,-1.01101383984268,-1.39667983033935,-0.593904904862028,0.518754881332715,0.237814043955011,0.516746519262901,0.464412863023081,-0.0441005278435516,stable,0
1.24466187743502,1.89317515680096,1.49522227582614,2.52949616805151,4.06181740438775,-1.14910894040648,-1.90032872704691,-1.01237973693436,0.169744832407756,0.730023132123891,0.662723453129224,0.683232093580012,-0.0340532190212265,stable,0
3.08377457813893,7.1901319637102,9.66954702583349,3.47298574873095,3.85855258599002,-0.8224450157271,-1.49176508283642,-1.5443424874265,0.815355295119532,0.128731796292624,0.803626363840618,0.564236103926543,0.0127526240083571,unstable,0
5.76143810197355,1.66907691425382,8.62567004793278,6.00777892175285,3.85947431955761,-0.848691713700793,-1.67831939925093,-1.33246320660589,0.163829228704118,0.408558282601234,0.226444531335864,0.13659663400609,-0.044266186572457,stable,0
4.12265481740995,0.773951790864894,0.516746757948073,4.2874233850734,4.46915280399369,-0.906819420910964,-1.93474204260209,-1.62759134048064,0.300640294300078,0.154803563888834,0.267797045043225,0.599849217636498,-0.0327623938323199,stable,0
9.47497558862381,1.66450156546024,1.22487493561159,3.38157359520397,3.74047854195702,-0.619477003471204,-1.76919286371922,-1.3518086747666,0.511273670355561,0.894607974592899,0.631939090032704,0.428963673219198,-0.0617757880036438,stable,0
5.26123666936135,8.94993634116624,8.01572464643745,9.42797297834961,3.57700206463469,-0.90526482475996,-1.55589926948653,-1.1158379703882,0.0517341190884274,0.570016356052998,0.391585557792627,0.787340502205413,0.0503636502192144,unstable,0
0.869614907862921,7.52110346290161,9.48320359124787,5.39049346695921,4.08151757901855,-1.18551638586598,-1.66136947569357,-1.234631717459,0.77257514421766,0.879593132054515,0.193250793406175,0.758535511013612,0.0212090967136619,unstable,0
0.528295568863512,2.29104845730263,6.30351253611349,7.81582595750262,2.72721859436415,-0.573524742857541,-1.36164063288841,-0.792053218618198,0.625055332482774,0.065781453949539,0.965524727533775,0.662005442755794,0.0157184460110714,unstable,0
6.14337519800974,3.94527949356416,1.30689085937253,6.74178354160446,3.69350300630542,-1.12062928041866,-1.33142248750555,-1.24145123838121,0.130049531322927,0.55545974729724,0.359009868887181,0.533506657435171,-0.0162547106615079,stable,0
6.06981781216545,3.09850125176236,6.97087825332694,5.4731682092482,3.53640413482742,-0.623007340197417,-1.43361237540335,-1.47978441922665,0.141113428484549,0.861567694249651,0.991847088037268,0.37364277354142,0.0508982128631791,unstable,0
5.39220175631761,4.13321190679312,7.00398567406258,1.2849236418459,3.26249555482924,-0.798468316718622,-1.65345559637838,-0.81057164173224,0.461383207536344,0.622870982479139,0.751414904918523,0.228357746136883,0.0332101571796723,unstable,0
4.31012099567263,5.55233107592058,1.28251602245636,2.46810783538116,3.65463863337675,-1.15081685787202,-1.17796421743572,-1.32585755806901,0.569237483039751,0.0976574434984813,0.59189389792125,0.936560087098161,-0.0178270827273314,stable,0
6.41989096175574,5.46011555301789,4.58879130471164,3.11091557120628,4.15874638736516,-1.36264099646922,-1.91549019507481,-0.880615195821132,0.569509141190737,0.139595007366557,0.246414208619065,0.244966007255254,-0.0162852825759994,stable,0
0.761854055066663,9.1915621710169,8.01805659749269,4.53868432046624,3.82900083734602,-0.674372118895268,-1.47840400190339,-1.67622471654736,0.321846270399791,0.291898442008179,0.761168797957595,0.112924547847204,-0.0004871055441669,stable,0
2.19679568284848,1.01173368520481,2.6105226147478,2.1751885943602,4.02787038970173,-1.2419764913329,-1.38438863189791,-1.40150526647092,0.350865609334817,0.274217673511398,0.174637180244025,0.815329242362758,-0.0200319743383612,stable,0
5.47387509087136,4.08744829633255,2.71415980122748,0.718988079854869,3.83556125334633,-1.12121307968528,-1.84372505249392,-0.870623121167126,0.95787047942034,0.915228057604082,0.469152473864255,0.958398409993007,0.0396368258222899,unstable,0
6.84036359611173,2.81958585078865,7.21757821842792,1.83784490565454,3.56193872888196,-0.659645356649603,-1.84775742063802,-1.05453595159434,0.762618077591825,0.598137772824267,0.502767486712643,0.745985410419185,0.0249324329460239,unstable,0
1.11572639632621,7.97348482380917,4.97403966391197,0.946094862665574,3.23769252991341,-0.523136160963308,-1.46586711635031,-1.24868925259979,0.676938006895348,0.483603702604371,0.944219742309951,0.686025355203369,-0.0226875113108612,stable,0
7.6474024488728,5.23319762500516,9.58342558409873,5.05253697838866,4.35218813111783,-0.526429446871113,-1.98191624302912,-1.8438424412176,0.465270038311622,0.241053117760475,0.527141372738065,0.879280604738737,0.0490563430568493,unstable,0
2.71795921579697,3.88285446224295,3.49609097864731,3.25608674805824,3.76947604155092,-0.771880145076301,-1.81045335260801,-1.18714254386661,0.677312264049021,0.176586725378744,0.481284312958373,0.520976207571209,0.0002887279327588,unstable,0
1.0992543261399,6.90158388750988,8.63156386815137,4.63937416485552,4.06047897469938,-1.10943196193661,-1.54052029775957,-1.4105267150032,0.119789946515637,0.413527582977312,0.18720247497669,0.302778820562811,-0.0253735614541218,stable,0
5.12719564859075,4.93882392393805,5.31702021115856,7.74638203079947,3.68050710919902,-0.695033044866088,-1.95053849122092,-1.03493557311201,0.392294828723392,0.10298462893484,0.873082291386172,0.369411150302152,0.0330289213973694,unstable,0
8.40637369342088,5.05982825554343,6.25792196363248,9.0612692188611,3.65600099724803,-0.756734507391637,-1.78181501349752,-1.11745147635887,0.128997104619811,0.970332349232785,0.734807548257293,0.836840584843096,0.0747001430643723,unstable,0
5.80043385520027,4.16212710361524,6.37411998253276,3.30957412446146,3.63716993327995,-0.974612103705073,-1.49956482891305,-1.16299300066183,0.600648485212318,0.0567277179977973,0.284394448082694,0.904747412185135,0.0197340241702514,unstable,0
1.704938789591,8.83265178807945,8.9069394730164,8.5585671365994,3.59311875815786,-0.572169317750132,-1.87683249012755,-1.14411695028018,0.55171055742441,0.635220761587505,0.636311372041829,0.175240945775468,0.0242173395741066,unstable,0
7.57983437991607,5.71817432041152,9.32422913435209,1.10668732585754,2.95595366550282,-0.60031845469767,-1.68540466376781,-0.670230547037336,0.928319611972347,0.601400632856614,0.590275901915067,0.443912248999713,0.0486620364513577,unstable,0
1.52524331357918,9.63256139321838,8.79351870617992,4.78560563829029,4.12753418833466,-1.19045146120255,-1.51193325060119,-1.42514947653092,0.437964162965701,0.463078148129084,0.680854751713155,0.38721178354941,0.0185180761666124,unstable,0
3.6485172663124,2.43692419488619,2.83858878757223,2.95557057644518,3.96465371767291,-0.813638365519,-1.83364718052772,-1.31736817162619,0.25415261025207,0.907476456940487,0.373151661898716,0.0500284939589759,-0.0159352600625321,stable,0
1.47169104195621,6.93355652724756,5.28878620613561,4.23342186749735,3.45302597052061,-0.932877640476695,-1.41235894933604,-1.10778938070787,0.580362507522297,0.405026586804943,0.744362798251985,0.282400060599183,0.0086804740538719,unstable,0
4.08241091147438,2.73428479374419,5.36112115219558,0.978543535294687,3.21040833942251,-1.05668905961775,-1.44111817829955,-0.712601101505209,0.79979477399683,0.205570150677596,0.874538632279491,0.322823851621699,0.0269463173672322,unstable,0
2.38171221194697,7.94660340910258,2.91359814016746,6.62050912322719,3.68715304163609,-0.553647114458494,-1.5303549356431,-1.6031509915345,0.428416376420051,0.280370781601858,0.615890213943942,0.472822903537225,-0.0091598141162652,stable,0
2.54645662931373,1.9661656563621,3.36227921902492,9.61095980690967,3.79404866469574,-0.527037840206502,-1.76498149495255,-1.50202932953669,0.657733739144643,0.593153486140214,0.171490641116417,0.275185725569491,-0.0364509921672181,stable,0
7.6964903648458,8.21695625209589,1.9209106425665,4.08899248916443,3.29313002670316,-0.576375562400394,-1.56247536050354,-1.15427910379923,0.432492957529823,0.288224112291259,0.436303028296345,0.4465735870187,-0.0098110255360065,stable,0
3.55822021178922,7.51628015257661,8.93945320055186,5.83345215279294,3.96018796022281,-0.74255000399038,-1.85771196067745,-1.35992599555498,0.248092684360591,0.848792369236203,0.365398873249837,0.860433659303157,0.0626973304463445,unstable,0
4.25862801723079,7.50368978316636,7.4660411002809,1.26305360046299,3.75633768998851,-0.736837036668311,-1.68648775170563,-1.33301290161457,0.579723282841679,0.323714369818878,0.622532963119459,0.692561531968178,0.0072598531400556,unstable,0
0.730532836678473,0.787002206518955,7.64948425799068,9.94556076280777,3.14342778366003,-1.25808061583492,-1.3450563814743,-0.54029078635081,0.152254616105855,0.248853175375955,0.563566811271744,0.398680935773031,-0.0154891950982034,stable,0
3.05493773223907,7.98092928715749,2.96651342176261,3.05702564885922,3.28965984397439,-0.673976590940182,-1.11346241640986,-1.50222083662435,0.0715197937378322,0.445561249815964,0.710388998240379,0.984907498166922,0.0011378309032399,unstable,0
5.22745797074968,9.45289001239907,2.5993840705164,6.5321263554432,3.8842320130418,-0.993324540013331,-1.48356119457588,-1.40734627845259,0.247636587868186,0.722214096329171,0.607512006612155,0.0962452779088623,0.0003536748332557,unstable,0
6.39799912834181,3.59589216004881,5.53441211935217,8.28413345976644,3.81152723903985,-1.0553117414616,-1.76189674859974,-0.994318748978514,0.897182056899412,0.442765924176632,0.649142987817399,0.217822787188441,0.0555772374420531,unstable,0
4.22099175774055,3.69905456139912,7.54242657049877,0.690613906966161,3.34952508270066,-0.56476484440791,-1.59743251799684,-1.18732772029591,0.883283435423409,0.30225713984467,0.458436797592409,0.611254558094819,-0.0064016151598485,stable,0
2.39073116117704,3.11080260503833,9.35502017236815,5.05714644467214,3.03111974960075,-0.537752432914742,-1.98131496172086,-0.512052354965149,0.981424610477064,0.316125167834761,0.822965802479032,0.30681019905988,0.0011394124895705,unstable,0
8.60014451256914,6.5322574719676,1.53302175655976,0.845862850907701,3.25183407679797,-0.688667189444182,-1.81439505273614,-0.748771834617644,0.093295373949447,0.745601196474133,0.876696836436703,0.454933162218928,-0.0303264886234125,stable,0
3.45070289236039,7.41957225144049,2.7322143214464,8.46543841054897,3.12408851932346,-1.07416886066883,-1.36835233141998,-0.68156732723465,0.458750334797086,0.407920307088755,0.492281035780667,0.598635668821225,0.0162760251413771,unstable,0
2.51775929121061,2.6264800082684,1.55071220359275,4.00984025336186,4.14327878244684,-0.663872884612612,-1.67868218212669,-1.80072371570754,0.535613291247261,0.125630074976592,0.358888256149826,0.0608390515015053,-0.0332468457780375,stable,0
3.43328865226333,1.85556115168007,3.77207025198865,6.04777212306897,4.16799817903703,-1.117805603457,-1.70605433536754,-1.34413824021249,0.949263964948612,0.257012798522101,0.76897239209502,0.150208636994716,0.0236605127241008,unstable,0
6.71587008224605,7.25544361556696,1.38591080758263,3.4674476846944,4.23989100326007,-0.804419531599397,-1.98641812911324,-1.44905334254743,0.123640466676998,0.774072683933413,0.202742908963872,0.734841789725572,0.0092148064302775,unstable,0
1.8303945551731,7.28638540650038,8.78440412384017,3.36604067624295,3.18981250281455,-0.988087342638092,-1.35441503360153,-0.847310126574931,0.921141571289683,0.831543189563589,0.41843605958371,0.165710884616035,0.0096171554316068,unstable,0
4.00305666246277,2.34239012501738,3.93597770380201,8.70041307238907,3.79868643151667,-0.795940911984979,-1.78468924957482,-1.21805626995687,0.180367039436632,0.387241263218417,0.120050141841295,0.40208934871173,-0.0284888072082058,stable,0
0.613029320988385,2.8314267230619,4.75950887449753,2.71063204459808,3.21826795492797,-0.527690072161669,-1.29212168005146,-1.39845620271484,0.789097153991554,0.46215528402673,0.964991075100452,0.93934874359514,0.0311257270511526,unstable,0
2.63538758017106,2.34970925611019,2.96052434850181,4.71388379856423,3.29845342268382,-1.23384149312715,-1.22770026905653,-0.836911660500139,0.564999721337169,0.492092839437372,0.18450844024434,0.815229036367643,0.0107226745932736,unstable,0
8.04174283144866,2.27974115837037,2.73976860503528,3.89712569667127,3.5869600426021,-0.645400957416417,-1.74623985565059,-1.19531922953509,0.963345275240521,0.196618636078149,0.520123425993795,0.610243322122596,0.0241149516434247,unstable,0
2.1369780627778,4.10901077267025,0.873677293086308,8.31964650634027,3.97941245954605,-0.817907342826598,-1.73764078360796,-1.42386433311149,0.962763024419539,0.940381603228701,0.28817239887246,0.524004863865243,-0.0045661720829089,stable,0
4.69360790412148,4.97100380998512,2.64861793300938,3.4679509722675,3.8042741726738,-0.998579152759118,-1.9119740993862,-0.893720920528483,0.632649093642492,0.822148953742648,0.503798128184444,0.292907414437493,0.0463785379827991,unstable,0
3.18147601027272,9.88286988313623,4.70510347155237,7.62296776831198,3.82321365317912,-1.29292971487265,-1.97558327950018,-0.554700658806285,0.326407880494656,0.935395897917404,0.171854052665303,0.682263220299922,0.0462865643669306,unstable,0
3.86166762464469,2.02534431206188,6.99459964752729,4.78178120461408,3.89853600492412,-0.739056190956326,-1.63417024003947,-1.52530957392832,0.123334974151737,0.307449368865116,0.74467623297154,0.495530013284624,0.0096912608650541,unstable,0
2.11352091107382,6.72190106576983,1.01138428216905,7.43042175140457,4.02712587993506,-0.573246939503949,-1.93857952806293,-1.51529941236818,0.773560495812612,0.125944338473323,0.448328735488134,0.298625440533381,-0.0381877963683434,stable,0
1.98158743160813,6.39887519240819,2.07396234314234,7.16880621111793,3.51785584076025,-1.22116640983429,-1.41699384642895,-0.879695584497007,0.303455315058858,0.775554145055964,0.645913412349996,0.282723583185347,0.0004452077389345,unstable,0
2.09056296220646,1.439864919999,5.51269089569445,6.35557660725772,3.42391753405609,-0.592552508794773,-1.26822813392521,-1.56313689133611,0.130860334138625,0.0548141550216929,0.271305729818557,0.216566635884235,-0.0478818875271865,stable,0
2.72096932098257,9.45222939303,6.96583459837458,3.3402703341819,3.68510442339331,-0.692627778412076,-1.73167724453995,-1.26079940044128,0.731310609285755,0.499288073743364,0.758064415643099,0.822442278334362,0.0387145033970585,unstable,0
1.02535911216614,3.2303008740186,7.38556064229386,3.10920287003729,2.89108481164588,-0.536305731821642,-1.53780491324042,-0.816974166583817,0.963315434777722,0.0990429965212382,0.0687089905779937,0.554324024302489,-0.0308017137859237,stable,0
1.99788890246596,5.5819563879036,0.744068151734828,4.52099667436181,3.16029575158818,-0.746225766422961,-1.54534349002629,-0.868726495138928,0.891603466379456,0.756702767364001,0.643847688042969,0.357739857285374,-0.0078936772816196,stable,0
5.15920528551808,8.67019413800519,0.802364959190902,1.81495155190042,4.14855243926113,-0.916398669964459,-1.82842091737625,-1.40373285192042,0.304238351046714,0.208551154831786,0.306434290966671,0.860063306821992,-0.0374584659413548,stable,0
8.13111762450513,7.41656574929922,9.35231220752897,3.49436613392802,3.79093760527748,-0.778407304831443,-1.71848711378492,-1.29404318666112,0.457084605409626,0.407499426760084,0.622379996277248,0.342896511806572,0.0389574705301226,unstable,0
4.07337885742979,3.12277701280523,8.26090347644028,1.63467504296502,4.00092271847759,-0.950021201765281,-1.55248947236899,-1.49841204434332,0.150393188339949,0.710212519060383,0.933816257042319,0.310467840758314,0.0087963886216384,unstable,0
3.94780499595808,3.99273259158604,3.42449930458198,8.24975506667108,3.24872498848737,-0.920087214500771,-1.43440558467743,-0.894232189309166,0.132118400925074,0.0904435302460776,0.275343397466035,0.863451413906742,0.003213436525754,unstable,0
2.76784821800601,1.97832836970158,2.43822310834528,1.769726743664,3.46769707868078,-0.93081439490777,-1.04974689500503,-1.48713578876798,0.49125448586381,0.155432462287104,0.590830458414153,0.453791773541154,-0.0255972559872769,stable,0
3.64696814816349,3.42921254711598,1.42717990911718,2.42211576201359,3.93326868562979,-1.30649865187402,-1.77413951306408,-0.852630520691688,0.219319592856785,0.600877349321636,0.882092032130745,0.979356426214604,0.0213071176228593,unstable,0
3.40905549655607,4.41027879739956,1.4985235680426,4.6293164698625,3.58300515094836,-0.732046841727837,-1.48058604877827,-1.37037226044225,0.167105354716486,0.29040824913048,0.619764233159709,0.319014104039985,-0.0318495857269596,stable,0
9.51208303645705,8.44051128111835,2.04739333248227,5.35015049590742,3.27750375348763,-0.837423468447651,-1.76254679337355,-0.677533491666429,0.550417409793853,0.247111779932181,0.528657338187756,0.130732642597592,-0.0115765280595273,stable,0
6.6594802948327,4.63842585923865,2.77967574967671,6.17747588272201,3.71654803751117,-0.522687488944514,-1.77438010226223,-1.41948044630443,0.937918070263862,0.27911048528402,0.292985517963819,0.0662334655374475,0.0147857583513866,unstable,0
5.05602348744761,6.28701021360663,5.76603888223781,3.05345009207482,3.9899377984256,-1.30870592164802,-1.74921859351266,-0.932013283264916,0.218505627803678,0.263111145259255,0.586366121678503,0.389041785966596,0.0020260108632693,unstable,0
6.29553299498012,4.49179561566743,2.67340860142726,3.23579182939837,3.47397953602059,-0.835887599372945,-1.65896702121475,-0.979124915432895,0.737105611677605,0.872623284382063,0.412218230353332,0.79723714415337,0.0694631809435738,unstable,0
9.28881170863141,6.56072678004674,7.20895895444938,3.83113692096821,3.31167212162811,-0.711853794134816,-1.5324876002499,-1.06733072724339,0.423116110335229,0.890785167890803,0.49921827508335,0.13176190657107,0.0496781511125302,unstable,0
2.54090841698382,2.55848678141553,5.11270431285526,4.19604896201823,3.61791961368865,-0.755640438182279,-1.80166734897621,-1.06061182653016,0.143882750351382,0.513117584879209,0.978383102344717,0.630840864926474,0.0435282565189603,unstable,0
3.5817448597998,3.4184596075255,6.80040354704079,7.57972513004149,3.33446176128744,-0.753311732579907,-1.79610518291851,-0.785044845789019,0.963210351210078,0.918067924295099,0.731247869236775,0.94545178083893,0.0910142507915887,unstable,0
4.50991409873648,9.24205034680596,4.86394267602644,9.58040797539834,3.35392119362263,-0.965599949303176,-1.72549086679377,-0.662830377525685,0.0534302531716717,0.430678001389027,0.858380640271065,0.396619463343661,0.0272987056777884,unstable,0
2.817567954069,1.58794530691311,8.52977460533108,5.49739106825594,3.87663864269757,-0.713992325500655,-1.96572824989943,-1.19691806729748,0.586758438781301,0.781345559874295,0.251008568424071,0.337688486734342,-0.051019911942531,stable,0
5.27079854224268,3.93437945136743,8.66187877437018,1.20165939948383,3.53014037722384,-0.54852844828011,-1.5017047212994,-1.47990720764433,0.558993584104904,0.962098514549549,0.537171338037044,0.184305682776693,0.029842916173816,unstable,0
3.35535732106501,4.23086432425192,5.6210418295057,1.30383169992197,4.11978436761643,-1.58247602405284,-1.87781408913149,-0.659494254432095,0.266317183743141,0.929238417556208,0.320196254569822,0.313863250600428,0.0011953785856196,unstable,0
2.63623732876854,3.64447978021414,9.36462300696222,4.46379248942031,3.84854123759652,-0.866061789441074,-1.44997029553598,-1.53250915261947,0.721066955295443,0.609272561183442,0.502111200775073,0.441970447703683,0.0037433837431499,unstable,0
3.22639998552597,1.04363100101511,5.05769176231575,2.32494522948061,3.54601447256063,-1.16562424060045,-1.4750625602352,-0.905327671724977,0.897957723330992,0.409320561160804,0.64276741610954,0.160549204901673,-0.0005270335812673,stable,0
6.15126945267192,1.82322842814364,7.76039963126599,2.08957133802107,3.51350603492266,-1.19132085854469,-1.35932983017646,-0.962855346201512,0.854495138929916,0.211636451732784,0.675534649266631,0.0918178786800918,0.0292156842554732,unstable,0
4.31621074757576,4.51479034117191,5.393704955486,9.68548745576348,3.49961200640058,-0.692492786613607,-1.73440987116203,-1.07270934862494,0.05863750570565,0.538214846928118,0.628358325995107,0.500087684776394,0.0212888447524736,unstable,0
2.29266852073763,7.35754296615776,2.61402276415438,0.756317891854572,3.73606527590458,-1.29015597976663,-1.72246792696086,-0.723441369177087,0.80412316568664,0.49125766402949,0.427703983440368,0.332765790718982,-0.0203325530240394,stable,0
5.2378483831708,1.81941776899169,1.19902017369365,7.17349996760256,3.24253889250933,-1.16628188997245,-1.38461533764737,-0.691641664889513,0.252417452980387,0.0775317875811062,0.806133334597485,0.318478692163581,-0.0438134672728338,stable,0
8.56703822630891,3.08637651147345,8.06171398643027,4.00108969986116,3.00084696200344,-0.632145804679627,-1.50995182991052,-0.858749327413296,0.303658863952426,0.447663170881914,0.27811659999218,0.09773714954764,-0.0278947839713479,stable,0
4.72144796092177,5.56461652947868,8.87035845337353,8.62627522612211,3.8715566731951,-1.26118388522319,-1.68110382620741,-0.9292689617645,0.310367537197035,0.647574317872343,0.548207592453537,0.643989033903423,0.055202535828713,unstable,0
7.59593488708795,5.49361872684462,3.91998306046437,8.10510079057739,3.24258859583091,-0.940746799176536,-1.53923819771702,-0.762603598937357,0.98400454580148,0.220980485247598,0.47863266609275,0.493255501862167,0.0552950099487091,unstable,0
1.98094079741212,3.68675414188117,9.52335464324704,4.54952715206124,2.88849010550534,-0.681446224063972,-1.30076194993734,-0.906281931504025,0.163456652646064,0.535266074329708,0.765335737160423,0.935629174790062,0.0320195960649724,unstable,0
1.81354946322222,9.41138232094412,6.67370372123014,6.63773390993081,4.03902884029475,-1.27134083070956,-1.48003661305434,-1.28765139653085,0.895060356435676,0.366176542718606,0.939546843179089,0.309324997342448,0.0261473500028707,unstable,0
5.40382364932539,4.92462803063168,8.32445854495307,6.02813297821439,4.2060883571985,-1.44956954516243,-1.92244362676104,-0.834075185275031,0.673712186179026,0.233851152859644,0.59556178365003,0.547662644250794,0.0523794446957486,unstable,0
3.10060319421168,8.03534527706797,2.24087242268412,8.56464218736112,3.93842048287504,-0.758556953913963,-1.55079184009582,-1.62907168886526,0.624322436709633,0.507927266537575,0.938355159863421,0.651181169760269,0.0186714317567314,unstable,0
1.31940710626841,8.94849851632561,9.98232575415105,3.16254141454196,3.27459622040828,-1.11353484873481,-1.62113162639277,-0.539929745280696,0.780866446437354,0.468096659790131,0.745070500858652,0.417366198615722,-0.000769064979744,stable,0
4.93702099463296,7.64654768881442,4.6752649495463,4.69370365768102,4.29395930395456,-1.18585302588212,-1.97127690965899,-1.13682936841345,0.401075166447413,0.439765367971008,0.397401631520746,0.943041924405267,0.0530641410774374,unstable,0
9.72811695491807,0.557619826348871,6.87435169831896,3.79353836261944,3.94736408128057,-0.884984122705168,-1.73729689001648,-1.32508306855892,0.765513012257586,0.289073154733123,0.0680870180303557,0.0582584017688851,-0.0163377660618986,stable,0
5.9066820362005,0.680358318106504,1.9278189464564,2.69621499814868,3.93380191456075,-0.624414920306893,-1.90400048627182,-1.40538650798204,0.624741501303988,0.338177729798263,0.0796740685363056,0.409325083153741,-0.031923130465447,stable,0
8.18285095855813,9.64941521674658,3.65310723546847,4.74986217978812,3.78284767504048,-0.931449620481382,-1.86705020585522,-0.984347848703875,0.978940321761016,0.63694646657186,0.367394127831316,0.657924422946777,0.0647717618369685,unstable,0
5.2138698809408,3.14743518624153,9.1479781936032,1.8064597467384,3.53844296066532,-0.738800803690788,-1.65123500180349,-1.14840715517104,0.224057511131671,0.274975878421856,0.983072669276737,0.466821206291969,0.008078603511642,unstable,0
7.693605559406,7.73156790169412,3.58260912055428,4.57262887486255,2.8782533010966,-0.531250571023009,-1.74239348800032,-0.604609242073272,0.122828794792095,0.999309345878825,0.973078409325057,0.424111150008109,0.0557375049991733,unstable,0
6.60599877064879,9.8393074915009,5.61262275270309,7.5995201268964,3.49994523582881,-0.897987200186483,-1.69256664371884,-0.909391391923488,0.413648277495139,0.924415788529335,0.811993205075355,0.679286495207774,0.0814892265801047,unstable,0
1.15196820218735,1.55185855299757,1.88470142079621,2.78236106273872,2.80566076223112,-0.827599503120815,-1.23315729002105,-0.744903969089256,0.183299186505224,0.83289824959784,0.595862831396818,0.912097916701147,-0.0062054587993337,stable,0
7.45745835036036,0.761893010190036,4.80227612569592,5.15047587238016,3.59500215307956,-0.760665772308968,-1.67956333996117,-1.15477304080942,0.194372990199126,0.642698802042434,0.390614914959079,0.608647680032498,-0.0260057532559766,stable,0
0.766000999419112,1.13707896712279,0.558764130797982,3.94424705712639,3.93135095990557,-0.752853935631562,-1.82307914464056,-1.35541787963345,0.487623271710201,0.355671844746686,0.460274006788824,0.261434187826522,-0.0507580121531551,stable,0
7.67611888682867,3.00774313052127,0.792345191527123,9.2386448516258,3.56821524550145,-0.856491203629924,-1.85929553427922,-0.852428507592308,0.845680933818215,0.806639746848337,0.846788393952263,0.294776865773962,-0.0100299836372822,stable,0
4.53826025045734,3.35850065841967,1.67612548184054,7.71917954279529,4.0611205703468,-0.524208595335123,-1.93680335109223,-1.60010862391945,0.3035548768638,0.75270111182202,0.152983923654648,0.685393237674754,0.0099846370994944,unstable,0
8.26882343333848,3.1465265239262,4.16863343168065,7.38139206750076,3.88270468062958,-0.83062218785414,-1.83965660081989,-1.21242589195555,0.818732269244934,0.354659262160377,0.812763926748458,0.534256682226724,0.0564973479470824,unstable,0
9.58343544991501,1.93618640657725,4.50803040379513,8.39257133164343,3.70641827774631,-0.689762584931194,-1.68208311101389,-1.33457258180123,0.0572269758910849,0.0593479143685731,0.30844757575528,0.466907201732787,-0.0311437565215693,stable,0
5.77862579483297,2.80961113444467,5.90397815765431,9.84472982694599,3.71215952421053,-0.715264485416084,-1.89543690763894,-1.10145813115551,0.102087168931664,0.66932147099609,0.666607711236428,0.309198354625858,0.0014473079395484,unstable,0
2.71330419047688,0.880151064032223,7.50816623638651,6.57826081848,3.53713772657658,-1.10714002733354,-1.42991045323219,-1.00008724601085,0.277146218002616,0.110814906775979,0.742547892152262,0.15569778097897,-0.0135290948153159,stable,0
7.0358528737095,1.43456365466909,4.99780710802177,2.40715492880405,3.33208656212012,-0.711103731622861,-1.59363261586248,-1.02735021463478,0.951873517441836,0.339858950199982,0.861393742433885,0.287698556664989,0.0410076811131335,unstable,0
4.01698828554294,5.44715908278113,6.22497768223544,2.68767803251756,3.37632819372236,-1.12959667413625,-1.47581875413436,-0.770912765451754,0.147364345765688,0.632886458225696,0.289828628316005,0.304698782147012,-0.0090081914876859,stable,0
1.49555392883472,3.05368833011255,0.709651873363589,5.1366818041099,3.85847715687587,-1.07764279073011,-1.29417147923033,-1.48666288691543,0.230958570251322,0.900406318531368,0.176078418622185,0.852971870286498,0.0080317807069105,unstable,0
3.68862527988149,9.39661200638805,3.08755222754679,7.31502619733929,3.98834895646437,-1.04090905028214,-1.74959885546276,-1.19784105071947,0.9359752014714,0.437280046100062,0.156397241575276,0.461545316343333,0.0196495433133709,unstable,0
4.70434205104444,1.09516656766413,8.69461217844324,1.34718382642617,3.64909810822069,-0.931664043958578,-1.98074484549355,-0.736689218768559,0.446840582526462,0.598555593143252,0.354547739530033,0.831409604349012,-0.0275511880626658,stable,0
1.72041582087418,0.961460603717214,7.97676769059928,1.36383689633857,3.29913153591341,-1.0742332420345,-1.09975091166729,-1.12514738221162,0.902870811175577,0.632255599804906,0.544420194968967,0.266887281932792,-0.0807598924160244,stable,0
2.43296023714853,2.25215415438844,1.2683128172772,6.31954966810661,3.40523702161841,-0.933777715786977,-1.04812414310195,-1.42333516272948,0.418874702405924,0.712468254860573,0.788394056276407,0.645318207451077,-0.0219688340251436,stable,0
2.41791817767551,5.34749182282395,4.5936679467878,4.62610253798921,3.50490000884619,-0.943547790406202,-1.92224720335011,-0.639105015089875,0.935193385679647,0.171867509308083,0.490735379539151,0.773704143173663,0.0406014811222867,unstable,0
3.86089747869568,3.33556916402596,1.77496856222025,4.14007758120506,3.82476968488331,-1.13849140475722,-1.79808264294113,-0.888195637184964,0.104537366419859,0.152839581439992,0.55790149491473,0.97450627475185,-0.0139331167517284,stable,0
7.33563383594531,1.9304117454174,0.684690425337711,7.96811906025327,3.65207283947737,-0.893380212308909,-1.61798111819715,-1.14071150897131,0.853768223989846,0.659094812032162,0.214110053241085,0.395752674276316,0.0054881620089084,unstable,0
2.25179227841375,5.90536328721324,8.72828634815093,5.45321124287369,2.95475656756237,-0.850662962814956,-1.35046448437143,-0.753629120375984,0.238129310880548,0.607721266621521,0.720340091901261,0.609040359206587,0.0473166587760038,unstable,0
1.10175287001597,8.66785727968105,8.06358267707615,2.54049959805927,3.93357558395614,-1.29069048768639,-1.64796213288485,-0.9949229633849,0.270426573012985,0.677888322116064,0.293413969049748,0.498920253146628,-0.0070222682721633,stable,0
2.28415659289928,8.64720149483981,4.88157009583127,5.09567265216046,3.3756934492928,-0.825428292258631,-1.92018423842903,-0.630080918605137,0.477916521962612,0.424166693474634,0.446620189524924,0.773090880713112,0.0270298391758378,unstable,0
5.02245843668382,5.90250823978853,2.70589311151967,3.18320756667169,3.3478128797606,-0.735285193107522,-1.50229419277228,-1.1102334938808,0.850156491461587,0.484117481043143,0.604284395197117,0.587726964695061,0.0550789834849711,unstable,0
1.52294344284133,2.75199947523588,5.88011456443846,9.26758384311786,3.63151310544777,-1.11617271122801,-1.54397732438147,-0.971363069838286,0.649812213982795,0.846518904387944,0.60731933066071,0.419434685644603,-0.0105929951951871,stable,0
4.06876291284084,9.07022246103284,7.4971852094438,9.67096860689658,3.37359319726143,-0.867731688072672,-1.72906530261938,-0.776796206569381,0.222589776449951,0.127718734714128,0.522455807288139,0.983251872484207,0.0455568230569887,unstable,0
6.47367926474605,5.70942620964175,3.94402157050403,9.94801091933082,3.77099140725596,-1.02178391343912,-1.61197987214304,-1.1372276216738,0.893991990593009,0.258667152816395,0.843325952182104,0.791796218901435,0.0666282436707127,unstable,0
0.862882563057612,9.29233365320261,5.29195730766092,6.15285529344667,4.17049730148577,-0.752943075579545,-1.78484694237589,-1.63270728353033,0.358566180212382,0.224666292181315,0.969665307227316,0.897866426176797,0.0456540200066357,unstable,0
4.40218731462276,2.75752023837307,2.14739051636962,4.76829697453979,3.73385622598155,-0.58528303454991,-1.89417093731357,-1.25440225411807,0.494767839307004,0.987703748667095,0.278951037849813,0.872021500459008,0.0561295064431119,unstable,0
7.94439279058637,4.03294350085533,7.97416413153629,1.81142036162636,3.26932529904088,-0.759719224038976,-1.62971504933176,-0.87989102567014,0.738201284325302,0.568359739771397,0.247543575321187,0.162091731706511,0.0175006924126922,unstable,0
7.89915843699534,3.71633176379368,7.58296411161152,1.32094856676447,3.85038803815174,-0.503941223831964,-1.7333432699791,-1.61310354434068,0.454007485902219,0.509146003982472,0.368710147049042,0.917886946145054,-0.0178201891780891,stable,0
8.02983209525968,4.15519755184452,1.71694569093219,9.06532969203269,3.80777716586972,-1.10589626925575,-1.88897666132557,-0.812904235288396,0.0931221304341464,0.637153148638898,0.66799144945926,0.35918157859156,-0.0342333676891413,stable,0
1.11759100575229,1.72421814186948,7.55056251153604,7.17970202170839,3.57639840069412,-0.756514780585817,-1.87871063358993,-0.94117298651837,0.0874439988972864,0.530268937059692,0.963270470571093,0.300166177996851,0.0102684115277586,unstable,0
0.545112590933405,2.85723086272319,7.21600543466317,3.92127168521219,3.625887364852,-1.28569253498948,-1.43568459895295,-0.904510230909567,0.914784000900506,0.903543509939862,0.698384937262172,0.147902525665804,-0.0202041323432782,stable,0
0.88370467727416,6.41349259242766,2.76425029258729,6.0365964331891,3.35804011183335,-0.642758915670042,-1.18190885474879,-1.53337234141452,0.416765635148269,0.983760533748076,0.635002716339882,0.13884538317005,0.0060251855939084,unstable,0
3.53324491578881,3.24541052189384,1.43303195846948,7.79253973050868,3.93995313691541,-1.24769797127029,-1.71455540651293,-0.977699759132194,0.31413957790881,0.145180347590585,0.65435158473643,0.36016574370496,-0.0326804887551917,stable,0
8.05958115612038,2.53290053870379,3.50013837219009,2.47065751346295,3.39980477624996,-0.585889878150856,-1.86466323329475,-0.949251664804353,0.895725442149774,0.146047237454714,0.291455852482349,0.156724342240837,9.58517240834524e-05,unstable,0
5.44314976967646,5.00393236347293,6.27816034586177,8.38724652120817,3.35379559198954,-1.37035385428789,-1.41168326461662,-0.57175847308503,0.563603820625183,0.0893154501806677,0.928656827473994,0.149729113054385,0.037344539802371,unstable,0
0.878849439991918,3.6064385675993,5.40799853312294,4.56933422801924,3.34768737795492,-0.598127966289187,-1.69182660484154,-1.05773280682419,0.45203077258717,0.875940484368462,0.268054843377231,0.371326017838254,-0.0079782430081796,stable,0
4.57860777473941,6.72758882828073,0.670789647504478,9.35407157534459,3.57526447009219,-1.18067833999492,-1.72506842476606,-0.669517705331207,0.356322869553462,0.532615896887276,0.332458796943142,0.0956806810882757,-0.0274810474033179,stable,0
6.2399842662196,5.10867012804209,6.13935605453458,2.03036991167709,3.25122228421063,-0.644395892005903,-1.54360978869937,-1.06321660350536,0.857951529323095,0.287597925410338,0.954432240102948,0.546642893509919,0.0640865662795688,unstable,0
3.19951994902794,6.99572424298521,4.93133813137925,1.73732677049327,4.01150684866881,-1.25062679731562,-1.92299501975034,-0.837885031602846,0.460688872056139,0.345901726806463,0.767063207688255,0.421909315326379,0.0098365955759212,unstable,0
7.36039017823092,1.27215870890128,3.43241927389929,6.10086598893809,3.85658301692322,-0.85280619998757,-1.66276939494468,-1.34100742199097,0.522710883826337,0.192522668025591,0.764351546057325,0.144359711859298,-0.0124413986727682,stable,0
6.51021530645503,5.96279905801067,5.4950839024696,9.3012698698008,3.0748135205959,-0.807534021025151,-1.55824893276957,-0.709030566801177,0.856968513995798,0.734173166816273,0.986171265533667,0.975113094099882,0.105671749172688,unstable,0
1.35579243021561,0.617329871645058,1.03239551959988,1.44811663642382,3.21302968973976,-0.936708381585206,-1.4181843755492,-0.858136932605354,0.139219637984096,0.908039335268105,0.177305845452571,0.751692129873523,-0.0479864595744085,stable,0
4.71073819883558,0.831522891311115,6.72877109027219,3.15345297069924,4.1304266168305,-1.37267750556322,-1.90006840217041,-0.857680709096871,0.684466475618577,0.403545628977424,0.192770246584805,0.969500736942693,0.0073151901457288,unstable,0
9.84532672079464,4.83292757829335,1.30985284031817,6.38779180616812,3.64500496661821,-0.774547757229395,-1.74795722517819,-1.12249998421062,0.636570739916916,0.578358815746019,0.889689152121241,0.471243476369132,0.0039290557804253,unstable,0
1.74385200204195,0.515264383813716,8.75420976583597,7.34919559937182,3.71749709884016,-0.805811703226867,-1.68818522448844,-1.22350017112485,0.248216091771984,0.365809467688852,0.773918459030155,0.378361181539999,-0.0047249973582814,stable,0
1.77502251311557,5.07452636710824,7.25815135927941,9.27665077000609,3.11709464898409,-0.888742977025604,-1.4036109585615,-0.824740713396983,0.390029386428315,0.637259016907518,0.174226344792775,0.46329573115636,-0.0012433449961152,stable,0
7.05842019555714,7.8437176680562,7.6215472795004,4.32022415920517,3.69754975118648,-0.767466344803805,-1.70840425928697,-1.2216791470957,0.199841573417716,0.629275991134146,0.943846530442933,0.0939923107911518,0.0512489989371536,unstable,0
1.54850797294597,6.21514696835092,6.57563317024439,3.88234030751698,3.40367272386036,-0.70107526476183,-1.69519866458684,-1.00739879451169,0.447837306800809,0.625552085743768,0.517104497406241,0.373792435683492,0.0168441732416008,unstable,0
5.48902319031261,7.17018713663362,7.80556003321721,2.63470938048284,3.49653728194587,-0.625413031622092,-1.74830982856354,-1.12281442176024,0.751426109959376,0.882692293844181,0.312916935364687,0.135907114393729,0.0531121161931148,unstable,0
5.50849506129336,1.58458093845276,5.75254958063319,8.96899786826043,3.60276832241704,-1.08864894541663,-1.46867063436724,-1.04544874263317,0.376494987015873,0.382032971396056,0.327414791758349,0.39754515538455,-0.0119749854002798,stable,0
2.67724637954742,7.49780797258023,8.87704745835846,6.6353944415119,3.98268528136276,-1.39578101285277,-1.59146786411731,-0.995436404392682,0.0770782094521495,0.840676742033277,0.578997853466341,0.750586700057664,0.0648964504480729,unstable,0
0.729291190550139,1.98789906369537,8.52319962045345,5.20831659629003,3.54220676575249,-0.577100503109244,-1.99635693949045,-0.968749323152797,0.746242481581888,0.46905948961431,0.851370185869571,0.320875694403156,-0.0255520089750319,stable,0
2.3209358183748,7.4926864466621,3.06500008639094,5.72300563623491,3.49067221534504,-0.978104848383914,-1.97788208373315,-0.534685283227975,0.62354897589191,0.594087456136199,0.491200707254877,0.237573065648758,-0.0020135890568535,stable,0
5.91724599970065,6.75108483406226,5.90674305005522,4.74798928658562,3.94390445655413,-0.57759047411246,-1.87746956375134,-1.48884441869033,0.88759826283179,0.458395867155204,0.680558511354351,0.160192437418267,0.0641044640231725,unstable,0
8.39916894115235,8.4927888160057,9.37377657472715,3.18387379613518,3.69239689716477,-0.520941658862785,-1.9746902745756,-1.19676496372639,0.126344659320045,0.405256504808756,0.821358260927187,0.669650684085571,0.0333483762538503,unstable,0
4.7932703717352,6.02133159871629,0.870747490026348,6.51632657962893,3.45894221945452,-0.594119458232774,-1.80320730769945,-1.0616154535223,0.549926150008105,0.119678614991911,0.699491333376815,0.505431985685346,-0.0218662303850647,stable,0
5.312598716309,8.10054312623373,8.62511909549102,7.56441147451379,3.37985457516876,-0.522593210502434,-1.6073009794959,-1.24996038517043,0.645884833968732,0.764514427304512,0.664819051626696,0.650569921594902,0.0822502568029313,unstable,0
1.16863729163599,3.2227998752012,7.18434524927617,3.80235497545089,3.46831380634855,-0.692439153759077,-1.72554562208649,-1.05032903050298,0.351397342388721,0.502760870612898,0.966863538881547,0.288089407089199,0.0125582134450289,unstable,0
4.85345504173142,7.03451819043625,3.23641885525618,3.63749480601941,3.84417462941589,-0.791412650570134,-1.78744834245039,-1.26531363639537,0.650590399473043,0.286779130807426,0.737175120948075,0.725377789039238,0.0499344267294175,unstable,0
7.44214203453812,8.33546727094216,1.14769090210084,3.35952944413624,4.19424420091573,-0.637782453272538,-1.90468605402443,-1.65177569361876,0.425382306472746,0.246294381449857,0.746941758994946,0.28568468321131,-0.0462146231161731,stable,0
1.75166669276021,4.10405789364098,5.83819380065139,5.02669092482582,3.47839793677078,-0.528580206742661,-1.85911934572447,-1.09069838430365,0.336614972924993,0.5344335575249,0.449730042573505,0.806743117919603,0.036094628871039,unstable,0
0.812978428820591,1.92927906298718,8.42602341142597,4.99222109931543,3.78318793533663,-1.09391339420868,-1.64259272513277,-1.04668181599518,0.254225666639752,0.559970325103853,0.241138432639844,0.212447123078849,-0.0374857641824678,stable,0
8.35423646830891,1.59749271912497,7.30635692787312,5.1707631132499,3.82436565391661,-0.85337806785499,-1.70335382129393,-1.26763376476769,0.824201986481387,0.744616364394098,0.985247203544762,0.673449417904362,0.0649637278821964,unstable,0
4.55115186465004,5.29860747686395,5.72918722071337,9.88865927601822,3.40128185633914,-0.51749444572035,-1.61009251393963,-1.27369489667916,0.308960989032682,0.861826597240059,0.755315255877664,0.659760639693174,0.0659275822221878,unstable,0
2.14323695534552,5.83636265972777,3.22490225976973,5.91930410884562,3.6251135698888,-0.94120119784862,-1.7556535237536,-0.928258848286583,0.985586395451921,0.985982408632868,0.928181453981161,0.715387078977863,0.0862321665423762,unstable,0
4.04057078206995,5.27387917248026,3.50352193234289,1.85770053793547,3.41356296562662,-0.82894527562689,-1.31625212817452,-1.26836556182521,0.907093080305512,0.673195318759595,0.9676506452366,0.267293728856216,0.0734435968404944,unstable,0
8.67859280514193,1.51285641234291,0.52854207526542,3.65532385128745,3.55528854999527,-0.946723624893127,-1.53669233476669,-1.07187259033545,0.433077515750404,0.445925414411851,0.932403257624229,0.271944176577711,-0.0421173060653238,stable,0
6.23408485892574,5.38005648263583,3.70082511068044,5.33029122885524,3.89635036896758,-0.843605430896976,-1.92833547624986,-1.12440946182074,0.154935976055824,0.184804988163573,0.968576056344092,0.762618710381845,0.0423688226534955,unstable,0
2.30628958542499,8.07007566377879,6.80038122453347,2.24752637284384,4.15549854813492,-1.0712839088656,-1.96790325085493,-1.11631138841439,0.740694238839654,0.227129598743616,0.0800815734850639,0.826944305055658,-0.0143404311757599,stable,0
1.15842113378941,1.10724060778118,0.629645828675095,3.59450694321906,2.6025852726755,-0.517251271365781,-1.56897283778945,-0.516361163520266,0.858882232984678,0.0788086947378912,0.31066789016748,0.868058969752237,-0.0152320067442745,stable,0
2.8922556844038,3.43267111894039,3.69002306563386,2.33375291768288,2.98902096852099,-0.672312249338976,-1.64529628660395,-0.671412432578066,0.434387092976487,0.452572100169568,0.291841566759581,0.0922414718392445,-0.0531736247354789,stable,0
5.99759326230325,7.93307757725334,5.00209469521594,7.18749850065438,3.61755207093044,-0.809267806262046,-1.62339367750741,-1.18489058716098,0.809349748890727,0.610119612499238,0.99558433164613,0.914448132035285,0.10390935563824,unstable,0
1.90046318175361,9.88842634280408,9.56747080226126,7.83888217091764,3.24190949589817,-0.690009146291716,-1.70440452877695,-0.847495820829505,0.935305372252139,0.634855781902067,0.304847593021023,0.792540960796988,0.030868013645629,unstable,0
1.13027341572753,1.3210101973307,4.20126353672135,2.37891279034758,2.87210218642023,-0.736262877863378,-1.27221804126091,-0.863621267295943,0.527160909245124,0.869432863901219,0.818512775218099,0.377437203142641,-0.0189949168597611,stable,0
3.28504982697796,7.8371057879863,5.26762644890473,5.01254091026834,3.8293924358648,-1.51393808814378,-1.72092086795552,-0.5945334797655,0.122920093406581,0.566351980173964,0.662320380718776,0.993552910087825,0.0621260972674888,unstable,0
4.46035062016522,3.95823614479754,3.10740847727204,9.67656016893756,3.15203370241223,-0.946018142485654,-1.52253034391333,-0.683485216013249,0.339881187805232,0.745573727870992,0.766925265453599,0.757605073691855,0.028220128653324,unstable,0
0.604110400613176,9.63617527002387,2.09533845474857,9.12936378591304,3.9883238434228,-1.22191323930041,-1.94847821665736,-0.817932387465029,0.587542815221269,0.88122792733098,0.0671872442097997,0.184172474835292,-0.0110547896110014,stable,0
3.50274991878826,3.25168244704875,6.55536393958613,9.29563512195541,3.45569705591626,-0.954375222503184,-1.48660271272,-1.01471912069308,0.59505946555721,0.851313095922059,0.695078191559176,0.567586796039625,0.0465134692670962,unstable,0
3.62475662742183,3.12835510576995,3.81449500244422,7.53199605596376,3.8204861973706,-0.612032657529693,-1.98354342861605,-1.22491011122486,0.20799651212243,0.67010242115324,0.855281454450086,0.707324069545789,0.0411320346927828,unstable,0
3.07685674127171,6.11345108562439,6.090761585766,8.69645483410372,3.18244490186486,-0.523589373356861,-1.65072265629942,-1.00813287220858,0.511478900881044,0.671314167174556,0.0628998229967814,0.391563647654162,0.011265246949233,unstable,0
8.20482594743855,5.13484918851361,5.54550037267881,4.23125734826906,3.73236485033648,-0.900088610438059,-1.6972951407503,-1.13498109914812,0.189304246103452,0.738553199321636,0.507436511947602,0.367010508853565,0.0333281389928438,unstable,0
1.65694900445213,4.95174176168053,9.58472805951561,9.90106301922006,3.61767737377403,-0.500460373875487,-1.83926359666178,-1.27795340323676,0.106205309636935,0.415960397232745,0.239931434431216,0.587640266867512,0.0073424874513123,unstable,0
1.23831228361257,7.77974562906751,9.73537191805583,1.85375334730481,3.73558366492807,-1.04739299409389,-1.74261668152853,-0.945573989305645,0.328104873918081,0.345046614977827,0.602235942723587,0.44019907365095,-0.0175566551535295,stable,0
7.76873463292853,9.20721107488134,2.43497912191596,4.36414697111258,3.04290052682071,-0.607930188792187,-1.56922751847379,-0.865742819554731,0.0986277675659163,0.649202791687293,0.271609277478083,0.20406047353441,-0.0106998444726843,stable,0
0.733614263090678,5.56654614497831,0.899630809490662,9.93605440656308,3.68593165431815,-1.04375033058586,-1.83294259801995,-0.809238725712337,0.0590233071441983,0.90374708796782,0.431627361200873,0.140935513625044,-0.0364855331035204,stable,0
3.00455126774203,3.56403075378069,8.22281308720463,4.40819103584403,3.44877285295292,-0.576297288589494,-1.58178149611237,-1.29069406825106,0.463563896505773,0.495330332357982,0.778615688796501,0.939258152306118,0.0524124783864813,unstable,0
5.45565908521804,6.72265914975768,8.31782096385617,8.39269742703345,4.05389799774156,-0.961444783178507,-1.88404147374254,-1.20841174082051,0.432457907284398,0.506045631014538,0.746549371306234,0.214118341243475,0.049762126554978,unstable,0
7.68462797448424,4.62879312359446,2.28034463616221,1.77531145868632,3.16073653770962,-0.784597553307295,-1.33401274899354,-1.04212623540879,0.467013107388958,0.965067513992473,0.867954573779856,0.935818538186278,0.0332857860137952,unstable,0
5.17730281724815,7.81032837616834,9.18068164807844,6.63022874309636,3.18089333038881,-0.606237719384232,-1.80262142792516,-0.772034183079423,0.270911635886573,0.828645259845899,0.50565684599641,0.229030293468954,0.047024764867456,unstable,0
5.35683604494586,4.53132415478,4.69816088120908,8.49311251714164,3.42842551770568,-0.706763053021394,-1.99694001735604,-0.724722447328246,0.253778434407802,0.668360746877764,0.672106229587841,0.749281392816553,0.0559521050463631,unstable,0
7.27401532144612,1.34060485779418,4.55905401747418,2.19904905012751,3.15404612334998,-0.774342499504692,-1.46722934593138,-0.912474277913908,0.744164244977449,0.406369277101682,0.526554995138878,0.443111775148923,3.96698500104623e-05,unstable,0
2.08844857746883,4.94722634318465,2.71923463430578,4.38408265106319,4.11433861931912,-0.873724790702062,-1.98142882675183,-1.25918500186523,0.439601580933175,0.482802116288165,0.961433843555126,0.635003650076888,0.0420188426412159,unstable,0
1.48491306923659,9.42891001619456,9.27243505153798,5.94588478602297,4.06700833895803,-1.36769851397694,-1.98480972549897,-0.71450009948212,0.17910448146192,0.17998997914543,0.155712303807192,0.152365746521719,-0.0381177999145471,stable,0
2.86208255524664,1.93929191042468,3.09265730156369,7.68368131639757,3.55169661325455,-0.802921216218639,-1.45021371023949,-1.29856168679642,0.130200931211462,0.557310930170803,0.947435853006981,0.749667595401683,0.003594215628172,unstable,0
5.37161997263888,1.49409098628834,8.45640017764672,9.56370061521972,3.59749052742821,-0.56163369532337,-1.63637812694989,-1.39947870515495,0.139714968024322,0.248410156994719,0.657186148563578,0.591365458831962,0.0223665092819158,unstable,0
6.01283557536665,4.95023351691423,2.72976061583015,4.63662161304769,4.40638105562956,-0.517739799880341,-1.97138166086083,-1.91725959488839,0.646745122187074,0.340822888684904,0.167435693402761,0.839681097907202,0.0422547642644868,unstable,0
3.12987330406794,0.814807311555115,1.65952990478465,4.17182546916876,3.66900808489336,-1.23141050909001,-1.29367682634218,-1.14392074946117,0.0895082177624002,0.0814218711888278,0.949633019257389,0.338346635546206,-0.0467513046893255,stable,0
3.73042286578261,0.777695533211552,8.08929590854127,1.65613327705584,3.79525230368986,-1.36475982439074,-1.67001907840779,-0.760473400891328,0.277622688492491,0.56209985209681,0.84900642629398,0.356657012225989,-0.0300437778811065,stable,0
1.86968801112509,7.8418074408178,9.76046563168555,5.88488961348025,3.84349645323402,-1.3022795124347,-1.75853186347197,-0.78268507732735,0.678603791615166,0.984632598361307,0.588578492355627,0.208485380617079,0.0367841745986393,unstable,0
2.23577326680088,6.86016332965272,4.3346780924892,7.68608154313274,3.00549184284126,-0.819284257543657,-1.56028587082253,-0.625921714475076,0.704263274558995,0.651358354716034,0.392473538234531,0.390194515213941,0.0218650753580785,unstable,0
7.0824033114193,3.42047495063831,3.79883026852143,1.04599326765232,3.61564100028361,-1.09302671187314,-1.21381944247884,-1.30879484593163,0.121601056576743,0.0670337594323594,0.325751794927946,0.836260233389537,-0.0472871118818815,stable,0
3.60475725378389,8.00725930963377,7.76836801138016,7.44091745661688,3.3632618343148,-0.885339534924203,-1.41350521127961,-1.06441708811099,0.47747736668201,0.184273196651621,0.524246830237568,0.113104406328235,-0.0021218594070739,stable,0
0.740820662314747,9.15097859875863,5.428823484793,4.5748423928683,3.72299294179198,-0.836968568020314,-1.49513086427416,-1.39089350949751,0.558628032933734,0.429837762037261,0.234695095835448,0.909757036553968,-0.0077624807280625,stable,0
2.19345822724015,9.32647112619406,8.05023886745143,9.26570334008137,3.17212918857483,-0.92761535253973,-1.68102235226125,-0.56349148377385,0.567878224777261,0.926456257815217,0.697081203991232,0.0672497547691257,0.0398379061967858,unstable,0
9.15649203248826,2.69069495161776,0.786880231316725,1.07541692880064,3.55619043479415,-0.694073625009716,-1.42362618742706,-1.43849062235737,0.291437784572606,0.200038583306475,0.603817035392449,0.874589479822126,-0.0352571795101945,stable,0
3.21011964342777,5.10623078086569,5.3487852759748,2.67188540698262,4.07466039861634,-1.13208630565037,-1.96177239116115,-0.980801701804821,0.213532492019422,0.951058567130631,0.555420236337905,0.0527218900060852,0.0279421126867579,unstable,0
8.31311518237706,7.06081062259809,7.09292685895347,0.951201517243241,3.59659277103581,-0.888147747044393,-1.7205631175541,-0.987881906437315,0.635426072906447,0.78869532999311,0.626756933434602,0.234975032268469,0.0549529031214284,unstable,0
9.48635764866177,9.3332364791478,7.77674656457977,2.0790079756103,3.19654553827151,-0.566656244419678,-1.6797272658358,-0.950162028016034,0.620980401443088,0.55837538837267,0.0654268871534441,0.259719915383122,0.0202643509074661,unstable,0
0.768819320986851,5.17540793068873,9.86265649321793,9.75391652362585,3.36662867220947,-0.620794257527532,-1.73735866292177,-1.00847575176017,0.717203825826488,0.497418771338765,0.756316600690294,0.674973285014424,0.0223686935099103,unstable,0
3.52506971258384,9.21382672257685,1.2838576794383,1.63223150425098,3.31923889660741,-0.904195040211058,-1.6364420863766,-0.778601770019753,0.491409301465929,0.965920051941406,0.0896076697534742,0.368967520927889,-0.0006717269609242,stable,0
4.62707574853564,1.7374265744154,0.538211425814137,5.35866929140512,3.8627369945707,-0.663467078125768,-1.59832409528078,-1.60094582116415,0.491118425908236,0.383862946488358,0.0656592848645686,0.556703576783271,-0.0254252359440755,stable,0
4.17295563257838,9.89318445437128,7.16720657008709,3.24071633034771,3.68973580829581,-0.943843011617323,-1.61852599877926,-1.12736679789923,0.771885935741471,0.116891998185436,0.292406194666174,0.733326966335935,0.0095574101319008,unstable,0
7.14441556497611,2.41913459825292,0.677620996478666,8.62020619690261,3.8848093221542,-1.28847180939831,-1.85435502768771,-0.741982485068182,0.234026352694185,0.414656312939308,0.383577210523372,0.238806637131153,-0.0356798131035818,stable,0
3.3542604925196,1.23737257359789,6.45972494418639,8.96624482570806,3.58178274827718,-1.38087018718398,-1.59115009234041,-0.609762468752789,0.950950910338358,0.573145319767884,0.565127071574223,0.313782687069454,0.0003133488567378,unstable,0
0.977811957707058,7.61533091992509,9.33761485146653,5.88741866984791,3.18629015967208,-0.899105004784593,-1.75563042504827,-0.531554729839216,0.104805682036617,0.56846776007039,0.949923412178251,0.807969576537587,0.0635978386930975,unstable,0
4.10426851530949,6.36164446568211,2.26839518950757,0.738304928765143,3.11113283210431,-0.822927828841319,-1.68312880728981,-0.605076195973181,0.345891736707941,0.654893517005731,0.282386967703092,0.0938165574706078,-0.0250705618210461,stable,0
6.81335072411259,5.42877616025078,2.87893227109729,1.59331807088077,3.76489001671711,-1.13943027726659,-1.44072448019331,-1.18473525925721,0.084075872561381,0.221684906285751,0.538874566429653,0.26556267440234,-0.0484135088407024,stable,0
7.11865262844861,0.800824775475811,1.65103948022644,8.23377359476547,3.93952962937495,-0.592843001183704,-1.77296701171711,-1.57371961647414,0.159541239584716,0.601950878620815,0.506364969733432,0.845776893377081,-0.0284327948367795,stable,0
2.69074479483465,3.82428309370034,0.639842882820242,7.31399215628202,3.49937994674043,-0.505242671401391,-1.68930395127942,-1.30483332405962,0.730118747818802,0.276011019135924,0.876854769843165,0.333758336204407,-0.0405082573328685,stable,0
1.46275891154794,7.78355615499681,7.94114990924218,5.68183383047642,4.01156228619364,-1.08255922431026,-1.80898038738441,-1.12002267449897,0.208220125675255,0.82270929223453,0.750303820170317,0.324479693092884,0.049313001969758,unstable,0
8.49256619701545,5.55442493910604,3.39419524960259,4.8381467795996,3.615532797058,-0.696569891009643,-1.562637350084,-1.35632555596436,0.408683874654769,0.863175953744104,0.996815836078211,0.77804119185918,0.0819512538311158,unstable,0
3.14005431632325,1.95111013967586,8.09655898099896,2.79864631241437,3.34983695744146,-1.10194815161279,-1.72161002982298,-0.52627877600569,0.704986864990776,0.869749092664245,0.168715165961203,0.18982872953665,-0.0309754647781608,stable,0
6.94361789704838,3.21058192892378,7.22698723025308,5.72473441321773,2.98961601122901,-0.636914840045478,-1.43880931922222,-0.91389185196131,0.106933005157029,0.65399676799675,0.883961738692884,0.978288086665771,0.0694639234073089,unstable,0
8.893716497562,8.35656863580079,5.52259840786293,1.25724723861704,3.46808410299233,-0.971986558603053,-1.55261051956731,-0.94348702482197,0.526027353342221,0.322529287243936,0.956019145533118,0.201693019193185,0.0353055433107888,unstable,0
2.04475266195802,2.62888897700841,6.19605391550313,2.8638556378752,3.87603446629015,-0.909499044735241,-1.81593315632051,-1.1506022652344,0.981741278774617,0.643553325260191,0.838745246758009,0.664876292839934,0.0439595264783407,unstable,0
7.34791960220288,0.798146472045383,6.67038349506095,0.659570910985977,3.45009108620886,-0.799795954053255,-1.58505626020632,-1.06523887194928,0.223996954929549,0.54606491725832,0.321171518357864,0.342038308908544,-0.0360524690721391,stable,0
6.62821442874848,4.32099270573527,1.99415452928352,1.55805660010936,3.64350480694645,-1.24583570356278,-1.58965230721862,-0.808016796165053,0.789346197494614,0.327570461966648,0.487275696246602,0.192931290429858,-0.0076718346255259,stable,0
1.04496935913089,5.36683371570614,3.06794554696559,7.73410792779509,3.95179978442289,-0.925459070745495,-1.80746784278264,-1.21887287089475,0.952493730348982,0.186081404824899,0.208429214281972,0.204153597307659,-0.0275103764379534,stable,0
0.628642612423794,5.82534609746832,3.73961780889496,7.37462898832707,3.54152135716416,-1.14127396447895,-1.6305198476197,-0.769727545065514,0.981120524841183,0.460229233052983,0.902376694060636,0.608289507807635,0.004739616604462,unstable,0
5.07464908894958,3.63978830594727,9.79508313532607,6.28991120466583,3.36121353393257,-0.65867186254327,-1.93895645194335,-0.763585219445953,0.761412639305161,0.70234484877332,0.341181739754212,0.445080873466546,0.0427766023673075,unstable,0
1.83744096941105,3.74826200693677,7.51766432344287,3.74201890488941,4.05832410716879,-1.29976707281171,-1.51598372662083,-1.24257330773625,0.450910820675889,0.186519407727948,0.787601774965795,0.200477832358099,-0.0106942266909261,stable,0
1.23093458706549,8.17060967208295,2.08289700512061,1.42015065505941,3.09977576783696,-0.8051321610566,-1.78707211325578,-0.507571493524581,0.857118262470899,0.276769464800954,0.724424260912526,0.972584442599203,-0.011295122309599,stable,0
5.67736483844521,4.4435051539951,5.40496790174794,3.95970355645245,3.21962333123475,-0.975188010259438,-1.47206678275879,-0.772368538216525,0.320534778319485,0.900797545569567,0.523409971459315,0.284828118903077,0.0461149410746395,unstable,0
6.31028090842158,5.54467320714323,4.10573477376732,4.17309476367901,3.68827926496575,-0.865257766509394,-1.90721803030729,-0.915803468149062,0.932832027451785,0.42554604441467,0.627123545218334,0.0748968528477184,0.0496993007849926,unstable,0
3.46700549742379,9.11668438985511,3.04155878512678,1.8266850541984,2.95559373383696,-0.790744011974649,-1.63930760269696,-0.525542119165347,0.906188903776696,0.503722569314979,0.955961445920531,0.681552481029063,0.0078821027166161,unstable,0
2.84881434660302,1.53371981961348,3.48574838070916,7.66565542461214,3.44397561337356,-0.625869288524566,-1.7353839884028,-1.08272233644619,0.838779575739451,0.953618071814008,0.520574776417699,0.700751002511844,0.0038277260609351,unstable,0
4.03178818948218,3.12451312626902,6.66521589768203,4.91797322348515,4.33605765727106,-1.19592059114258,-1.90481011361578,-1.2353269525127,0.683376222527224,0.734218518295042,0.657270949922985,0.956041057416698,0.0855360320030144,unstable,0
3.9298510851022,5.83162389039721,3.79042371452638,3.04909545540548,3.90645953349469,-0.947410867845675,-1.81862690203525,-1.14042176361377,0.825823897374326,0.327389187091896,0.374532775832227,0.56173801837289,0.0328482230831356,unstable,0
1.15809784847993,1.74195553009808,5.18541706893148,8.1546293877576,3.31461937757581,-0.89451316539573,-1.33122981414734,-1.08887639803274,0.0721441282392852,0.551613459698374,0.62139330125623,0.837047023377229,0.0143374970725463,unstable,0
0.74841868915105,1.99720488351517,7.74935275743938,3.7350725140591,4.25829836385397,-0.792319544592663,-1.73412097930065,-1.73185783996066,0.679119125714804,0.538035776078112,0.0736696088283183,0.936776273279813,-0.0500084826422398,stable,0
4.18493968647277,8.35382968390237,1.8083471523808,5.264112581234,3.25251278470844,-0.930212386225432,-1.66651124439765,-0.655789154085354,0.643026917793666,0.284864159824538,0.552895458470466,0.83190876843947,0.0287443125675905,unstable,0
1.42356441843719,0.911521437093068,5.63118515972674,4.76059081058002,3.89916815114698,-0.963400681009295,-1.73579539597301,-1.19997207416468,0.128109730116586,0.363721619889697,0.955311679172878,0.569862048196391,0.0128997436969555,unstable,0
1.73291135705607,4.90928788171631,9.8196940231711,2.37910136600335,3.7238133380974,-0.97428671232505,-1.82967521362042,-0.919851412151929,0.575874589001784,0.424206635538426,0.585555111864811,0.882361836036576,-0.01202698007934,stable,0
5.22629121546972,9.67165282794145,9.25442744502618,6.95871870977097,3.29718040510719,-0.578130383130163,-1.74176784747088,-0.977282174506143,0.66786763919625,0.189894565107558,0.14245756421088,0.729462459322097,0.0351184105544484,unstable,0
0.752744451485446,2.31389535337832,3.09819157183007,5.68121202214925,3.26464287945555,-1.11828097843482,-1.13633127768437,-1.01003062333636,0.419205101373553,0.880367157768216,0.0629604888138571,0.893005073006819,-0.0120252385053048,stable,0
2.8255586801633,8.90176332503997,8.22614710883519,5.31452408234421,3.79851722070429,-1.34817090238209,-1.80117216779592,-0.649174150526279,0.154021139806963,0.79983716792374,0.549468339036804,0.61300362475873,0.05126548845333,unstable,0
7.51677359368417,4.8682414819235,2.77611937572525,2.217810680085,3.31726393071731,-0.93335540309723,-1.61423685760329,-0.769671670016786,0.815859877899494,0.858771372436384,0.591456467235207,0.291539110450515,0.0447721727140631,unstable,0
6.93738958652274,3.10399674446803,4.23785667985377,7.87492845424168,3.77669749821369,-0.885718780822307,-1.69962996312596,-1.19134875426542,0.270539354437595,0.0820001992000814,0.310468330628095,0.837799582557315,0.0202990805942231,unstable,0
3.77504724152725,7.67772112127729,5.623995870979,9.40357919428147,3.54150189926215,-0.734045053137257,-1.99414643283765,-0.813310413287242,0.940284442108318,0.64908728141426,0.0587082004998787,0.958958748180754,0.0577828064194884,unstable,0
4.53451868722533,1.3367263935667,5.8898031562251,6.34233742836404,3.711372066185,-1.11552348580919,-1.55023632082145,-1.04561225955436,0.997842585602736,0.797920265007713,0.563446648720808,0.578233402928745,0.0534380233371799,unstable,0
5.3697048849936,8.23628142938073,7.22204141853687,1.43833583903459,3.50659381474246,-0.783831829251768,-1.60468427277431,-1.11807771271638,0.26267482212124,0.713085306300446,0.101642436712716,0.47596063373322,-0.0087608240697964,stable,0
6.33240902377228,2.73016165750179,2.53080769624215,0.559707748631469,3.64947130173713,-0.89511502655556,-1.47315557552497,-1.2812006996566,0.388449074641024,0.18711939258698,0.402122399559234,0.636040546531353,-0.0336180534090522,stable,0
3.27845813846908,9.64350522736218,0.865605774265167,4.2844500870665,3.15572682557342,-0.650428630640102,-1.37644361315288,-1.12885458178044,0.523927136773675,0.322069604158476,0.502446537015499,0.499357640275315,-0.0361674406523354,stable,0
2.45470421670886,2.95948649571249,3.10928286086159,1.81736715942723,3.97362522280875,-1.15903921138216,-1.60440530689321,-1.21018070453338,0.584418705254764,0.23700100701166,0.647422435992584,0.686180506124885,-0.0061446760025577,stable,0
2.78687376327319,5.44903074637456,6.84858195532584,8.51103884947598,3.50982167426537,-0.844223501094768,-1.67885234634277,-0.986745826827828,0.287542671762753,0.0738186488023133,0.222693184644314,0.584781805179734,-0.010081311839064,stable,0
7.15296574979908,3.29535817481405,4.91239303519067,6.06088409559369,3.08363610997398,-0.712048741238657,-1.79340911094373,-0.578178257791593,0.386271176569336,0.875031570368103,0.950384451444049,0.936313520577252,0.0917871976153737,unstable,0
3.26762104123608,4.97275947016449,2.64751518573664,1.24038538788782,3.76967522400057,-0.997204769786797,-1.95690663307196,-0.815563821141818,0.0967726086083206,0.218189633030354,0.138757594818668,0.638479897109059,-0.0435585478726468,stable,0
3.7606880719963,6.4237322299105,4.63151753333888,6.75682876895722,3.86885397100041,-0.998059894087969,-1.62714185491572,-1.24365222199672,0.190793143040915,0.444355886219532,0.34332977423079,0.12576058382665,-0.0207016017182711,stable,0
4.38902017591099,7.69394471482609,7.58704337731901,1.46700085631742,4.0668755885303,-1.13387341827605,-1.81704641134259,-1.11595575891166,0.640714806590597,0.446519855519463,0.50639211999877,0.855152652456216,0.0129596909145987,unstable,0
1.98842685232309,3.08809020847852,2.79369372522201,2.45327524699691,3.64726003031487,-0.568160659402597,-1.56693649859218,-1.51216287232009,0.59228403254007,0.578714470346028,0.389871786212173,0.431581686008455,-0.015608997193314,stable,0
2.4437651429301,0.517712178217981,2.45257806133183,9.08883390505124,4.03055102009286,-0.661848677848373,-1.57365375755904,-1.79504858468545,0.351046004791367,0.130588261158055,0.655798423385003,0.787214887931662,-0.0049093479350406,stable,0
4.77857026809657,3.50575394428368,7.11702348558744,1.36876458403752,3.39516404552806,-1.06837966742238,-1.46560536637757,-0.861179011728114,0.0718030139945459,0.401424286751219,0.960664484979652,0.908761689561578,-0.0015575225962594,stable,0
4.01600414844662,8.50112731491516,5.34537329390062,6.94344302555618,2.95298555237203,-0.53599401116661,-1.37581686678932,-1.0411746744161,0.662382377415362,0.300356040826999,0.251774854631537,0.559975959905713,0.0278322527418192,unstable,0
7.25063099686116,8.91494983714176,7.75020728166151,9.28329586795903,3.40788525862516,-0.754176496386353,-1.53731403277451,-1.1163947294643,0.282119398294057,0.703681185712853,0.753327863196576,0.171043001598029,0.0548633997245232,unstable,0
2.20064965077846,3.5692698728581,6.54345797500191,6.38282978351122,3.96601013129657,-0.503531801035092,-1.98503231529678,-1.4774460149647,0.576009616010821,0.614463586784669,0.349395997578483,0.783646544313545,0.0348635531348974,unstable,0
1.93835216905755,4.8616872518747,1.73166736896106,6.49593372114095,3.59110447552664,-0.526611236902419,-1.6632477749966,-1.40124546362762,0.885596870084143,0.599898325814804,0.139256164156224,0.556434900732575,0.0023738584351254,unstable,0
3.40091158733102,1.05724916317778,3.27920464026646,5.87261257235698,3.33970530471675,-0.772950937052537,-1.79901731847299,-0.767737049191224,0.347576519209449,0.773782889261127,0.757972555691723,0.739117569900267,0.0137325632454998,unstable,0
2.37746674420097,0.970146301047772,0.82144836773955,7.93938944285103,3.9095191846917,-1.43967341803354,-1.87577639177778,-0.594069374880381,0.983218360700337,0.234275339070025,0.986604147901861,0.907669744191527,-0.0071177145089889,stable,0
1.65046738575458,2.41143968195323,9.60824012003076,5.13391363087859,3.76342860504888,-0.795165412458009,-1.57216704326156,-1.39609614932931,0.505116014720662,0.680494592993284,0.467524083381528,0.10455916081871,-0.0236038766733306,stable,0
4.04524428936782,8.88223675108597,8.81926413381532,6.74787486856672,3.44950083871182,-0.871165451504174,-1.72957173364359,-0.848763653564057,0.35276259089382,0.403618238687984,0.487853143249503,0.439602804713118,0.0324670544428349,unstable,0
4.33850564308562,6.54578733090481,7.26433438419423,8.95915421653683,3.41853951700693,-0.87973199793899,-1.43082045110238,-1.10798706796556,0.421761276487105,0.335669365267358,0.828423057513824,0.887441204211874,0.0696267033892812,unstable,0
1.5209333320222,8.16757812664527,2.97277193941411,9.19230562388164,3.46043028577405,-1.20656969591557,-1.69535583304688,-0.558504756811599,0.214210019183396,0.126046428363395,0.981707607324503,0.167255351370437,-0.0474348617954792,stable,0
6.27025756314833,5.24989211855875,8.84354083760002,1.44542593824216,3.25398884206588,-0.942007289253687,-1.57512833348401,-0.73685321932818,0.165737412739331,0.839574840353023,0.624790379962935,0.148996524166804,0.0248705700360092,unstable,0
3.79021963215381,7.85465881265232,5.12171763329889,2.33719117069152,3.57383772379681,-0.778247941338539,-1.58110200557788,-1.21448777688039,0.617394458283768,0.638332185752674,0.416424392693297,0.514015159499641,0.0245977705840836,unstable,0
3.43484976576031,6.13092806009258,2.28566604969609,1.87151626052308,2.86197884869545,-0.59572223886064,-1.50306790062337,-0.763188709211442,0.545614813679804,0.272298587336633,0.198748415840825,0.225799660091987,-0.0266960144240903,stable,0
4.36314845870653,3.5684263573439,8.58329123986553,0.814467434008536,3.67411272661333,-0.523371501093358,-1.81003340215399,-1.34070782336598,0.182564823223682,0.626492691566668,0.283268757699012,0.356095145587595,-0.046361541601519,stable,0
0.701728238571552,3.55648175236674,3.79548471992933,9.98738293497772,3.3228953252325,-1.13048641236016,-1.42531015662114,-0.767098756251205,0.320220611490359,0.882283227791535,0.419074177439875,0.278498574314178,-0.048247792867401,stable,0
8.95679323776991,6.81432326361749,1.83878929504276,4.48759589937311,3.42345178238502,-0.840857326784963,-1.44808121895012,-1.13451323664994,0.862704554513501,0.39480316511307,0.641424251559569,0.943964109505534,0.0436080550151871,unstable,0
4.71756037451337,1.80819524923716,6.76850445239492,8.36985576300503,3.83336680719685,-1.15758886638965,-1.9853144761683,-0.690463464638905,0.377753368942637,0.981046267749355,0.607175753217228,0.789725696604063,0.03341736473037,unstable,0
4.12603169101592,7.35991708805291,6.73978117195433,3.56359887583331,3.96030290274932,-0.815221267075872,-1.96470587876599,-1.18037575690746,0.158822793159403,0.414574838670484,0.987687610386055,0.439722627968074,0.0440494237876489,unstable,0
4.10878915267376,2.79503693072769,9.91206881038731,5.34192137352852,3.18748419573647,-0.70222139598002,-1.49634075714087,-0.988922042615584,0.135532711850904,0.171588219107827,0.798974414638131,0.509453624751121,0.0163472949460725,unstable,0
1.33926098119875,1.74524678204465,1.88748406442357,9.04838315710501,3.76355660358856,-1.16554702901511,-1.89781376767565,-0.700195806897804,0.660253835302646,0.331674050320546,0.440953432299304,0.317827414117435,-0.0266651585914039,stable,0
5.07802974153325,2.77932374793122,8.48980669138736,7.65559854119582,3.52531948090408,-0.886034412996878,-1.75816303665512,-0.881122031252086,0.0600142829803587,0.777438653271524,0.604584741222709,0.230576647001181,-0.0016490442029779,stable,0
1.69351786154411,2.75638789858469,0.514915161552944,1.69374056674945,4.15422109448762,-0.574073082678753,-1.96685595523806,-1.61329205657081,0.843691475747789,0.416213618030662,0.0838839186986233,0.121503280711367,-0.0451642474206764,stable,0
5.75511294583061,6.65599310346661,9.99742764479321,5.85621913554257,3.01519097304647,-0.501709442347288,-1.52732130322837,-0.98616022747081,0.960148601371544,0.844942412773634,0.849999456727441,0.176630389419695,0.080503780976578,unstable,0
5.19281227502583,9.05073285771651,1.25054844491219,9.72764010816837,3.71449841757881,-0.929544753562368,-1.93124125401176,-0.853712410004681,0.998163199120433,0.805578329863155,0.608675436578761,0.270518944837393,0.0339500671511151,unstable,0
0.554047699758573,2.83949472543558,2.76004396342732,5.97296975085101,3.59574831393716,-0.726654344927811,-1.27120060581007,-1.59789336319928,0.201635512046933,0.492437753718389,0.256022880161222,0.607915796255503,-0.0373183951967157,stable,0
3.76481853629611,3.75495622700222,3.67864901773041,5.1934759036544,3.04687451021281,-0.709419227821566,-1.35388662081298,-0.983568661578267,0.183490029809127,0.711359752739768,0.75987050238024,0.705810958429417,0.0575614909192202,unstable,0
2.78383595414475,4.04016401935167,3.79645275394054,0.884025324553787,2.96673828556768,-0.635275665480003,-1.49466911927246,-0.836793500815216,0.408552102477858,0.304750130435186,0.252065888321152,0.869513505895624,-0.0497213567764576,stable,0
4.84978052886664,8.47023284219464,7.71316521796421,9.17692979818359,3.52044909214183,-0.8953495074198,-1.88927584767122,-0.735823737050814,0.840912377702011,0.712329496078442,0.837823276258338,0.605488275257917,0.0860412443433885,unstable,0
6.30838734076617,6.4805364226267,8.96733291678545,0.546782005453005,3.65507549406168,-0.599458915440575,-1.75063742544645,-1.30497915317466,0.328625548993003,0.488981551987755,0.684227150179876,0.159849948157743,0.0239358484910707,unstable,0
4.63267921473682,2.46557719384891,9.44227838813466,1.21536404122193,3.25683143938769,-0.969307571532123,-1.75372314833405,-0.533800719521521,0.986356265730178,0.338900413115892,0.92431143597631,0.508583018128458,0.0179855363774287,unstable,0
0.971869819101319,1.79172629680074,7.86897777514457,4.84266635279341,3.6358642898754,-0.908888383352687,-1.95370993931923,-0.773265967203479,0.129941948027085,0.294468832963709,0.331565733931726,0.364811664796199,-0.0443763484509189,stable,0
7.88113069673781,6.81187064623818,1.94475912025596,4.56170336864871,3.24394231947422,-0.847987003896607,-1.53690775486272,-0.859047560714895,0.638100919313282,0.241376842743611,0.688602995282505,0.539180528869833,0.0130051521168861,unstable,0
9.89086658781273,6.03843476907999,1.86687592284855,1.25286125080454,3.25527311092548,-0.728103531168378,-1.91265656371845,-0.614513016038656,0.611276819356466,0.665127426224558,0.440743569173145,0.161871461991757,-0.0004727228863553,stable,0
6.32720535977926,4.76431004678935,9.67581482456308,6.80818826163115,3.70525655137082,-0.838593672172364,-1.45196318263918,-1.41469969655928,0.140861037226778,0.700783098437093,0.879805071221595,0.81249263927344,0.0673016413522347,unstable,0
0.646098193267011,3.21884829255196,0.94544056838362,6.99352670239223,3.61803150992787,-0.911940958199743,-1.28184997335036,-1.42424057837777,0.463276432769931,0.478823301761259,0.166962529367718,0.27948571021641,-0.0409567670725745,stable,0
4.11214996024378,8.12305410876965,6.43963852178089,8.03180290024639,3.84660606454767,-1.23113518197598,-1.91812180218737,-0.697349080384325,0.823435856210055,0.235101062737491,0.197568418290572,0.480363926925181,0.0239738054484712,unstable,0
0.783446426125383,7.45892358412136,6.4936729788737,9.39587912462252,3.83673713540258,-1.02374892782489,-1.64343951269641,-1.16954869488128,0.708322585242938,0.495863327362766,0.0891058075878385,0.221499411136134,-0.0420745268254049,stable,0
4.34517743517128,7.81295654867014,3.48930158205694,1.98373670124664,3.62114864159182,-0.607842862622219,-1.81183599809586,-1.20146978087374,0.783804855284357,0.883451982399737,0.307523119668759,0.890150277232126,0.037606391412109,unstable,0
6.57714917957243,0.889196454018902,0.970790371968108,4.29214150670808,3.94579404461281,-1.04244014052567,-1.63859166983264,-1.2647622342545,0.929706094039936,0.908125623158951,0.110064508619816,0.0781204304377711,-0.0286407171007392,stable,0
1.23251603589797,7.89897751520722,3.28925492501969,3.23654281296027,4.0767916071051,-1.32805288023311,-1.85657809088312,-0.892160635988868,0.48770373419918,0.69899396699803,0.872633351368287,0.343337744814064,-0.0024546606530869,stable,0
8.45613302804239,2.49883453334844,6.9475774559546,4.91679825207238,3.49375999433381,-0.585763992402051,-1.7815370203036,-1.12645898162816,0.140633310327833,0.878860416350014,0.444848989863703,0.885744725028758,0.0334819097546793,unstable,0
0.661705350581801,4.69247137532918,5.92921707467406,4.15140372336601,3.5358876093269,-1.31746569253036,-1.71592330433063,-0.502498612465907,0.479342701665028,0.373181089141348,0.565718021244934,0.631768781968401,0.0043387256353606,unstable,0
5.25348973850005,8.82963901882186,3.26282698840973,7.54449183205444,3.55019726197327,-0.612666273630899,-1.67091087353369,-1.26662011480868,0.758195114222254,0.17876244167855,0.17338790218938,0.421979253154689,0.0160671758759222,unstable,0
9.53463648851361,1.43032136130027,2.80382000117663,0.545576228499401,3.49651058715252,-0.831181492870429,-1.78518490013855,-0.880144194143545,0.804572412386413,0.567494906539817,0.488254884343481,0.469052056839863,-0.0389252305078787,stable,0
3.48927045369545,2.53788473736915,7.45022326408747,2.57926245813096,3.44674990206014,-1.00593902769263,-1.72880224350373,-0.712008630863775,0.525595641009903,0.605081116477595,0.145373218373074,0.545371300455645,-0.0192640202819497,stable,0
3.40312089178595,5.09048320104539,3.47615419390664,2.07261977090264,4.00693924871298,-0.651514049354452,-1.78680800713541,-1.56861719222312,0.19095488642312,0.388144173476907,0.311270963574282,0.734010570303086,-0.0283313392991772,stable,0
4.90334346218368,9.10048563836375,7.2254578074628,2.48003009919702,3.5545762752859,-1.10533136302987,-1.2205981567458,-1.22864675551023,0.172153697166559,0.677542118748112,0.722896370694289,0.434011045402685,0.0339906539714806,unstable,0
3.40329447898162,2.38797725851954,8.17848771916032,1.46492082575486,4.02863006315664,-0.62703169682445,-1.80315238424822,-1.59844598208397,0.29450596511506,0.696752319570854,0.723316500310964,0.18717135491254,-0.0189588419238994,stable,0
6.71387809907654,3.52866166128232,2.56135713405089,1.54318536234038,3.11184278363139,-0.845010673739156,-1.73458633767065,-0.53224577222158,0.573419190647207,0.349372468603539,0.766504293554096,0.0674295746326831,-0.0165896178591018,stable,0
3.66330622516101,3.77718596575037,5.39265824297589,0.902858572965628,3.37503390875612,-1.15182232421058,-1.14805740994853,-1.07515417459701,0.272599258935478,0.856672610993874,0.820076847987773,0.677774464527993,0.0290480629412722,unstable,0
1.54464479370007,5.58486308019974,4.65086961228667,4.53951179966789,4.16319412407519,-0.61594584987656,-1.99116061036477,-1.55608766383386,0.895819367719883,0.660278791830457,0.944593625018682,0.955890373439458,0.0836764660612054,unstable,0
3.53145835445872,0.558550569831859,2.32798284283789,2.36423027152112,2.91821648260583,-0.628484372155915,-1.51209016133717,-0.777641949112748,0.239696709824529,0.268431270084366,0.572067151083363,0.914791085811613,-0.0057948639653631,stable,0
3.21941512761478,3.02332693358372,4.58550622842169,3.24344318859035,3.69173956558651,-0.529599018446717,-1.67669040177872,-1.48545014536107,0.181847719277546,0.115007888131688,0.524049280946028,0.137890758528466,-0.0282267066371167,stable,0
3.00662601658022,5.08706583461422,4.33583692543986,3.92489206475437,3.93192809642805,-1.57881910095112,-1.63183150642429,-0.721277489052643,0.578910020340178,0.385194967471062,0.528256180023702,0.971341983830699,0.0605146825759212,unstable,0
7.85037320999517,4.18627749634502,1.28629564278328,1.74596185499735,3.60031244114241,-1.05748958498866,-1.74006439802598,-0.802758458127768,0.550979649788275,0.168255893091366,0.734540611858051,0.44012534050406,-0.0239768558769651,stable,0
5.73697428457695,5.74953852269983,3.17135373401335,9.50531859609508,3.10379680432132,-0.63322624979238,-1.85956176745103,-0.61100878707791,0.829825815716863,0.931990324041658,0.651431518850485,0.821609565891192,0.0818293642058686,unstable,0
4.73169869444022,5.87010815043357,6.10839477694484,9.08286078619291,3.37099354635147,-0.80167174561522,-1.79217442818038,-0.777147372555872,0.78242797380456,0.0879953843564109,0.195237948662916,0.189214434357608,-0.0087770188180697,stable,0
4.02344694389875,1.41884373730563,5.1658173715062,6.17609459106114,2.98379709047028,-0.662452782947896,-1.69146106132161,-0.629883246200776,0.926637725687975,0.984061571028461,0.784279997001017,0.950580563014107,0.08018411755431,unstable,0
6.9229500119493,9.22994898032847,9.55677522882596,2.11245866202973,3.02712439820389,-0.643430024860858,-1.74118678777546,-0.642507585567573,0.887631375953606,0.215999509974431,0.447257163883018,0.545684231336154,0.0299139234542559,unstable,0
7.0979670400992,4.32564858644254,2.59758755122266,2.70043614492074,3.58066370332839,-0.754741950873006,-1.99565218044262,-0.830269572012767,0.547881866030485,0.437988146753169,0.303414332009654,0.524352298395899,-0.0022989291579951,stable,0
7.77250193815044,9.41454821433932,4.49599967556426,4.96630675541225,3.86320460544816,-0.862059111181775,-1.6086229532571,-1.39252254100929,0.137197654530251,0.165330973843612,0.951379330468008,0.605944690257157,0.0281284962247322,unstable,0
5.83148898167993,9.87420972560837,4.87539125192483,0.644811261871364,3.5602368554152,-1.0358066257586,-1.76713892493435,-0.757291304722254,0.0581226697128976,0.340989840671814,0.332099139175025,0.329533953496034,-0.0398569852107702,stable,0
5.18041702495966,3.93091863622182,3.67420085225811,1.75116594598754,4.12853173832029,-0.623317457240634,-1.95136535929439,-1.55384892178527,0.570724780463262,0.577771779350347,0.373876409742824,0.593410772229192,0.0156475984484265,unstable,0
9.16728997037752,8.52282324556082,1.51211137060933,1.9985547771879,3.79982671860169,-0.757622063671134,-1.77021657376562,-1.27198808116494,0.664359618200306,0.953098265780864,0.55576023030525,0.449291547936294,0.0246587943783464,unstable,0
4.67220862489388,9.07723039927422,3.70177463494313,9.11456460715691,3.32148518174576,-0.848784484345536,-1.67636331870328,-0.796337378696946,0.862980229484829,0.732628747770792,0.241469493366322,0.224306353109443,0.0376843187374529,unstable,0
7.22243985345126,2.44298591153747,9.93650142535835,6.33066231768073,3.52664895478659,-0.793743580784893,-1.82426361742823,-0.908641756573471,0.109854925817456,0.474652692128619,0.750944476662134,0.106528459563861,-0.0021254250643197,stable,0
5.71988379933337,9.83154151358845,9.78565102349616,9.6495658669395,3.6312030881763,-0.532345206093777,-1.82705317432801,-1.27180470775451,0.577841880608877,0.514919502921171,0.815490557582211,0.492716450527029,0.067224064902588,unstable,0
8.48972664357347,0.508644749812642,8.32012049487011,0.986934480284469,3.29266226460119,-0.53035922542559,-1.59702502127858,-1.16527801789702,0.798750940307771,0.748670736658955,0.07763383010488,0.976200152924338,-0.0441059869154466,stable,0
1.58636245721744,5.62315803415616,6.72747915597499,4.60603660249856,3.7123206204173,-0.820159534166148,-1.91427208473035,-0.977889001520805,0.0753527559870866,0.413151399814872,0.0721948714799958,0.226722865819331,-0.0410629940456042,stable,0
4.6007666969477,8.71977576007781,0.73454921553703,3.67946729420159,3.99557496354711,-1.24231528991067,-1.62226296988397,-1.13099670375247,0.486115055604109,0.80238174264196,0.605951887410987,0.440777548381343,-0.0022690541813827,stable,0
0.943676757697819,6.3335664989016,1.79429451783041,3.06694583343675,3.75528680358186,-1.09352707674834,-1.53133008821183,-1.13042963862169,0.232251814263419,0.991651538000804,0.330952337408786,0.11793316009231,-0.0161906447979075,stable,0
1.26247508263257,7.68038610275694,6.98793597683981,7.89512223828317,3.7944275881822,-0.706253166418639,-1.59863864256582,-1.48953577919774,0.592063439956035,0.488409154258437,0.731081033697373,0.129737090359246,0.0107410748706599,unstable,0
9.54388275667564,4.10294396949598,5.32032548515661,1.44336829829128,3.82510449489484,-0.620725833416288,-1.72388121311259,-1.48049744836596,0.224339258916301,0.183702790544321,0.868525549371724,0.656398559174107,-0.0163132995069938,stable,0
0.632293502714601,5.3547043686833,1.99729773498907,0.742661460342142,2.83165429783466,-0.590375642686337,-1.44891499531607,-0.792363659832254,0.280903023410228,0.695025475521522,0.70567994578873,0.585879565076822,-0.0367430826715039,stable,0
1.72931002750375,1.9268340126756,3.49823888273194,8.96386381076701,3.24194369378068,-1.28777093514848,-1.41085532552864,-0.543317433103558,0.380391526144424,0.925715785348058,0.310095934516828,0.953461034078281,-0.0117025057174794,stable,0
1.87937505857401,8.56403426871811,6.19638971626498,6.36016513005487,3.74153007418499,-1.2056094324965,-1.95339808688402,-0.582522554804466,0.0618023386374908,0.466799526417319,0.217291471696956,0.381037226436943,-0.0017382580697875,stable,0
4.08868939416315,8.42981290074457,6.3985228128633,6.35305021197003,4.08950389154619,-1.11094758956868,-1.78643780830089,-1.19211849367662,0.902021461585426,0.522792599799585,0.653020220227614,0.330478481894268,0.060827742300705,unstable,0
4.20232667824228,4.77357843723986,2.24243754355581,7.16664926396864,3.61535377585458,-0.797185567132116,-1.78808628649149,-1.03008192223097,0.763106328382945,0.627757502988023,0.191865064991844,0.499025469603894,0.0374998253996289,unstable,0
2.27325246460532,4.18455398592338,8.34200433227731,4.47916582778354,3.69383485422927,-1.14586941564885,-1.59428550071486,-0.953679937865562,0.130342615494884,0.0598249321738957,0.920207525338662,0.352264129351031,0.0112438631668018,unstable,0
1.09395692037818,9.52239026696762,7.12753620559034,5.4451425883593,3.42467272492584,-0.5196650514532,-1.45957698859037,-1.44543068488227,0.886364769396106,0.504771124060762,0.181855708188219,0.352083328301267,-0.0244704325096916,stable,0
0.662616269678576,7.47584525523875,1.30146928225684,7.71513304104499,3.70241903293646,-0.590288319900457,-1.83480993302301,-1.27732078001299,0.841428528243373,0.61827127442803,0.249346117115426,0.064695685223781,-0.0587509935963248,stable,0
3.93081401998751,9.58403383801798,2.52119494025296,8.92839839483416,3.88814041034313,-0.960188848888304,-1.89375664801449,-1.03419491344034,0.214723240601961,0.855170260632929,0.396422378782167,0.581940057264795,0.03482752872309,unstable,0
1.02757853552302,9.17779404043516,6.32600080682958,2.41031183640775,3.20558808383028,-0.788117640034901,-1.88077295696965,-0.53669748682573,0.774075903104767,0.0719946842846344,0.194492656841663,0.963285268729239,-0.0122681006466023,stable,0
7.73189830141048,1.61828360620096,0.737724519421661,8.65597741406738,3.94896910198551,-0.96357253503158,-1.8320021120714,-1.15339445488253,0.832091696526166,0.0609100281527941,0.121705669801953,0.107187182949478,-0.0103930032548333,stable,0
0.548883257520676,4.11992802084258,4.12232950641365,6.35662925075965,2.94416846712621,-0.558174924077513,-1.78427089022479,-0.601722652823909,0.47501133966214,0.227047664952644,0.66318231887241,0.407916784133953,-0.0264452455957705,stable,0
8.37277510874347,8.35040205784739,0.825197482299479,9.66429394277494,3.23549672724347,-0.834858381501562,-1.69371901614893,-0.706919329592981,0.131686553004981,0.324148313624625,0.133872244363356,0.554876034564163,0.0025364600635861,unstable,0
4.12684475996062,2.01753368403882,8.72629986678917,1.14332441718149,3.668488834581,-1.45601526104732,-1.65557611113256,-0.55689746240112,0.357632015961838,0.17220495151939,0.661255383914411,0.921857129496876,-0.0274280447971763,stable,0
3.4463671946546,7.96592378507607,1.37069231082235,6.93167073274333,3.13081801878833,-0.67640796515313,-1.48707437702891,-0.967335676606291,0.804955347841723,0.599680904067878,0.436927840075283,0.726798522057815,0.0349950317612574,unstable,0
4.8984158541159,9.12307906428057,4.0149288680876,3.19149676267905,3.8178258521908,-0.732884681499482,-1.7385818758291,-1.34635929486222,0.862107105560005,0.8705748059003,0.749145668469183,0.0731223248098767,0.0538959367223393,unstable,0
5.31408859162771,8.12875033229449,2.52195936939111,8.1232538713671,3.87391664863308,-0.604154236607975,-1.86256451941131,-1.4071978926138,0.726649676606461,0.1135170377763,0.512606544875571,0.318137435643922,0.0034536810771376,unstable,0
2.17359128515208,7.71078288342993,4.69061581243667,5.87981377529673,3.60177190003479,-0.65686609601758,-1.60705647627388,-1.33784932774333,0.165951515970998,0.48339157558306,0.309969097467643,0.533777545172736,0.0103390421693156,unstable,0
7.3560515769803,6.67489143405565,4.27573245022753,7.40533262411206,3.13993369815628,-0.770079753147136,-1.68839310327222,-0.681460841736919,0.670333490629722,0.554494134500813,0.936824871220558,0.444161141168456,0.0736201596397781,unstable,0
5.42653902605767,9.53805961072254,3.41180513035131,9.22685660524769,3.51509078139248,-0.579621499754942,-1.46492908117358,-1.47054020046396,0.593951031606491,0.138241003499276,0.863672042078733,0.869223336348028,0.044465395365419,unstable,0
5.10003239937658,3.04709603263222,4.23322706689164,4.47201247075086,3.90623683412947,-1.32788030865226,-1.82784634886004,-0.750510176617175,0.767974473260896,0.360493351301039,0.837582237098779,0.551110526951117,0.0693659698248992,unstable,0
2.44695922383909,3.47770204630927,5.82352435883663,9.16503374772578,3.3935489273349,-0.595537616603356,-1.62248029269378,-1.17553101803776,0.412712209752083,0.391985677919388,0.220427219718805,0.528315843955518,-0.016331607445273,stable,0
2.64373543713397,5.88741628723862,0.948556178497581,6.4405167920421,3.44719841530138,-1.10028675038954,-1.3960590655377,-0.950852599374135,0.527948975090982,0.311465022949906,0.250210858004821,0.831713512866474,0.0063901200746729,unstable,0
7.01483929655064,5.21744247934915,6.46362751190428,1.91677842260355,3.6562925384873,-0.896934536557633,-1.62626301383418,-1.13309498809549,0.101488257500404,0.86308984821616,0.672599738776652,0.157714031016133,0.0312365921322167,unstable,0
7.41323195009201,8.78039618505003,4.77920654776759,6.26321535700514,3.52577012877808,-0.507792569685774,-1.5834528172574,-1.43452474183491,0.44664537617302,0.0740775235553423,0.599428026165484,0.706900360831318,0.0406794401297693,unstable,0
1.33874487262198,5.33347206475873,6.63997870701896,6.17974410746343,4.03558212558087,-0.532150209248369,-1.56094298174432,-1.94248893458818,0.220826621026873,0.701704218048552,0.477113957146299,0.67739012262546,0.0441758001283962,unstable,0
2.69821371882081,0.584201830441912,6.43175700752925,4.94489291648151,4.10825176683365,-1.56740930992786,-1.79531609249719,-0.745526364408596,0.107058685926619,0.198203799139755,0.842735545420642,0.946688979697804,0.0352305743493621,unstable,0
3.7886499811265,9.28777959722131,9.81302654623507,9.03530052937961,3.68136356049684,-1.11377292733897,-1.58231348083537,-0.9852771523225,0.741399923656172,0.39943066901254,0.499862735173829,0.454774405932148,0.039158506564499,unstable,0
4.98722520043132,1.68850808407178,7.98168783521049,8.45426341939335,3.87685770249922,-1.30864863380723,-1.73236431161248,-0.835844757079508,0.309211214131183,0.650119791385903,0.955351013376764,0.0800824950576853,0.0102408219385799,unstable,0
2.57470079000713,9.59519448508848,5.75351026479211,6.54464414863986,3.67838364226032,-0.987012997176987,-1.48921227299512,-1.20215837208821,0.3681410907137,0.467783656280629,0.953077857943892,0.101725590568052,0.0241464958455842,unstable,0
3.21870717605256,4.73741536737242,6.24856030239279,6.31793630638805,3.15446500429065,-0.627999625465367,-1.943580274999,-0.582885103826283,0.579449483736674,0.915993155909231,0.2020435571445,0.334398784201089,0.0369654841115831,unstable,0
3.90580527604128,5.30130935985658,3.97692025813112,6.03271343994159,4.32124708914411,-0.968058657524199,-1.9503946806078,-1.40279375101211,0.40089497265643,0.756330270274065,0.218797412055809,0.186913202023758,0.0120476711669321,unstable,0
1.49348747471119,4.45322105209935,1.71264676327518,8.12977895872437,3.40875647174522,-0.875592690323957,-1.22949038792554,-1.30367339349572,0.79216970636387,0.578597263191927,0.978670809314395,0.119203632084897,-0.0345464764984958,stable,0
3.60644326827226,5.90671151468409,4.93520789021645,7.28768423462029,3.01044277255826,-0.699326637984556,-1.34208671639048,-0.969029418183223,0.481296767146728,0.893924478078467,0.835562473730642,0.676367755815248,0.0857589114948476,unstable,0
1.8055511925058,3.17915502321336,9.43805217927261,3.23869956831869,3.33084643125847,-1.33149034110898,-1.27433631291593,-0.725019777233561,0.717974257295495,0.428535454993711,0.432963460404823,0.913810535310708,-0.0418797704288953,stable,0
2.52342498788757,6.93721512121095,3.18324895032344,2.99716291586206,3.2237827008583,-0.505016928547679,-1.63244747108972,-1.0863183012209,0.906709215935119,0.462251081938602,0.977663016409882,0.882100536524168,0.0667967240192848,unstable,0
2.2323226518398,7.56792109425516,2.9828276175442,2.86845990801592,3.3052609790915,-1.03708926815439,-1.76553365032558,-0.502638060611533,0.46217017373746,0.850865400670518,0.553107392840529,0.706126061473176,0.0178633746177785,unstable,0
2.67520177282119,4.56164238667951,1.44080035125829,2.34828614313798,3.33604121391142,-1.17917998364719,-1.27797357364738,-0.87888765661685,0.237082130625293,0.215846968708762,0.317710494159479,0.164124500464168,-0.0371101896300373,stable,0
1.19166290268896,8.00100903349055,9.15546242086947,4.3863193182354,2.93309063504299,-0.592340321030398,-1.3416394719019,-0.999110842110694,0.194667020879149,0.432009219743134,0.874727744872138,0.166612630330707,0.0246103792795089,unstable,0
7.77322657280562,9.67326364348535,5.17658445913681,1.32025356189176,3.36003673342058,-0.54451825379309,-1.53009102938945,-1.28542745023804,0.185356912924795,0.756715372437947,0.247366318402163,0.341924450316406,0.0022592851346072,unstable,0
8.66751740984623,5.3140221068658,2.28655004557127,8.90876083853855,3.38434646795871,-0.569878630852862,-1.55112850769362,-1.26333932941223,0.258274506512556,0.305326636642518,0.180092620325077,0.794178416770768,0.0209621631397091,unstable,0
6.16403201784726,2.07102057683195,6.96095914854378,7.3318419328291,3.3104881507972,-0.55245096497339,-1.39323621074983,-1.36480097507398,0.304754981989349,0.87779125438045,0.658425564390962,0.947199202049414,0.054297010628388,unstable,0
1.5712930590005,9.0021251075816,3.66536303602654,3.03443899278088,3.48532863369577,-0.722024890937516,-1.74432491617838,-1.01897882657987,0.884833812192078,0.951973416059976,0.809793695559532,0.886314388756213,0.0072970125520684,unstable,0
6.63026407152034,4.36745619669236,1.03526252670768,7.91279477478975,3.73216248000939,-0.605543884780654,-1.9354859924169,-1.19113260281184,0.997623715400771,0.395696196408843,0.464895574346617,0.948956481863506,0.0578623485731479,unstable,0
1.67024247896259,7.02912929758022,3.67638199200738,8.609307961448,3.86078895460465,-0.793274449328217,-1.59159319789243,-1.475921307384,0.147678054425016,0.0883249026140501,0.532528837070563,0.25471524894785,-0.0421668454752233,stable,0
1.46992959233898,4.76349957116599,1.5956505639763,5.5068501268769,3.60444041179482,-0.678727551120415,-1.57780860067733,-1.34790425999707,0.333896941375632,0.633361303070647,0.83438985509876,0.717650640062665,0.0143193604395549,unstable,0
1.01535854274997,7.45218863277026,2.12672029599571,8.82677796442244,3.25374644646255,-0.833399085013266,-1.5695244067866,-0.85082295466268,0.0942265545123385,0.314782568289769,0.591843976536973,0.611424361804529,-0.0116116455077137,stable,0
6.45318677243877,5.14448855934342,6.76727286892192,8.08945546833733,3.74287267089609,-0.633683279750938,-1.87480690379428,-1.23438248735087,0.319911487145063,0.0606305868467991,0.794530109362379,0.234557118092353,0.0229492167440342,unstable,0
9.5076944401399,9.04009881993188,5.38737250838879,1.94179977179696,3.31015116778461,-0.782391185083741,-1.85219090659819,-0.675569076102681,0.0828307158301084,0.64050594081782,0.232627798446987,0.694112519050802,-0.0157698263041024,stable,0
3.14729496461687,9.56568794431374,5.89543167889937,8.27611715212133,4.06097025676451,-0.74394266005354,-1.95503414565937,-1.3619934510516,0.12591718551326,0.93141244974833,0.831877971650816,0.313980616124052,0.0558148038468299,unstable,0
6.29830857146673,6.47191863330314,7.96120594266035,6.55601251391545,3.41116546935998,-1.12517079084801,-1.59489326230582,-0.69110141620615,0.559455933319199,0.533128050796028,0.72374928203683,0.47059099852242,0.0697910957283406,unstable,0
5.38831539532299,3.65082553475234,1.28300939549716,5.37946287132959,4.13508644700452,-0.668170662594296,-1.68905280768219,-1.77786297672803,0.325902859427077,0.296939444679228,0.307241934688853,0.48140107209614,-0.0279203496875412,stable,0
5.49065094206989,5.77109141546895,3.08124713643962,5.85514653495136,4.07671123788503,-0.796960934284341,-1.68710869569054,-1.59264160791015,0.68439614369223,0.357090128142214,0.49008800335661,0.110348498742175,0.0140296421365963,unstable,0
2.19494233463473,5.48884901018325,7.76273597457163,9.03846319634808,3.39140207545142,-0.919183100174728,-1.48092214206505,-0.991296833211638,0.240075218298817,0.389783919619124,0.939843965907134,0.793831062884865,0.0590493147977934,unstable,0
4.99023370911394,8.74719947127274,3.0634038131886,5.98168641335857,3.31229465459108,-0.979338580124441,-1.44019255677593,-0.892763517690706,0.959418718244599,0.8090963097842,0.69251596315381,0.399120600144748,0.0662415599690229,unstable,0
2.90086940051261,6.54429430935768,7.2474998743476,2.01302611748014,3.52175773297559,-1.05416969798311,-1.27493763280081,-1.19265040219167,0.978701652170681,0.189299371513593,0.95411481736519,0.794623159123252,0.0317769986914205,unstable,0
1.01919050021009,3.2412207153267,2.09176971716896,1.17436486480387,3.36598840454874,-0.58031632113927,-1.86837554443035,-0.917296538979118,0.35150833734813,0.19426259795556,0.663370136476841,0.240891923829762,-0.0312441692309735,stable,0
0.638248405805987,9.20288212924633,2.76150299229028,2.39373662180514,3.99881062241429,-0.776354235945735,-1.53573914838998,-1.68671723807858,0.473126785185983,0.221101356715498,0.886870068035317,0.385473870741843,-0.0202029148249895,stable,0
7.26155805751997,7.19449083157905,1.71936015383278,4.09231413111181,3.88588222493677,-0.903435010180133,-1.94396608994298,-1.03848112481366,0.826809284271635,0.909304461951627,0.597725921833068,0.364300304298785,0.0529244892146515,unstable,0
1.34700197448852,5.76207529366921,4.27047833306255,5.81941865685935,3.4995679147618,-0.806165587681613,-1.54289261968984,-1.15050970739035,0.436891419314166,0.940676371343357,0.0565324271518178,0.556588351901745,0.0224455174187835,unstable,0
0.689598915188515,1.93707720432683,7.84810747109244,4.7549300708654,3.48116923516567,-0.959154914331099,-1.16431205526572,-1.35770226556885,0.576897843084203,0.999568127920526,0.397055984239671,0.337075973727641,-0.0317723746950806,stable,0
1.19473591984726,4.19440624557802,2.58095962620657,8.99168691538806,3.36998900262104,-0.870020293014788,-1.21269111177014,-1.28727759783611,0.630791654171917,0.0852139313779795,0.518541911529772,0.232552745724146,-0.0220161534442888,stable,0
0.824674390306021,9.99983655621537,4.21286915416339,1.73025843336241,3.39854530623705,-0.580855509921058,-1.64405584805727,-1.17363394825872,0.3258557334265,0.221058492788645,0.884788062506839,0.0692758422812936,-0.0277591508283839,stable,0
6.70215291977889,4.76460982896145,4.41399566907362,5.22579082329815,2.84682780756201,-0.66566433610057,-1.63906408168123,-0.542099389780208,0.184962364250227,0.627514783372281,0.846375453423713,0.527308616343066,0.0564326077839991,unstable,0
5.75163581091883,8.82372513356994,8.84940943341323,2.58000980818106,3.8309169555665,-1.07288361560308,-1.95787980212666,-0.800153537836764,0.369258991146093,0.759039817047331,0.114772371599037,0.503173898776441,0.0152340106913295,unstable,0
5.86437442681291,2.14992457930858,9.38346474076059,4.53506056730946,3.41509222963632,-1.12686258032939,-1.20109522767535,-1.08713442163158,0.446518274753743,0.183469097379023,0.99040447200728,0.247413758874887,0.0317887205612053,unstable,0
0.604801022545784,8.96978078558159,8.50786818065519,1.97648360755855,4.04681377601944,-0.842553202909755,-1.67015929276857,-1.53410128034112,0.612940862729414,0.230628311842273,0.730501459405604,0.746681719434154,-0.0280197331224286,stable,0
2.88356228072559,1.76251300703241,5.06795409948311,6.38015145810742,4.22377592624962,-1.53609578813919,-1.98421185592,-0.703468282190431,0.276192847140875,0.298684582434961,0.94115725949934,0.840546224755892,0.0480730859753876,unstable,0
3.11227449711758,2.27880521585523,2.57783842920026,1.4843910836554,3.07363833939321,-1.12794803916753,-1.29965958736404,-0.646030712861638,0.763630932111854,0.284991897735811,0.78587529505178,0.399742655705655,0.0005879706020665,unstable,0
6.09751260634812,3.83378953148375,1.76293936156296,3.84508902896456,3.06828028341522,-0.874727699166734,-1.66161420523878,-0.531938379009708,0.444745187632727,0.12587538744356,0.221778644401273,0.85971488176772,-0.0052302954282689,stable,0
6.36266370134733,9.37193693276964,1.67919415310946,9.5564331453022,3.3917649547653,-0.542730888529168,-1.88633115811257,-0.962702908123564,0.369856307354891,0.545839832694122,0.756043360100006,0.663224966420286,0.0230287109546186,unstable,0
5.503161645626,5.26658087455084,6.30591041073095,1.64583353404398,3.56227515673292,-0.656930358360824,-1.62961063768542,-1.27573416068668,0.264504319420288,0.208573642217716,0.943883432891825,0.425731247193599,0.0174552300794829,unstable,0
2.77734719393161,5.38618235998075,7.72324277644216,8.41347393965151,3.32666313130787,-0.97487457932966,-1.18022938655785,-1.17155916542036,0.822572936328678,0.377297236100301,0.631577361205951,0.947802011538147,0.0588776920339485,unstable,0
1.09773571649675,9.60911190680028,2.25438454109313,9.63133383004882,3.0268215375654,-0.970288477733952,-1.41379654790288,-0.642736511928565,0.1018110797985,0.0916017353195022,0.89919579176462,0.768909758743421,-0.0171162875808399,stable,0
2.47110310276807,1.61018818340596,3.79400480192089,7.60335545860216,3.56975883604512,-0.741728620892379,-1.74919315534105,-1.07883705981169,0.610720754160801,0.0586259089509794,0.0823513164868206,0.366527744813962,-0.0286479532685433,stable,0
1.8278787033831,5.45141780615988,9.74506554967333,9.78741795824149,3.97664465921765,-0.615570474881108,-1.75187308888262,-1.60920109545392,0.465393826725772,0.252246451237125,0.813985774832963,0.793450482110584,0.041106505826591,unstable,0
0.606950026216556,9.02477135194619,7.07338051669,7.35977647158313,3.93215305991925,-0.859116349732957,-1.90381080259242,-1.16922590759387,0.87740120179596,0.604821249479523,0.251602770431541,0.919605919665144,0.0180113842158997,unstable,0
2.71919448297732,5.00051447013279,2.84410610565583,5.83064679005158,3.60907612872758,-1.34934514784616,-1.54971265891511,-0.71001832196631,0.377542774110135,0.302676389665706,0.440283255629507,0.446208970727286,-0.0139521141899105,stable,0
0.590777318711008,8.87563856570567,8.90782506105283,2.92539380798682,3.47066890693128,-0.818333153638884,-1.6668866777872,-0.985449075505196,0.111917201955246,0.330413187600521,0.615277942262547,0.119398833921525,-0.0021921989366183,stable,0
1.14917404880431,1.44582954599151,1.58094952887647,6.9518616182444,3.8113215536356,-0.739342012990266,-1.43181088219862,-1.64016865844671,0.678282059593081,0.389922174857032,0.177180086597895,0.504668475951548,-0.0215743800680604,stable,0
0.519874673580274,2.43477490160145,8.3333239366363,7.38641025975805,3.47279803974851,-0.858392987454799,-1.78944471527399,-0.824960337019723,0.77503733614019,0.413242680343498,0.671501367181408,0.674664794694246,-0.0040266412449708,stable,0
1.1765737715329,4.97814061507074,6.78081071319171,5.79426357098353,4.39681047124952,-0.636117335647671,-1.90432065437615,-1.8563724812257,0.995296566526873,0.581318079945466,0.977826918892992,0.619371753053122,0.0486497678725419,unstable,0
1.04707203200837,4.80579673340742,8.87785368993145,4.1616974783197,4.16539573135521,-0.76523680176459,-1.77327878671136,-1.62688014287926,0.942982148993652,0.0687807750714396,0.169556257136635,0.685881826102294,-0.0289199161763418,stable,0
3.22714888643379,8.36707840343381,2.23360863186724,7.41789496834674,3.77604019084879,-1.00938707808214,-1.97652308610819,-0.790130026658461,0.615067054655775,0.938674611090024,0.393065917724146,0.768586323431646,0.0524681245802645,unstable,0
5.12187382613439,6.53142887731878,3.39247733012571,5.58536264815588,3.40615658904322,-0.912766079106112,-1.85235139336286,-0.641039116574253,0.341327323608239,0.353469868979105,0.398952596645727,0.428254483506508,0.0099606622531438,unstable,0
2.94283113553106,4.68639458569037,5.60833652593498,9.90425675169029,3.19824751506059,-0.641699091724027,-1.25113888195649,-1.30540954138007,0.37877512058136,0.425126587990042,0.203607028488616,0.62675896726554,0.0038205340580711,unstable,0
8.11646717961918,5.66495318979743,1.8401570620693,6.09608765121191,3.92631428959221,-0.705345306999481,-1.92535386934301,-1.29561511324972,0.446021220548684,0.263830908180615,0.366880022853956,0.561813068181078,0.0086466056957812,unstable,0
5.24522689147351,8.93675888605784,7.02714786636137,1.27057843034699,2.99371770923854,-0.744526668045821,-1.65963286175585,-0.589558179436869,0.0709205066279252,0.394441848980054,0.354650773456097,0.933573608043037,-0.0284495401098148,stable,0
8.54247806027355,4.3693172311793,5.2381446914259,3.86527083768401,3.59406337848402,-0.804323211505183,-1.97390387098001,-0.81583629599883,0.568274593493405,0.690763978057569,0.75710872255992,0.813054111436271,0.0728573262858833,unstable,0
2.9563209794268,9.44476443428889,6.72364894128423,7.8875134217312,3.98300532824871,-0.516928992324357,-1.89633647541038,-1.56973986051397,0.628242996100445,0.217441308277298,0.232298736891402,0.256535996731436,-0.0206028503100035,stable,0
6.69113749828503,8.18450630760816,7.36816050648505,1.58508306675161,3.42630654645193,-0.627374561021337,-1.89386624965257,-0.905065735778026,0.148593669218784,0.675219075144919,0.71766644497962,0.941027042665624,0.0230070781443604,unstable,0
3.23432495972292,0.711704165598121,7.65342645348485,3.40257697625038,3.42036896469392,-1.10574293591944,-1.28201494917176,-1.03261107960272,0.738455134338049,0.860300918327228,0.53246024683426,0.8084113458162,-0.0110945098680936,stable,0
0.637284871800546,7.97845989332041,6.47690971940858,2.65368802627664,3.39506611157918,-0.555046457052964,-1.72790995076156,-1.11210970376466,0.799099105004343,0.302513690396928,0.081445128100568,0.206336268747406,-0.0436693313801457,stable,0
2.59483704162249,2.19511828523627,7.07023906852526,3.52447924389378,3.98748309769807,-0.74733223772106,-1.9124850349956,-1.32766582498141,0.33375547792764,0.371419287899346,0.443448873319678,0.337149993204721,-0.0326370511404791,stable,0
2.98636298706111,5.28806704479039,8.71076198484261,2.40004690293277,4.14026836610647,-1.041090089718,-1.90074271208406,-1.19843556430441,0.29765125394819,0.858334793077968,0.261371307387399,0.442870199601544,0.0040995120426665,unstable,0
4.84125387765339,2.02750574125329,1.27621609340471,7.35748732954748,3.52270611646349,-1.14544139746795,-1.21236092914043,-1.16490378985511,0.930903807820481,0.403693134363438,0.437257396083976,0.101562517909271,-0.0223055759143178,stable,0
9.53624348596075,8.4642278787302,2.39775584742662,3.42697960196219,3.36848831459923,-0.511204278515943,-1.94411179951678,-0.913172236566502,0.703083871399115,0.295218176324451,0.907636264288352,0.460322112151394,0.0035606851574804,unstable,0
0.668108993060514,6.85743894032206,9.88623670213571,4.6381924631697,3.38806061941775,-0.743238869730721,-1.22157707635807,-1.42324467332896,0.766660684742083,0.564170726842486,0.693785069874943,0.45161679313332,0.0026883932736996,unstable,0
7.2909625173687,5.01722054942959,0.553842438556196,4.2492831567122,3.48232148816921,-1.24112604919742,-1.61964781213533,-0.621547626836458,0.543352181442355,0.0554864514303766,0.437786455753733,0.140761285124504,-0.0441103355034253,stable,0
6.35086553396581,7.66231508885638,2.0008423020332,6.78312153240328,4.15688472313581,-0.731457004964282,-1.94165391267519,-1.48377380549634,0.748248145067059,0.793465310870177,0.12898740241199,0.378229738525841,0.0531979640449779,unstable,0
6.24644450501187,4.60112780927317,6.1034138438903,6.49286361074798,4.09085070085534,-0.551600517034484,-1.88256578639859,-1.65668439742227,0.958550734005823,0.254229254393718,0.621823854140552,0.221279830873371,0.0572406523203241,unstable,0
3.46972348247035,3.36983809442212,1.56840752552117,8.80221218508144,3.45122139926744,-1.14026955790122,-1.29894395089579,-1.01200789047043,0.680045684599337,0.260460288367912,0.221587922149061,0.0564283621043817,-0.0190153029517139,stable,0
5.85073700932168,4.38994756751121,6.46526012535421,8.98864559002959,3.23717513266113,-0.56844375825465,-1.53704799091604,-1.13168338349044,0.101071584424598,0.136825593702637,0.480631490965779,0.32149084571069,-0.0098725780338336,stable,0
1.63301547006051,5.0094134198032,3.3983549057634,7.13874427234425,3.68857027066896,-1.47954890856521,-1.58592771995157,-0.623093642152182,0.0616822222483682,0.431809744662269,0.777372631602471,0.686734541398533,0.0258286609872337,unstable,0
1.90395395692367,1.28638710589671,6.80803267035815,3.78463632699575,3.3271194814594,-1.16470503821328,-1.34350302577588,-0.818911417470244,0.264719832548534,0.309010070784242,0.551985408439357,0.213030184169096,-0.0284788776281816,stable,0
9.1765653051303,2.12200260391294,2.44534959946425,5.17966575698284,3.23413592652205,-0.599726428840007,-1.54644759843522,-1.08796189924682,0.308109117668325,0.329717363035978,0.583322186870327,0.336830908224155,-0.0316796612394551,stable,0
1.38668440280154,5.59248647086445,1.59284361608162,6.16086550850075,3.55751924832477,-0.895802771806088,-1.37204643078406,-1.28967004573462,0.367408385614797,0.372137237942207,0.676947471852985,0.419760509796437,-0.0408074534460195,stable,0
1.43804947461359,5.31949212392136,7.60416874826727,2.56401197028252,3.52872529159372,-1.48705067124483,-1.50466644236163,-0.537008177987265,0.95042480052863,0.419919207847884,0.899586772885628,0.0888569156827964,0.0008767042712123,unstable,0
6.50451513010913,6.57079889825374,2.59825011965156,2.10173304696667,3.00279876010052,-0.622407369844033,-1.34067032523347,-1.03972106502302,0.361406815677035,0.439086249115634,0.980919589083187,0.484022028495242,0.0034739731018825,unstable,0
1.91827293208718,9.75724062400196,3.2921777258391,5.33534988492569,3.02577151683897,-0.597726798148069,-1.35478016764272,-1.07326455104818,0.0792528247365262,0.525079116099311,0.905218614030998,0.594904416217745,0.0123587685125383,unstable,0
3.45999034326478,0.642912848016934,9.74355430069617,1.93521045585406,3.76883026927191,-1.10248108425975,-1.63684654199273,-1.02950264301943,0.197676078146712,0.194325336266191,0.903083231407586,0.843679825817619,-0.0228124470005512,stable,0
3.68199212241862,2.60590987135232,2.4366990535367,2.7157734041207,3.10858069923119,-1.21473320196553,-1.30471659640211,-0.589130900863546,0.323175736026716,0.26474131764038,0.535298539182978,0.984205521953695,0.0048266699525247,unstable,0
7.45355650172295,7.96624714543612,5.68460964935401,2.78065843441923,3.43320041467175,-0.639952820647077,-1.47613138356103,-1.31711621046364,0.283169669821446,0.165562268002932,0.438983924621241,0.736356435424971,-0.0049294695454586,stable,0
3.81326866033742,6.51684613221859,3.84641891632945,3.71463307061826,4.00521473627624,-1.28169362311001,-1.81401165333089,-0.909509459835337,0.343858129098077,0.453457675250886,0.566343598239481,0.521668860007075,0.0229873807033516,unstable,0
2.2704956124817,1.42515815982933,2.71503509235227,2.8701718311312,4.05328491975702,-1.25131648663019,-1.39420063676486,-1.40776779636197,0.156430287991543,0.930430318040345,0.415616745193271,0.511587286187526,-0.0385329161774232,stable,0
7.91695802592833,6.43257757789873,2.60390871729717,5.03907962540963,3.48057396868629,-0.60333148531554,-1.53478906487428,-1.34245341849647,0.0654282676724368,0.0680277719722164,0.210873241693665,0.460624008972489,-0.0373845420678531,stable,0
1.16017406421511,7.46093991900346,6.45765195618494,2.44261956640383,3.85406972083992,-1.35168439026532,-1.72158268421778,-0.780802646356821,0.380841325353275,0.0850392174211994,0.484924752502192,0.606606882557471,-0.0228420645104756,stable,0
3.45891472095802,9.3368435613005,2.94703717884215,3.91374463359393,3.71151764825818,-1.35474993180255,-1.68187170622408,-0.674896010231553,0.342075492372938,0.774410629892393,0.153350601494849,0.810013195427021,0.0158197188576186,unstable,0
9.62773228562454,3.39082856592861,2.3185650636886,3.45077349289625,3.4814639841537,-0.763892513786885,-1.56858921876018,-1.14898225160664,0.980665560799205,0.49557052792795,0.702327954732417,0.306404127649344,0.0034223152458714,unstable,0
1.51266998383665,2.56314315233803,2.25890044864941,9.14962823544634,3.69599859203609,-0.73485674343023,-1.92435944606507,-1.03678240254079,0.726931342905309,0.148708823959075,0.328659946448776,0.792391662547921,-0.0124286485908763,stable,0
2.02777319788801,2.66558662682084,1.82343363135332,2.38598475868965,3.23177458976522,-0.757830983697646,-1.51226585427624,-0.961677751791338,0.550252733937879,0.162370549242047,0.655848630870517,0.802567034972729,-0.0181832811412112,stable,0
7.41521208870647,3.7633265905416,4.77178362252807,5.64308631677226,3.41364699824453,-0.740489014333545,-1.88605081086202,-0.787107173048961,0.904058324231043,0.239781829003006,0.767842996431059,0.682420558124576,0.0742324791850798,unstable,0
9.36705028754089,9.21845305821598,3.95751115701947,0.55259635251431,3.16044153757462,-0.767950847237627,-1.70701591513209,-0.685474775204901,0.641879332189332,0.814371626012143,0.679321312267431,0.170935859879483,0.0390686387609504,unstable,0
5.64613513434454,4.12051953167819,8.56335944408795,0.684053504435695,3.02682752689419,-0.547145499877643,-1.89029740241742,-0.58938462459913,0.452574892177037,0.992969403270132,0.711733084975334,0.785156454885872,0.0176398609454058,unstable,0
7.52674745322559,5.19577642683953,1.99989516032273,2.84079425864997,2.88338170922311,-0.728326312997937,-1.61416681225784,-0.540888583967334,0.724451677460689,0.765662120170989,0.949145153808226,0.436689900853827,0.0367507366205537,unstable,0
5.6393857822255,0.665052370140329,1.75442311602801,0.66064897809024,3.81709655983139,-1.4436196708551,-1.57746973068082,-0.796007158295473,0.203009305379378,0.643900502851625,0.809150812296567,0.344086910835972,-0.0480370251087913,stable,0
1.97138119177934,7.70840383295897,1.88632418108033,4.35161132599423,3.35740437725713,-1.25191943765302,-1.53312482870306,-0.572360110901052,0.649956630165015,0.232817558612386,0.875603255727828,0.0912362301992194,-0.0348001383790963,stable,0
8.33196407389843,4.44810711068683,0.979845662799012,2.51178264937553,3.82216409123617,-0.753653255016927,-1.85700971883968,-1.21150111737956,0.776572462908227,0.458265267369877,0.567292208954056,0.0521614273821213,-0.0153120154446783,stable,0
7.0330967495146,6.2383515065128,2.54764053733306,2.59956538471413,3.3104893630267,-0.621757535294187,-1.92142950346251,-0.767302324270003,0.544817701135208,0.76769637568999,0.781228780191354,0.199146581545684,0.0325449534922954,unstable,0
2.94010541961738,1.78497003161266,4.44872086429108,4.82938302222661,3.02815063587874,-0.903903939955088,-1.32969918506376,-0.794547510859894,0.627150083410711,0.628833756020493,0.290097465635351,0.852703305259288,0.0305487908812097,unstable,0
2.453407899186,8.41706456894898,8.24796143868908,0.825446282663173,3.14989978592398,-0.815604104421358,-1.6760066205563,-0.658289060946321,0.341999154967723,0.149298364850744,0.997373767119537,0.544509724495907,-0.0053105773869281,stable,0
5.70366828668943,3.00692908938494,9.69782501302969,1.00231730179331,3.80758854718662,-1.07343991964776,-1.72738368381426,-1.0067649437246,0.71357161952078,0.381105877641657,0.538081551774085,0.551456648827294,-0.0073282016119126,stable,0
2.54036065264646,6.58678848126847,8.10857157823538,1.94545182339364,3.8174126885438,-1.23838639247677,-1.86886397058857,-0.710162325478461,0.446749896249768,0.729400874107463,0.790218889815249,0.178232923290844,0.0338638917330191,unstable,0
1.02465977890918,9.08312282345596,2.41403833128947,2.57646708476101,3.72566381753351,-1.22142938691849,-1.75631239711735,-0.747922033497668,0.633920112700029,0.205281872492168,0.462850414646113,0.283405175601983,-0.0247152970661961,stable,0
7.65665077425636,6.4117484506914,5.65595952296013,6.04571241943871,3.19389984758345,-0.918944460991537,-1.3770127494337,-0.897942637158208,0.443617207748886,0.490798546709082,0.988510733427962,0.788984226079477,0.086436033686771,unstable,0
0.583055669959355,0.847441447310836,5.55985199861572,8.77009286311164,3.73928512193399,-0.527537652873609,-1.48769857128834,-1.72404889777204,0.450331557393529,0.070677066441495,0.339487715745174,0.417993335040176,-0.0358085933909291,stable,0
6.14289901222641,9.49585587838644,4.1722570158724,8.82422564452847,3.51582034316815,-0.697849221891235,-1.99945673456736,-0.818514386709558,0.630641852845027,0.259878227832915,0.399092796554635,0.427107230802824,0.0299264469798454,unstable,0
1.41055503003353,8.25163825949501,1.13135103768494,9.85414414857193,3.43003107729588,-0.779117184063979,-1.66107256549107,-0.989841327740834,0.454060482662189,0.0519466602642089,0.568631555752293,0.323279608481232,-0.0373128529373857,stable,0
2.17165802871976,8.19545562286326,3.23284509055967,2.18786800669499,4.10291397035475,-1.09626193888389,-1.82877345084461,-1.17787858062625,0.535306687161137,0.367634195261609,0.188299156387676,0.30568257731408,-0.0344086677965566,stable,0
0.892235626583791,8.3025446725903,6.18729398335805,7.6953193676192,3.98813639051782,-0.844713035522262,-1.74412652587715,-1.39929682911841,0.475706681447716,0.822164774185817,0.647908215408387,0.229394875317131,0.0284667442788977,unstable,0
5.68080704991038,1.80160183338199,9.03074524583745,8.44134140637836,3.62202313173936,-0.861615501461108,-1.89120282072996,-0.869204809548287,0.320366252154243,0.619241462689708,0.799663293927258,0.200366625275412,0.0113016943407714,unstable,0
6.04306340512701,2.45575423419438,4.245952951197,2.41346086227722,3.82471639810272,-1.27215083045062,-1.41078723110678,-1.14177833654532,0.172188127412578,0.857122930508769,0.962428242479138,0.412993719979054,0.0322788301593717,unstable,0
8.94733949621822,4.49916325075757,5.79488648711757,5.04676533614742,4.11778750268236,-0.890509698193357,-1.75095556958674,-1.47632223490226,0.0614144930659444,0.523789881832049,0.846890205103047,0.140420225158422,0.0193710442341217,unstable,0
3.06848772102686,7.57916137903681,3.56922993749116,5.99027235506342,3.12015152057045,-0.647312869759405,-1.71246359273302,-0.760375058078021,0.754747010075134,0.548862158277795,0.138265518118138,0.215873154689574,-0.001548708101932,stable,0
2.42273029959986,8.65014687892086,1.16868181350779,6.60881368188012,3.64701673566168,-1.01435146533909,-1.8469861603718,-0.785679109950794,0.0945785729265038,0.441629469847135,0.424757437165506,0.351200074314185,-0.0286300941436799,stable,0
2.01604685929244,8.71265925532739,5.3649831964215,5.21155928478982,3.34241917052174,-0.841766171826143,-1.83445550253027,-0.666197496165324,0.777478668467758,0.447167251135126,0.331208451704872,0.230475846741505,-0.01856866298612,stable,0
3.00962183075546,6.16260562975464,0.831112580565538,3.90916647969288,3.84528911184162,-1.57071918751491,-1.66305144206297,-0.611518482263735,0.749769456300641,0.143938846098231,0.393560609370593,0.373265056210153,-0.0516094992133745,stable,0
6.29330667628715,7.23541045801177,6.11207817819585,5.22383941862415,3.0519540804667,-0.530868283065769,-1.62312525356832,-0.897960543832614,0.116819795374365,0.398827462515254,0.141854310807103,0.515415987873203,-0.0025736780890811,stable,0
0.614709356780187,2.84572319640184,6.68736199051486,1.34752649376421,2.94480621874595,-0.912362982625957,-1.29217188467885,-0.740271351441147,0.734777303271526,0.416678214389855,0.382914707455011,0.133321378223972,-0.0382915060138163,stable,0
0.932703756155446,3.52092631336332,1.90932447834362,5.90052754837713,3.90772155779897,-0.514266679720767,-1.59133075111863,-1.80212412695957,0.638958328741248,0.898353658466953,0.0501038881702232,0.792140800759682,0.0049261609730998,unstable,0
1.39758627237732,6.24331290294528,1.43712596584002,5.45572180910966,3.84266622683796,-0.844914948855445,-1.3735592351182,-1.62419204286431,0.633491372485338,0.232255506862882,0.309908530520464,0.401737282337882,-0.0323299579989367,stable,0
5.88861774156021,8.91284371492228,0.626044380774209,4.79072904633975,4.14072410647532,-1.27339118104865,-1.80082575321763,-1.06650717220904,0.411422157803818,0.883161548885299,0.99650677614564,0.927973066291927,0.0200531163638485,unstable,0
0.809732895182946,4.1787687205304,4.39220563392371,3.59726243046187,4.0741229557548,-1.1213397480851,-1.47042566597137,-1.48235754169833,0.135080175604812,0.849855694041307,0.438435916141638,0.917203912577906,0.0477512387253012,unstable,0
4.06173817514422,9.94433889389619,9.74937970497041,6.08375697038759,3.24300696745321,-0.823342535529041,-1.88205855200668,-0.537605879917485,0.849206370693682,0.404851091586744,0.306805431192352,0.113031862548619,0.0106343553966216,unstable,0
1.23024236878452,0.788695997857884,6.71252220594047,2.52833690941245,3.51536977789382,-0.65491052685983,-1.67195372048786,-1.18850553054613,0.30622511834972,0.754017492460299,0.854585843815206,0.75510235930212,-0.0055628286748958,stable,0
2.98980162945638,9.74086906565375,1.46928715116612,0.773786153145728,3.31552385134842,-0.674824370453903,-1.98210179565139,-0.658597685243131,0.102592092498597,0.727785842408873,0.123762110078507,0.478870521606713,-0.0368033811593295,stable,0
2.72978441863918,1.52846250233199,8.71250778308845,3.74887211961717,3.4091377841435,-0.935581022755464,-1.64962244045617,-0.82393432093187,0.372715933340634,0.305464191852212,0.957918808873425,0.599568602633659,0.010391393226461,unstable,0
2.54994890751335,3.97111766445978,7.42430207479912,2.11074501963382,3.93237584702759,-0.991409749967547,-1.44322034684077,-1.49774575021927,0.909693186223926,0.347898878176454,0.788438210624452,0.558681829985615,0.0141451843769372,unstable,0
5.95500111020906,0.882765459322312,5.23667825270337,1.91134693406725,3.0814529440092,-0.682189414949424,-1.75460966304651,-0.644653866013268,0.38336026302238,0.884717669608408,0.537384594296431,0.0990121205441619,-0.04862098892129,stable,0
8.28110309112208,5.31166083556986,3.03114538489821,4.17095310136465,3.11078829097375,-0.810548713803338,-1.41201523431091,-0.888224342859502,0.0792694925625471,0.630833314246839,0.185015374135161,0.462699767882393,-0.0114249104238593,stable,0
5.64124258490709,7.08758431031293,5.53051903904972,4.38936012990096,3.51853546141296,-0.716353245071543,-1.78137457899901,-1.02080763734241,0.293561104754172,0.817127744660679,0.688309487610749,0.882576995660937,0.0801484055770887,unstable,0
2.51022465934219,3.60409640454758,4.2595518183604,6.5304340757821,2.68703880967648,-0.693152697795245,-1.4261068526915,-0.56777925918973,0.437335371125485,0.104533375171102,0.734893496650789,0.104031065782029,-0.0265596287468366,stable,0
1.24740156063861,7.49173451131046,2.84910493236779,2.37395265105602,3.2292924923871,-0.504204169029451,-1.643077529416,-1.08201079394165,0.268143944641773,0.885512908663933,0.0649529118554888,0.714151130915368,-0.013524346622663,stable,0
2.18725102331432,3.22802646401299,7.18360949085512,9.56461058034136,3.57258564682117,-0.87261824969803,-1.73650196314816,-0.963465433974983,0.869044327565655,0.297476230418248,0.462170714782262,0.798685505716801,0.0130859506053602,unstable,0
3.41247821105993,9.91274598824665,8.17114852190103,4.54632407651893,3.16935843521746,-0.729133988304844,-1.60662883934416,-0.833595607568452,0.374663908613239,0.827659384486434,0.911528060090926,0.552314017058124,0.0625269617627615,unstable,0
1.42483240131901,2.46791097225954,6.89272907627819,1.8128150659826,3.56820760369222,-0.895421251671377,-1.48630269631344,-1.1864836557074,0.106422362139937,0.474484046057246,0.750209095648548,0.68417521220653,-0.0109848828968643,stable,0
0.57378495554718,5.87109316983446,1.20365280545782,4.37948947852189,3.5455755538929,-0.852335677064105,-1.70007251405056,-0.993167362778238,0.254361678078269,0.224018319214627,0.385449290514087,0.860900015895053,-0.0239449684691892,stable,0
1.1223504991664,1.6010567182209,5.72671211242308,9.5720661509942,3.45337079699894,-1.0568364405946,-1.52273890415151,-0.873795452252834,0.138389528213434,0.578135932018346,0.998056740174851,0.740222060744879,0.0205849652835931,unstable,0
1.8424541376565,5.54798915245286,6.13811885452172,6.87312412651617,4.06964520308043,-1.24915892459814,-1.91120678794144,-0.909279490540852,0.917014814676662,0.159697746001658,0.993500064291746,0.660718348315327,0.0459940254474612,unstable,0
5.77310183330941,3.45720722578354,7.92887466906322,7.9358978703754,3.45755959733846,-0.826795933710237,-1.58731580803557,-1.04344785559265,0.642290518404708,0.571415751723616,0.3798125628158,0.522990485504746,0.0452716917857571,unstable,0
6.88363371457879,4.42627877641047,5.02461696521272,4.12973377691299,3.67677904300959,-0.974326387647586,-1.8874377525234,-0.815014902838599,0.224244773825884,0.331242250755645,0.929194990337064,0.742459699657186,0.0559923496385621,unstable,0
3.80582645640491,1.00514366647996,6.01137585163876,4.2535347143337,3.77791084762149,-0.619857411063719,-1.64286206758867,-1.5151913689691,0.495443972410168,0.105670534868538,0.667583348644908,0.430965793862166,0.0108619509949268,unstable,0
5.37795607354663,2.50475131189859,1.06280469111879,3.8210843863499,3.93175795249591,-0.617108613478369,-1.6239425376383,-1.69070680137924,0.898414731018511,0.426448025701098,0.715838520624448,0.959882693668956,0.0443187495039892,unstable,0
5.88168086680063,8.59327951142921,6.19973979107464,8.96452175234527,3.96986339624002,-0.871814747527183,-1.85589719220345,-1.24215145650939,0.417534735951744,0.066219327855584,0.611569288750673,0.289657865783259,0.0173458415976419,unstable,0
7.94366257376522,7.71819920691878,5.53259110571203,4.38298280222095,3.60764889414559,-0.8611451068628,-1.59273976181136,-1.15376402547143,0.849629243339655,0.435643139432011,0.186441733898121,0.543294210524823,0.04897201944272,unstable,0
6.86726630343153,3.95321125218103,2.13183044164779,3.50401145256312,3.47895025509271,-0.803338820241671,-1.42772664496228,-1.24788478988876,0.255055822312883,0.440514857657594,0.805081917182497,0.680414281223339,0.0078013277198509,unstable,0
8.76339057796652,1.00327178783055,2.44880909801662,9.70103830441319,3.73640524800358,-0.670556422987231,-1.75333523220861,-1.31251359280774,0.440655852035278,0.57199710188096,0.832172108650805,0.217448175303902,-0.0172351430193571,stable,0
3.44129369526369,8.8973776852984,4.05284602943757,3.19495045587104,3.87999640512299,-1.50036614596976,-1.43934795169084,-0.940282307462394,0.941480764525941,0.430015709587942,0.886050220799196,0.619960165115626,0.0547698403866929,unstable,0
3.71985143248795,5.63758935765799,3.22590560543746,0.843646230199561,3.97241072270359,-0.686896606697456,-1.55067012934609,-1.73484398666004,0.284201965326335,0.966548172745727,0.768375757793231,0.984551306095731,0.0229847152892893,unstable,0
4.02411100374811,3.32664730919917,0.994566180920799,8.11132064386237,3.43955837470244,-0.657114758090349,-1.91217923054689,-0.8702643860652,0.293435324381267,0.84103702884801,0.743934465431096,0.572698325645968,-0.0218021226801481,stable,0
5.28954082523076,1.56722942617696,4.91762915636995,6.01764029366676,3.19644423905115,-0.910442235071142,-1.30151959546178,-0.984482408518228,0.078929617142569,0.298159719389136,0.442012129389577,0.354526707329595,-0.041785014421568,stable,0
0.887300396734278,2.08306758683535,9.40350979353308,4.61579654398726,3.58224274515391,-1.06972847480951,-1.54035298152162,-0.97216128882278,0.878798646892459,0.396956042273265,0.969035745277837,0.126054506074595,-0.0110007009845769,stable,0
5.16419746643088,6.90946765831559,4.58961466323556,2.45608798834072,3.75645006752779,-0.96562773476775,-1.59303981695275,-1.19778251580729,0.785003769599594,0.755244790314408,0.167812656217159,0.286977601874463,0.0386301594934858,unstable,0
1.0266587527475,8.66352305879435,4.17378431776677,7.72869819824991,3.62374156603496,-1.50580352887548,-1.53241636778525,-0.585521669374232,0.273579049636832,0.695457039608982,0.946943746789383,0.937133772658391,0.0594744440604753,unstable,0
1.56504450339514,0.923304868888936,5.62940830095016,6.0782127710966,3.29823611305134,-1.00635617291089,-1.69994208779858,-0.591937852341868,0.122396247694814,0.528772743452077,0.350588379576695,0.65733684465289,-0.0290691960989901,stable,0
4.86134055745445,2.13388941454266,6.95348961556782,2.13412120486912,3.11292390806198,-1.03670052245841,-1.51468752175316,-0.561535863850406,0.873557517507535,0.764157600289937,0.292241666652692,0.124228878026588,0.0063677208433624,unstable,0
8.03890851175424,0.884683919215016,9.36770089833402,7.91850245175374,3.26602258718553,-0.68759404610421,-1.68845907322917,-0.889969467852148,0.767391280074123,0.131650878194476,0.540881463971699,0.556313118407715,0.0495930525740236,unstable,0
5.92004565407326,0.839915154561901,5.25554773325574,0.801548065378168,3.38409268062135,-0.789687994701462,-1.83625784921627,-0.75814683670362,0.389763040293761,0.856950845724105,0.979834819985387,0.371741964219663,-0.0147162202276741,stable,0
7.32213240481201,3.81860652300147,6.35741465908781,6.78586938918445,3.27226288805116,-0.797307480890455,-1.65666414372218,-0.818291263438528,0.228395143326186,0.387252667538495,0.112024081741314,0.339389557480144,-0.0216765097060095,stable,0
8.95120874587011,9.71493267103977,2.49240712424391,7.97327124436447,3.65343378687225,-0.84311172054389,-1.74813732128188,-1.06218474504648,0.904173670475186,0.22811987393314,0.778849782664918,0.174687842974819,0.0220887034329032,unstable,0
9.6427805970965,3.50033551391311,2.85952706731035,4.71426253262343,3.7855406111488,-0.549664931690192,-1.90950569082877,-1.32636998862984,0.551953289138931,0.521418955580165,0.192634628219159,0.404471706358964,-0.0060258032882706,stable,0
4.60330799059189,0.687747934055922,0.951192759957118,1.60248271192515,3.36136089393333,-0.937736355650541,-1.64347331760135,-0.780151220681437,0.428274598131987,0.316838387420494,0.681856423611462,0.219865127193575,-0.0314246308534939,stable,0
3.06458638544003,6.98543452497235,4.75140175153863,7.34761451286525,3.43449383414407,-0.915357226516039,-1.8152824205323,-0.703854187095736,0.741055068204446,0.368004482931069,0.817332668838557,0.455634770310037,0.0488721537029505,unstable,0
0.993257580508455,3.98556935976831,8.30260742239599,7.00736633749071,4.08105909804051,-1.21238615407111,-1.90857164044412,-0.960101303525281,0.0873901987826219,0.648293994773987,0.429890358491366,0.844857380412392,0.0374865922577238,unstable,0
6.05122344398915,7.51385498872532,7.018261933564,2.34439117466221,2.88464160765267,-0.893486927072646,-1.41334714803646,-0.577807532543561,0.127801439257626,0.149095387893536,0.947572784355728,0.885592908673177,0.0196932458066021,unstable,0
4.77033006588217,1.22367671473771,5.05409065274418,3.78996482486783,3.90503866546438,-1.06859582299232,-1.3885967924909,-1.44784604998116,0.252842708076886,0.339364594906571,0.275245831838433,0.524823415215496,-0.0424319336157902,stable,0
2.6938399000146,4.19775005235011,5.67086064565897,3.67146452552518,3.66524184075775,-0.840055024620495,-1.61611535395568,-1.20907146218158,0.228623259505581,0.113377025882029,0.436101544157877,0.571149391069213,-0.0249456903294177,stable,0
5.43391511450527,9.78687967298142,4.09091332774364,0.545670540774765,3.22840823510794,-0.700421285114053,-1.46798335256481,-1.06000359742908,0.28606851661881,0.142862601269068,0.693435263354104,0.818742908547588,-0.0410971507587309,stable,0
2.70973594496651,7.42111193067476,1.66626559343714,5.06378925348897,3.31400532831639,-1.1067277121888,-1.61892427066525,-0.588353345462342,0.597181840643003,0.939705593782437,0.209286603642401,0.444697694001845,0.0260129162523114,unstable,0
1.73043256008322,7.89709078147607,7.07253036333525,7.27134885996911,3.84076109599164,-0.754325890512706,-1.74303238372183,-1.3434028217571,0.182637885525364,0.483946728694276,0.0961159001600218,0.534696959043774,0.0051017639157132,unstable,0
7.27713854390943,1.34680319858606,1.98305759590159,8.27311221098638,2.97674097803996,-0.556727630960988,-1.42831135589054,-0.991701991188433,0.380641498025077,0.895897133742857,0.857701242660742,0.851627440975617,-0.0111090677685187,stable,0
3.85223898711688,4.58658995238174,2.48932595895651,5.30872061888761,3.61963018682589,-0.996281295109983,-1.75824229670911,-0.865106595006795,0.951751355314258,0.539737714642184,0.602399119592344,0.886380180909048,0.0834255773957643,unstable,0
6.38048166740163,4.64553353812327,5.68033004777533,3.17194574501283,3.61419172915496,-0.782095084402931,-1.52182543897051,-1.31027120578152,0.780219409394832,0.792662473407141,0.616020111035991,0.894199493473907,0.0888390776573358,unstable,0
2.93578431295147,3.1506314547668,0.66734686751694,3.15561373526138,3.3797247985469,-0.614000774328772,-1.78162279292739,-0.984101231290738,0.144380852532912,0.172695686041759,0.783041324410011,0.498313217875931,-0.0583239048520278,stable,0
8.05785595477235,1.74145589441715,0.820263164726761,5.85353793212648,3.62427574962802,-0.512767703524523,-1.87772667274462,-1.23378137335888,0.483192797294522,0.35958430104613,0.494784160436367,0.535582619527845,-0.0284304331023217,stable,0
3.94612062417821,1.6054601247978,7.95587535987231,5.07312848385394,3.26554079982924,-0.84338588629826,-1.16020442725978,-1.2619504862712,0.536531283146586,0.386627851686027,0.898547851879661,0.793668215146391,0.0492786873667962,unstable,0
5.06942139821434,1.16073605600193,4.45812018029088,6.6193323358777,3.85387997535397,-1.1352933252317,-1.79693801835879,-0.921648631763482,0.502848607657807,0.902369156201896,0.0581233081091102,0.743225361074157,-0.0048964060023191,stable,0
5.32791732771655,8.02201159905385,8.34985554380316,0.594034075900889,3.19466667196399,-0.587805609477486,-1.53638046160949,-1.07048060087701,0.624761962930414,0.957751683486683,0.376178264648598,0.932930221681788,0.0218419707133023,unstable,0
5.8221516073619,4.09625198659205,5.68566072871051,3.40667404829648,3.32525477363372,-0.942778583119251,-1.27921901434533,-1.10325717616914,0.394527110840726,0.13383635315505,0.60107095936202,0.139689165359507,-0.0052491836333224,stable,0
3.20562584623832,0.734354294864123,0.520455371450575,1.68525191460194,3.2073373986733,-0.927374337254244,-1.21863264103914,-1.06133042037992,0.90400286808883,0.224523012986532,0.0833594239138009,0.454253391757728,-0.0394877319649506,stable,0
0.759494263140566,4.45551791707912,4.66665126068599,6.70181157236011,4.34073540508126,-1.37532637189243,-1.99730241087899,-0.968106622309843,0.822745817702105,0.107964896808269,0.873284735655302,0.438308068044457,-0.0087778414335258,stable,0
1.95578218275002,2.59684773493784,1.928516987149,9.25300347215144,4.09209095504338,-1.57379394850781,-1.92043582074125,-0.597861185794324,0.522546357937466,0.419594254272106,0.381771893901909,0.574401346596081,-0.0234591308546239,stable,0
2.34730943635347,3.144209259866,6.76161014060018,5.20137850137876,2.99789929126724,-0.621337387860275,-1.28687693103657,-1.08968497237039,0.666165645341845,0.879003742018753,0.190114285323529,0.067867530518889,-0.0215405156547537,stable,0
7.5347106359955,6.05254602314436,3.32208574957435,1.61614127322285,3.82584265541886,-0.989812961303641,-1.81250046362074,-1.02352923049448,0.752003364339762,0.58402489572796,0.570330391461663,0.0815486207613244,0.0329577104589471,unstable,0
0.755011161645711,6.20358677970935,4.51360744564021,9.77762650717231,3.49118789284009,-1.11286706723596,-1.40484993291696,-0.973470892687165,0.964781025852348,0.203355327523773,0.382620035894401,0.299667675879153,-0.0383575953908065,stable,0
0.78700976689196,1.4423364006766,2.40181541447821,5.30341262087436,2.78211250634501,-0.745343378811644,-1.24856972493341,-0.788199402599956,0.076530910595546,0.544615019872916,0.56009540203418,0.435793872098305,-0.0361517453211682,stable,0
2.56309178651989,4.3436670437923,4.67904388673818,8.44577758663439,3.30347591968254,-0.677215250416065,-1.63289442167057,-0.993366247595905,0.594872143465979,0.442879011511668,0.989028701411862,0.952584011278426,0.0627890543740018,unstable,0
3.03029053941792,4.93612391319557,4.8357756440492,7.82718931075505,3.76931521256666,-1.04268022388825,-1.53263930537921,-1.1939956832992,0.3342239559002,0.242606567704182,0.95956331848582,0.0693115189825674,0.0071328508412293,unstable,0
4.20960236549566,0.584783999297,9.96595670703184,6.26815077512662,3.81609125071659,-0.711219116339949,-1.81473593792007,-1.29013619645657,0.245936986111404,0.471195557302715,0.86204479227113,0.990467597516264,0.0321968570963453,unstable,0
1.97878280282135,4.85750157321683,5.97600897089458,1.03805148084402,3.0892110162876,-0.770632269991061,-1.45558946724579,-0.862989279050753,0.66008033185716,0.967704520623644,0.13322987866055,0.538260985573614,-0.0097049027593355,stable,0
4.64603940638715,1.91906680318019,9.50196937663234,3.96933418587287,3.05080947789364,-0.876982332500082,-1.61983887692931,-0.553988268464245,0.569421439948581,0.371761298375557,0.345870577783041,0.0713981859508227,-0.0277192250192409,stable,0
4.66260468740866,3.24292383198463,1.40743634500516,5.25638455612846,3.79909127030651,-1.00258181472613,-1.53212346876346,-1.26438598681692,0.593701113264264,0.546835169096022,0.442329836586176,0.778087887344946,0.0357632254774351,unstable,0
5.95915895833689,3.16557459766448,1.50199004391392,8.5642701429496,3.43914516251738,-0.949837200032896,-1.44789764109736,-1.04141032138712,0.0841844032612164,0.195830723800263,0.399743567146775,0.0647327579433436,-0.0500751191455868,stable,0
0.967093589791993,8.37031141149371,1.09211213275482,3.86632785415949,3.62293905393892,-0.660735831377923,-1.61381923017013,-1.34838399239087,0.104120818028422,0.668036414131094,0.704939889157544,0.566035744189291,-0.0333247029294237,stable,0
0.929906147683237,0.668789097772923,9.88143084190235,5.13031148708712,3.44375353779414,-0.921440859884094,-1.50954506242231,-1.01276761548774,0.0677076620298415,0.67774371245911,0.640486742294714,0.524092233586481,-0.0306061427237048,stable,0
6.40377070600446,7.8248291030193,7.2868065627453,5.66845609687949,4.21446974105435,-0.789389352630649,-1.90628572198732,-1.51879466643638,0.207983191402594,0.798910595964232,0.204273800246334,0.148843321866239,0.0220877170189991,unstable,0
2.04707787410168,8.19347921175027,9.60295432170427,9.26225112186221,3.55157825604128,-0.669944484577409,-1.65366371269381,-1.22797005877006,0.86278596090308,0.91009302261728,0.596016148374138,0.48134679882178,0.0471177141064877,unstable,0
2.84229337823691,5.24399979170685,5.6177435916158,0.879096010019316,3.93841430435825,-1.1917450228053,-1.57022564380025,-1.1764436377527,0.445714763214058,0.510829491644426,0.115899393073001,0.655568927036913,-0.0585678431185373,stable,0
1.89162041957093,4.00993120355211,8.12000300771,2.98341153225225,3.92087263508627,-1.2153695759467,-1.99219288998124,-0.713310169158329,0.845160865287477,0.713771323315168,0.606618165187439,0.478464775147003,0.0073195959245895,unstable,0
1.31410712558982,4.09991926618558,7.58664700202959,8.61671983889216,3.67014807667108,-0.828057868351368,-1.88771767824623,-0.954372530073486,0.823178480278727,0.869782208737963,0.503141530302655,0.711482448684528,0.0252064787565653,unstable,0
4.73480765394836,5.28557981549229,4.1172917954984,9.32743241826671,3.54707040609437,-0.661968946471892,-1.63988155318607,-1.24521990643641,0.140940554315561,0.477674914090104,0.1081400543409,0.804877263686099,0.0204247919487113,unstable,0
6.95691997024309,7.84601209954699,7.0943049703741,1.3720452498856,3.49634903090786,-1.0483856313768,-1.4618228759026,-0.98614052362846,0.271959409059413,0.0511029282644857,0.949798110335558,0.211729844861308,0.0123757236933287,unstable,0
1.15374084645072,8.59885336842027,9.70663250496245,9.36110546058632,3.74621065296169,-0.673216449769307,-1.93414559584681,-1.13884860734557,0.977704916536149,0.437429638873755,0.24031722535784,0.664769831986574,-7.15509746800399e-05,stable,0
1.92599897410714,6.82184441826878,4.53487961849314,7.44370542735152,3.97912306868231,-1.34988435590884,-1.92609388372353,-0.703144829049939,0.881964904151389,0.943474544188918,0.321883449202403,0.496884850876683,0.0397525661458872,unstable,0
3.21695447797031,1.56156848720037,7.39933225141347,1.21942065582136,4.00115570603568,-0.757407456882484,-1.86378397092359,-1.37996427822961,0.263501301051757,0.911023243986069,0.865559462528551,0.906780172866337,-0.0409063928083151,stable,0
7.45838045208363,9.71004253899803,1.97112722124978,4.65728577701334,3.93589939297163,-0.506237699321541,-1.86893959900545,-1.56072209464464,0.220535268884194,0.40833518192971,0.751913542639479,0.278739327491367,-0.0293117528870916,stable,0
5.01153431308728,2.56643657779343,5.15539788195666,4.16555536030581,3.91601580061309,-1.09791407683417,-1.60963818427412,-1.2084635395048,0.315066788497997,0.0975019508514227,0.530176184210408,0.325061559919261,-0.0163421134738069,stable,0
6.11150266477006,8.32941043047606,3.08819913905776,7.27946557420347,3.81624379314368,-1.01339657694943,-1.78527155917021,-1.01757565702404,0.560289919388649,0.833880722928869,0.128730922130893,0.761362651735395,0.065159463173732,unstable,0
7.61107850100911,2.43737661761657,6.12462780382393,9.11650552420027,3.2267307535796,-0.559717653088202,-1.87926755411553,-0.787745546375867,0.719922554343137,0.986351680751141,0.495167200290792,0.542593582133441,0.0456123951091451,unstable,0
2.20560165872563,0.61861461350827,6.62859426416069,2.59584557207137,3.19199414264193,-0.565246773007023,-1.96337156212304,-0.663375807511865,0.406936948035503,0.35688261857331,0.484303575369511,0.927434008533943,-0.0126525556999704,stable,0
1.93340101308062,6.66522680746402,0.683170914655935,2.9543982434854,4.13629192928849,-1.29932939265261,-1.6528776754248,-1.18408486121108,0.619160225386862,0.327868726031724,0.121566771205278,0.972415675878393,-0.0356318228083202,stable,0
1.97808482350297,2.42957673481788,6.96464225584354,2.15484316484401,3.79649324517567,-0.88261945193687,-1.41482070727946,-1.49905308595934,0.150130574445729,0.512834001154239,0.155039297382411,0.146872726197756,-0.0262540882232014,stable,0
1.39878264932432,8.81751330142054,5.29753573109875,0.748664704157016,3.5499323090918,-1.39046408192362,-1.46764779154935,-0.69182043561883,0.251595517919894,0.943142430918482,0.550274591836894,0.309739387818709,0.0090734821407257,unstable,0
3.36656651225124,4.09257373886132,9.08339062942372,9.74835786113255,3.55484834370966,-1.00962485474769,-1.8045036268076,-0.740719862154371,0.917515180773273,0.767292366864821,0.377924990591963,0.348700693752321,0.0234901313947651,unstable,0
3.56968473906243,1.14286305374237,1.63890183897732,5.85288108857587,3.65373467648948,-1.48118537182214,-1.649549796066,-0.522999508601345,0.443098879835624,0.900567499671135,0.466805710360322,0.544323033635312,-0.026961943977349,stable,0
4.54602719047274,3.47995401891022,7.56790733512853,4.10149463015648,3.16169713814542,-0.56997412603324,-1.8430827447889,-0.748640267323283,0.420915206843445,0.51136804592326,0.87389751321316,0.163633551961727,0.0325524379495901,unstable,0
4.73532033833874,4.0055434175396,4.6799317194621,1.81792583436653,3.65855890307174,-0.525974792409327,-1.7929397206667,-1.33964438999571,0.65656183935322,0.644257563299965,0.138860743381961,0.580885832456312,0.0130863311594764,unstable,0
1.87959984949579,5.26284637057198,7.46635251241036,2.77075259052914,3.21717455090547,-0.540674432286655,-1.90494101344546,-0.771559105173359,0.105562920738359,0.693810242833468,0.0773409346629085,0.212635467488237,-0.0454739996826658,stable,0
1.64089552136913,1.96241104508111,6.05149714502452,2.45432139989547,3.56417591222768,-1.41404261472912,-1.47098596890506,-0.6791473285935,0.689368478552792,0.849354663660842,0.627018030599274,0.571840166939821,-0.0080574993077925,stable,0
0.615169715542311,1.94684848368693,3.8116606176085,6.9447503721304,4.11599678917893,-1.01479856160699,-1.67270908857381,-1.42848913899813,0.363590516596931,0.136973774081155,0.89605296973735,0.0893639164896496,-0.0448679318361124,stable,0
0.823288121254009,8.17387235311825,3.36951023357123,1.25573233449446,2.95101894746586,-0.778030543904228,-1.38349335618853,-0.789495047373103,0.336904958392994,0.240263875364588,0.353683413531469,0.137537223454914,-0.0563197863726217,stable,0
2.05733007852064,0.616726517514745,1.96689324059244,4.35009438057374,4.24615307176737,-1.00104103318809,-1.8615865032034,-1.38352553537588,0.849111383492944,0.075088929810843,0.645225421146033,0.812591410150048,0.001458969832336,unstable,0
6.43114271895149,8.92310524869695,7.9782099354721,6.54975888872312,2.99110549779763,-0.799904314719175,-1.60108995000329,-0.590111233075161,0.246025882053835,0.804994232597718,0.369434911079548,0.766664268692636,0.0640252215767731,unstable,0
3.77231367980884,2.33100063017016,7.95882423771456,7.0544689816328,3.55257676829431,-1.28193111367411,-1.54130101303116,-0.729344641589036,0.24840522926035,0.502078136394888,0.650539665867529,0.140825612268264,-0.0096071852371854,stable,0
0.969604915320862,9.16809127308648,1.38674562263087,4.18995608039114,3.7595454496115,-1.0669165843429,-1.28464685665919,-1.40798200860941,0.337905684156646,0.871574964059624,0.821433851219972,0.712840892907119,-0.0142566421385565,stable,0
3.67651039878292,2.14651829442048,6.65232063845424,0.667926500481332,3.35230362340706,-0.684837445613183,-1.75456521854072,-0.91290095925316,0.403601567146031,0.412539788057207,0.179934728705286,0.528337553440754,-0.0321176693064057,stable,0
1.99257747455854,3.01708655533937,7.96349334360281,6.47020565037992,3.75855886216226,-0.652888247535634,-1.92350671744813,-1.1821638971785,0.272446738249931,0.0507083485329535,0.866090527520801,0.621754891420901,0.029701233578627,unstable,0
1.40928821380085,1.04951610913364,9.85636020485478,8.09027891585559,3.59546016193912,-1.26197994428099,-1.64045940972022,-0.693020807937905,0.361050198100413,0.406473907883159,0.902195174957959,0.734177403006579,0.0219473782631757,unstable,0
3.18315239445481,2.14225124086957,4.12406414460556,2.11189411188184,2.94735433442274,-0.779599295438943,-1.37294794659673,-0.794807092387066,0.671195530513604,0.458575436356488,0.484630875234933,0.922756721008279,0.0300002190680874,unstable,0
6.90261187619095,5.32308923488306,8.73840431480501,3.25941114289678,3.67141331941844,-0.766093881359708,-1.60304622876374,-1.30227320929499,0.154256236550461,0.0834273540599062,0.935258668727366,0.772373590892521,0.0246602082891071,unstable,0
1.06849074281177,4.01147849458961,3.55139715541314,5.9944262597006,3.63471664247126,-0.718451687585621,-1.70506691585792,-1.21119803902772,0.576624281104233,0.370276364921933,0.402872920899241,0.423426728279553,-0.0331541683253872,stable,0
2.96979226133359,4.63674942976278,8.90516072660198,3.62531017858216,3.12816969065415,-0.801455903815129,-1.78001955409143,-0.546694232747587,0.607093968593715,0.186828884106575,0.349556375545019,0.211046172120246,-0.0301953892297437,stable,0
3.0856028637531,9.59848117255288,5.71124748681986,6.64262808202729,3.01864853254996,-0.800330234279216,-1.60165294606049,-0.616665352210251,0.274955534356227,0.738367173184377,0.533117299137865,0.723905646655361,0.0535999224850632,unstable,0
1.87777435928112,5.8809364595186,0.939716757848451,5.69620982424486,3.95410566916351,-1.40261503568669,-1.42236544950842,-1.1291251839684,0.893343855610738,0.322849673248769,0.483131926505124,0.995113406046134,0.0097679057303112,unstable,0
0.566128324550064,1.42254277175204,7.69119171676592,5.21392450763411,3.18990394695327,-0.586809181504021,-1.96617863831441,-0.636916127134836,0.148850639097224,0.149903483352584,0.728121622105752,0.354240927531519,-0.012073906507731,stable,0
7.11835480553891,6.41465936178498,8.53346230154224,1.76464469212793,3.66396689946604,-0.981462906044151,-1.80574242222987,-0.87676157119202,0.3178036241548,0.732445387551441,0.124372097343156,0.907169945518157,0.0015848906688614,unstable,0
9.90935468738889,6.33927560682931,1.67456447448004,1.91360066902938,3.22180489544651,-0.729656126226787,-1.71664286430342,-0.775505904916301,0.969996707751806,0.294549970115178,0.633196926533198,0.307227365771477,-0.00104446655045,stable,0
4.98017315208666,9.54164026210222,1.81001673497161,1.93912568194147,3.99565509052075,-1.61334140537456,-1.73935201333694,-0.642961671809247,0.647339033801619,0.339084753443771,0.970251522928726,0.477818073553252,-0.0349731158061575,stable,0
1.54005174536308,7.21394398405632,5.14980282494634,6.94894996441969,4.18076758924385,-1.48867616280771,-1.77611785929698,-0.915973567139159,0.209021165922614,0.66983994339342,0.850991216349562,0.972664354915591,0.0742701008224943,unstable,0
1.74305613395034,0.78942726494997,6.20624645494936,8.51662454653792,3.03856435403122,-0.544294008716534,-1.86845034764939,-0.625819997665298,0.286773393023012,0.747227694172312,0.394331448868747,0.633761171244453,-0.0318207390999046,stable,0
4.34040310475477,1.09993092249749,8.70948462587468,2.08010056709358,3.5270376924034,-0.555955199929327,-1.88433593512303,-1.08674655735104,0.569307593320231,0.436005486226459,0.0986901714045263,0.511043778380685,-0.0372868756230526,stable,0
1.25241096261367,3.29953287277957,3.02162026435239,8.9239018100669,3.47748561700388,-1.37464055532882,-1.56865514584051,-0.534189915834554,0.592622229477601,0.648869239167422,0.207179495110369,0.402750650446287,-0.0218929817886039,stable,0
0.832854897015623,9.86533314094611,9.71738859097181,2.38299289514637,3.68800170270653,-1.00143665151357,-1.72757696771274,-0.958988083480217,0.614425989571908,0.199432756625889,0.79346645904412,0.208369570198472,-0.0170356517416686,stable,0
7.00545040552147,1.28671027883814,8.86677525847501,9.812134773483,3.2670938933389,-0.655480538066127,-1.52267768350478,-1.08893567176799,0.369373595732882,0.682525341812515,0.250272652496869,0.62632837677208,0.001718636246547,unstable,0
4.81502181119979,1.5069135283834,5.10824290689325,6.01599827854069,4.04417452692564,-0.816272415715817,-1.82535843636753,-1.40254367484229,0.215552346426211,0.441903563800455,0.829505564292023,0.990747062271556,0.0536110915195658,unstable,0
3.01820378317445,3.18838859345638,3.51928528126868,2.29860967994806,3.16697446957526,-1.07166607681274,-1.40216043161135,-0.693147961151169,0.404170321555714,0.274553637684287,0.0982164596595685,0.447810691741102,-0.0342408536978041,stable,0
8.2746563023931,7.73854170845782,1.58322304302438,9.9102488875603,3.66553828007084,-0.997579914660728,-1.9138424936987,-0.754115871711413,0.667169896659028,0.680877388733518,0.739447143073168,0.145486055288526,0.0216563399211571,unstable,0
6.25303014851413,5.95671901744689,9.91958241922492,6.56664228490241,3.8583432995602,-0.590049638847425,-1.99552948010536,-1.27276418060742,0.400380478704569,0.0591279185395781,0.411755871526535,0.185245185222417,-0.0027068790672765,stable,0
2.79282323753795,6.60716584482217,6.90702231554555,6.27108462082171,3.30240613423475,-0.65074386515948,-1.46021139608719,-1.19145087298808,0.431039651473142,0.987296737087816,0.15477713818563,0.239976219462786,0.0289824262814713,unstable,0
8.25851853245688,4.20551192819745,1.44933296203988,5.25696517957482,4.06604175416243,-0.745503982729965,-1.86510988460383,-1.45542788682863,0.801682249386285,0.901663525371137,0.125923062841261,0.528612834266357,0.0473807785964575,unstable,0
8.36916487384214,1.71005593564687,5.59223610971385,1.14464985437805,3.64778560810347,-0.734909713181783,-1.88542796595545,-1.02744792896624,0.278010962028273,0.207881669240228,0.539325550416413,0.521327070606882,-0.0507524563005007,stable,0
5.45937037470445,9.82232342642885,1.59162925813935,6.16450160488852,3.38265159841943,-1.23480997917328,-1.59508056713488,-0.552761052111268,0.625932730559906,0.406117111877528,0.334007846036976,0.103629312961312,-0.0121977988051841,stable,0
4.35556685769791,6.61312592086751,3.78587472794649,8.24914655932352,3.71495970857278,-0.65351948365058,-1.81555721265893,-1.24588301226327,0.499065735467421,0.497817163049682,0.681686629669839,0.746874018563515,0.0559840658956054,unstable,0
3.52311872803645,5.25892903432895,4.47337416016352,5.2152018312465,3.97520337559555,-1.41598990624165,-1.54884691326856,-1.01036655608534,0.197594540301701,0.648755463631353,0.325925450253842,0.114457114629046,-0.0115235374026694,stable,0
1.24323108461716,5.21606882696099,6.01411047685498,6.67507830827257,3.01636985186473,-0.554054922454792,-1.77173626002504,-0.690578669384902,0.536422808853403,0.354177838018408,0.772676528710286,0.516968576602639,0.0272482854663164,unstable,0
3.28862149029895,7.67246825107012,3.19928937196755,6.73386321518618,3.16062254812288,-0.972434199740272,-1.23146447980261,-0.956723868579999,0.600337819547416,0.181883713920915,0.495568862686481,0.110698669699657,-0.0305787078164566,stable,0
5.14177701047244,8.27634466672778,5.37145359510871,0.83807406749099,3.79367027710184,-1.31715544348719,-1.95270289850086,-0.52381193511379,0.269054364534498,0.204008734689149,0.113114318176574,0.552654932106851,-0.0619382212414648,stable,0
1.01987850130609,6.85346832176076,2.15103191338877,2.71759727621626,3.55851041376369,-0.838883765661216,-1.99498936488648,-0.724637283215998,0.752280756524259,0.563518242955321,0.116161781771159,0.185964360862245,-0.0241622799538491,stable,0
8.04978095531117,1.87301817215231,9.40278934463455,0.638510057038302,3.57436951029202,-0.596777506048279,-1.69786398722794,-1.2797280170158,0.767289739937886,0.791337894446049,0.928767505971927,0.0866057005403575,0.0309707502721045,unstable,0
5.83645503990408,3.18904771647536,2.77744621731807,0.767826622218965,3.68237939090808,-1.46726645416926,-1.65758572454209,-0.557527212196728,0.242964148505657,0.059078315656496,0.103994545181079,0.376981250022474,-0.0418423090850428,stable,0
6.85862542266701,0.755203728153137,2.14892885450399,7.52322522127621,3.56857547733091,-0.873061907876399,-1.97286578773239,-0.72264778172212,0.783355179730129,0.145655614535164,0.922784296978295,0.875945018396388,0.0375826399177503,unstable,0
6.38784855073855,5.74709081004197,0.762062457697885,7.61228101990351,3.37306659889561,-0.883172201907192,-1.44569545671886,-1.04419894026956,0.691093697395487,0.390254940145545,0.440011091704601,0.88980967205583,0.0434636838529027,unstable,0
4.58003799133353,9.3759049593885,8.39993215389637,9.46832469053585,3.73590899854146,-1.19504544929697,-1.80474209733503,-0.736121451909456,0.608642662561507,0.922570091102582,0.509960440844672,0.146609694074431,0.0546716374289861,unstable,0
3.85910233261915,2.03749080202321,1.52252382233563,5.48166424635646,3.13586439424547,-0.858863416035823,-1.35319686866783,-0.923804109541816,0.442205235798213,0.97740329391072,0.923552220673681,0.497846175112345,0.0096046790856638,unstable,0
2.06883479467315,5.46811050962822,7.83763045971018,6.05949523080009,3.84572644054771,-0.821921510229306,-1.9320722035597,-1.0917327267587,0.791771749466044,0.496349642702622,0.708636081715087,0.345182210683423,0.0296539643698475,unstable,0
1.94288129894944,1.93467077698889,3.32279815063226,7.03613131965984,3.51319039945875,-0.883475390816189,-1.63191109728283,-0.997803911359736,0.636827012248109,0.395100679365594,0.720465827702348,0.0837339259223384,-0.0416226704082155,stable,0
6.57363842276927,2.85211817201367,3.31558914860624,4.85317833542215,3.04722401931675,-0.545928993890434,-1.30098542483039,-1.20030960059593,0.666612945911167,0.392971536772704,0.157228986064083,0.674518753992645,0.0261644218697328,unstable,0
5.57077933419667,8.43169841663413,6.91544730548848,3.72593513428561,3.3328734223465,-0.860900035074144,-1.43458486051036,-1.037388526762,0.727469580524592,0.823826854654771,0.802940899269634,0.398085304517501,0.0783404382816838,unstable,0
1.6225897148828,8.88067191759667,1.54727844227139,0.972652803041541,4.07770099375447,-1.54925903202925,-1.97812587492908,-0.550316086796136,0.421635226129377,0.353137718968671,0.698165615924068,0.209364346593382,-0.0369729328949057,stable,0
4.35308501035402,0.824621883465932,3.02363610323383,6.53109215936332,3.32237655837595,-0.685209674168506,-1.31487668277714,-1.3222902014303,0.263038138692296,0.416536827589287,0.383518111949023,0.654299283140261,-0.0244575772661429,stable,0
1.76856469713526,8.297126840239,4.47203286940373,5.91982458651627,3.61031428843991,-1.51604312678654,-1.57473668605047,-0.519534475602896,0.237366349757038,0.501627879814488,0.423869378116443,0.951228718093776,0.0402077475244336,unstable,0
9.48450806486838,4.5090477658395,7.50755039754337,0.550806916163955,3.21107771431483,-0.603762958237249,-1.76018149147176,-0.847133264605817,0.98645209148392,0.600790034804179,0.134694908129431,0.448307015423335,0.01262271478244,unstable,0
5.91192462444974,4.52733929572351,1.60179490289451,2.93605180000833,3.14918510995496,-0.853998552571121,-1.69475841305448,-0.600428144329356,0.867264770953594,0.714115456165933,0.0608202463210304,0.131220031874398,0.0255363014079991,unstable,0
3.53386973563714,8.00001251505811,5.50430090546348,8.18366645782748,3.41307733337176,-0.776141047493706,-1.61223877212142,-1.02469751375663,0.337004340552055,0.564273406908417,0.681237520018729,0.259629727432622,0.0348786230802271,unstable,0
4.07895626118914,6.52992689070136,1.44203745493267,8.83226048248914,2.97976617675317,-0.6471880697496,-1.6794189414688,-0.653159165534773,0.750940931244936,0.756162704064745,0.978115822879416,0.408701061002192,0.0235884188371267,unstable,0
3.58368910483286,5.89841749307528,9.36854431138568,9.34518921084583,3.07033466578885,-0.837914177749713,-1.38105030669745,-0.85137018134169,0.483454651422923,0.124489223050295,0.404066981991156,0.786129228275162,0.0307254483991275,unstable,0
0.978082089552202,2.23111996790383,8.12716159934336,7.22041622825855,3.09518870493517,-0.608239004883042,-1.62192055862697,-0.865029141425155,0.772356309624909,0.451042868987963,0.809346284397999,0.0972093124884204,-0.0346565112625595,stable,0
7.56584120930184,4.70496808172821,7.64107115924915,0.739474078518979,3.86827702339226,-0.831632692284975,-1.89425103132561,-1.14239329978168,0.183413144629829,0.833208770773787,0.444290117403718,0.833189828248986,-0.0119078554472099,stable,0
1.97388496586615,8.51076930200959,0.571905498388584,8.19939948918768,4.30954714733477,-1.48053166952595,-1.95635636743777,-0.872659110371047,0.966009841392759,0.134411088778182,0.970974507479403,0.642528491901297,-0.0457829490105817,stable,0
6.61717332034921,1.6770237170083,5.89369728953769,5.76822337711691,3.9462244847433,-0.570197320732579,-1.66590713881089,-1.71012002519983,0.871458704261518,0.165289435443603,0.992346559630359,0.116050064723681,0.0538045496991746,unstable,0
5.95335560391789,5.70841314959753,0.727263265341788,5.62881565570373,3.84105311495635,-0.798572784135316,-1.90235528289037,-1.14012504793066,0.556819008039259,0.3311930663302,0.345007183547635,0.633185561175096,0.0164288581608774,unstable,0
2.76011660930796,0.670776647873793,3.48331562393534,4.15341783263398,3.84645129482686,-0.960815146419464,-1.45185615895516,-1.43377998945224,0.0800728272434219,0.411501654144775,0.837261572859986,0.360867833569797,-0.0453930603997766,stable,0
5.31476107517926,2.23685306397869,6.51958990778992,5.62697335168461,4.33829085826519,-0.884836983922403,-1.94769166477033,-1.50576220957246,0.959950901656831,0.502849504025464,0.573136657953551,0.525402967862849,0.063439919434093,unstable,0
2.59014394163511,1.67590975525009,5.60614340169183,7.10474843907945,3.04667843969842,-0.523521955133334,-1.1789152316307,-1.34424125293439,0.388105291636605,0.356242874256497,0.26984932867235,0.763240182012898,-0.0027420454603051,stable,0
2.45063630774439,4.82049422992694,1.3930289830359,5.4335538476447,3.84404755647284,-1.50014753636812,-1.58309268383994,-0.760807336264779,0.408211720799158,0.961978574978892,0.235614476791997,0.813615566902731,0.0469052156640638,unstable,0
7.64804423131618,7.18313646779474,6.9574228681836,0.984253590755188,2.87644936166207,-0.518136761459662,-1.70117633285593,-0.657136267346481,0.323629628534478,0.701277351913927,0.141149713108104,0.717012680338931,-0.0086849239026832,stable,0
4.86751464999537,3.31046559361179,8.54197553173632,5.8441245503428,3.35466869392855,-0.603599006759503,-1.49557144453855,-1.2554982426305,0.563126752625725,0.691977422006663,0.47668822600436,0.73924125956394,0.0557843104267952,unstable,0
8.83076739476422,1.14070901437256,2.10802818127054,4.88765508975091,3.73949397975809,-0.918592066788638,-1.49278378387208,-1.32811812909737,0.42633346542278,0.665222932150833,0.579612944005285,0.447363789374534,-0.0282675925196785,stable,0
0.849947846759565,1.20074946960758,1.94903190526267,5.45810892502769,4.21566272486656,-1.67582306205578,-1.85789951417526,-0.681940148635523,0.957941517450545,0.988096619609357,0.194219379717149,0.372907681388583,-0.0570581870131772,stable,0
0.970902193682361,2.36447157660378,7.84513851423063,6.19968792184379,3.45944493919137,-1.20004266725137,-1.64468362228904,-0.614718649650959,0.963894692574481,0.232494041673047,0.93766257969413,0.583081423726512,0.0065076411059483,unstable,0
3.92738027763489,7.84004702380181,0.921363136834034,2.08192820896339,3.24219183704644,-1.22023310338109,-1.23652649078935,-0.785432242876,0.579718367239134,0.0934410740777012,0.449459970670345,0.569976865057419,-0.0347147340420792,stable,0
6.78478389238571,7.47656190454564,8.38724375248408,5.554984865534,3.07978122712086,-0.887917939539184,-1.52370581192167,-0.668157475660008,0.15837191693808,0.868287568085098,0.224872888419613,0.266634722116686,0.0310625793436612,unstable,0
0.655624231543927,1.00047465303902,4.10505203004674,1.31919429844369,3.22906727148983,-1.04797567043226,-1.60572119263416,-0.575370408423408,0.737644510927933,0.403922799241285,0.673172283810464,0.986098193603888,-0.050209036921024,stable,0
2.03198233748192,0.874491814554471,8.63542323056792,4.28034659141632,3.66172661796174,-0.90258438322529,-1.96059094890861,-0.798551285827835,0.685177879145864,0.889418384705288,0.712982466288422,0.874922604393732,-0.016539008070362,stable,0
5.95663500713159,7.15978165452734,0.534627030234318,1.7477447053802,3.80526291914043,-0.724087317242322,-1.9622307209636,-1.11894488093451,0.0980577603601059,0.973170620348653,0.297023935277467,0.552490697906873,-0.0154844856408107,stable,0
1.87595334303936,2.33930093962868,4.48001960524601,0.72240697301093,3.86212688230713,-0.646309851619205,-1.95960341505419,-1.25621361563373,0.782197735731741,0.638383252598894,0.45657601641826,0.492091634892123,-0.017015360433605,stable,0
0.771419220903329,2.99122636465983,1.04492339024899,0.676899640084116,3.582628012333,-0.555894665579172,-1.31704470959508,-1.70968863715875,0.992171761264585,0.567429099609138,0.905821163745241,0.565773552711441,-0.056802036943599,stable,0
3.94363265687887,3.57093744526833,7.03528693474813,9.53559109919688,3.85032799310082,-0.737878391274356,-1.93636559849938,-1.17608400332708,0.102249104337759,0.588159097281006,0.519772370204574,0.676860423509771,0.0276801543775663,unstable,0
3.13281278770072,6.88725901246591,2.7123413434209,6.99467011792521,4.23467319825873,-0.709366808760282,-1.93073084797622,-1.59457554152223,0.188647004245932,0.428632924139972,0.0556837129022181,0.301833548714507,-0.0253397183397965,stable,0
7.82141666708187,5.84296989655006,2.62904732900885,2.18277404631416,3.20845245921974,-0.547593977351068,-1.81135876644724,-0.84949971542143,0.621277131255971,0.814068965716639,0.492608761496597,0.60161264850078,0.0330194749655929,unstable,0
2.88251535302059,7.64966143057094,5.64074711123771,2.26048064548738,3.54216410892228,-0.517119807015231,-1.65918009239753,-1.36586420950952,0.444936178922298,0.807249429452987,0.98559176034215,0.910821018170915,0.0597868272119203,unstable,0
5.12008273047906,2.13522405761942,6.44122959108911,2.44419382676316,3.50275876100604,-1.01535848021802,-1.93973153541458,-0.547668745373445,0.746015240024496,0.514044859254911,0.274190517593926,0.834923331320186,0.0190348438411548,unstable,0
0.746321742189908,6.827534697269,2.38485358198285,5.32819366885631,3.26153791579896,-0.880154125106102,-1.19768746973389,-1.18369632095897,0.994015979627641,0.798032484301387,0.119685437514404,0.317555159267038,-0.015646712203872,stable,0
1.25692401934755,3.42808644383467,0.937335277607571,4.86062192136768,3.24883004397279,-0.683789970270009,-1.58274792970521,-0.982292143997573,0.529907924823771,0.350233683696692,0.45202723189612,0.591749459557302,-0.0256749597320363,stable,0
1.08416115854136,6.78026538304207,2.45064219699539,8.99790201006425,3.68761059346154,-1.09218120083577,-1.85626312480239,-0.739166267823381,0.703944997631622,0.669012621217063,0.325208270820574,0.709129368248855,0.0039731752691388,unstable,0
2.22083827121434,8.34203347837869,9.62914755736445,9.06924840574927,3.38481429802088,-0.65469132898968,-1.78025649187177,-0.949866477159434,0.299025657575788,0.673611130177712,0.582371147817555,0.169113357613094,0.0296880654465338,unstable,0
7.01777998752672,8.21090261652576,8.21793653354572,5.6860341612153,4.05707201773244,-0.941057122161263,-1.89699496686585,-1.21901992870533,0.272948522873344,0.97640619034489,0.810592344340233,0.793589850949293,0.0876494734971508,unstable,0
4.56290035027388,2.48993048705776,3.80417600693324,7.53383672057497,3.75430212493162,-0.841166771809792,-1.49905612539836,-1.41407922772347,0.488036365321678,0.978651579391061,0.279908616585119,0.570639401079551,0.0205735478607435,unstable,0
7.0433619040807,0.650840184164117,3.67973572940836,0.56426609143801,3.91402075461556,-0.820478424622084,-1.78219021815335,-1.31135211184013,0.129684489820817,0.679784273549931,0.801283117294497,0.73452922751166,-0.0413693913165737,stable,0
7.16147614706318,1.95857617853893,9.49865057462109,7.66937567977823,3.63228075986904,-0.56799278972703,-1.73400213600807,-1.33028583413394,0.237534321670077,0.299302253329938,0.999744822948382,0.722886613404606,0.0524683449376203,unstable,0
1.06710611630988,4.88560953565624,5.70382472244676,0.829932393707952,3.32444398953449,-1.18123226261623,-1.62000399263629,-0.523207734281965,0.491590294931905,0.330122339795382,0.69772453796145,0.434118364734428,-0.0342276044588031,stable,0
2.44043245010087,2.88514428203318,2.42195410463496,9.51511569834964,3.84562429044661,-1.20799168152492,-1.85422026817927,-0.78341234074242,0.86858413940176,0.0509079374423588,0.610300762097763,0.812673478590645,-0.0134531419260958,stable,0
2.7816595417905,2.01003433303563,6.11094356610452,7.12731474318888,2.98870317520292,-0.597447949160961,-1.52978646602369,-0.861468760018272,0.739866689860339,0.738268066736414,0.140624794065711,0.241233865838608,-0.02914507182264,stable,0
3.20352243378209,8.86075841307898,4.52533287331775,4.07793870972638,3.43960199223688,-1.03195717036964,-1.75948464578552,-0.648160176081723,0.344309903032153,0.357877142850523,0.688698744367323,0.707020970354885,0.0271531548987395,unstable,0
1.2135242614072,2.30735496864846,1.19708583996551,3.83415780593366,3.85944517313795,-0.619244253866258,-1.96153702317388,-1.27866389609781,0.435347925083386,0.821869223684929,0.869013756746186,0.706586982400278,0.0016714612582772,unstable,0
8.3815601985081,4.79897412837214,2.71344082874437,3.54169595144879,4.03006712300972,-0.781923431917292,-1.85014939007321,-1.39799430101922,0.692946661623323,0.235202306508875,0.543648613535203,0.0520664849705203,-0.0075568664101583,stable,0
2.77884370761819,3.94309623441864,6.74454694201646,8.48760823571556,3.32944487373149,-1.10421110337491,-1.16668269909378,-1.0585510712628,0.84958025806937,0.298311501684138,0.706147146023967,0.924782193878352,0.0544237171869506,unstable,0
4.41985521063773,9.3785962334422,1.04174077214166,5.10651575441838,3.99894409315058,-0.862285028428701,-1.9935350135903,-1.14312405113158,0.742054276091994,0.719801126622555,0.422168712003385,0.243894503664065,0.007016238052193,unstable,0
5.18854084697628,8.55513998327178,0.565843922001496,5.39893215326569,3.170160058273,-0.849478677649971,-1.69310555126333,-0.627575829359703,0.584837803878555,0.664353358907906,0.477376982181487,0.574126202071434,0.0221706697623652,unstable,0
2.07141309172639,4.74664175658065,2.2799947155384,5.5808563628119,2.96657262900164,-0.983644900906354,-1.29574844285554,-0.687179285239742,0.230107754776076,0.544881914320568,0.364159114798064,0.129670322289085,-0.0224292539211117,stable,0
1.76372348753707,0.726194594286173,1.74568448829171,8.1821685199927,3.97958690847759,-0.53113901622023,-1.93261678490797,-1.51583110734939,0.941604429200001,0.925267603569433,0.333724838168812,0.529918562298408,-0.0636643572051905,stable,0
3.33048759387747,4.60004194352215,1.1178910842207,4.77113416423792,3.38952042563103,-1.40170758455545,-1.40145048525828,-0.586362355817296,0.452271354251027,0.35249682419354,0.64177939594073,0.446351904792293,-0.024101399527824,stable,0
5.2440963181841,0.575123090426519,1.37226749632747,5.43616253529575,3.93280242482118,-0.961656795507588,-1.40928241584024,-1.56186321347335,0.09398039596822,0.84583334033676,0.891287403054296,0.606506425722821,-0.054807770172546,stable,0
4.99245802692026,4.55976610983547,7.13463610853237,7.21963050193588,4.09017596723062,-1.13991282585521,-1.87027293644481,-1.0799902049306,0.290203370241094,0.2956741205109,0.358242116477922,0.930286848614897,0.0452593704492754,unstable,0
4.02136514307105,9.10334956186331,3.72325586359873,7.32084944902875,4.04994162042075,-1.14168916176152,-1.87214035897901,-1.03611209968022,0.410688093866747,0.330021190104398,0.427451298508818,0.553986285351103,0.0176496456369255,unstable,0
1.20953325136841,3.45915253771852,1.60398044517726,3.44360832281228,3.98092782432663,-0.578934867072245,-1.59654552650985,-1.80544743074453,0.727184004374313,0.827219228928662,0.0543827788219519,0.77137711745784,0.0058798857550569,unstable,0
0.953153562915092,2.03431853611064,9.90884362566086,4.63201851251208,3.19497008051979,-0.973025265244942,-1.29948682499533,-0.922457990279514,0.412213086218529,0.51270794332742,0.333775140167017,0.554661996872997,-0.024625588318933,stable,0
1.04887456960921,6.85142785994197,1.13758791512012,7.43230781193294,3.94915096321001,-1.04937665258528,-1.31714557674433,-1.5826287338804,0.755122595066991,0.0932381700555899,0.222129727306244,0.876814416714163,-0.0333500397295545,stable,0
6.18711188977483,6.1205823513032,6.63326198359843,7.94959290377087,3.46588282143697,-0.728518557767361,-1.76614321691496,-0.971221046754648,0.926177717887764,0.57891949068304,0.973168153567589,0.601538522779758,0.0994107632196425,unstable,0
4.9432523751657,4.75725186174524,4.52919565896493,4.31146881760033,4.36331036784853,-0.679303916929732,-1.94525043456302,-1.73875601635578,0.551992766886477,0.51980022149591,0.790026004343347,0.870938609855237,0.0860154428081427,unstable,0
3.05381541598564,4.48384568928319,3.32731688084739,7.63872541969513,3.11749321448828,-0.845612864376546,-1.6693002418137,-0.602580108298035,0.0914905298461649,0.360988496901641,0.226587659364213,0.291826435062875,-0.0392727639092296,stable,0
5.97726609679336,6.00612371797762,3.80940811694376,7.33609666316244,4.14893440146192,-1.18432032660693,-1.89764677459663,-1.06696730025836,0.67652839615967,0.601798855056977,0.711569699173378,0.266251156808682,0.0575053618377482,unstable,0
0.808358401870064,1.76809946088537,4.82905072245288,8.80061755265574,3.49483247461372,-1.43315317988581,-1.48716119671864,-0.574518098009273,0.391438866543591,0.71580199957997,0.700463916827786,0.83207100059239,-0.0032376554846478,stable,0
1.61810088576359,5.06764502901884,1.58426303839521,2.95785377834173,3.52241797762629,-0.646126630253845,-1.3329601817806,-1.54333116559184,0.400100982429784,0.583886479430007,0.733948019557127,0.717394023237858,-0.0026977802249995,stable,0
1.60780371479114,8.26727558008869,9.16689911192852,1.95755804539481,2.9622464907085,-0.876639207588113,-1.36388788222111,-0.721719400899275,0.253162898420043,0.95898045116595,0.145715555068387,0.38306706509074,0.001131604076046,unstable,0
2.70549194153224,9.84847270705657,1.67351780408168,6.40822406326055,3.78060018512858,-1.00215677854429,-1.99036887419802,-0.788074532386265,0.911080802524041,0.253133195350807,0.190367981711059,0.325511222434899,-0.0436841684094371,stable,0
3.49732335401382,1.83304654886608,6.14591262142975,6.13574860554129,3.77654299187563,-0.90561170295839,-1.84797284934596,-1.02295843957128,0.873698105613797,0.321814402484683,0.585725085771425,0.541832662054598,0.0397260907933009,unstable,0
2.74227715749148,3.58352172611739,5.26065220001386,4.96956749291125,3.2483423917712,-1.20043779302228,-1.39501266099677,-0.65289193775215,0.369622227254302,0.505932310726869,0.993610358788526,0.853969128929895,0.0768322310918173,unstable,0
1.50227863438458,6.3292005902312,7.23231227499441,2.65125871889547,3.33729162517826,-1.05282692070183,-1.74463913002636,-0.539825574450067,0.61716735703937,0.289967027730395,0.44707694131688,0.962319616967121,-0.0160631675243723,stable,0
2.89140193002439,6.00280188332165,5.0741823052965,3.35729784190139,3.47925488805509,-0.894718445814017,-1.68497935841194,-0.899557083829131,0.549572252847159,0.347794363726957,0.576247987520362,0.29511087668951,0.0101324019441086,unstable,0
4.16787650745168,1.05944894038972,7.60852043472532,2.45174140846153,3.41296643515757,-1.10145575083153,-1.52094357754993,-0.790567106776114,0.66522729308722,0.158455350271631,0.311800412739397,0.858096611602278,-0.0163672937548197,stable,0
0.757198697585776,1.15197334511798,9.8418889586836,4.79595450902911,3.46234619233133,-0.675515296549758,-1.66341175137017,-1.1234191444114,0.696088353592481,0.0671538983215683,0.408206104383089,0.907376570249062,-0.0226118108688486,stable,0
5.7677951692857,5.67295254171853,2.8068147607996,0.847959068432718,3.50269820946807,-0.867520293917228,-1.34290057267369,-1.29227734287715,0.225331533565966,0.241023422198264,0.791466487662039,0.262156243101115,-0.0404588694036712,stable,0
3.26551351794527,6.22575496928576,6.0311410537937,2.91476094330319,3.79033159120122,-0.807726154456462,-1.93583339960335,-1.04677203714141,0.72456920189898,0.111695194364125,0.793616931633426,0.538597145776791,0.031442388135643,unstable,0
3.82019069724457,2.96468166093881,0.903151665596431,6.85840324839207,3.07299976831565,-1.04592908151281,-1.47968029211449,-0.547390394688351,0.184482099149377,0.202899795187026,0.705974089983072,0.958215308185666,-0.0134922125342386,stable,0
7.85908151880999,5.39155107487291,1.54232726468495,4.4418170557633,3.86132208074309,-0.542100866082159,-1.87500214035171,-1.44421907430922,0.924844331345905,0.759229937928154,0.290764232374708,0.196694246475984,0.040079702231065,unstable,0
3.25837655676694,1.27112891476653,2.83616867663091,8.78114315611073,3.60760749853818,-1.22891874323195,-1.330927177962,-1.04776157734423,0.720852255894267,0.862500392862811,0.853633519217445,0.353405264377515,-0.0324186438831057,stable,0
2.9583846565248,3.50310842650711,6.99044327735569,0.620483346556104,3.70301225244402,-0.917526369144907,-1.35267020724209,-1.43281567605702,0.0785641747198882,0.912444285417405,0.723062448544927,0.630688775468542,-0.0100717020616342,stable,0
2.81448009011847,2.66102664768844,5.99959244633648,5.05003460265476,3.81536809539474,-1.42682479295182,-1.59004978335043,-0.798493519092491,0.235028052269155,0.77243769376439,0.0690145096868905,0.996088304171172,0.0223347505994607,unstable,0
4.44778505823923,3.21398151501471,8.36807528590482,2.26141040670668,3.60724477161465,-1.01121178435435,-1.61717484271766,-0.978858144542645,0.277500083420071,0.135166871454268,0.936226673465455,0.132077444781447,0.0092424968471708,unstable,0
1.25543217507659,9.97850204615871,8.63819790500619,6.28811529037651,3.82210590562797,-0.798294100656675,-1.71399791527598,-1.30981388969531,0.0822268604607834,0.757611319478713,0.466569534771511,0.257122830255661,0.0309881204245946,unstable,0
3.97841166720565,5.66059768172195,4.51252595571253,3.0538901989957,3.20507350092244,-0.814100703100371,-1.67252759838564,-0.718445199436426,0.0788240574844077,0.717007320226829,0.902268698569241,0.748167570357341,0.0594087248452569,unstable,0
2.92375317285829,6.67882805061099,2.24026408199703,2.24329062226375,3.66140987330672,-1.10724044315876,-1.88093130959235,-0.67323812055561,0.182442767404745,0.404602896153349,0.507801540161312,0.277543868044477,-0.0219362838539263,stable,0
3.87769335442273,6.76222100274627,1.91266858507734,2.67126265542456,3.89131673287824,-0.722285714803799,-1.76726201202188,-1.40176900605256,0.175907560241893,0.364349115060217,0.785309496809268,0.0709543582502182,-0.0278477902489634,stable,0
0.988033931947604,3.07524058964755,9.32053309167443,2.07695318839157,3.1901552926232,-1.04949684896728,-1.51423353803026,-0.626424905625661,0.801760230637214,0.0978495595062617,0.149944281948074,0.204656201769907,-0.039873553060673,stable,0
3.09132175245695,3.53533254466095,2.87665095670032,0.59488904245192,3.4516088799016,-0.821831393066177,-1.85723002010434,-0.772547466731083,0.643865000913196,0.943689745165579,0.856785697251188,0.526433406271832,0.0481974307708203,unstable,0
2.13430761560682,9.9638665943608,6.17186035137521,4.93257527791876,3.92166819913422,-1.49100943622031,-1.61943783290846,-0.811220930005447,0.841568733585062,0.345721623201292,0.196161311099738,0.168490034199097,-0.0332046669694023,stable,0
2.14979894549025,6.51979501971309,3.75076416686132,5.03485397418237,3.46117116090733,-0.830596634850104,-1.27553964711467,-1.35503487894256,0.517175917734597,0.105321616443858,0.503349903991813,0.901063326430352,0.0204478604140357,unstable,0
1.42558389244135,1.3852787442169,2.50405328309446,3.28403695919596,3.27397176826465,-0.897519351230876,-1.85968264612204,-0.516769770911732,0.628708665654962,0.647050292221287,0.620946010248604,0.33335457191214,-0.0302208868584467,stable,0
4.87383571779556,5.4108902916805,4.6539938769088,9.61675337846583,3.35454382999308,-0.53865389138608,-1.50081327521057,-1.31507666339643,0.864633340162985,0.828456414778231,0.684396740566557,0.707879525786508,0.0831452345037861,unstable,0
2.43371313953327,4.52944749531706,4.54621753774248,3.08492096907577,4.00804885222072,-0.851290499424701,-1.78873236729136,-1.36802598550466,0.239476978379982,0.41161570792343,0.247275451244069,0.834441831670227,-0.0048625719380344,stable,0
8.90947912401448,9.22328176271898,8.72370563847383,8.38427958571469,3.3225716214648,-0.576806346652296,-1.77279583864085,-0.972969436171651,0.721762795488169,0.612927293278176,0.806407519587665,0.127344209375381,0.0697154700552662,unstable,0
2.79672436098717,7.43161495368574,8.5775921810617,1.56322184044247,3.93961397126439,-0.970099001562328,-1.57050932537761,-1.39900564432445,0.534311575286711,0.187543324402699,0.27959472277365,0.725554999785211,-0.0495481795652466,stable,0
5.92443262287142,3.28895749669323,2.96179270687184,1.52772534299665,3.42090489306363,-1.18240700197658,-1.15392766178773,-1.08457022929932,0.655304543376009,0.147585272307856,0.796644056107948,0.930641039109145,0.0020390483022988,unstable,0
2.12962813283601,4.9562250357834,7.11352676648843,8.22297714043781,4.10487212936226,-0.544041662193264,-1.95575637665074,-1.60507409051826,0.13877752427796,0.232677311050163,0.290352404466141,0.285310245864489,-0.0306750929301219,stable,0
5.6726269603223,3.09812403627435,4.99235693413006,2.88302487697203,3.77232800680414,-1.08397901508705,-1.77483209013083,-0.913516901586263,0.116091729992743,0.21849089983775,0.150105273223177,0.289087258213686,-0.046305022649998,stable,0
1.91601565444389,7.44109911073715,4.36421907609958,0.510168014028959,3.70129389041041,-1.18815119069417,-1.99473138933597,-0.518411310380267,0.559111201191484,0.953379026220476,0.497599989748095,0.56462025633309,-0.005123306117237,stable,0
2.22637002269458,6.88992668090201,2.26100132678406,0.847387746649631,3.42809579539067,-0.630232510540017,-1.3595212366091,-1.43834204824155,0.929382855970609,0.38058624770913,0.752538332580195,0.178426575299207,-0.0141451745738754,stable,0
3.42431090305004,9.05911720089855,1.8188407542594,2.39015667386788,3.99252188271048,-1.5815530826254,-1.63565684960407,-0.775311950481008,0.910124128850452,0.156770901703571,0.186267506861964,0.66627827968669,-0.0092308515270564,stable,0
4.02885009190198,9.32983328906653,8.2019140865888,5.7570383756561,3.77987691608505,-1.03059113905439,-1.70618220986805,-1.04310356716261,0.362303847916793,0.345776080112604,0.55767316367137,0.297890875791027,0.0224534014770546,unstable,0
4.27730984977993,8.02018618121026,2.22620246031827,6.02210600805335,3.67854273734288,-0.849622646367585,-1.61536865159465,-1.21355143938065,0.759107716532644,0.939550784000424,0.853042468470853,0.971578463476658,0.080810958521423,unstable,0
6.02038556328692,1.90618300221482,6.33466192559333,9.25792660394196,3.9002531580262,-0.595986758282431,-1.90360485403182,-1.40066154571195,0.899075909197383,0.639927948950446,0.315477443322546,0.888642206126401,0.0506364819834479,unstable,0
3.50825692844534,2.59639221942496,6.91852738108684,5.23548647354852,4.14583197215093,-1.37329609141353,-1.97728960805314,-0.795246272684261,0.793224670574529,0.775923465227307,0.150391318881961,0.859959553390864,0.0523832380269079,unstable,0
2.65573412144433,8.2253439485825,4.20375911655627,6.80560826593821,3.61189316024085,-0.787407915667421,-1.43868985516442,-1.38579538940901,0.65169526725343,0.540500936807885,0.232146702217677,0.125450001188465,-0.0147445425658271,stable,0
4.09399699438836,6.38763543295887,0.744485499838041,1.61778291340661,3.65443441976082,-1.1300667279898,-1.58070545064051,-0.943662241130508,0.357367647310119,0.139357844027776,0.747180689913669,0.919720678900679,-0.0551842312861446,stable,0
2.52521904768579,7.62814572389869,8.3449809269982,7.52801689185182,4.21820591958458,-0.612362022522569,-1.99377310978553,-1.61207078727648,0.82873316293973,0.676765096883349,0.769435182297098,0.98548778836167,0.0770581346078637,unstable,0
1.72121591783927,1.8481272930913,2.54427884063633,5.6690653692932,2.99305794991314,-0.70851535929885,-1.49554932475853,-0.788993265855755,0.925054342212987,0.274903057468904,0.66826178440248,0.93038801322325,0.01617157085342,unstable,0
4.37497598031533,2.52009749105489,9.01438889051849,4.31880379211662,4.0281589020241,-0.972123979077872,-1.98677698425872,-1.06925793868751,0.296904537478018,0.869946784726876,0.743160233795353,0.594179067536264,0.0213888037094217,unstable,0
3.17343710603269,6.86150124101184,8.10777863852547,8.61418391175743,3.45122215953518,-0.994077160782681,-1.52014980377563,-0.93699519497687,0.52297464882415,0.687829933533911,0.859152471633373,0.842685630702541,0.0784145988441489,unstable,0
5.16143648374195,4.87068809528607,7.92247761721357,8.12863959830888,3.12964369908184,-0.723666283217562,-1.57454703517582,-0.831430380688456,0.997727108463986,0.225536231208569,0.90906952703172,0.797137175881384,0.0867662621581558,unstable,0
4.48141939331414,3.02615507368502,7.0061077138019,1.79993868461641,3.03839959945298,-0.980413857625518,-1.38797900885515,-0.670006732972315,0.162250504422112,0.949308060770793,0.585045156874168,0.778278215619979,0.0051586507321613,unstable,0
0.640708807909314,2.09493758556971,1.55014260113784,2.23965883523134,3.66844772019116,-1.02239534569916,-1.81286815858041,-0.833184215911594,0.162590331899129,0.988297029405083,0.598451139945753,0.108634791750424,-0.0196495759208173,stable,0
1.61129530521405,9.86964184985792,5.18144634104348,4.5039156159783,4.50072840495041,-1.00735768525521,-1.98813223692052,-1.50523848277468,0.958684873368777,0.389824714322459,0.364959549719415,0.884795953798594,-0.0052997872849047,stable,0
7.37271609393551,5.47728600536457,2.2764665760344,1.61074628566431,3.09141575804308,-0.693651065453503,-1.77004425850061,-0.62772043408897,0.193979939749757,0.936027527315005,0.997190375559082,0.170708155176113,0.0137509194321342,unstable,0
6.60715056957026,8.03212577848209,0.576924364756187,8.48568899483065,3.75428449569155,-0.67252621201385,-1.88900277895123,-1.19275550472647,0.834591902073007,0.686069914953432,0.983916365859527,0.483250453276716,0.0272187913742283,unstable,0
6.63713018398492,6.40387838477809,6.59169607839449,3.27096937205609,3.43195451819367,-1.11013808686931,-1.21588069787518,-1.10593573344918,0.266926613846774,0.158837119227524,0.581944552525325,0.282121228749261,0.0001144255449765,unstable,0
6.91304561472094,2.01501950328766,3.7389463621864,0.72551973931219,2.96041830272551,-0.642647783722298,-1.72951507614822,-0.588255442854995,0.23253198266538,0.620180308071169,0.862133959403776,0.691592118156091,-0.0399175920772028,stable,0
6.74955384284986,1.0799444701955,5.6154390738407,8.54292875498678,3.59800486108577,-0.589691351474601,-1.9429522600507,-1.06536124956047,0.822080192357223,0.488450596330255,0.462530415143417,0.985117441076547,0.0557722523271535,unstable,0
3.27252069779466,5.74666061622649,4.7010710988739,4.87058371978094,3.97649637886064,-0.838043373345386,-1.80685589067221,-1.33159711484304,0.888640463357131,0.742797274045775,0.262605544776402,0.877627378699555,0.07866240992641,unstable,0
1.89881538823232,7.77820667243993,1.14001232126334,5.53760691713971,3.01640689294059,-0.775738834134256,-1.62267867441181,-0.617989384394523,0.490115401284964,0.885060863187397,0.638441668774841,0.589549658055484,0.0090437189985974,unstable,0
8.9889307325869,1.06493196181095,6.93480099439948,3.19388134892025,4.15355520279917,-0.823690680381923,-1.96357376604822,-1.36629075636903,0.449966728838405,0.87165879481449,0.364916718718087,0.893958991953192,-0.0237525262625708,stable,0
5.30876048088589,4.17461090714011,2.02247944248628,6.5996751111227,3.54636388818833,-1.05899411878212,-1.7016134350049,-0.785756334401306,0.221365862566178,0.539203702368881,0.780885842734692,0.248504323600442,-0.0168201334697022,stable,0
7.05382207062193,6.32196127844027,7.20554994851672,9.69442071202588,3.34379699683356,-0.614877003258327,-1.86965936804243,-0.859260625532805,0.482371272252948,0.082690581670946,0.112702213227606,0.608466428364222,0.0195472364960324,unstable,0
2.43477544527345,6.30454209389795,1.48929519716904,4.96211279157585,3.79377477898503,-1.1051117078068,-1.66705367550913,-1.0216093956691,0.920375074847873,0.829407183798426,0.451080623857754,0.14871620999268,0.0040936054279013,unstable,0
2.82035523584889,6.95291857626358,1.62847098246758,1.43023312069676,3.2902010117574,-0.740967782052397,-1.72849587669488,-0.820737353010127,0.543160937891314,0.565758738987487,0.703878004142749,0.5185652173422,-0.0325377875041758,stable,0
6.23250419046039,8.19837873369093,2.73080668256538,1.056723984396,3.64807733367181,-1.20649037484056,-1.4505936548329,-0.99099330399835,0.458146170869636,0.0875318484906247,0.421842246284857,0.756978373307627,-0.0495557569020607,stable,0
5.80700259047333,5.79747033205181,1.13877554707602,6.66500305909013,3.32971354536861,-1.27577056520826,-1.50043179837007,-0.553511181790277,0.131373189126304,0.166010464720979,0.364259979540914,0.125101655340754,-0.0412515878678013,stable,0
5.22397513365228,3.58948283808335,2.97347726576771,4.5585961175962,3.06109896986318,-0.995372632484196,-1.49858305296419,-0.56714328441479,0.932580727041843,0.428037377170611,0.259168270896639,0.593823547100214,0.0507925533185585,unstable,0
3.2085714543105,4.52629796394024,9.43116100520778,3.09803451545923,3.90686012416781,-1.21278566490493,-1.62059705991085,-1.07347739935203,0.87031764665339,0.387424551460708,0.979622563610317,0.824695415460169,0.0354047283901947,unstable,0
2.65926594319782,3.35399936083839,2.28788919397893,8.09128030608925,3.32388439943917,-0.989001172458905,-1.40176980594659,-0.933113421033672,0.0842843246642023,0.155139494031535,0.937424840112391,0.476410018917815,-0.0182443161849173,stable,0
7.86474313225168,6.85366960365025,9.37914686231791,9.50245639525038,3.77496032522272,-0.732381277063442,-1.80421729435652,-1.23836175380276,0.828299984726321,0.354089039019382,0.145482082004261,0.661342071364431,0.0571449709019341,unstable,0
8.10920660551042,1.03390967733948,6.69239263457072,2.22019775870192,3.10752053917123,-0.644211138391343,-1.92487979509518,-0.538429605684709,0.362921086269981,0.660483720429662,0.475753146816868,0.750713465117756,-0.0166551124303752,stable,0
1.44520262882315,0.827534515632642,0.627662230819534,9.13817493285077,3.73938289203776,-0.843795472720673,-1.54157754091006,-1.35400987840703,0.244201909042915,0.549727774773772,0.748941222628264,0.224685520365086,-0.0434357676003037,stable,0
5.94260177204212,8.99130238218411,8.99461157420044,2.72766755811037,3.32181553339002,-1.09882964763208,-1.65450267462627,-0.568483211131673,0.242349788950608,0.175593057369794,0.317434044460436,0.866568711042509,-0.0201634171138614,stable,0
9.00321111661805,4.55266427425955,3.54953945729587,2.33854159259548,3.66485526680897,-0.769617395283445,-1.67513035704452,-1.22010751448101,0.336285886603902,0.709916094046117,0.958225309623668,0.538980475108351,0.0320135375938951,unstable,0
0.882680955335032,5.08421323076317,8.00035607188649,3.34573006892473,3.75448810918623,-0.737455387457158,-1.6478215278846,-1.36921119384447,0.420220287946787,0.536571016816017,0.0542316262970306,0.58189300500922,-0.0457192447374349,stable,0
2.40337939889396,1.31698243301102,2.39358091141361,8.44804470741963,3.93007568824268,-1.22955456885089,-1.70661296980835,-0.99390814958344,0.0746688855178678,0.46490978596594,0.134013194543386,0.748597512045009,-0.0331779685366352,stable,0
9.64865029994616,0.916694457477576,1.45393495287835,9.28090021897605,3.55575334043704,-0.78347928124594,-1.50492106437365,-1.26735299481745,0.593295585071867,0.269877690810402,0.92480409113432,0.119920034575707,-0.0507612024915491,stable,0
3.6306385554377,9.6856677967289,1.14528032315962,1.16344783546653,3.5179321876108,-1.22235609257168,-1.34038328144313,-0.95519281359599,0.755650392177289,0.998879077169072,0.886235949685518,0.390442088341237,-0.0267235913306452,stable,0
4.09030078603851,0.901605356882117,5.82427132067109,4.44367305505397,3.55371627789455,-0.689280467132409,-1.4163830385059,-1.44805277225624,0.8069906870906,0.424468083620442,0.85570045785265,0.545122415083512,0.0507805629800768,unstable,0
6.29014744924952,3.9937830083137,1.35536585373925,7.248882025126,3.89499756291396,-0.95837868007276,-1.45709844389515,-1.47952043894605,0.477717881304111,0.749008265299156,0.789723178716216,0.943460883554658,0.0448812713165406,unstable,0
5.16549598725033,8.39254439564684,8.29247128940144,8.28865896322879,2.94215873994492,-0.561198944198643,-1.63507590608224,-0.745883889664034,0.546988360216583,0.353978518741737,0.347110379717143,0.927820382982261,0.0609298959547087,unstable,0
7.58878820570435,2.10454326982648,1.09818708621743,3.06661569284454,3.19422324354976,-0.708195634680102,-1.54959136002462,-0.936436248845037,0.878959742570217,0.498156154132169,0.946853192817044,0.939159427906231,-0.0179618641100541,stable,0
5.00138528325504,3.1116529510258,8.46577278483923,3.72094779254266,3.23963904048315,-0.836304439847835,-1.49996481741788,-0.903369783217437,0.129206640439746,0.863417983384611,0.0755514162417932,0.500248121744042,-0.0250908218998965,stable,0
6.06444749403024,4.8750421422617,1.87218392822276,4.97255254187039,3.24952615511825,-0.999652052808134,-1.67055453174483,-0.579319570565282,0.272261978772711,0.339267743917033,0.827259226016939,0.941858295788725,0.0328017247677797,unstable,0
1.39060139693579,3.12956261243767,2.80813444951014,9.93659888935471,3.47174272977356,-0.828327241545217,-1.66738250717415,-0.976032981054194,0.22069430765453,0.364768274569098,0.526120013143748,0.252792414845666,-0.0461589872319869,stable,0
9.52759192334475,7.90419187834826,2.6178268508203,5.9637511333529,4.25384643166041,-0.849784317852487,-1.96668881608122,-1.4373732977267,0.170805571221593,0.439265453872223,0.886791999527761,0.378037227083489,0.0011729434537417,unstable,0
4.52312149489706,5.83266806163598,6.76681231455718,7.21529556244733,3.94499722247145,-0.589370905697963,-1.72581243595987,-1.62981388081362,0.133214999231994,0.588598225703698,0.191712412680992,0.180318372111206,-0.0099989401897758,stable,0
2.25053283939003,2.91466041556778,8.24402822340559,5.7004923557726,3.21585488247763,-1.00645128637161,-1.49208499661034,-0.717318599495676,0.0580029856082983,0.151128831186013,0.758548462012021,0.489843247609807,0.0134724130458655,unstable,0
2.75667806709876,1.11475610495913,4.30342865664295,3.31785388409098,3.92087097690351,-1.2550827199835,-1.57983041622719,-1.08595784069282,0.342655498661264,0.7947891490218,0.199754267114382,0.651432632806671,-0.0443805542450747,stable,0
0.965138778528094,5.85027091475629,4.86162066873739,1.26704071881496,3.3323144262178,-1.12394826807118,-1.69468132324559,-0.513684834901034,0.169836081943674,0.581125669860237,0.687650232933399,0.934216888210088,-0.0064928212705895,stable,0
1.5996938128744,5.90139085493174,0.555485187312134,9.91441899082833,3.07597152596852,-0.629291228475445,-1.72689067762643,-0.719789619866642,0.327793471675344,0.172012227866368,0.463161551404982,0.7814177188993,-0.0281563728678863,stable,0
6.33546916413727,6.65951355171979,3.58506127494475,0.750891116897168,3.78260901722422,-0.845589530422632,-1.69230542790768,-1.24471405889391,0.154838835739892,0.548319684788311,0.243128757243366,0.589440031326353,-0.030326763118455,stable,0
1.92121305161278,6.17270327210614,7.88619169418924,1.85706472207125,4.21825143363256,-1.37402400408206,-1.91686520710232,-0.927362222448178,0.206965783156997,0.274756322997856,0.231772877425081,0.702760468694177,-0.0400718049054753,stable,0
1.62528348939271,7.97371107701018,4.55341436290734,4.01976617889127,3.62970591569451,-1.32963029692798,-1.53189297286907,-0.768182645897463,0.591236841286297,0.443261944815692,0.584758752615678,0.325947021395861,-0.008104249583157,stable,0
1.4210565053896,8.11197036070512,3.05240171714583,3.44958573434985,3.67241481196278,-0.62863862909805,-1.78202879959821,-1.26174738326652,0.485269238665292,0.768789479401693,0.571477051766781,0.882755902216428,0.0124742886583701,unstable,0
5.54128764165654,3.26664171930285,7.21996541075329,4.90067439103525,3.24155036422962,-0.8195997931586,-1.66609764484069,-0.755852926230326,0.706318112165824,0.0625946499320783,0.444440214167994,0.441761324216659,0.0281521781373839,unstable,0
2.21736010136356,8.40587927946809,2.57748817893656,2.85706613335449,3.79694765871644,-0.790385955180751,-1.3479683759868,-1.65859332754889,0.787679472796741,0.0853525111360138,0.626287647570538,0.161470916175337,-0.0238918185548067,stable,0
6.4621861784496,4.99489540249344,4.77273215208718,1.27821261760016,3.30724175182632,-1.03331077801198,-1.39755905872486,-0.876371915089479,0.760544358733759,0.583503772785896,0.770972548344528,0.862943051869714,0.0508597101230399,unstable,0
1.81085927993519,0.522993907892646,7.32921622337754,2.10313282346794,3.84175698354217,-1.05790245058094,-1.71610886188537,-1.06774567107586,0.790671332604119,0.41634051720656,0.786144392234556,0.34345001930891,-0.0249700869379561,stable,0
3.52401670678675,3.60906695267446,0.59089495240252,5.20568081391862,4.01931618286012,-0.995198745580146,-1.78753060643302,-1.23658683084695,0.372941739071271,0.96294966071696,0.801183925407551,0.675914376523049,0.0219040383181862,unstable,0
3.88573309870051,9.07303884617441,2.3175825581869,7.13075619957326,4.12335239631948,-1.01513212490528,-1.97958012869494,-1.12864014271926,0.51412812129247,0.403257663974655,0.449294413733645,0.80862229715722,0.029668647307981,unstable,0
1.75261113395424,1.07786302042698,7.54099492735366,7.91885184183025,3.43325918544566,-0.933614205153473,-1.40643171378478,-1.09321326650741,0.985293452145445,0.273353494337171,0.271060212872939,0.671942117330747,-0.0276263648183137,stable,0
2.3609936707515,5.11613378595766,1.85502652253179,1.90416698035977,4.37529200567123,-0.703671556199517,-1.93049092387563,-1.74112952559608,0.305580338803991,0.557862919526744,0.189956633592487,0.800843474288542,-0.0350963297376539,stable,0
4.62515255638086,3.38654968767526,1.17434274995531,3.77216696235699,3.32181493589985,-1.0499915146753,-1.53397939010921,-0.737844031115342,0.0541721117209282,0.887039606619618,0.922503628055258,0.22896358317768,-0.0345460143541572,stable,0
2.47888336718812,1.60375549877767,7.56665836164063,6.39623663297675,4.12934298678434,-0.886120288588887,-1.59633636628377,-1.64688633191168,0.279001461558057,0.261907999705605,0.508495933977889,0.832246715714039,0.018918885808549,unstable,0
1.33297924762238,0.534227546724502,6.01053827927382,5.47826436274296,3.03270778418686,-0.801559676427615,-1.70490835084914,-0.526239756910107,0.683577941756031,0.707266559394373,0.0751208223107003,0.386752572893766,-0.0263016979831277,stable,0
5.15480975533525,3.90807973119756,2.63324487771778,7.62948909217212,3.40349432713485,-0.820964212281164,-1.69309589471709,-0.889434220136597,0.506018957981762,0.780714125793403,0.8149420570665,0.61645714565652,0.0520865082545252,unstable,0
3.46872195508573,5.10723434218816,9.96928803926712,6.13407603995475,2.96965478750736,-0.583941424037481,-1.41491550169847,-0.970797861771413,0.387693202713208,0.272833522489697,0.950725236826277,0.88009955822796,0.0564023369154161,unstable,0
0.865765829868347,3.79957241779442,2.36600063444087,5.90268980070767,3.40354203998884,-0.926669394493953,-1.590801652661,-0.886070992833888,0.980559692440584,0.961780817034066,0.81388351395424,0.907023857121482,0.0440649509129566,unstable,0
6.73477940920774,9.68416531765648,4.75058422030931,1.26159540784882,3.34898076282644,-0.603880622751534,-1.77729221670751,-0.967807923367398,0.211293909608349,0.299535328177663,0.530664542425338,0.79667543926365,-0.0294459257158703,stable,0
6.82146504544683,3.50648287751235,2.8996995083404,2.10602486335726,3.80006388149568,-1.0150681599653,-1.46899079181884,-1.31600492971154,0.427684106450783,0.564500032377756,0.923800815449307,0.474918717260108,0.0165983517948697,unstable,0
2.88913998096418,0.854660575228394,4.06616804788108,0.525014509142877,3.62357832810095,-1.11306837198664,-1.2692861107192,-1.24122384539511,0.191014295837337,0.869502373564985,0.299380427633794,0.595302077900436,-0.0478454616457671,stable,0
6.62630310292459,6.92674146632744,0.806420497628325,9.27066701327819,3.52107824000426,-1.06892460851499,-1.84279175767109,-0.609361873818177,0.507084545138781,0.538649733579527,0.428569498578624,0.147443935092047,-0.0041135239852673,stable,0
3.69591323764817,5.04046145876971,6.36603794365909,5.69260062646101,3.39397266267187,-1.06587749640737,-1.45222071547558,-0.875874450788915,0.0687450606531312,0.792458885759094,0.203788187114422,0.451536089788597,0.0173454698943609,unstable,0
1.61940166765865,5.79879511238905,4.77793418959306,7.42156863193978,3.96683885076607,-1.3299680979231,-1.79731021203356,-0.839560540809412,0.759258944984267,0.0873012238441361,0.722459971319665,0.603556389203157,0.0071982412942223,unstable,0
4.24751893007231,3.92923337824689,7.65372181920758,7.11788729357157,3.23761422574018,-0.626482165590441,-1.50746905934806,-1.10366300080168,0.205877091071235,0.179499202146081,0.101098092785996,0.406325090614394,-0.0385891610695985,stable,0
1.66404916531747,8.63402916930266,7.54352317254299,4.85092877707027,3.85863226269786,-0.68824640883226,-1.674737050053,-1.4956488038126,0.219079260962195,0.808879963558026,0.157757232662551,0.265406600896306,0.0079143736944943,unstable,0
5.25380950045632,6.16866843131175,0.503481864386657,7.24017112621345,3.84789184968222,-1.32543303923884,-1.6706855036483,-0.851773306795082,0.67951324709545,0.274323672119661,0.987216227435169,0.0960599489037658,-0.0294554064769957,stable,0
1.22152701138982,3.46987667259643,9.168780707115,6.77090459883667,4.03697233206782,-0.539329380112362,-1.84105798487965,-1.65658496707581,0.899559064815679,0.0721385189142963,0.240442346233733,0.628495256333506,-0.0078839532311456,stable,0
6.17552805605949,5.07339929638403,0.541710746995348,1.86268340204195,3.98887008877831,-0.876178012606129,-1.97863599262681,-1.13405608354537,0.796768096701772,0.154540750191106,0.990863104208739,0.503447958092387,-0.030577608345998,stable,0
3.81602485703391,5.86677797643804,7.36151070790959,5.70815591555225,3.24788840857951,-1.21801217487981,-1.39630281466438,-0.633573419035319,0.380777120513335,0.573805964124531,0.222323425585998,0.768242530493072,0.0443236306528311,unstable,0
1.94711148051281,3.98025022031287,7.26816635719044,4.48997528073591,3.66891985195423,-0.534197968131048,-1.36002969459217,-1.77469218923101,0.11553891784527,0.824387842907385,0.586698484420484,0.956675039992126,0.0578089759552823,unstable,0
0.552904664981854,9.75216768656854,6.2929638380365,9.9069908837227,3.4786027421456,-0.945377014217444,-1.24207499980017,-1.29115072812799,0.409248433306719,0.759549227149702,0.860911372716693,0.105540873496421,0.0239579913359997,unstable,0
5.90842123191863,3.90007173974833,2.3642957441869,2.24112308666429,3.74722306620718,-1.2254686883373,-1.62300290234585,-0.898751475524029,0.550077141251725,0.849496810873875,0.840343545982796,0.954607965245215,0.0637886235247531,unstable,0
2.78969057522215,9.88712758037534,5.54411179427888,2.72982802078786,3.88949967022865,-0.882744571653032,-1.76630082163333,-1.24045427694229,0.279406452210614,0.835263741016092,0.559011153324354,0.303308427141182,0.0187524340778768,unstable,0
1.13551399946614,3.75851241657287,9.12842518671981,2.48730007097729,3.64869285747767,-0.664551718875556,-1.62938520900018,-1.35475592960193,0.524934954071167,0.249219575166313,0.913889707279514,0.68063201846623,-0.0017169720751405,stable,0
8.92566671118007,6.20942358693523,9.93824514055817,1.28385511657204,3.56508007716788,-0.722642130314116,-1.98557499889057,-0.85686294796319,0.563436265330683,0.750300491970846,0.403671638859292,0.588075328885721,0.0256218592223914,unstable,0
2.31423356176374,0.721263392312499,1.81175172486305,3.68179771057644,4.08865605668327,-1.14060180508693,-1.65642074320595,-1.29163350839039,0.384625733245572,0.959689844401177,0.460685778685075,0.498693484908277,-0.0382205035532416,stable,0
0.900754507755779,3.31223645173149,0.638922794256743,7.58789178495861,3.87334335030564,-0.593385066897923,-1.55748472819687,-1.72247355521085,0.604779880107146,0.582082085899473,0.129930895166685,0.0518965333551017,-0.0513155577283149,stable,0
9.77803567945842,0.641728980480297,6.48857542220078,6.04503097432073,3.4024075878645,-0.575144849576533,-1.82591191308371,-1.00135082520426,0.967984682895482,0.749537061838254,0.461482463233672,0.929237602327816,0.0391893370511282,unstable,0
0.961654357349256,5.36998036282628,2.86779255153972,5.36355753784132,4.24615519640492,-1.42031048282328,-1.55129234647549,-1.27455236710615,0.723600374489287,0.443664592785182,0.794369591093311,0.477226871579355,-0.001169344102958,stable,0
4.96586837398122,6.14182407877001,5.99880634910112,4.85786997615042,3.67371171617028,-1.07819106708355,-1.81934449250045,-0.776176156586281,0.712133504794585,0.420672148258375,0.425321538370814,0.14187397374077,0.0326743420399454,unstable,0
2.3857101064847,5.2612905433397,5.57222740228979,8.42833018115904,3.79722700596453,-0.685289698144572,-1.53144467750691,-1.58049263031305,0.692717489464349,0.116486733491359,0.174989498066297,0.207112920903019,-0.0205445008496721,stable,0
5.94850686763136,3.56317554150493,8.47370497560411,2.3745640064087,3.81069551951891,-1.3934076287533,-1.86418154694891,-0.553106343816698,0.509057200166279,0.0768859669269179,0.457119617906386,0.622172821815687,-0.0054905688822636,stable,0
4.98951957996611,0.950979314720235,4.04140646249494,7.00548882046564,4.09920808754606,-0.960396830244863,-1.95497181748237,-1.18383943981883,0.487290782338448,0.952515741553639,0.518445305955326,0.519123735446854,-0.0038768496226211,stable,0
5.01611977275852,9.57914541497135,4.62009814644549,9.97528131534355,3.67589945064947,-1.00784894125283,-1.9208465138196,-0.747203995577036,0.801562313587123,0.243886468279856,0.530578359788547,0.244700996235695,0.023975672721625,unstable,0
2.72649661350731,1.25197360557179,1.47061485946812,5.3721862585931,3.64015376605162,-1.19937816887806,-1.71486626710297,-0.725909330070589,0.215185301508015,0.480022926441076,0.719003661239721,0.892832762362745,-0.0230749112933561,stable,0
2.43610456494446,3.34737267922027,2.49538120837616,6.79903296619324,4.08151535796651,-1.0472155647342,-1.51857967220938,-1.51572012102293,0.13523678951484,0.0834402502795716,0.396661332526279,0.56501553808126,-0.0191448248867453,stable,0
3.32300845747391,4.77418648926389,1.19236632315441,2.55215721703487,2.96541599368752,-0.793851204548427,-1.65227924417841,-0.519285544960678,0.472392477087586,0.0644041847483441,0.182880499781389,0.3657656890285,-0.0318738092498536,stable,0
2.74866683768955,1.21654433762674,2.97109131176493,0.725086904965877,3.59189347411645,-0.639077072883851,-1.80150674362668,-1.15130965760592,0.901857205051054,0.593739388456268,0.355114863528123,0.579756386057829,-0.040112305456555,stable,0
2.95062757048652,3.3975999450702,0.767501684156351,1.09324689310854,3.77263366815396,-0.71708094248682,-1.36231328752175,-1.69323943814539,0.133945592143185,0.286092423023665,0.265165927515301,0.170371563116569,-0.055436739823207,stable,0
4.6912364681465,2.85522734098568,6.60896807411216,0.984642339222191,3.16705269063448,-0.876793044321798,-1.68616549507539,-0.604094151237293,0.409920049099143,0.970891490516792,0.546526020522622,0.13392499689456,0.0096426371437753,unstable,0
8.41106672092304,2.21333362973853,7.72873949048796,5.85776370035172,3.56135738537468,-0.942634869111155,-1.76573596815886,-0.852986548104661,0.623968369774609,0.143132342733258,0.352574335676464,0.938920822715547,0.0493593940708588,unstable,0
2.71444978104114,9.6650426882326,2.13516901963425,2.06599197307888,3.59542974558889,-0.612585914875648,-1.92577116940659,-1.05707266130665,0.287813113073007,0.608556113183569,0.432915267697946,0.807816221055025,-0.0214648562854046,stable,0
1.91142284707431,1.50203598397931,2.56740905714241,8.70593394836633,3.16960442656285,-0.746335448966629,-1.72526493777052,-0.698004039825697,0.965548685795069,0.230932433476903,0.882307629549273,0.321719414756941,-0.0183049596035996,stable,0
6.61437196939926,1.69571999167999,5.93284051608868,2.19564873266151,3.30036445980367,-0.696907861741516,-1.53740345763861,-1.06605314042354,0.859418615140541,0.867956193728763,0.614388759992636,0.551684439260379,0.0304731209949264,unstable,0
4.00581325514173,7.07173845602486,6.8786263555944,7.70434551372805,3.27908997974619,-0.865486826245149,-1.54546364968779,-0.868139503813256,0.293153098387592,0.824922130087389,0.904436913900403,0.865634105411614,0.0896170354561124,unstable,0
4.37148062785161,2.24713039277291,9.10273292174293,6.0966331594283,3.93272059601844,-1.22092801641405,-1.78628067237454,-0.925511907229852,0.918833787661843,0.357137929617952,0.445596120864764,0.429529908101734,0.0275809571512761,unstable,0
8.12912589827996,7.60290321337471,2.52954263833042,2.81376088785548,3.15621443322678,-0.775485197593167,-1.42978502190394,-0.950944213729678,0.605616966956656,0.792262667309463,0.626916518268388,0.2515661050233,0.0328542685670022,unstable,0
6.65417975125194,1.79790946321775,3.14507658091915,9.89969814144201,2.87611673243095,-0.801034184308653,-1.57098501241351,-0.504097535708791,0.524176070214759,0.240127715731114,0.126908229294977,0.225416988349108,-0.0305835728340398,stable,0
7.38215845563146,5.20301597613757,1.49736242011476,3.94917914057274,3.46722548875173,-0.785322374603711,-1.74192901707068,-0.939974097077339,0.517387514752933,0.377061003757019,0.196847213948142,0.076076911023407,-0.024100483660653,stable,0
2.73244669934603,4.52181360868246,4.64696080105001,9.66942965438379,3.46782967797693,-1.00562903925715,-1.33891796144499,-1.12328267727479,0.532048186727203,0.586265518513807,0.680068485919393,0.338049508722469,0.0187430444802603,unstable,0
9.66430110132961,2.50806410635695,3.58953036334452,4.15921707177095,3.39676742110394,-0.669267833364452,-1.62823319851911,-1.09926638922038,0.870361261340658,0.226159255560421,0.197250146940527,0.750207961343317,0.0165283768623383,unstable,0
1.332109043167,6.78433980593717,4.5682315431329,1.74904128165273,2.81017610963406,-0.619393119588704,-1.42702988859559,-0.763753101449762,0.149478542897021,0.565012272721992,0.713902519546091,0.550161282106846,-0.0009383124825338,stable,0
1.25447804571963,6.62910397453606,6.2051393472142,9.62267485258766,3.61924702372957,-1.39396178862005,-1.70791255310103,-0.517372682008485,0.542788639792702,0.632777489991038,0.88649383028743,0.215502569834605,0.0299125806647562,unstable,0
6.96403430645148,1.71534366625512,4.52125017705583,1.80162316946528,3.43343976660003,-1.12899002229205,-1.65773206168027,-0.646717682627705,0.113130899032519,0.329202191793547,0.641322610111574,0.276164106321513,-0.022702574528667,stable,0
8.35670145655059,6.39812357109527,5.70541368927927,4.84867167965785,3.41304654860889,-0.759029992438515,-1.60352999503261,-1.05048656113776,0.963641923585649,0.395918681791892,0.528098918804425,0.846428059721022,0.0792153913079524,unstable,0
5.61595985291514,1.03590326062354,1.52862218457856,3.99301759777362,3.06001645321189,-0.602842871607735,-1.80380215765726,-0.653371423946892,0.186158559814214,0.153897224518032,0.869600812084737,0.370442609960197,-0.04304612203027,stable,0
1.15043306599341,5.75772878374949,8.6530940900839,3.44137873489712,4.09945191162833,-0.729319472009328,-1.5561510499415,-1.8139813896775,0.22009282309123,0.987176307435257,0.741730138216758,0.112782668332783,0.0348841186152017,unstable,0
2.24529304839717,7.83886690291564,4.86586138268568,2.57319577506813,3.44000950187622,-0.529125974474521,-1.91398955142507,-0.996893975976633,0.659875829871522,0.888432464773629,0.744140715243892,0.954519612714619,0.0488069473397696,unstable,0
5.55788060614166,2.05352475267745,2.1250504653548,6.52834750454759,3.8324339294056,-1.15514957648029,-1.98901239260348,-0.688271960321825,0.722008937932086,0.306457677257518,0.726269360799261,0.971963623693944,0.047931533692443,unstable,0
2.53684869464774,8.24486338564841,2.49476939660505,4.93720232250659,4.5351060218743,-1.08573793677327,-1.94254097943936,-1.50682710566167,0.517571829110291,0.350044120473057,0.866010569522248,0.920538498091528,0.0316208729543482,unstable,0
2.89628997810881,3.61939590229797,6.14709423694228,2.53909091833197,3.2816686517837,-1.09069352768942,-1.20238350085705,-0.988591623237228,0.361886442001935,0.941339689277381,0.881139140517329,0.0544876868782914,0.0397512833666731,unstable,0
1.63061143050437,6.80516140730907,7.8961976058053,4.40487518023321,4.19591626484772,-1.43008632813239,-1.89612234574344,-0.869707590971887,0.722717536493496,0.0568107079673081,0.675331441819331,0.58140274341682,-0.0047743151918129,stable,0
2.99393394854523,4.68154731977925,6.28108724451383,5.81884565052078,3.90738199849245,-0.741592437106394,-1.89262981900212,-1.27315974238394,0.418081152534948,0.909025829955268,0.803681146865458,0.500866931920783,0.0736092124948118,unstable,0
0.721071281977312,4.39762881554146,2.59650760590986,6.75155168718089,4.00728641788851,-1.02722706182188,-1.60768840576074,-1.37237095030589,0.682412568787274,0.0754071737887349,0.779795376883722,0.703797533549246,-0.0141145846096316,stable,0
2.61008174979835,7.1985125603455,2.60916365284572,1.56447234851234,4.129772533709,-1.63945767316145,-1.91280178038375,-0.577513080163801,0.888176969161339,0.283483455503357,0.195373097370533,0.959491590500198,-0.0361089966324206,stable,0
2.62431862493791,1.65915003790453,4.20753478424086,2.13006091290738,3.24295623540632,-0.700592617295112,-1.40623615659098,-1.13612746152023,0.869803684690695,0.734722059024146,0.85010017599054,0.292978270898777,0.0362815400556683,unstable,0
1.55180838281916,2.75546990353101,7.192925153576,8.12688276313425,3.26976129459136,-0.655643138645252,-1.93916870995936,-0.674949445986748,0.461599495478767,0.241808932677284,0.125827604789888,0.596798951904514,-0.0331060650683049,stable,0
1.08116765413939,5.43607721602023,7.16375823276869,7.26847576965555,3.23654702963698,-0.74194023685425,-1.57133688629249,-0.923269906490238,0.603441201357226,0.31795643417048,0.563061325503669,0.165906658725165,-0.0210061891075019,stable,0
4.68874607130972,3.05084486896876,8.54082545653363,9.76221082432223,3.77171886302257,-0.803689099622576,-1.70204854198353,-1.26598122141646,0.736987661795949,0.93193530426139,0.819133658961584,0.461239913810808,0.054287648446386,unstable,0
2.2983407751661,7.81845436893269,7.61656711002341,4.29365688552085,3.9960890355965,-0.623606720117072,-1.88531741777621,-1.48716489770322,0.236329487954258,0.334507201403881,0.754779702065778,0.191972595559896,0.0138872246201143,unstable,0
2.17737513065023,6.81495916418829,0.587212213075627,5.48383844069598,4.11644505206033,-1.18877840476293,-1.7370909528296,-1.1905756944678,0.170439775135682,0.300536798522877,0.236308504109365,0.801324663190073,-0.0163537156816588,stable,0
1.94546561531288,7.81765518903026,0.990591173253301,0.640151551093918,2.99762298693984,-0.507805731173546,-1.28820110152692,-1.20161615423937,0.942494846842043,0.407753990152506,0.966622990853234,0.867505358150628,-0.0687087343027352,stable,0
7.43534169498805,1.56940238357211,5.73600213315742,2.84707457516083,3.1479547617027,-0.509828524972394,-1.68971637602348,-0.94840986070683,0.994498084480118,0.0696710748272727,0.729936094634184,0.915927026090005,0.0562806812013314,unstable,0
4.82858337467599,1.67282783664987,4.66072743029827,1.73829615371249,3.70880190780026,-0.928862515774416,-1.35373023656788,-1.42620915545796,0.889852520399999,0.378886158712837,0.651989957197664,0.0650409966220451,0.0200087403894678,unstable,0
6.29448564269643,7.3199782784096,2.44825637261408,0.614579353336897,3.90777133394078,-1.17307694878562,-1.98377789558463,-0.75091648957053,0.477660451780594,0.0528694232502487,0.562188358796128,0.894273751727464,-0.0255108646044922,stable,0
2.83017659889294,2.39095643670692,5.15363486197481,5.96247419772943,3.34329669627571,-0.641102082078205,-1.51236776627809,-1.18982684791941,0.610957208281137,0.0963129297938454,0.870442848493721,0.166739222786053,0.0063348084869478,unstable,0
3.26170806804132,6.03591503806053,2.37602610635861,8.80446029743096,3.19778652587825,-0.817115736875299,-1.43896546044828,-0.941705328554672,0.192275044997302,0.163877088638169,0.993071836213169,0.68970973430634,-0.0064212088212682,stable,0
1.5390038753093,2.89626813305301,6.81916506270346,6.30284756317536,3.29834763929394,-1.04273893305475,-1.56038484427274,-0.695223861966445,0.700552808857581,0.669489557445695,0.221071225886693,0.108188949144861,-0.0424623752511489,stable,0
8.48632808042313,0.725309298726113,9.58993452041089,9.40140530042184,3.07983051173149,-0.528973721021402,-1.7222443058381,-0.828612484871992,0.0535813980036578,0.496541686102223,0.387170591862095,0.715678406568019,0.0012071817086729,unstable,0
4.03351370448831,8.317617811423,1.0784284119506,5.57386763015476,3.38607510536251,-1.11975803177052,-1.34186297446201,-0.924454099129979,0.862540167865099,0.75208360159094,0.335133638316155,0.977680744568682,0.0606371976815666,unstable,0
3.46278192500833,3.44803274971816,7.91316169266428,6.43501799687041,3.51747821217439,-0.661325558475172,-1.98267060973416,-0.873482043965056,0.94802167444455,0.109442337251634,0.332875816445799,0.196094567813772,-0.0081988947707456,stable,0
1.40545561073285,5.38892414153046,1.63402622461921,9.50957228400417,3.27842756202829,-0.834013838658214,-1.49092310484926,-0.953490618520812,0.434668283711514,0.529894406315039,0.749306913881241,0.435109290538541,-0.0445410877945411,stable,0
0.994039413310424,1.60440358417907,4.07195543540884,2.68233035362031,3.84015086091066,-0.713538592870871,-1.37181350717091,-1.75479876086888,0.738807734852369,0.933203518689102,0.734125542097465,0.962860047028116,0.03958846781486,unstable,0
5.10297923734825,1.67468893679701,2.08682063105894,4.80534706813862,3.81379023447409,-0.796698198838253,-1.96172613556361,-1.05536590007223,0.815737810674277,0.515368731773681,0.917598417183264,0.953227138726428,0.0639046576901428,unstable,0
5.11831126398954,7.0424937361274,5.16271780229557,5.11194910420155,3.06197832365103,-0.755948195479263,-1.8027752335623,-0.50325489460947,0.547132661707448,0.791983666300102,0.582958153314125,0.284456608474795,0.0612959819579964,unstable,0
5.43953862100929,6.37225514990939,0.557948929314199,2.46092908635807,3.35357769322907,-0.564004781032237,-1.9178811985886,-0.871691713608231,0.994853608816351,0.121128821772088,0.281766082318296,0.804167541699309,0.0050745547060589,unstable,0
1.66199102396494,5.31531706788472,5.88366304891516,4.21862082074984,4.39531863473405,-1.2325410554845,-1.7686364356033,-1.39414114364625,0.465104726557744,0.569553174066897,0.365079794069292,0.750058502560303,0.0287045754241672,unstable,0
6.80451773000869,9.80419207181773,6.63833835392999,5.80406883620456,3.48631194820529,-0.666272787892015,-1.68229923702542,-1.13773992328786,0.110579629874503,0.277221280899338,0.0780845641434099,0.419042338679815,-0.0219738689683933,stable,0
6.72149144073748,8.29515310229706,1.50099210223859,1.23434894638889,3.69770028389958,-0.556554689848644,-1.87559574104447,-1.26554985300647,0.825512505882951,0.0848491229370632,0.599669217916598,0.566709375813234,-0.0143334250865298,stable,0
2.577338027731,3.05333547318625,4.76683085353065,2.7242201147731,3.77347204212797,-0.685856019246637,-1.97972649659009,-1.10788952629124,0.212700870155912,0.611949192638474,0.713549166590275,0.790318418262418,0.0350187345023207,unstable,0
0.557870807358727,2.32126976608637,4.05720876678829,0.946565824480553,3.02423696859358,-0.98935492357898,-1.4626585408629,-0.572223504151695,0.361737205632889,0.523682481369954,0.468235355764552,0.497097574694463,-0.0306816676928271,stable,0
5.06567378297884,6.89194212583967,6.89495099689818,6.74686493982774,3.716471010629,-0.650096985917888,-1.93171577212694,-1.13465825258417,0.444486889029025,0.233177398543074,0.894253275662521,0.121070026155023,0.0372791567988099,unstable,0
9.53186323242597,7.660493619735,8.88220765724782,5.14797005588042,3.07038037568196,-0.696672950035054,-1.72109020299644,-0.652617222650466,0.385526111039077,0.603632284660472,0.721289863503198,0.774815609384744,0.0693074312926596,unstable,0
1.90672039774435,3.17601032401548,8.57012178018523,9.54447566091108,3.48780384671747,-0.845395817441435,-1.32333030914719,-1.31907772012885,0.840696102523217,0.656271090030719,0.760304802908395,0.279369741498972,-8.14822006511034e-05,stable,0
1.59546272524634,4.95313004551961,4.62704426006369,2.95752889303183,2.86860586653971,-0.566583238223125,-1.48228939496599,-0.819733233350597,0.476034726617237,0.73204183330115,0.974204145684598,0.9369112831929,0.0764339872575533,unstable,0
5.88392457708847,1.121395379594,5.22939786013295,1.47968919542294,3.09817551992327,-0.584861527445715,-1.23069951444472,-1.28261447803284,0.588473018548038,0.77411226213103,0.851991090799987,0.927222777134683,0.0101895283689989,unstable,0
1.89303346473763,1.81187088180258,2.04632313381657,4.29927992268723,4.46957885965499,-1.45772069453767,-1.84464329271439,-1.16721487240293,0.398751976462947,0.103836121887915,0.773522359553006,0.196332921338072,-0.0252243908051299,stable,0
2.27894958149815,2.04550323022786,5.73177640202183,2.99392688451904,3.95500284982162,-0.983467701993883,-1.62556074762812,-1.34597440019962,0.424919738964396,0.178513905453186,0.952178847167775,0.60099623764572,0.0180125402979229,unstable,0
9.11605097084852,5.41521228703869,1.03782408551512,4.25337780485278,3.52933879117538,-0.855014907895238,-1.39761420856364,-1.2767096747165,0.23156500229231,0.0768517542316706,0.479601196992511,0.0860392421707313,-0.0362650748941262,stable,0
1.61586669471324,9.8939795770067,6.7651689452647,9.90388063098155,3.13683525361646,-0.961858421643695,-1.63492408705262,-0.540052744920144,0.0831053283473651,0.650351028479449,0.322757444419583,0.918067416489668,0.0511911034668744,unstable,0
3.42950831333898,1.34594355042393,3.4860363187144,1.73459982954913,3.17211538910017,-0.85318468229454,-1.48142231102,-0.837508395785629,0.897283265116503,0.352997920028066,0.210425779832026,0.379435301797161,-0.0118061792338456,stable,0
3.52627457981206,8.967320238445,1.8949315548495,1.44433251107456,3.23264390155902,-0.765499804365193,-1.80952524687909,-0.657618850314734,0.751368850623185,0.489482877121246,0.790877946574418,0.402068782856284,-0.0180708445436762,stable,0
2.12267494702333,8.50684842122454,8.97612279994484,5.29707167240484,4.34203518700304,-1.56490020996771,-1.95474585223085,-0.822389124804479,0.634925613481944,0.263570187917588,0.629958432780895,0.452077337501,0.0122191569498995,unstable,0
2.3902483137353,1.12228442515732,1.56179827047365,3.26185719637662,3.35695155027956,-0.705631238161051,-1.16203262465536,-1.48928768746315,0.962478009006728,0.991262094261706,0.435657146829285,0.703965981063312,0.0271909203785213,unstable,0
9.31362308623465,2.6198043753619,1.07465633036129,6.32904827244335,4.10935396848507,-0.932283381905989,-1.81306789606618,-1.3640026905129,0.448021022310081,0.761138104255674,0.542679349525543,0.827090961069004,0.0019903275069125,unstable,0
3.39956890893404,2.25432665909486,3.97185412903259,1.00464937392571,3.78751147132222,-0.523776645950868,-1.60682592501299,-1.65690890035836,0.709263565017197,0.20384128203792,0.212030615220427,0.117093712090243,-0.0202556515593694,stable,0
0.784097431830224,6.06215182682999,8.11356223450314,5.91401706210632,3.92454522154081,-0.713645519769855,-1.96126929784986,-1.2496304039211,0.114338497865426,0.344607207185479,0.986684220750449,0.920622439253669,0.0626316246152271,unstable,0
4.46519652847906,1.60598668997568,2.27007789964229,4.08545123779286,3.32224403887675,-1.07562026826279,-1.6360583111829,-0.610565459431056,0.472266623194716,0.998705317157333,0.480008717134307,0.158895789381856,-0.0314553790287825,stable,0
0.958203587643174,4.09563427056957,1.62748732187829,4.4250277266551,3.1528496578082,-0.525925281056273,-1.56664457977868,-1.06027979697325,0.642031892146188,0.7928817067145,0.714327570003887,0.628762520665601,0.0135830251084125,unstable,0
8.83201170876259,6.43549704341926,2.65120238762641,8.93309771608425,3.53380154818741,-0.730719510444743,-1.96535312363493,-0.837728914107732,0.601224220476702,0.584452751768486,0.616298833761358,0.803010374361608,0.0565209771374812,unstable,0
6.96994569756127,7.16801013974247,4.05485536004064,6.23898055780483,3.59804968355724,-0.70618222058462,-1.79401089916151,-1.09785656381111,0.752904762939397,0.444105719138514,0.19893819285756,0.932622380998763,0.0695869597022672,unstable,0
6.36381992951153,1.41281768689271,1.76761755530889,5.16886636840334,3.05569628441889,-1.04363246413899,-1.32727577884471,-0.684788041435194,0.296756445980429,0.291421036123176,0.532199862025578,0.860085937780093,-0.0061890186110193,stable,0
2.30126592445803,7.46015536452919,4.35368456666906,1.94932381486949,3.69695175975761,-1.20408259998042,-1.75968820268289,-0.7331809570943,0.377861282180969,0.31847791229552,0.0538217440444196,0.355075919509305,-0.0358551251782361,stable,0
6.43332561394718,3.53116597215817,5.05102952178022,2.66970562030664,3.31274010582771,-0.574534985352471,-1.65207494450796,-1.08613017596728,0.69920020433545,0.851049187742563,0.105221251018838,0.655369864115369,0.0337016543055074,unstable,0
2.15498512654372,4.90873936651003,4.30470749864671,0.531150778217893,3.95324688156806,-0.528666511300393,-1.81602446644059,-1.60855590382708,0.573924971881998,0.672340190868935,0.186026880880281,0.920937167244282,-0.0225773595686048,stable,0
8.37802430091324,1.30171332350543,7.1963317935204,1.7779631063557,3.06547952236634,-0.576662693850009,-1.87636835307844,-0.612448475437891,0.648624184610895,0.634382282684035,0.549894130513935,0.672948377745436,-0.010090767376957,stable,0
3.31705919896453,6.04403517083675,7.67003306279006,6.34035957819845,2.95928326592435,-0.697363735867618,-1.74569794892644,-0.516221581130289,0.299592157782317,0.376273640763783,0.454288411647181,0.570879614138765,0.0300049994511187,unstable,0
0.777448413129081,3.3948059682038,2.54503750386162,3.14786761558173,3.93595102618601,-0.710561230521859,-1.42383765909534,-1.80155213656881,0.48712738371553,0.718192222192567,0.981521880547993,0.883979821734108,0.05608858369221,unstable,0
9.68191613463333,5.18634239392357,4.02980545931235,4.23536170080741,3.30312985605472,-0.774051645433775,-1.84412291479793,-0.684955295823014,0.333328304603985,0.237894930376457,0.753745140341217,0.485990854439067,0.0099239419072471,unstable,0
3.40181962617618,6.38451978160398,7.90458672597496,2.69745799770156,4.14268391292006,-0.749062189849897,-1.6816317724381,-1.71198995063206,0.58725095414286,0.076999842319563,0.582596029249813,0.339602766006987,-0.010774161815405,stable,0
3.94150778012488,5.71850259453657,9.78881002052786,1.78361978181794,3.85827685361816,-0.63222254792141,-1.98169593239489,-1.24435837330186,0.143691038690304,0.298939972665969,0.365651231559655,0.900328538859212,-0.0503110480362464,stable,0
8.2915669562912,3.20593284010135,0.794526829036395,8.29014424393715,3.2315114990793,-0.613745470544964,-1.92387981717649,-0.693886211357848,0.636714711580753,0.458643518032574,0.743860178227689,0.414506031064431,-0.0126524918557781,stable,0
1.68170154401582,4.94633111439364,2.7345544617164,1.30771877116478,3.65396099813097,-0.762301724501885,-1.6053792872501,-1.28627998637899,0.884450131470824,0.429300626825837,0.658074644829726,0.738794651027487,-0.0101838311579819,stable,0
2.21029173368649,3.0360769076379,9.03226074827658,8.80188608373354,3.80093635395208,-0.672795991084806,-1.44693528281961,-1.68120508004766,0.379101275889039,0.221852336486174,0.43587533174602,0.38327742338093,-0.0117282657899075,stable,0
8.61155268704938,7.69297344182328,0.554371412932069,1.56694479410775,3.70626973827261,-0.62830942947031,-1.96753864845054,-1.11042166035176,0.441869682009626,0.760109279807013,0.177812555895984,0.905941427819524,-0.0072220699288268,stable,0
6.44421101325529,1.45847008599247,6.8346127846937,8.66850694806901,3.3017418607734,-0.984969154764235,-1.74547461831395,-0.571298087695218,0.560935723389642,0.712788854592372,0.794494003070754,0.93787100600557,0.0580587088372257,unstable,0
2.14632873625971,5.09745701068477,1.57994594233668,4.77344397084131,3.28283916185981,-1.11691164861877,-1.52152606085258,-0.644401452388463,0.603507612824974,0.216080718089162,0.520441415224383,0.105008276549712,-0.0381424199925052,stable,0
3.58559520489168,3.66326018860895,4.42615078700618,5.13741130321441,3.42991420623972,-0.802584842537087,-1.56769884307475,-1.05963052062788,0.446113421485481,0.634609911878972,0.856165062954852,0.741838622143324,0.0778585990426735,unstable,0
3.67496162762751,4.38557684225105,2.0165910567718,3.75899986085675,3.62478575714448,-0.685739727352641,-1.47435029149058,-1.46469573830126,0.703196756743502,0.525929780363487,0.471409288739485,0.485660551313078,0.0301946038020597,unstable,0
5.53718039713581,7.76075668365228,6.81574054332077,9.55131358925226,3.20494571181857,-0.906283101998945,-1.46328051233259,-0.835382097487035,0.295087499543107,0.960590722990498,0.660467577276202,0.243153059812983,0.0625114287777934,unstable,0
0.660160421435034,7.4715522900178,4.8697581807763,5.14714378498888,2.95705122016392,-0.696230059901194,-1.64585991459095,-0.614961245671776,0.458234512148276,0.624485290183497,0.835261162497478,0.996541819409517,0.0590400715140131,unstable,0
2.53571110124371,1.65343016884519,7.1543443710783,7.84868814843772,3.95127893772324,-0.950988865524996,-1.59582460462793,-1.40446546757031,0.498336325411343,0.300858475179315,0.247842859683238,0.63762425212745,-0.0125857634972897,stable,0
2.99097334435626,4.57821658866355,0.909558234749269,2.09447297943473,3.73103851636246,-1.15190617680015,-1.56057566683271,-1.0185566727296,0.17156613802661,0.957149557791348,0.716459865978084,0.832632422564824,0.0027549026104423,unstable,0
2.99768036716025,3.47326453643374,2.80524807139098,2.08436399761485,3.08854355609589,-0.731882401455427,-1.51189160260386,-0.844769552036608,0.759730242657836,0.885023560307359,0.885614080690217,0.562807376542283,0.080600480231346,unstable,0
8.28510324501413,7.30519144005234,5.15603000499014,4.0993818473352,3.54051374125084,-0.916552863479685,-1.4904555203823,-1.13350535738885,0.660420287529016,0.350696009957285,0.743030280179267,0.821279112845634,0.0661928842669068,unstable,0
4.88153703940213,0.672398000461084,4.46078673640409,8.826494604825,3.72135617615066,-0.648767849853041,-1.58150503889135,-1.49108328740627,0.700855504494548,0.0776094647479465,0.855622091706833,0.853181397400894,0.05266077118118,unstable,0
2.89831694174572,1.30897744369038,5.08375083847638,7.25706450475488,2.89904058838124,-0.546310112558282,-1.54170919530496,-0.811021280517999,0.177980057394439,0.978919621894431,0.462065166346352,0.423595604266435,-0.0358645757514424,stable,0
4.17736863995272,5.69204059486847,6.22809764850195,4.67463052151303,3.8824491979103,-1.01649759804113,-1.81199782606695,-1.05395377380222,0.0505917845836061,0.740753468618783,0.734436503453656,0.23085006277433,0.038155602939818,unstable,0
7.16260641693952,5.97308658521329,8.66340843648818,1.27646903715406,3.6548802020763,-1.1123831512765,-1.7768835034452,-0.765613547354599,0.296670055708576,0.370196655553279,0.224193663235602,0.642837506927104,-0.0327235726955562,stable,0
0.762690481891204,4.44262103034472,3.94146639936296,8.2220861464132,3.4965993291034,-0.694611982794292,-1.32630561318538,-1.47568173312373,0.576339245619593,0.163550915660003,0.206146793561307,0.229220496176255,-0.0436614771969729,stable,0
3.11263954211401,7.91119532068804,0.525212625946465,6.17201996940904,3.90763544764611,-1.02839008493304,-1.82629623898399,-1.05294912372908,0.856007627966069,0.554907870705477,0.80678210734797,0.688010844501236,0.0047761322913223,unstable,0
6.09134019177898,9.44956524245521,1.78115525510083,3.71924601807662,3.40411339495486,-0.954752507070592,-1.58268431223095,-0.866676575653313,0.419146434829802,0.163781841287031,0.0990803482468438,0.784419688935262,-0.017258900535579,stable,0
4.45690303445671,1.51722686571609,2.25079369451363,9.01455980493373,3.78102635251108,-0.75928915689881,-1.97306410342023,-1.04867309219204,0.233100086805618,0.942408125369068,0.173011485376344,0.772848114648785,-0.019391912419597,stable,0
9.14608081129958,0.655193418690912,5.53919178906281,5.77553976887813,3.97235293479703,-0.8402830088255,-1.93026185144688,-1.20180807452465,0.332153206177179,0.942816847102442,0.939742182520384,0.724209392588142,0.0218171635056457,unstable,0
4.11057741219187,6.78925249980025,8.73964225987769,2.618031973478,3.61188823629669,-0.624762402286741,-1.63807796865348,-1.34904786535647,0.701824570917413,0.281136203518976,0.193303407124578,0.446278528644717,-0.0100811905192799,stable,0
4.96378924440575,5.91052879226769,1.42045005911934,6.14966967914216,3.83847375174427,-1.42668896834614,-1.90196072270783,-0.509824060690298,0.589617808680905,0.482239491316904,0.807004751708126,0.787457240678853,0.0424366202457124,unstable,0
1.32455613109659,4.32976736596437,4.42151760603674,8.59562103607142,2.97912133130817,-0.739949324550456,-1.37060548592926,-0.868566520828451,0.272790727776787,0.901461597922421,0.872205650833948,0.966324938762353,0.0614860765758268,unstable,0
2.83133094837327,9.49181370066318,7.29633941031951,9.55545094997929,3.61793403656623,-0.508657505363773,-1.91924411608943,-1.19003241511303,0.956364551600145,0.398510350554192,0.369635259222348,0.609645908849802,0.0281117569862543,unstable,0
2.02459784069327,8.89073950374052,4.21131980293622,4.93868687292194,3.12248059928541,-0.761868172739842,-1.35769123340683,-1.00292119313874,0.729886489300747,0.199233802327708,0.336413485401557,0.567661216381292,-0.0199764640785635,stable,0
5.78896946321782,6.57394499868331,2.22120693303252,3.87828345951327,3.29584473665308,-0.99820621903009,-1.34703014941578,-0.950608368207212,0.805058865769863,0.54769061629431,0.623477912618519,0.977839754884278,0.070485658036965,unstable,0
4.13584975642915,1.32713514720754,6.66991305050555,9.70596523066177,3.38199124201992,-0.523045344513469,-1.75190392843618,-1.10704196907027,0.930472218478909,0.992528961878142,0.605923247525658,0.985349754802851,0.0327500551322398,unstable,0
1.89220371731729,5.67011973677536,3.72142314259677,2.37594116302517,4.06369561065683,-1.30011165641791,-1.67395802805459,-1.08962592618433,0.224828345912459,0.538393766444981,0.965961172225646,0.303910128344221,0.0152093937590577,unstable,0
1.08259861177963,7.17649904771621,1.89130618537851,4.97514861819023,3.1340062094172,-1.16669172584474,-1.46333928003003,-0.503975203542435,0.566717058562632,0.770386065266292,0.448020782271676,0.510236794714992,-0.0043055648430176,stable,0
4.83535598500174,7.01260232976341,0.614028858461312,3.5200965691907,3.63868649036415,-0.85964256804653,-1.71481760398276,-1.06422631833486,0.985092881174809,0.801848329231872,0.301233537743281,0.9486260965457,0.0651144393538224,unstable,0
1.18428482835818,9.31865764881796,4.42221183957635,0.805294348195242,2.98818101408437,-0.507101319500804,-1.1083477015733,-1.37273199301027,0.650394765540655,0.795053248276683,0.897202643117351,0.1562932211381,-0.0071281111562532,stable,0
5.16970455514692,1.29892264975801,3.54490406415286,7.62873007132651,3.66330878537645,-0.959039753760735,-1.96416641141402,-0.740102620201698,0.281353909610122,0.164899463662017,0.826397176865853,0.964689467985733,0.0346820083323915,unstable,0
0.562323172317992,7.41163634111196,5.01153535568295,6.75223912048577,3.6002223538586,-0.726952315544686,-1.46928638980059,-1.40398364851332,0.20953883820797,0.662058673494207,0.681977100494766,0.598861235488813,0.0432925825377172,unstable,0
1.27222139450574,7.60563277215104,1.41891081072984,3.43334117422899,3.42349399175191,-0.993677262465772,-1.32777702573717,-1.10203970354897,0.520209945621155,0.118104854122123,0.704175577635601,0.17610819079581,-0.0256388225831578,stable,0
2.40969483802095,7.99873910769759,4.41213503654083,1.82950740061279,3.21129799232556,-0.693422990647075,-1.89134364173546,-0.626531359943026,0.686249282843339,0.207398982382641,0.166746909343619,0.698580391136073,-0.0228307401034864,stable,0
1.71968759123591,1.06062345099788,2.4217593958026,4.97577532319975,3.09980053273518,-0.602684334390622,-1.63036140528538,-0.866754793059174,0.82114066480326,0.336525160134915,0.834635374506236,0.696378012016809,0.0015345358012945,unstable,0
0.957314120356494,2.55325947283314,5.50007584155569,5.60043602229553,3.48203580087977,-0.875826227544772,-1.30858184447479,-1.29762772886021,0.288148462154699,0.858853399688515,0.148207443389465,0.776820505219898,-0.0022833398012807,stable,0
7.61868505109687,3.32596948996816,0.684070544779813,4.67991339801962,3.96491932876693,-0.984679569118621,-1.9812048237337,-0.999034935914608,0.265010701037332,0.868697320569243,0.58735504980486,0.926275634388782,0.0185762217973897,unstable,0
5.45423905369725,8.26980700483279,2.23545392402717,1.32857400463438,2.92289274712295,-0.714412557718775,-1.35069530241817,-0.857784886986006,0.598745367279928,0.366146203277303,0.53919271316496,0.32436252694813,-0.0214778206389977,stable,0
6.12106923437612,1.51578818007357,3.7535435086849,4.83208347122126,3.90397355128481,-0.884256048099883,-1.48987351902169,-1.52984398416324,0.435474215093146,0.671851865674997,0.954340853478332,0.618934806454402,0.044343112022137,unstable,0
1.05671928075381,9.60218030280381,7.8681241800534,3.71960294312765,4.00096044421051,-1.54571078323795,-1.82446112546944,-0.630788535503124,0.765844746004645,0.575868360518771,0.13091994519932,0.531228122725753,-0.0328730548815733,stable,0
0.813924559472978,8.82789322272819,2.17396994490346,4.58224720551609,3.0049854876414,-1.00705758387201,-1.40284901835338,-0.595078885416011,0.825753106569667,0.86754877170263,0.559801639635492,0.415632434702197,-0.0098502222478348,stable,0
8.76055696431283,8.40310248990187,8.24239479097843,2.60911076609364,3.42593411766545,-0.884702181545552,-1.80793277323067,-0.733299162889225,0.677862809074259,0.24473856860204,0.890635881731359,0.670052700591026,0.05127197790561,unstable,0
4.34729940325794,4.12843750442844,7.76552304842845,7.08918949507106,3.91380664744667,-1.37524009512968,-1.6874561969238,-0.851110355393193,0.248061543936758,0.756093591022164,0.898039305019224,0.409466301703472,0.0567100711512118,unstable,0
1.12735075519753,6.3371834592377,7.26552416236665,7.15633038565008,3.68731268822656,-0.716009865204641,-1.87539647133069,-1.09590635169123,0.216222412238149,0.538898299039478,0.366613129261532,0.737562454449332,0.0349423322133701,unstable,0
6.66959102275615,0.561165404403524,3.12539629123182,2.85883991652656,3.47417132350697,-1.05192589679623,-1.39915846345674,-1.023086963254,0.745084587368813,0.197686755902784,0.486266609285057,0.236617581624525,-0.0174882739014175,stable,0
6.97484628643703,1.84943238541625,0.702660952740919,0.922617189728818,3.6419826077715,-1.00460199658016,-1.8334780825031,-0.803902528688242,0.632834855465155,0.209191863260046,0.997492930078303,0.777526881495565,-0.0312083635206024,stable,0
1.99148530608726,7.01599246713503,3.98493586715286,2.80216672802976,3.93639774835106,-1.55649615329966,-1.87920934334914,-0.500692251702258,0.637455619885285,0.744390287146926,0.126195601463685,0.26741868322809,-0.0171904712044588,stable,0
7.27321027798734,8.21989388704026,5.97546481714719,7.43904997865534,3.71675375438958,-0.891488687450998,-1.87065056842953,-0.954614498509048,0.160051322506872,0.285183855080572,0.45349806430277,0.867816037353764,0.0455175326643108,unstable,0
6.35765324585561,6.51131626524016,6.99878645997268,8.04182762100237,3.49203087553676,-0.822769777910306,-1.66257715011742,-1.00668394750903,0.691774772735528,0.342403842175738,0.403396804099178,0.847666725477085,0.0697165380387964,unstable,0
1.02190242645866,0.855672489927302,7.65973843193965,9.4032346516714,3.77467936836613,-1.11453502124581,-1.47177480592405,-1.18836954119627,0.0714463980843406,0.729921347422636,0.525884592039734,0.381389794438654,-0.0333491619162876,stable,0
2.04394496745153,3.33768670960289,5.98618488004702,1.16555654785652,3.45790822924348,-0.78510976931575,-1.90622121048139,-0.766577249446337,0.35452553336759,0.290454612779648,0.295365651595701,0.967536771276508,-0.0452776288589774,stable,0
4.63182550646473,9.78356930995255,8.62334946876848,7.49214628378715,3.98569539744303,-0.86302849231693,-1.70097830034542,-1.42168860478068,0.267560278915518,0.337339946983231,0.926501521419467,0.437128932874297,0.0521518803813875,unstable,0
4.04808449498236,2.96342478400276,7.89150528521978,9.88448040277533,3.72904843100498,-0.904398603299761,-1.76440319082285,-1.06024663688237,0.726970331819234,0.0750467381385481,0.212310710000322,0.260515977259044,-0.0214349951063647,stable,0
4.57364749034116,0.865989079847431,3.04970476853612,6.4772915673619,3.13698128365046,-0.565994387478963,-1.45740069837498,-1.11358619779652,0.379277898406901,0.484629992800066,0.568270102329275,0.909371034739009,0.0161361229263962,unstable,0
0.906069839429832,6.4285752134739,2.33831585853549,0.501571212788322,3.20028184890321,-0.684400806361809,-1.53546712523939,-0.980413917302014,0.655890964874444,0.0611475725652452,0.304413363744715,0.828829306102767,-0.0281229927759382,stable,0
2.05898993653393,5.33172637777787,4.12481292530418,2.09635395578031,4.10730041431095,-0.786832640432345,-1.70067757765459,-1.61979019622401,0.233878071920716,0.625803344045053,0.900813520871215,0.404857157771162,0.0264158119346793,unstable,0
3.61917504069569,3.5933871158198,7.17418133726232,4.94521263320351,3.66891186793882,-0.638926336292049,-1.67082386161786,-1.35916167002891,0.541794043864927,0.701212078504281,0.998743965407844,0.587301163001626,0.0733593809608147,unstable,0
9.83046904904115,5.59650522113283,9.19947421337852,2.87882238379064,3.77655851279903,-0.797709342936229,-1.82729364537838,-1.15155552448442,0.465810706676082,0.454269751345796,0.600146300253092,0.98764360456307,0.0323671133951811,unstable,0
4.72349296074772,3.10056268579507,6.4644774509405,2.05619368192466,3.49437582129243,-0.911579749685852,-1.96875404929171,-0.614042022314865,0.157476239401934,0.450687827210127,0.396036225646008,0.861856877059505,-0.02265355839775,stable,0
3.18849536377735,3.35250898390238,1.76999119951563,7.12055185210203,3.78312479917504,-0.521325572981918,-1.57159871911241,-1.69020050708071,0.363261813067995,0.952657716800809,0.246623193433145,0.397079824462135,-0.0046399578164827,stable,0
1.51985992689717,4.64227736176051,4.95889102471952,1.86335184062859,3.92925250931986,-0.56296460165123,-1.54588168272208,-1.82040622494655,0.775248738541637,0.203636828898999,0.230262880360092,0.384569287488033,-0.0389296712701542,stable,0
3.51467682296633,2.5852438811505,4.13967999121228,4.34024295033845,3.7974490110755,-0.575667849946232,-1.59482496374393,-1.62695619738534,0.238388213360251,0.595999511015125,0.45122348653194,0.474538568598198,0.0006691679817082,unstable,0
0.708744939092174,8.21851613781614,4.04204288759669,6.91859834611957,4.05624061125233,-1.31727920067802,-1.64695529656847,-1.09200611400584,0.669926342529848,0.893642523518315,0.231839274177428,0.704034910594798,0.0238196224392104,unstable,0
4.04927857972757,8.88169537953839,3.86993141556768,3.45651430410859,3.16712318374916,-0.873810515412304,-1.4289868643794,-0.86432580395746,0.396602683389647,0.209924382712936,0.952350657878472,0.055603648914753,-0.0092635603553555,stable,0
2.12759286557162,7.25369604076225,3.4187655952101,3.54751867371592,3.52965029359949,-0.934058834499482,-1.38178982227384,-1.21380163682617,0.324768964532285,0.305161908226901,0.929969669160278,0.350258119647811,-0.0049596652889517,stable,0
7.95286421030848,1.65672322842261,1.41789780567677,8.73165872658455,3.91379935394176,-0.69119549873682,-1.88781978571898,-1.33478406948596,0.38953556860748,0.683887232703974,0.167067993017264,0.414054028154258,-0.0314746440230267,stable,0
5.90340547958007,4.87604035079904,4.6145681801527,6.73707653373546,3.92424434152876,-1.08778806779336,-1.73787489439745,-1.09858137933795,0.719489974281312,0.292148097921911,0.0624277724158706,0.472942832912215,0.0252239333937728,unstable,0
0.630754709268187,2.21751556853045,4.26150378067116,7.05814281386904,4.06022310008272,-1.56458481303656,-1.7920284815957,-0.70360980545046,0.432856690212386,0.988389389318347,0.642179265432645,0.063107483120797,-0.0080265220745593,stable,0
4.17377219315225,3.4066038190971,5.58680859290918,3.79239184194148,3.27143779422445,-1.09648385781548,-1.17307652896483,-1.00187740744414,0.742169529153743,0.157342356015034,0.689708267755997,0.841026738391595,0.0626802922835096,unstable,0
2.75998512939771,6.58851242529819,8.8899360591698,6.95452571961568,4.21507002146737,-0.637613584133948,-1.94859651827008,-1.62885991906334,0.115981675657924,0.775078191620675,0.0770491105052317,0.600866571126863,0.0281229762733857,unstable,0
0.902737974536663,7.54585484438502,4.40906531815956,3.06865680936164,3.80086134818288,-0.909662154244177,-1.38528051587429,-1.50591867806441,0.474555439738287,0.284676001238291,0.699143496767154,0.286563911226549,-0.025312925000885,stable,0
0.79672064140595,7.41037507329622,3.39645922758386,0.514845092273294,3.13151770527747,-1.13881063254798,-1.29448484883653,-0.698222223892959,0.3269671932461,0.149053721550048,0.653265345354682,0.813904290056926,-0.0398001368079443,stable,0
8.03098721260221,0.595315614950634,0.590087823432567,5.23928633272028,3.23874623415313,-0.711470861499559,-1.40519493737443,-1.12208043527914,0.96886541767101,0.642111505516091,0.469932036357893,0.40666308286392,-0.0144265029604071,stable,0
7.58490998598528,5.17847266519559,7.06105832078396,4.9935894249157,3.2511523021915,-0.760251805220859,-1.94000888334602,-0.550891613624617,0.113385719664802,0.275549415548001,0.494634854015536,0.741103811056729,0.0268387399790559,unstable,0
4.81611032323191,5.91649133364572,7.92693811635685,3.62118029868765,3.26213198502978,-1.09996688419001,-1.19975011416781,-0.962414986671961,0.0706379095961072,0.436724403069231,0.868486585571368,0.153302085876245,0.0247008901843596,unstable,0
4.73036209602782,9.17595317014992,6.24323474338899,4.33226951162621,3.69876328279011,-0.835205698180886,-1.53028861826682,-1.3332689663424,0.713008417022448,0.80159059538982,0.676157232456579,0.54269086586271,0.0707903745377876,unstable,0
4.9933671058747,9.40140635167861,4.68754466114322,3.13198562672097,3.63238451949388,-0.678858090762608,-1.60642699000646,-1.34709943872481,0.284095911641077,0.401085183339479,0.151066784593432,0.201993202591585,-0.029316175039986,stable,0
4.74137174097693,7.62508937832089,5.16529219201396,7.96794962738637,3.96131171552831,-1.15397398794839,-1.99293719805885,-0.814400529521075,0.848364384710484,0.972947845650689,0.8142001908595,0.444744442920596,0.0918713226387385,unstable,0
1.83958727125174,9.20144100978083,4.17663855796646,4.47573062437354,3.8183725063137,-1.56347346614136,-1.60338475078362,-0.651514289388724,0.535944075701482,0.562232374861895,0.712563539784818,0.757348849691345,0.025444710868103,unstable,0
9.89537437614005,5.21836820336507,1.88952061821142,1.04913353852475,2.85435604743885,-0.687905275951314,-1.62213764968156,-0.54431312180598,0.401010348211249,0.406739930487187,0.662519884291785,0.33603603317212,-0.0424440433601268,stable,0
8.56175966468873,2.79596744458143,9.00787222230671,7.07968230472753,2.84700300964642,-0.570402816530364,-1.57399833046123,-0.702601862654823,0.396227975481142,0.392489902566131,0.828259321817058,0.32138285434133,0.0385524923926637,unstable,0
2.60713091889429,2.00425848292215,2.04922413055967,6.81319936788336,3.25652638444157,-0.733608177304186,-1.54672966371552,-0.976188543421868,0.161931566473513,0.512484253737587,0.247425778606775,0.530159006734659,-0.0262935695156457,stable,0
2.1402468284347,7.7145928651409,1.74663416924345,8.52000887638614,3.9694978802267,-1.02875266881372,-1.9702020528413,-0.970543158571678,0.695180604870265,0.342955483279288,0.0723193335299194,0.337194141083759,-0.0358082031473273,stable,0
3.03161466370382,7.23188126501788,0.984315644281672,3.44868789082727,3.38276979949039,-0.678964880300569,-1.43575517415276,-1.26804974503706,0.863205599511359,0.473894798209764,0.293583850759498,0.190948152556099,-0.0295900600553908,stable,0
3.44289944993525,4.83046698184309,6.52028793243879,6.0883052604735,4.00216581596071,-0.701687282131484,-1.62405706345101,-1.67642147037822,0.113249357341368,0.746957822514707,0.465502948040172,0.421275879540034,0.0327260360110868,unstable,0
8.48331835412564,9.97530904042809,1.72591279768203,9.14537607971134,3.52577935972391,-0.63495928322369,-1.94202963844034,-0.94879043805988,0.772499091621429,0.533019815657953,0.254119933721439,0.145362805809388,0.0296590095669929,unstable,0
6.1911920686441,0.772187457091175,1.15663136494072,9.44105804404396,3.67622230590734,-1.00833626108002,-1.37273768565402,-1.2951483591733,0.604088807788806,0.146221281407778,0.816706283097057,0.607698801484628,-0.0187144802023274,stable,0
1.13400360458995,3.62325581532257,1.79128800777101,6.02338367771412,3.11904680807713,-0.595125887232949,-1.85019909368841,-0.673721827155771,0.603662158542734,0.297761257682327,0.0831736088472023,0.56717059657432,-0.0277965870311856,stable,0
3.23951952497731,7.64492067971285,1.00894134555456,5.66738123356391,3.9846170254237,-0.95691621432855,-1.73668439039941,-1.29101642069574,0.409365162234477,0.24656499803377,0.573533591887658,0.85896442483013,-0.0026136346926239,stable,0
0.963012897252594,2.34084207519351,3.09535807472469,7.06025651788237,3.38026393154031,-1.11195316531814,-1.45519533762748,-0.813115428594686,0.588876100153826,0.672559648647277,0.213265232755212,0.895384484833755,-0.0083619821382543,stable,0
4.29628348200312,5.02538116566964,5.27708268983012,9.67946864597104,3.37125948784609,-1.00858178618285,-1.37559318382917,-0.987084517834068,0.977345135807678,0.800826119394839,0.350534615876173,0.915378615312841,0.0734592574610855,unstable,0
0.974439190675132,5.81273009012437,2.1223202897986,0.820246529976232,3.70138226034777,-1.19254321192972,-1.90814322626831,-0.600695822149736,0.817071351222151,0.682436629218428,0.178584126534458,0.830873948509954,-0.0419961890485143,stable,0
2.15816464103604,8.66451426891726,1.55235935417082,9.6414260460696,3.20872224936368,-0.648808980649163,-1.48574187208852,-1.074171396626,0.14713050386436,0.537682816868797,0.554673351238044,0.925768900849067,0.0214120568966334,unstable,0
1.74771315477312,2.17444947889671,0.611199942120048,8.06042296170141,3.2219056268017,-0.647736325120204,-1.87244518521687,-0.701724116464623,0.689613540162885,0.876814793176659,0.101470191462208,0.192199568831198,-0.0244630598450696,stable,0
2.26888760387739,7.13166682337063,3.86597752907237,2.64637090803173,4.27517477272936,-1.56608623959405,-1.9306169420006,-0.778471591134707,0.607308899280732,0.950226054300193,0.466445220300931,0.23417882780272,0.0215133147259899,unstable,0
6.05196792899749,6.21869846574382,3.57850651665565,6.30799519337943,3.31172887134596,-1.13777457356033,-1.34407998020494,-0.829874317580694,0.134599273223007,0.283366566565559,0.648113737746762,0.809246690461423,0.0343035659773088,unstable,0
0.73552623243155,2.98691082269503,2.3303709601936,6.09531624517264,3.19723339438738,-0.634020103902055,-1.68005943013658,-0.883153860348743,0.764179291983008,0.294951933296582,0.144801672847602,0.872451876187751,-0.0356834485744968,stable,0
3.72505798451225,2.29520483945671,2.8500955310269,7.12406631359874,3.64845457897898,-0.708041206921416,-1.89856233229558,-1.04185103976198,0.21068739906635,0.926190757119616,0.561445402422051,0.97823475200265,0.027904032090113,unstable,0
2.37282264025892,5.73518139895581,0.589157921049045,1.26476678805604,3.93914603626075,-1.3310383817467,-1.81941970939072,-0.788687945123331,0.962460528596123,0.168114141882932,0.575696514239848,0.730255467319607,-0.006932236923453,stable,0
5.51593593505981,1.52897176220486,9.35022711469727,2.94376715494856,2.9977020969683,-0.78059825359172,-1.47080838262485,-0.746295460751734,0.578258301331176,0.293135818230041,0.499950767447609,0.491420778436499,-0.0056953526794813,stable,0
6.5002081362017,3.76975473047729,4.05140367468396,5.63385518965344,3.42680747208647,-1.05982383833406,-1.76054093758828,-0.606442696164129,0.59240406204737,0.372750436618387,0.329306991127697,0.198811307329097,0.0068795036811398,unstable,0
6.71224389769671,2.86480561722321,6.71319293435399,4.26318736702774,3.11910273376512,-0.74681681834266,-1.77270506784979,-0.599580847572675,0.264959907414144,0.565682480390868,0.517856204812473,0.854004810693369,0.0394414295996989,unstable,0
2.02115141685024,9.59105950461486,5.16909687966329,3.15919865594615,4.11775278473283,-0.690356465971726,-1.72652596401601,-1.70087035474509,0.104923132802588,0.889650500057585,0.571905146923487,0.960463119938691,0.029872385755977,unstable,0
8.19072245205339,5.21095522382958,0.595248008114507,2.8362124340842,4.14634992071993,-0.505795196364552,-1.93446044163574,-1.70609428271964,0.207815714443899,0.612461527349881,0.131032767040269,0.461976433790699,-0.032510260282562,stable,0
0.736947210716491,2.0594604353479,1.68217618742093,2.59437167852264,3.47581448171694,-0.990637390059372,-1.59387942304537,-0.891297668612201,0.578435900185275,0.212757456467341,0.479230212295158,0.627936849644926,-0.0288147397053892,stable,0
1.9645402366483,3.58045105787663,5.73518405225723,4.07144021237064,3.06379933105185,-0.563030522723345,-1.41394150516462,-1.08682730316389,0.0634089019131381,0.136597358394326,0.678857204865946,0.132655708641399,-0.0403419537139282,stable,0
4.35433535238894,0.940942040113686,4.21986835696704,6.18480742711519,4.07968327309548,-1.20019446028218,-1.66327314869493,-1.21621566411837,0.670991680546972,0.951156763001481,0.65002247523761,0.649311145994386,0.031383281336359,unstable,0
2.69174914345498,9.63529268060332,9.0048450411943,8.14676345960245,3.14851281526592,-0.808768319266662,-1.81166729243466,-0.528077203564602,0.868792927074918,0.453940175438356,0.703986862731532,0.967074648702067,0.06178769740569,unstable,0
3.24840487327847,5.79205472335911,4.00398710338692,1.49877447390854,3.70605905394978,-1.24314090495667,-1.5292394332927,-0.933678715700412,0.0730865497282648,0.201678069796409,0.730342354386806,0.811551371193773,-0.0375597309796214,stable,0
3.62337084405554,4.57447435072137,7.38827418381884,2.78713345288279,3.74031658134951,-0.664184418086649,-1.49963349889209,-1.57649866437077,0.394316034690962,0.540907717170643,0.366448810092841,0.577493100799719,0.0090737206681671,unstable,0
3.3807844315607,0.576665934980265,2.5072296512002,1.21750069618818,3.24751288889124,-0.821608347218787,-1.36998092270505,-1.0559236189674,0.56873043427129,0.588394661108489,0.733337203039436,0.743892452088253,-0.0205857777238927,stable,0
5.20659393327219,5.6006040096458,0.853737887793256,4.11894334559492,3.04020138686282,-0.689589524389512,-1.42609899796925,-0.924512864504056,0.371148047379061,0.0970373609758576,0.901293987658843,0.250214344894495,-0.0488129240181102,stable,0
0.99683474241778,8.01057690255633,4.6434037775869,7.61704884437851,3.14265171224907,-0.867851986662613,-1.75934734244455,-0.515452383141906,0.89762940877242,0.351491891508121,0.746027548379884,0.791604223906505,0.0195293091666417,unstable,0
2.16641122236807,3.47223332512154,6.17547617510097,8.91363903541181,3.52463280499438,-0.677002048580407,-1.75996790517276,-1.08766285124121,0.943686985645482,0.42385098136164,0.20917032370235,0.917106276654215,0.0097830133824492,unstable,0
0.988497074944922,2.88969458763364,9.98111007428355,3.05809359218143,3.16924563390847,-0.708847183992469,-1.17670142210337,-1.28369702781263,0.820060930955345,0.962685510654717,0.602928586645353,0.310268760597844,-0.0409561229995265,stable,0
3.50943652751653,4.17249989599959,3.28683880988688,7.29896926788155,3.15066085029336,-0.736557697031414,-1.55549171249719,-0.858611440764752,0.723936314981161,0.49452623595538,0.788577280388431,0.673092265710384,0.0565273787090562,unstable,0
9.26566094394708,8.9352536989762,7.83306565457244,2.21442361076938,3.73830517419042,-0.867213325172267,-1.73686439127873,-1.13422745773942,0.784606897230623,0.191089907664098,0.51666360274868,0.129874719305648,0.034644568973346,unstable,0
5.03283367380241,3.61817048014478,6.05930305556691,0.578249161000678,3.54910032947911,-1.10866634037045,-1.88514377565335,-0.555290213455306,0.386682590625555,0.946530090345667,0.964344568525292,0.352969558702176,0.0473302374211104,unstable,0
9.03297316749279,7.8194988077645,3.55141530045066,4.69659420747968,3.19776023514213,-0.713788310552772,-1.87382045181309,-0.610151472776267,0.162128856347828,0.983684199922254,0.954939368522027,0.727124176546785,0.0670271988336946,unstable,0
8.57904011810602,1.23357437762027,8.98557220786302,1.62898787856849,2.97978540078095,-0.707572315569106,-1.65689067322623,-0.615322411985614,0.322647950016307,0.320653169373508,0.544085225359757,0.204735223944536,-0.0191078145847636,stable,0
2.01128622434235,8.49554659194975,8.0307882099411,1.33552219458241,3.93303407627723,-1.05138359813328,-1.55274207067852,-1.32890840746543,0.206467831498286,0.327914833368034,0.880177744146589,0.90749786216214,-0.005146635229113,stable,0
2.54822461263037,1.90062632820698,3.01108519140501,3.11738249520233,4.21821071974709,-1.64017728605185,-1.81395344007511,-0.764079993620131,0.945126222315091,0.896284125617598,0.0686115994846588,0.139897358388189,-0.0269906985511329,stable,0
3.23287632410476,6.5750246061731,5.0014105622687,4.96112358409473,4.1100172108886,-0.907045508436323,-1.65241700113341,-1.55055470131887,0.677443746460211,0.984756298430556,0.114185040495661,0.426414120449758,0.0473228996019804,unstable,0
4.65141177344045,3.01005480623613,0.647651151358662,1.85580878386289,3.12716575050243,-1.06460117458745,-1.51865354601984,-0.543911029895139,0.94732518635158,0.950858346365907,0.895608591111625,0.51287854909966,0.0270066301720999,unstable,0
2.84043713153008,3.0686780517751,1.81365887891431,6.43391791754469,4.24221224324876,-1.2711172199358,-1.91365420463356,-1.0574408186794,0.536083834298189,0.969955469661006,0.664110678908217,0.849015206939377,0.0441292956112677,unstable,0
3.87695870366013,1.88589933180095,2.24195832244297,1.94648279786715,3.84109950181505,-0.735457435891626,-1.96269317746266,-1.14294888846076,0.627015188560907,0.940850781420538,0.803351261221464,0.415825539346717,0.0298746665499587,unstable,0
3.09402867065248,3.40049470816753,5.69530843821919,2.56496278154313,4.15280880280249,-0.575434676903917,-1.88121707645964,-1.69615704943893,0.835018451634477,0.829921565600461,0.301774943254584,0.275821347312639,0.0298996893930954,unstable,0
6.16938878994744,1.42653873841476,6.35116665034665,0.720642432797654,3.42429840688733,-0.859492429596384,-1.51062641187721,-1.05417956541374,0.983317232225224,0.312086624624342,0.8077427194293,0.254584997325665,0.0359317541660443,unstable,0
3.15321130413584,1.18035380712226,9.6650988273998,4.56735601072242,3.94236015719144,-0.816539275439258,-1.64676066666417,-1.47906021508801,0.317611154044773,0.589044014257565,0.40587839858582,0.514833761384395,-0.0345597039166105,stable,0
0.611409528666211,1.50578653264958,2.88392826356828,5.46304521811623,3.41474398757808,-0.573866332834645,-1.30105936040856,-1.53981829433488,0.390714714015201,0.223133977746522,0.926128987880131,0.213468498414753,-0.046713560792,stable,0
7.28947456397192,5.42140471211849,9.44017338086291,4.37873199954996,3.1150611744357,-0.880620044265094,-1.64658576040526,-0.587855369765346,0.246618109661603,0.481213778629125,0.982926119416116,0.556194831137636,0.0531484857920976,unstable,0
0.818700691160047,8.74365518957097,9.76353865354257,2.92990777633083,3.51284164037003,-0.553837043490936,-1.46704039156836,-1.49196420531073,0.225929094588553,0.266579637448447,0.767562492077322,0.110583529093373,0.0023156681213384,unstable,0
1.33346224359173,8.9855837420809,1.48664909973079,1.05241802855318,3.89660008272371,-0.916747602262429,-1.59959311058082,-1.38025936988046,0.157944165192643,0.266006378905453,0.153399973393062,0.149834321078705,-0.0377552509764793,stable,0
6.30004313569632,6.14819850203947,1.54099494525377,3.77786358071589,3.11841017397072,-0.75529559884757,-1.2798896716031,-1.08322490352005,0.240982287296985,0.107634274646913,0.483310039084759,0.729778256917073,-0.0384963134698051,stable,0
6.12910951425848,8.93311702628541,4.55803260449677,1.28566299471719,3.12154585138753,-0.562523537805269,-1.72014334649722,-0.838878967085038,0.352655890179869,0.181358835212268,0.830601149361396,0.87315190193104,-0.011885111985486,stable,0
5.61915017993547,2.22448910642375,5.98435986550086,9.21550718099049,4.06537884672841,-0.7051556912128,-1.86516162425627,-1.49506153125934,0.201790054972401,0.177246207784419,0.634629060161737,0.342026590235607,0.0006569351987134,unstable,0
8.87765583977576,8.99548060349687,4.71782376792204,2.11777979653421,3.87252268317413,-0.980545285440993,-1.80252508713156,-1.08945231060158,0.155177782442066,0.354339671511487,0.965056111017801,0.971652846526814,0.0088669546267557,unstable,0
1.85424301642402,4.20216002872758,8.14544594541689,4.06371768414056,3.6167792728287,-0.986391724344972,-1.96643098112034,-0.663956567363383,0.323907779041601,0.0887222958400031,0.728693045830609,0.68206037420558,0.0057133730698562,unstable,0
6.03045000492983,8.75318157036962,4.41883971430826,2.51811880576503,3.21792338364363,-0.60132189551458,-1.7807244633313,-0.835877024797746,0.800232359669685,0.96372750363168,0.623179491507537,0.166989734895895,0.0629476462080371,unstable,0
2.21856197095953,4.63624696501738,3.83502800987766,6.35694104887363,2.99257602124022,-0.825241754723236,-1.59318478376773,-0.574149482749251,0.348644391356802,0.159024890833932,0.377461870222955,0.0898002328838513,-0.0381108547661769,stable,0
3.04947565542958,5.08068772754428,9.04220357350768,8.77226985062415,3.96323349794088,-1.12859412807116,-1.90292148407904,-0.931717885790684,0.839802357173761,0.493981419336469,0.614959366874067,0.892293911725825,0.0576731558949441,unstable,0
5.41950577599034,4.02026442024316,7.44355604267772,0.512366053664393,3.92258447143149,-1.00058700326041,-1.96890289004837,-0.953094578122708,0.745629088471675,0.541283971149122,0.0888230664459174,0.30826534581481,-0.0107990675766978,stable,0
9.20492742659596,9.98386302318246,3.70553065369579,4.63873017175437,3.16851454423186,-0.515827004852647,-1.62607771545955,-1.02660982391966,0.404860067235358,0.108966996839822,0.356276475671945,0.848876842626416,0.009979040732307,unstable,0
3.97046068536116,4.25738081581339,2.12268144553819,3.19693090977487,3.96252357903634,-1.02220435280846,-1.32521353312972,-1.61510569309816,0.41136179481441,0.616473470647336,0.906501441465867,0.644569118879311,0.0457584850328282,unstable,0
2.09683851135408,3.51455954474607,5.83682368530959,4.33649896611508,3.59397502480602,-0.689131192849146,-1.76367947403248,-1.14116435792439,0.510927077967034,0.0632551470710256,0.114460703557791,0.462363816446989,-0.035472263347968,stable,0
5.44887316660857,0.956663506995793,5.02071121871466,2.95880107852557,3.86331737062141,-0.653308654722315,-1.45970754173797,-1.75030117416112,0.282400611495416,0.655603418503389,0.748571871995664,0.893842086718755,0.0178594872725036,unstable,0
5.87112262369882,9.14189036124753,1.20019865534819,9.7127579116072,3.77145231090084,-1.25892225095083,-1.79135893141673,-0.72117112853328,0.809069938141517,0.290568050222055,0.888165287428267,0.192795265937999,-0.0126838215925684,stable,0
7.6322384548311,3.88527470484598,1.67066718510806,3.38616256635344,2.7658552229014,-0.65365148865236,-1.54308435040867,-0.569119383840368,0.587796264987054,0.451160283184694,0.424078468030741,0.346367159044506,-0.0131768881472015,stable,0
2.21575767213869,6.76466198577208,2.1820450479422,1.38186226093435,3.6344063348455,-1.14856104043514,-1.29014265376783,-1.19570264064253,0.959292298480971,0.0908943402739277,0.766379352440386,0.145007014781395,-0.0154014898153075,stable,0
1.36145603584636,9.75820550269763,1.84525642993511,2.89045850293422,4.31092799744852,-1.1854019211652,-1.89402367439587,-1.23150240188745,0.954081839241901,0.151984628526774,0.259836364144944,0.631639239326196,-0.0207720159018275,stable,0
4.97020793440847,4.74318851281442,3.76677128944399,4.29712177685995,3.71962516778422,-0.662392347161274,-1.74363638065978,-1.31359643996317,0.686797310285949,0.583936829635428,0.282176504920445,0.852362050358932,0.0673911081787061,unstable,0
6.19794685089345,4.44163338838992,1.20867805825049,3.41105706678628,3.9353560736041,-0.90505048635751,-1.81332954983751,-1.21697603740908,0.211987032599034,0.273561926019681,0.330805798922019,0.294692392465966,-0.0448735052165021,stable,0
0.536847526321455,3.40855811911599,7.07822810049367,9.10533749989626,3.38876876873594,-1.32965574968362,-1.52295542288873,-0.536157596163591,0.607780184255745,0.61140418635762,0.865248694722145,0.604853043013931,0.0183365716984011,unstable,0
5.79959894407301,7.69946482959009,2.29222239743333,2.27418190056803,4.21434307798653,-1.37082705916343,-1.99894050620482,-0.844575512618281,0.11136904937295,0.818644356775649,0.749965905219086,0.103382813353029,-0.006739829846874,stable,0
1.45667406008913,3.97377029160276,9.12482076389306,4.61079992209676,3.27659961177239,-0.884599356039159,-1.50651413386712,-0.885486121866107,0.900426912577057,0.218129773240954,0.529668133960336,0.603851939492986,-0.0142387703820606,stable,0
7.47748779586856,5.15218874069402,7.41705346594609,3.10171886505126,3.0431318519094,-0.867488367155497,-1.50886703891791,-0.666776445835992,0.22897674953658,0.211834071364409,0.409364298882148,0.470448001479144,-0.0106302048192682,stable,0
4.4768907962582,4.19886270892069,7.78100462125096,3.83892304647879,3.14185533993181,-0.545540346447367,-1.42262520251906,-1.17368979096538,0.92289071434884,0.803241893088659,0.891564662042978,0.799113235177766,0.0965034454082036,unstable,0
7.87383001571868,6.04612958706267,2.61680277368641,8.14854960127154,3.3550754596707,-0.759612629672792,-1.67811990578272,-0.917342924215191,0.378481558285936,0.970050396122328,0.765595584355765,0.648073458629606,0.0615830802209855,unstable,0
7.20519885002639,0.573460495886754,8.914735974266,4.13323970879773,3.20115032952691,-0.804513190897671,-1.7072504868781,-0.689386651751143,0.301700846398741,0.431599620845697,0.960422035746829,0.602218967959541,0.0209496926538723,unstable,0
6.22136055222341,8.09703636689224,1.78439619114827,2.44003216573142,2.94800264360296,-0.535050841840124,-1.25758461066681,-1.15536719109603,0.705045032045851,0.315079290394742,0.886621560072325,0.711244847301636,-0.0004774934858642,stable,0
1.90836656340203,3.0591697891364,8.88675040395946,1.69583573924417,3.60946359439229,-0.818982894031599,-1.91956396889926,-0.870916731461429,0.0738273441172193,0.292461888876373,0.110011726222464,0.647908517432099,-0.0493429848444212,stable,0
3.29516076016778,4.45459314753491,6.05295742870327,4.43115420196531,4.29345679696763,-1.29523021010387,-1.70478686394139,-1.29343972292237,0.419785846941561,0.229033730449871,0.925184587772334,0.0779308944281831,0.016557861157599,unstable,0
5.87475229549357,6.63606513311092,9.54279149991071,4.02997723419548,3.23380887922864,-0.633601379518327,-1.58344431558382,-1.01676318412649,0.45804341624017,0.597933107956515,0.127654044215583,0.464094521610191,0.023860998876722,unstable,0
2.269631177378,0.872289625185693,3.25504863087317,7.00417511761355,3.05921528489466,-0.540074309290748,-1.41411336955465,-1.10502760604926,0.554242269745433,0.811890949612315,0.568190916250042,0.804325820411149,-0.0176668708920473,stable,0
4.25587281363957,6.45882171580316,2.42398135598537,5.63665635099831,3.42514259480981,-1.20495180516408,-1.33330945120329,-0.886881338442443,0.151893951342589,0.515667265178748,0.277419982599796,0.427292201604121,-0.0060916175767448,stable,0
3.89326832969525,2.24084215903537,4.7663139850943,2.20744868547402,3.79184799343636,-1.01874586150888,-1.8007950968424,-0.972307035085082,0.825914624288039,0.123762058708331,0.190916300254089,0.899799783773121,0.0013082215087594,unstable,0
2.90818970042288,7.22364781436643,9.30604938414135,0.7385854907386,3.015272588036,-1.06751993542657,-1.39720216667191,-0.550550485937519,0.306083001539815,0.186676707287836,0.972984164349333,0.152837713835702,0.0109916165679864,unstable,0
6.27158468650688,5.09684521255462,5.84336691612509,4.87791625107061,4.25935588018305,-0.571934768875409,-1.77885226818261,-1.90856884312503,0.150502083014452,0.23728265852406,0.715706192523144,0.346904658530176,0.0152835804360787,unstable,0
0.949789142839599,3.27522155487171,9.23523993292994,4.34615733692014,3.87126115701708,-1.20121364610407,-1.75247523590907,-0.917572275003942,0.0787171586585802,0.744904300949293,0.58093469561583,0.899550049716128,0.0199143397647127,unstable,0
6.73032675348521,4.86702120617471,3.86193126947283,7.30616422611962,3.49553575074842,-0.806475593975338,-1.85260671523733,-0.836453441535751,0.875867337172962,0.862264227268342,0.786003540893301,0.665975613615651,0.0947217906467639,unstable,0
2.2437004824898,5.08297922693407,1.19924009786086,2.09262748005157,3.95658222022288,-1.09954676852043,-1.82227385934191,-1.03476159236054,0.827375454788384,0.94048777842745,0.876064923181983,0.50812440335962,0.0230223416164215,unstable,0
0.991820602648926,9.89680228442119,4.76428899301061,1.14998617378267,3.57884624732999,-0.772055730504507,-1.68772591819161,-1.11906459863387,0.542018600449057,0.266446348903632,0.717775339421631,0.207164558916547,-0.0228106798031467,stable,0
2.10124272446811,2.48588171515868,8.05616742950025,2.38803160161788,3.77417786162695,-0.75400038096779,-1.55104268733033,-1.46913479332883,0.861584263578237,0.731716713353514,0.581292814695784,0.812136841106148,-0.004930985526357,stable,0
0.705204094647744,6.61584583334648,0.719306912281155,7.20740297732786,3.87187991549,-1.0786511239739,-1.75028073871814,-1.04294805279796,0.777607933448815,0.944731498202012,0.277617895170078,0.912854884053617,0.0208320743508791,unstable,0
4.27274124671543,7.35664411602101,7.03945607380416,5.36461708802988,3.47451985380555,-1.26421574779459,-1.64856990576023,-0.56173420025073,0.205534572971057,0.315499986450123,0.769242497798973,0.260266755346727,0.027091640824593,unstable,0
4.48711721591592,9.41550655255879,6.65763720702798,8.75797189448793,3.44587885804425,-0.914455876090296,-1.74758968068496,-0.783833301268995,0.711454835684933,0.255407906496613,0.871804107536054,0.599914578206399,0.06418543506046,unstable,0
3.69019849031804,2.32684479287476,2.48489010163282,4.11515414043223,3.78570131476822,-1.32593611149726,-1.53506567315819,-0.924699530112767,0.633349708329594,0.290958823830184,0.449242009859167,0.203268350624974,-0.0264077885233557,stable,0
3.49323173756686,4.81880286650634,2.46207682206056,6.97230280980428,3.26753007762081,-0.675484011579736,-1.55658329081677,-1.0354627752243,0.151032160827311,0.215674397096706,0.522201335762567,0.960691099144318,0.0163548871727276,unstable,0
6.13114616889507,7.74740273858927,1.50917482778952,8.0873654318686,3.99358477779836,-0.751617335574888,-1.74983633718598,-1.49213110503749,0.233182484957516,0.424769424948308,0.914642564110669,0.134881831059717,-0.0394136280311519,stable,0
4.2871946238878,8.68538837460172,8.45727110532701,3.09024156660563,3.32354214848638,-0.955773297199537,-1.74866802109726,-0.619100830189581,0.308600899531953,0.727390826603229,0.987412789997859,0.262730185018552,0.0557251127814958,unstable,0
6.44858300502882,3.67842668123714,5.70979169511462,5.00019123076031,3.61555597250937,-0.659791922020994,-1.99770023008706,-0.958063820401311,0.710764632692111,0.715604326150265,0.727487257989015,0.666412130535854,0.0846145014406398,unstable,0
7.68379140689982,2.71620603822628,6.68622916799939,4.02082244226516,3.25122844139765,-0.528167857332353,-1.95320118225777,-0.769859401807527,0.585217791162459,0.191269842522437,0.706510279339402,0.870096226676293,0.0531139750149404,unstable,0
1.81596801002938,4.67378605144572,6.50093615922235,3.33039392560548,4.49669362679429,-0.904445442560129,-1.98487877771001,-1.60736940652415,0.398111805162452,0.544037342515645,0.290682247701503,0.896922196363801,0.0167427206107595,unstable,0
5.69826589727196,9.01836397282272,7.99008065182888,1.4480063243111,3.4250530334159,-0.814616710015119,-1.74652556595411,-0.863910757446673,0.47673157318691,0.402744522725597,0.61008198818694,0.150582130347904,0.0254740001708132,unstable,0
1.41293422132587,6.0889219295336,5.95084623117722,6.17279046070481,3.38807869299981,-0.879606447822577,-1.12754378589442,-1.38092845928281,0.109810552425723,0.633781002260301,0.0792770890612854,0.841257046363535,0.0282671084635963,unstable,0
6.98856913577091,2.1276655011579,3.91368811029866,3.81423115667042,3.02193184251847,-0.772279197260307,-1.31345925114844,-0.936193394109723,0.260320312107826,0.406003883080753,0.947010402514078,0.92858620436667,0.0508432274298589,unstable,0
4.56743776186809,0.512983978729835,5.5068269458413,0.904171301433456,3.36494200991692,-0.982732808357105,-1.56118708389727,-0.821022117662546,0.972109825366208,0.323419166245613,0.0526622555906733,0.802903968512915,-0.0102908509700074,stable,0
2.71638376265545,9.14038070119186,4.66536649674058,8.80943476343036,3.80871532171627,-1.16296119444863,-1.7712792273849,-0.874474899882742,0.864485537414798,0.96569024781674,0.300929346902692,0.474688839974335,0.04079802568193,unstable,0
0.799020606028626,5.69800850928038,8.99962463572789,6.2617804070127,3.0775167040751,-0.634473986810143,-1.75160357690143,-0.691439140363526,0.977166895758528,0.0654363193630602,0.212882761462134,0.292475003588678,-0.0393870604185623,stable,0
8.20420158294759,5.20348979388465,1.00580679225742,5.68894696395664,3.48552522469227,-0.898150757041818,-1.49650577097884,-1.09086869667161,0.829196548041824,0.377384099088809,0.508584709082165,0.21584331779774,0.0069182850894679,unstable,0
6.16626580000321,8.79338342058272,6.86151771285105,8.6337957456136,3.29967734106673,-0.786105747079209,-1.91586688389883,-0.597704710088693,0.123466075407173,0.155888957980622,0.540439579653558,0.472333453926049,0.0189025250108453,unstable,0
2.92085769850061,4.27659017890148,7.3379854899754,8.97996746886184,4.11644038138994,-0.925361052307754,-1.9493512324275,-1.24172809665469,0.983688698628955,0.486246644519028,0.572541525647063,0.777462592932406,0.0491153348224109,unstable,0
2.77091430254901,3.76681603450578,8.0382774350021,4.32926904870747,3.43137651915434,-1.15172942423918,-1.12612871258091,-1.15351838233425,0.89867189859538,0.393408788169466,0.845625920910448,0.795196896807116,0.0548739646960366,unstable,0
5.79715373456433,1.83822933064857,1.18160283458672,5.11601476036045,3.95965793090793,-1.23542640998914,-1.42168789722355,-1.30254362369524,0.535656127195019,0.729338532519874,0.605816257151294,0.42679576869333,-0.0215859419140442,stable,0
6.16752371819784,6.30997474576776,8.70051418690712,7.56781936303268,4.04175819334534,-0.537116712011444,-1.93941390986966,-1.56522757146424,0.366938637396744,0.251034342480773,0.83090997305694,0.641983197624654,0.0605176136902103,unstable,0
7.16123459781362,2.37054254797692,3.54351383020175,2.8078692106705,3.73974627300478,-1.12238910968384,-1.79713744904168,-0.820219714279263,0.84267270853779,0.599285965196607,0.533273095076757,0.449159508962183,0.0224077266667096,unstable,0
5.79331665458978,4.55812693049936,7.78010953463279,2.46960704905709,3.51985326613777,-0.569646313313302,-1.99859622841841,-0.951610724406061,0.913350298194832,0.956460510149635,0.949300647463995,0.0687806069558812,0.0837417903053998,unstable,0
1.2044384786376,0.937744227789505,5.73327950428837,6.22637978218433,3.386005191755,-0.992886034683802,-1.84910024855039,-0.544018908520811,0.810615897852216,0.458004231179722,0.288962165447125,0.805232725289363,-0.0188984263143798,stable,0
5.51055224394439,9.00842755007081,6.72690357011219,9.58815372699542,3.38226811703139,-0.776845433529071,-1.78224409352037,-0.823178589981946,0.843960655729148,0.98937176178776,0.169321675435367,0.863157194873993,0.0814667307491639,unstable,0
6.99023596678908,7.1477564275789,9.5738807496615,7.09813777147757,3.18839007670873,-0.513633902504283,-1.50831497395863,-1.16644120024582,0.831972506667796,0.243629171453585,0.697464974603984,0.154805149714432,0.052857828853403,unstable,0
0.833938993186515,1.67060796266573,8.22245753958513,4.55546956288154,3.92196283778512,-1.20222705255877,-1.63481867463404,-1.08491711059231,0.0540379900141072,0.517986477631808,0.422326206521523,0.502975325487078,-0.0328542311555782,stable,0
3.60419846288686,4.06429836012973,8.67457032254463,2.3555832898692,3.47441571636521,-1.2802129271258,-1.52870147679484,-0.665501312444569,0.266058058644715,0.506382418503753,0.915515433075073,0.253229713886474,0.0181264063203149,unstable,0
2.4717628503875,3.79308392512345,8.70564992936256,8.62118592080901,2.9894345972535,-0.581276006906177,-1.76255599783493,-0.645602592512395,0.882615770510717,0.630352539129707,0.732847046793282,0.836941258369463,0.0487036612371776,unstable,0
3.92444178788883,5.64379538625455,4.10172543292223,6.09051958160276,3.75866031899684,-0.911361927753966,-1.58453573397236,-1.26276265727051,0.390617346542142,0.286982501220338,0.34614392117265,0.80406669374489,0.0336422912401183,unstable,0
0.578658730257093,3.36866335711458,1.07241645707437,3.60520109506907,3.57824690130131,-0.719260257328977,-1.19604345599725,-1.66294318797508,0.887131314287555,0.843607412828496,0.790509242442687,0.78445329295508,0.0056166068019238,unstable,0
2.14203770714907,9.61328282172419,9.9509353278321,1.83014497425029,3.59808973934414,-0.665885076734982,-1.98258063282182,-0.949624029787339,0.474234652373247,0.561213084789702,0.619283076891159,0.242225388485993,0.0082257156185011,unstable,0
5.91497058413505,2.090224220888,9.87775382059158,7.27486990281356,4.01679201593315,-1.17116036769714,-1.98881733754572,-0.856814310690295,0.0698881650884287,0.862028347929124,0.342018492014072,0.777125069976721,0.0047930134006899,unstable,0
2.22214106894069,4.59775327099379,6.26268818567023,6.01483907147209,3.26639159134508,-0.752192206857586,-1.08179265265196,-1.43240673183553,0.265961074674315,0.452265935855793,0.927484673684789,0.159433748768527,0.0263105110326261,unstable,0
6.06640916191241,7.64194775649542,7.33838815102164,3.14751432152051,4.13657228486988,-1.02004999695059,-1.83955755169,-1.27696473622929,0.139411603255301,0.90966818291756,0.71596333404544,0.697768541757591,0.0588933167895638,unstable,0
2.1490336789894,1.18158326591569,8.59167368465884,6.87754252627844,4.10246142375755,-1.00597941514034,-1.57942710739291,-1.5170549012243,0.497456988438878,0.481202422274835,0.99373532216826,0.487495564428444,0.0169627782199124,unstable,0
4.52411884328258,2.7210669017075,4.81368906384709,9.52411183666803,3.85354241529784,-0.723552590401459,-1.7091923116561,-1.42079751324028,0.0674345063418429,0.834828359134716,0.591506548687585,0.406919333051783,-0.0089580518237523,stable,0
4.08477270625969,8.74433587437018,6.57969508873044,2.04475157645321,3.34168549215408,-1.21500022054273,-1.54719473944065,-0.579490532170702,0.13333677446155,0.887916501922663,0.215100097680067,0.943509363171593,0.0047129932452476,unstable,0
1.9633240264193,3.38086475344449,9.1577135082216,1.45780505836887,2.99831709911363,-0.574367461583484,-1.85882215813433,-0.565127479395817,0.784870178486168,0.770361871940517,0.571002150628958,0.321957579612303,-0.0309344898541868,stable,0
0.997187238448602,5.03492696855973,8.44676753301123,9.76004972601957,3.09169325596435,-0.560768397232517,-1.7877042881383,-0.743220570593537,0.74023756520153,0.686294858968317,0.346619344065241,0.763124019398829,0.0129916391682651,unstable,0
1.96498166559017,1.29327149643854,6.99589567335634,3.21324386340376,4.16319153223549,-0.693864612171997,-1.94051469379829,-1.5288122262652,0.199598793898079,0.639399586635412,0.366232705686816,0.0857530074379023,-0.0356127654061322,stable,0
5.42838924749149,3.88703642923008,3.70473883445029,0.666266144103091,3.27078116718239,-0.790163008390588,-1.60552095641877,-0.875097202373028,0.639519097559223,0.622513462487239,0.18167248063385,0.989275819587351,-0.0193366725140291,stable,0
4.74241587812626,3.71000136814873,6.97427476249506,0.722056283025036,3.2803215914847,-0.531451242074184,-1.46980514622122,-1.2790652031893,0.50537855824945,0.118883242809075,0.98992020903443,0.0594554288732086,0.0240632296014876,unstable,0
7.22692940373966,7.30390008997708,9.52846757514803,0.600750464455702,3.59553922458465,-1.00437817177394,-1.9927094834292,-0.598451569381508,0.187492968330944,0.349737785457515,0.929855313424047,0.335234162379201,0.0209070216454489,unstable,0
5.22091545048805,5.93339510759541,9.57190632257591,5.65274428672536,3.4870368247095,-0.755873171385063,-1.41042179737046,-1.32074185595398,0.371090013378748,0.553493021935975,0.98126988062324,0.566453476041479,0.0658042711633916,unstable,0
0.72565440083869,2.9737673427086,6.28510611345747,7.98500323124474,3.96046064046967,-1.28823201148085,-1.9068661828361,-0.765362446152722,0.634127397428056,0.696595623121698,0.971073139183712,0.284494292437793,0.0093631980448826,unstable,0
3.58425331737804,5.531405408394,8.5472999210618,3.66035318230125,3.56549661796358,-0.725446032478591,-1.9839965988998,-0.856053986585187,0.161599765822632,0.901071554717212,0.198818535078822,0.325311048058642,0.0111367369842411,unstable,0
4.73832648582406,7.3681975371342,2.73615966787745,9.82898184187759,3.63019819121378,-1.17143853234499,-1.90586135423303,-0.552898304635764,0.358158975616673,0.237174179932022,0.851507727540523,0.463672462123915,-0.0035435061083586,stable,0
3.84555105079873,2.7434882035046,3.57050885279876,7.55239118037958,2.86709367606116,-0.544125557594281,-1.25828895162025,-1.06467916684663,0.298973066797771,0.73920502970869,0.903238468504003,0.177366189228431,0.0152292178576894,unstable,0
1.19643707925716,9.59716253379012,5.6043086059694,6.69277433104709,4.28998400343186,-0.502763345401978,-1.84961840896046,-1.93760224906942,0.280991828602814,0.986880936247316,0.34725351921731,0.372062542941504,0.0317912586787338,unstable,0
6.2374531283434,8.51769917272129,7.72422145978252,2.50368590536577,2.93875464023896,-0.906777083498251,-1.51971664800829,-0.512260908732423,0.438516965859418,0.882061154347637,0.41837425661627,0.800940646556127,0.04682551918391,unstable,0
9.40592609254571,5.50182814203214,0.609821925516555,1.80781906652291,2.96757615111264,-0.64519083149517,-1.56374467780736,-0.758640641810105,0.0872673196252401,0.165769590541379,0.828698720696215,0.907597368590309,-0.044360386946933,stable,0
6.24391339025524,2.02636475329336,7.48831883104856,3.65613219238457,3.34690247217044,-0.609450896810391,-1.70045163133014,-1.03699994402991,0.303853069201716,0.274160432837906,0.289052193633128,0.12819315824516,-0.0454812247573422,stable,0
3.62891058169075,7.59725044521702,5.94663978874829,8.84854304469939,3.62029548823287,-1.15617017755366,-1.89224956539484,-0.571875745284371,0.697539080378592,0.684434914376289,0.5638878696055,0.85038588672006,0.0722496553497978,unstable,0
6.74699636223877,9.696878232245,9.59930164633992,7.77851667124773,3.72113811143873,-0.84380323527084,-1.94161533873652,-0.935719537431374,0.268046187284352,0.626816522548161,0.607663909156816,0.646811412971522,0.0630014212214251,unstable,0
2.98429988685042,2.14352974779173,6.25632583780712,2.03158281441774,3.10527153787604,-0.567930642227782,-1.69885296432804,-0.838487931320222,0.641825411460842,0.396057975022987,0.622231703234595,0.476813425287988,-0.0060233581286127,stable,0
2.16155376206315,4.22591156571476,4.0403336857016,0.923682978728355,3.08848638982491,-0.590683328162215,-1.21060487578862,-1.28719818587407,0.549857889234886,0.910553147833408,0.619025631043302,0.884137146507564,0.0291023759701468,unstable,0
1.34025594903691,2.87015530251849,3.22420240976369,1.76304868060316,3.64991047626442,-0.506783926963434,-1.66198028327485,-1.48114626602614,0.10785750451993,0.455129732273138,0.342091951190975,0.747414886220382,-0.0493147462624654,stable,0
0.508533205398754,7.50541265386153,9.53711534703963,6.33547419517298,3.84120897612849,-0.751183826402342,-1.68809854606559,-1.40192660366056,0.15711835309919,0.96782449613072,0.184285428747396,0.342387015598598,0.0250699287368027,unstable,0
1.71799894233613,8.50052043830843,4.4634349636838,1.35886804388303,3.58640811383571,-1.14925323198051,-1.91059721445434,-0.526557667400863,0.515575299097341,0.253926362639315,0.79761056171832,0.612226389175783,-0.0203093592730699,stable,0
7.26699959669396,4.61247753920532,1.73972139847992,5.85104619299629,3.52112974583442,-0.690131132796348,-1.42811104903655,-1.40288756400152,0.263299938467189,0.491588899364045,0.9363926784539,0.474022125730541,0.0014912727292821,unstable,0
2.38262935773776,2.28431240399777,6.1857990257559,6.82751302037465,4.20309527228803,-0.863165464330034,-1.99994466917731,-1.33998513878069,0.29326910016119,0.477889779909698,0.0728111503370258,0.394783892949119,-0.0225246156791688,stable,0
5.2494672674393,1.82952786883981,6.55737411724441,1.28298823392611,3.50971829835093,-0.794873570333444,-1.33158937261829,-1.3832553553992,0.762411042880022,0.485028586333329,0.280638793770291,0.434344379403684,-0.0174681851422582,stable,0
0.976868369754229,1.6843446959364,4.70781335193106,8.69926877330512,2.99578707056902,-0.670218115771469,-1.16008761355424,-1.16548134124331,0.116198402660534,0.106947755149079,0.371025231853783,0.898960596519794,0.0051871022256359,unstable,0
0.835386426952179,8.19252604595412,9.85699886378254,6.5468733115961,4.02625281094958,-1.00072065258637,-1.59011625375876,-1.43541590460445,0.878406237019984,0.432253288994494,0.936873275691634,0.143614070032134,0.0063360684358774,unstable,0
5.66441664714945,7.01707106354815,4.90391699583399,3.02583886334838,3.95818338733753,-0.514959506777883,-1.73195961022414,-1.71126427033551,0.182996638671731,0.758686745582772,0.154530210903134,0.913355722064518,0.0243555224239032,unstable,0
0.56337427346803,5.39599715758696,8.44918338176423,8.81688052515877,3.16273651244156,-0.562205760608637,-1.46214104239896,-1.13838970943396,0.423618246085208,0.37967740774331,0.516441482229126,0.976379165283715,0.0348139568638943,unstable,0
6.89583264726677,6.24076541716367,5.21962187508444,3.29684499929943,3.67769618122081,-1.06293341629589,-1.50857076085201,-1.10619200407291,0.100972164282146,0.949374574727489,0.669847595608081,0.471960766895892,0.0536497505449446,unstable,0
2.61902135548441,1.5893222171373,5.4523475717678,6.6435004164095,3.46249326817469,-1.21733512161549,-1.24389162361567,-1.00126652294353,0.581417261772864,0.42098407213856,0.577420047872806,0.297970625849697,-0.0122680356191398,stable,0
6.73728102226809,8.1503901474174,6.0425992138081,6.2298286252983,3.54465990224301,-0.717865757886414,-1.67583114585625,-1.15096299850035,0.482174389603049,0.925401016732569,0.284596659259531,0.77776832912959,0.0760824656105242,unstable,0
2.57583321194117,3.01296207248461,1.41195226275981,5.03632783070537,4.21292002948826,-0.571574727548624,-1.8558218165166,-1.78552348542304,0.288228226002165,0.527787853339474,0.601356348077088,0.27989523285169,-0.0469612571568055,stable,0
8.16758060434377,2.76131078803024,3.80150120709609,6.68500736279624,3.77054235476396,-0.896033597451402,-1.86403760886149,-1.01047114845107,0.711555676239404,0.792739133713511,0.681086538103649,0.219603132102017,0.0289770516536995,unstable,0
7.73623252507598,4.94864116180495,7.66370039761233,5.98899757406366,3.13757844132849,-0.519111689530255,-1.89193070077389,-0.726536051024345,0.0777613346066524,0.358437140183482,0.702471983138273,0.307864935989171,0.0211472159486778,unstable,0
5.36394501095756,4.79054041133231,4.44995789753863,3.44650101631011,3.32913899019349,-0.853687829442089,-1.9653439104315,-0.510107250319899,0.363685111736297,0.825171005039436,0.583645520606023,0.813586128704337,0.0726644706657513,unstable,0
5.80131867948928,9.50359535812512,4.44684241515055,6.08215651574114,3.40487857795676,-0.701264467344608,-1.89750292341167,-0.806111187200481,0.682170898817271,0.820632876875135,0.0929335037507571,0.477672217082274,0.0512768459208318,unstable,0
0.691756144704064,6.55438751301881,0.539827389947791,3.58769688014146,3.62024129338089,-1.318854343847,-1.78385978964793,-0.517527159885957,0.112898873635113,0.607282062776395,0.252296324925221,0.300031189212478,-0.0379818977796812,stable,0
9.15143709672665,1.78886157492063,8.16881812645266,3.8094515115434,3.11255128422358,-0.655784169189632,-1.44826540203564,-1.00850171299831,0.241618201441034,0.574556099753528,0.280436468404377,0.877686918605527,-0.0194658865738171,stable,0
7.7446847641662,2.67356001395598,7.09096051756922,4.369638163719,3.34536599214311,-0.640234570586181,-1.57190907243509,-1.13322234912184,0.827613318577275,0.857117644269186,0.243366639194405,0.794264194994943,0.0508770490289979,unstable,0
5.21394359320224,2.48690996683979,2.69684221496171,4.20504388881729,4.05969372682191,-1.03125463579104,-1.82573852370845,-1.20270056732242,0.328753636678183,0.567730754073059,0.101806449036923,0.731451306358023,-0.0037646614197942,stable,0
5.20613735567267,1.10321207359887,4.06263915980721,3.48155344565902,3.73697212755575,-1.09089526905676,-1.88306160070545,-0.763015257793537,0.25016137845128,0.132822151179553,0.282962774063895,0.230716701852081,-0.0504117929692837,stable,0
0.759015286077838,3.68320526391899,0.898126792145299,2.91965496636089,4.0703828561789,-1.06144847728315,-1.84227527199038,-1.16665910690537,0.650954120984892,0.550459570450967,0.998957660156242,0.385145444451958,-0.0674938250663175,stable,0
2.98387186858756,4.38261417582,1.06829976642866,0.975994588186953,3.86028988478333,-1.27400053636832,-1.66660221187681,-0.919687136538199,0.112412752224203,0.597752348748787,0.475377862024445,0.293845593004231,-0.0323358506189665,stable,0
1.66110595299654,2.41507839665383,1.99171212562906,2.72950934698093,4.03477395989949,-1.23870590140135,-1.9566678938187,-0.839400164679438,0.810158489023468,0.487878458832714,0.604019537737081,0.87107843704554,0.0299983800693766,unstable,0
1.80849696423978,3.91812469213812,0.854966167064337,0.730253180391924,3.75026694977106,-1.18083671176137,-1.71843768003288,-0.850992557976814,0.875494057064038,0.673102957630454,0.695434313504616,0.511198719274071,-0.0456330787198054,stable,0
4.38570548220193,1.68057566616691,4.73690826547957,7.37992035032526,3.06307509886556,-0.831986360006546,-1.70709115879796,-0.52399758006105,0.498261869491583,0.700155059049698,0.842256359418499,0.830349930447675,0.0527800905646039,unstable,0
0.858407884742285,5.70296697569215,1.56520383652413,6.11575520106202,3.44537364037943,-0.552281495887577,-1.5345007295243,-1.35859141496755,0.538764320083818,0.109814660645521,0.857032053820012,0.400655560251722,-0.0564150552218355,stable,0
5.72922872748827,2.14617619006579,8.72998293232577,3.98189093671048,3.70159223796202,-1.09583431466456,-1.74256820005681,-0.863189723240654,0.514695856488938,0.3650165839497,0.447428587494588,0.314172648837167,-0.0006439542560553,stable,0
1.00889390149899,0.905965862558351,7.41041750568052,3.32257847921806,4.09946553126223,-0.926877946332691,-1.61262605305164,-1.5599615318779,0.318897301557335,0.0507843073093903,0.420109604426601,0.0946957756486163,-0.047173801211322,stable,0
0.789515149747569,5.41813681911634,6.54114589294363,3.72680281973211,3.8104352365324,-1.22681232906947,-1.46624518930468,-1.11737771815825,0.834101467313686,0.554603353703073,0.829226451045556,0.622438811788636,0.0258623955523238,unstable,0
5.32960092121157,0.706964901699766,5.09366236555172,3.9203983704037,3.17288769009237,-0.524523503718106,-1.77141163635083,-0.876952550023433,0.449514662190555,0.303672956632127,0.473581915534413,0.928768463591384,0.0255013626257615,unstable,0
5.31021358004922,4.98714490569672,3.31713063735014,4.38894746163801,3.45260842661446,-1.09160914808962,-1.46041167153562,-0.90058760698922,0.0783828850363928,0.84712697666537,0.471971348182323,0.335858771069065,0.0188788587311549,unstable,0
3.09189765085487,5.86121713595948,0.713346305369784,4.09675692566857,3.56261086164764,-1.02022811508456,-1.3811216891755,-1.16126105738758,0.400637524748506,0.661314576351045,0.925611472859017,0.672027490200262,0.0013515250222175,unstable,0
9.74437817992249,7.67009621129156,1.643724072565,6.14685313640535,3.44207478935234,-0.826942189260153,-1.83786547574681,-0.777267124345375,0.719171869877974,0.428955501375486,0.717993280080756,0.27954606900829,0.0136036366999607,unstable,0
3.57178676891485,9.55544472465754,5.8926815560227,6.76513163796725,3.35689817133034,-1.14637274641023,-1.55946753169876,-0.651057893221348,0.265323847491271,0.228190218757776,0.621046469898593,0.839228200353783,0.0442500169885243,unstable,0
8.18205334275247,6.35230603974854,8.40216738865187,3.95190447302922,2.97937212306439,-0.654411416173761,-1.56213697935087,-0.762823727539764,0.203729505026871,0.94101793131645,0.345289204533265,0.53248534240294,0.045779656135221,unstable,0
4.69926143297462,2.79024650828906,2.51048549722255,4.28241893611909,3.15241863826654,-0.529411615629785,-1.90158020134289,-0.721426821293868,0.217381991693873,0.970238763955776,0.322285206306956,0.233222600929964,-0.0187928305983691,stable,0
0.665258024457027,9.82981498303653,3.82822426643508,5.74820888373474,2.82832766456008,-0.563604498954432,-1.37119366161104,-0.89352950399461,0.951392276495988,0.539669876247932,0.645416249994786,0.0603762214235426,-0.0600058328778175,stable,0
5.13785081299016,0.737252900036005,5.7257027471262,9.06835412096949,3.49958268105321,-1.18608596367138,-1.32610814433006,-0.987388573051768,0.10919930545365,0.399637960927532,0.50097173796101,0.992888810562433,0.019368994633862,unstable,0
0.619439739398891,4.88259159238166,3.36041993669417,4.2080110925687,3.98119643740955,-1.43849249972145,-1.83780921086691,-0.704894726821186,0.916918711734964,0.966402036565789,0.601257891852851,0.143505393744984,-0.0003655425932777,stable,0
4.14133733128393,1.11286832966548,8.40088816176623,1.86962414568819,3.67156323149242,-0.699052354918188,-1.51389624846943,-1.4586146281048,0.0818106054342119,0.0949626702909148,0.662958659633726,0.169682105625634,-0.0321918082038549,stable,0
9.92940651913386,0.863540787571471,8.16118801491389,4.35542426463622,3.40652199487158,-0.579985600682569,-1.77496339333776,-1.05157300085125,0.635858009676215,0.83725633576546,0.663527483754233,0.539451128787765,0.0086339363260743,unstable,0
2.93040627138286,9.48762672344563,2.37652349986299,6.18779674310957,3.34341592805651,-0.658053657542681,-1.44910579004422,-1.23625648046961,0.601709173700345,0.779642123592366,0.81351156412483,0.608384606786688,0.0238915967125069,unstable,0
